3CA1
BD40
BB2A
3C08
BAA3
3D06
BCD4
BC92
3CB7
3C48
BD20
BD0A
3C5A
3AC0
BC34
3D35
3CFA
BD38
3D07
3DBF
BC1A
38AE
BC0E
3CD1
BBBE
BD1D
BCC4
3CC8
BCE4
BC76
BB54
3CE7
BD80
3C42
BDE0
BC54
BDAD
3C5A
3C32
BC5E
BC87
BD14
BC1D
3CF5
3C75
BB42
BD22
3D17
BB17
BC3C
BD65
BC42
BD19
BC72
BCFF
3B61
3D43
BDD2
3D4F
BC9C
BDD2
3B6A
BD67
BC82
3CAC
3C00
BCC9
3C05
BBE0
BC6B
BCAE
BB3B
BB58
3B9E
3BC0
BD2B
3C9E
3CB5
3C81
BC10
BCAB
BC1A
3BF6
3BFD
BC65
3BDB
3D58
3CAC
3CFD
3BEC
3E08
3D27
3D1D
3CED
3D02
3B81
BC83
BD65
3CE3
3C65
BCFB
3CEA
3BF4
3CB5
BC0E
BCDB
BCA3
BCC4
BC95
3C92
3D3A
BC8F
BC5F
3CA7
BCCA
3C02
3D73
BD4A
BCEA
3A45
BC29
3C14
3BB4
3D10
BB17
3C79
3C86
BD3A
BD13
3C29
BC9D
B940
3D02
3C39
3C8E
3D10
3C1B
BD4F
B9C0
BC84
BBEA
BBD4
BCE5
3BAF
BD03
BCB2
BCD0
3CD6
BCDA
3B62
3C01
3C72
BB7E
BD0A
3D0A
3C8E
3D1B
BC2D
BDBF
3C4A
BD3E
3C1E
BB1A
38AF
3D06
3D2A
3CEB
BC30
3BE1
3C81
BBC4
BC9D
BB8D
BB5E
BC8F
BBFD
BCEC
3BAE
3BB9
BD44
3B9E
3C09
3CDB
3C3C
BBBB
BC93
3D8F
BCAD
BC8E
3B67
3D82
3C17
3D09
3D15
BC98
BCEF
BCF5
3C1C
3D5C
BD46
BBA2
BC02
3B41
3CD4
BD13
BC4E
BC91
BC34
3C92
3B29
3CB3
BC06
BD24
3CCB
BD00
BC74
BD9F
BC7A
3D81
3C01
BB1E
3C82
BC4A
3C86
BD3B
BCEF
BD06
BCA2
BCE9
3D2E
3C58
BB9D
BC34
BC34
BACC
BD7F
BA5B
BC6A
3C60
3CC4
3C6F
BC84
BC92
3BD4
BD07
BD24
3D1E
3C57
BDA3
3C56
B9F1
3D17
3CC2
BC2B
3CC5
3C9D
3D28
3B8D
3CC1
BC92
3B00
BD86
3CDD
BC30
3D40
BC2B
BC17
BC09
3BE0
BAA4
BD2F
3CDE
BCB4
BC08
BC8F
BC67
3CB6
BA7B
BCB6
3D82
BC4C
3CA4
BD4D
3CB1
3DD5
BC2E
BD5F
3D14
3BF0
3C5C
3A8D
BD39
BD67
3CAA
3CE3
BC46
BCE2
3D26
BD9D
BD16
3B65
BD0F
BD6F
3D78
3D49
BD29
3D33
3D02
BD30
BD2B
BCB7
BC84
3D5B
BD38
3CE5
BD29
BC9C
BCEC
BCBD
BD17
3C1A
3C0A
3CAC
BBAA
BC58
BC0E
BCC7
BBB6
3CE6
BD3D
BCA9
BD03
3D07
3D1D
3C7C
BBE9
BC16
BCCC
3D28
3C8B
BD68
BD81
3DDA
3BA8
3DA8
BCCD
BD05
BC71
BD53
3D00
3C90
3C0B
BC3B
BD34
BDF5
3D53
3DCB
3D24
BA62
3C88
BC9A
BCD6
BBD4
3CA5
3D55
3AFF
3B3E
BCCE
BCA0
3BA9
BD4B
BCF7
3C54
BD97
BD4C
3D29
3D65
3CFB
3CD2
3CD0
BD89
3D1E
BD06
BD3F
3CF6
BC74
3C84
3CBA
3AFF
BCEC
BD1E
3C1B
3C6B
3B3B
BC5E
3A93
3C86
BCAE
3B5F
BB09
BCE9
3D20
BCD5
BD01
BCCE
3C16
BC8F
BCD2
BBEF
BC10
BCDB
3BA4
BC54
3B57
BD2B
BB1E
3D4F
3B00
BC4D
BC2C
3B86
3C47
BC88
BB9F
3A94
3C56
3C18
3B87
B815
BCCA
3C3E
3CF7
3D33
3C17
3BCC
BD1D
3BD6
BBE4
3BA3
3D5B
BCF1
3D22
BD59
BC11
3AD1
BB49
BD13
BA98
BD0B
BBA5
3BC4
BC8A
BB31
BB63
BC86
3C7E
BC3A
BCDF
3CBF
3C88
BCB0
3C8F
3C5F
3B04
B985
3C1D
3D99
3B93
BD0A
3D00
BD89
3CCC
3C30
B96E
3B06
BC35
BD29
3C2C
3CBC
BB27
3D83
3D9B
3D82
BCEC
396F
BD48
3BAE
BBEA
BB24
3D0D
BB01
BBD6
BCD6
BB8D
3BFE
3C38
BC97
BC7F
BB51
BC86
BC8F
BC6B
3CE0
BA94
BBA2
BCF3
BCC3
3B01
3CB8
BB1B
BCC2
BC93
3C32
3CAE
3C52
3CC0
BAD9
3D09
3C9D
3DB4
BB45
3CED
BD01
BCB6
BB0B
3B83
BC66
3C6C
3D3E
BD0D
BA17
3D20
3C59
3C89
3C2F
3CDC
3C6B
BC8B
BD41
BC62
BC20
B90E
3D1C
BBB2
3D11
BB21
BCA8
3AE3
BDA5
3C1C
3D86
3C08
BD34
BCBE
3C80
3D03
3BAA
3AE0
3D78
BAF1
3B5B
BBE3
3CD7
BD66
BB30
BBD9
BA88
3C33
BD4A
BD53
3D56
BC43
BCFE
BC27
BC27
BC87
3D4A
3D84
3C9C
BDB4
3D69
BB8C
BC39
BC14
BBBF
3C61
3C03
3C0F
BCA7
BBDA
3C38
3A2B
BB13
BCA2
3C8F
3A6B
BBB0
BC94
BB5A
BD86
3C64
BC0F
BC09
3CB6
BD8E
3D23
3D46
BBB7
3CC2
BD88
3C84
BC9B
BD0B
BD70
BB8C
3D96
3C13
BD1F
BB31
BBAB
3B96
3B4D
3D1A
BC26
3C3A
BC1A
BB04
BAD9
BCB6
BC85
BAC0
3AAF
3D93
3C14
BC10
BCD6
BCA5
39CD
3C5E
BC4C
BD8B
3C02
3CF4
BCFE
3C19
BC92
BBEC
3CDE
BC19
3CA8
3B90
BB65
BC1B
BBC3
BBCC
3CAA
3D5A
3ACE
3CB1
BBCB
3C97
BC9F
BC0A
BB08
BC97
BC8A
BA12
3BCF
BD26
B908
3D96
3D78
3C77
BAB8
BD21
B77A
BC1F
BC89
3D01
3B8F
BCA3
BC54
3B73
3A89
3C34
BC73
BB98
3B80
3CC7
3C9B
BBF3
BC40
3C11
BB85
BBBE
3D40
3C9B
BC11
BCA4
BD1A
39DC
B7FD
BCA7
3C27
BCF5
BCA5
3C98
3D12
3D46
BC1D
BCB7
BC20
3D00
3CE6
3C5D
BB14
3D04
3B85
3C25
3D12
BCF3
3B26
3BA4
3C9A
3D00
3BE5
3D93
3DA0
3D0A
BAC2
3BFD
BD2D
BD11
3CF2
3D3B
B993
BD90
BCC3
3DF8
3C0A
3D67
3D9F
3B97
3D26
3C13
3C26
3C5F
3C1C
3C20
3B84
3CE9
3CBA
BD04
BBC3
3C5C
3C65
3C5E
3CB5
3C91
BC8C
BCBD
3B92
BC74
3A97
3CF6
3CAD
BC6F
3C6C
BB7E
3CB9
3D23
3CB6
3CD3
BBB6
3B8F
3C3F
3C89
3D12
3B8E
BC96
3CC6
3A4A
3B11
3CF9
3D84
BD29
3CA3
3D25
BC99
BC4F
BA1A
3C7B
3BF3
3BA2
3D15
3B5F
3D72
BB5B
3CCA
BD23
BD1A
3BBC
3D94
3DA7
3D8E
BC94
3C9B
BB0B
39DD
BD6E
3C3A
3D59
3ACD
3C8D
3A1F
BC12
BD4D
BB96
BA0C
BC67
3C87
3CC1
3D28
3C08
3A3C
BD85
3A01
BD11
BC12
3D29
BAE4
3CC3
3D2E
3C52
3C8F
BC72
3D11
3CC1
3C42
3BC2
BC7C
BCB4
3C69
BB81
BC39
BD39
3C5D
BC69
BC94
3C4D
BDAA
3AFB
BB99
BCC2
3D49
3D96
3CEF
3BA9
BC4E
BD2E
BD3C
3D6C
BD22
B9C6
BB23
BD10
3BC8
3DBD
3C70
3CEA
3BBA
3C62
3A66
3D43
3BDB
3DAE
BD0D
3BFC
3C2A
3C2D
3B91
3C30
3BC0
3AC1
3C8B
3C2C
3C95
3B53
3D10
BC9B
BC37
BC04
3B71
BD67
3CAF
3D21
BD0E
BD57
BD77
BD1D
BC6C
3CA2
BD1A
BDC4
BD11
BCD9
3CA6
3D08
BD1C
BABC
3CFE
BD81
BD36
3D0C
BC43
BD21
BD06
3C4F
3D17
BD95
3C02
BCF1
3CA3
BD1D
3D8B
3C4A
BDA8
BCC1
3C35
BC7B
3D1C
BD1B
3BA7
BC14
BD2C
3C5C
3D39
BCFC
3CE5
3BB0
BB4C
3C29
BC61
3A26
BD3E
BB90
3B88
BD9C
3D43
3C2E
3D14
3CE5
3D4A
3E05
BC16
3D42
BC04
3C90
3D14
3CD9
BCAC
BBB9
BD8D
3D4E
BD65
3BF6
3D21
BD31
BCC7
BC5B
3C8E
3D0F
BC93
BD81
BD98
3C8B
3D9D
3CC3
BC68
BCE7
3D33
3D21
BC64
3C9F
BDA8
3D08
3D93
3DFC
BD62
BC90
BBCD
BA9F
BD0A
3E0A
BC68
BD66
BC20
BDC3
BC17
BD5E
3C1B
3D5F
3C88
BDD8
BB3E
3C19
BD0D
3C80
3D5C
3C6F
3C8C
3B34
BD15
3CDB
3C92
BC6E
BD92
BC94
BB53
3C63
BCA4
3B47
3C34
3CF2
3D30
BCB4
BD11
BD15
BD00
3985
3CF3
BDCC
BD8E
3D72
BB8C
3C44
BC8A
BCED
BCD3
BD52
3C10
BD8D
BD1E
3C74
BC3D
3C01
3C18
3CC4
3BE4
BD54
3D6A
BBDA
BD0E
BB08
3DE8
B981
3CEA
3BEA
BD2A
3CB5
3DA7
BD31
BD07
BC04
BB44
3CD5
BD56
BD91
BBEA
BC15
BC14
3C50
3D16
BD1E
BCFD
3D2D
BBD7
3B0E
BC7B
BD18
BD06
BD10
3D04
3D6E
3B08
BC51
3C72
BA92
3D6C
3CBE
3CD6
3CCB
3D03
BD7A
3BC8
3BAB
3B01
3CCC
3C45
BCEC
3B90
3B2F
BB57
3D46
3D8C
BD47
BCB4
BC48
3D93
BD82
3D09
3CCF
BD49
BB13
BD05
3D47
3D3B
BCE2
BC41
3B57
3C2B
3CA4
3DB6
3DB5
3D43
BD3B
3A9A
BBCA
BC47
3C90
BC53
3CA1
BC97
3A01
3D7B
BB41
3CC2
3C80
BC19
BD08
3ABF
BABF
BC8D
BC1A
3C07
3CA8
3C7D
BBC3
3CC6
BC69
BC9D
BCB7
BD24
3B00
3D54
BC1C
3D05
BD00
3C28
BDAE
3D57
BBB3
BC12
BCEF
3C2B
3CEE
3B24
3D1D
3D09
3D42
3BA8
3C95
BB82
3C59
BCAD
BB9E
3C08
3D99
BD93
BB8C
BCEC
3C8E
3D5B
3CC9
3DBB
BCA4
BD04
BDB5
3D19
BB07
3D70
3C8A
BC13
3C97
3CA3
BCED
3C3C
3B55
BCAB
BD58
3D05
3A81
3A0A
3C32
3B65
3A7D
BCD1
BC83
BC39
3D81
BCF9
BC40
3D7F
BD80
3D03
39D3
BD95
BDB0
BC49
3D9C
BD10
BB39
BC6F
BC32
3C5C
3BD9
3C18
3C85
3BFD
BCD1
BCAE
3C70
BC7F
BB3E
BD02
3B85
3B9B
3D08
3C8D
3CBD
3D14
BCC0
B7D1
BD4B
3D4E
3C28
BCDD
BC90
BD94
3AF1
3DA2
BC83
3CDE
3CB6
BC67
3CDB
3CA6
3D3B
3C68
BCAA
3C82
3C65
3A13
BC99
BCCE
BD04
BD39
BB43
3C42
3D14
BD0C
BB2B
BCB1
BBAA
BC18
3C64
3BE3
BBAC
BC89
3B9B
3B0E
3C8D
3D05
3D2C
BCA7
BCF8
3CE1
3DA3
3C2B
BCEA
3CDA
3CB1
3C36
BCA2
BCF9
3A87
3BCC
3D33
BB82
BCE5
BCAE
BC50
BB90
3CA6
3BB0
3CD4
BD39
BBC5
3D3B
3C31
3D84
BC2A
BD28
BC21
BDCE
3C9A
3D27
BD03
3C09
3C57
BCD1
3BD6
3BCC
3D29
3B5B
BC36
3C39
3D07
3CEB
BC9B
3BDA
3D2A
BCB4
BB83
3C77
BD18
3C0B
3C13
3D18
3C8D
3C4B
BB3F
BA60
BCE6
BDA2
3B82
3D38
BD1A
3D14
BB06
BC9F
3D7B
3B6F
BC98
BB77
3CEA
BC2C
BCA0
BD49
3C66
B96D
BBB2
BB8D
3C66
BCD5
BA34
BC00
BD65
3BA0
3C80
BC90
3C11
3D4F
BB53
BAFA
BC30
BC07
BD8B
BC38
3DBC
3D0B
BD64
BC85
3CDF
3C10
BCCF
3B57
3DA0
BC9F
BC1D
BC6B
3A88
BC89
3D07
3CA1
BCD6
BCC1
BD1C
3CE4
3BE7
3D07
3D05
3CB8
B997
BCDB
BCAB
BC7F
BCE5
3D53
3AC5
3CFE
BC31
3CA5
BD12
3C85
BD0D
3D32
3D12
BB69
BCA3
3C90
3C30
BAB6
3CBE
3C0C
BCE1
BCC1
3C33
BC1C
BBDA
3BAD
BB66
3938
BDA2
3CED
BC1F
3CC2
3C0C
BCEC
3CAF
BC42
BC27
BCA1
3D9D
3C99
3C07
3DA8
3C4E
BD7E
3B6D
BC6B
BCBA
3C82
BCAC
3C11
3CD9
3CF8
3BC1
3CA4
3D04
BCB6
BCD8
BB30
3BCA
3C98
3CEA
BD28
3C98
BCB0
BB4C
3D2E
BD09
3D0A
3C4D
3CA8
B9FC
BB18
BCFE
3BB9
BC1A
3C9E
BCC0
BD1D
BD5C
3D3D
3CBA
3D35
3B80
BC7A
3BB6
3D2C
3906
BDA5
3D7A
3D81
BBC7
3D6A
3C9B
3BA1
3CE6
3D9F
3D8C
3CB4
BC32
3C86
BD22
3D56
BD0F
3CB0
3A8F
BC42
3DDA
3C72
39D2
3C3A
BC87
3C6B
3C20
BDA7
BC6A
BD16
3D01
BD04
3BB7
3D0D
BCDB
BCCF
3B91
BC9C
3C29
3C9C
3D15
BD6D
3CC1
BCAE
BCEB
BD57
3CBE
3C9E
BD1B
BC25
BD38
3D1F
3C56
3D32
BA81
BB87
BC2B
3CF2
3CA4
BBD9
3C23
BB0E
BC08
3DAB
3D51
BC18
3BA0
3BF5
3D20
3BD9
3BC6
3D8E
3C8E
BC7A
BB06
3CFF
BAC5
BD15
3A3C
3C9E
BC43
3D4A
BCB6
3B9C
BA0A
BB13
3BAE
BAA1
BD22
3C7A
3BDD
3D34
BCF5
BC4E
3C02
BC4F
3DD3
3BD2
BAE1
3BE1
3A75
3B91
BC84
3C46
3D13
BC96
BB9F
3D10
BA4A
BC31
BD6D
3CD4
3B7D
3D47
3D34
3B99
BC30
BA91
39AA
3BE0
BC39
3ABC
BC75
BC6C
BC1E
BCCA
3B9F
BDA7
3C33
3DB7
BC81
3BCF
BC31
BCDD
B8B6
BD90
BD97
3D53
3D19
BC82
BACB
BC98
3CF4
BBF4
BD94
3C26
3C6D
3BDC
3C00
3BBD
3CDF
39BA
BD3B
BCE4
3C8D
3C89
BBA6
BCCE
B886
BD6A
3B83
BC97
3CB4
3B29
BBA1
BBBA
3CC7
BB98
BD3A
3BC3
3CD1
3C19
BBA0
BD38
BD12
3D12
3D0A
3C58
BCFE
3D25
BCD1
3CB4
3C4F
3BE4
BBF4
BB4A
3C1F
3C6E
BC10
BC08
3D33
3C8A
BB86
3BD4
3C59
BC20
BC2B
3BF2
3B40
BCAF
BB86
3CD2
3BAE
3C38
3C89
BD01
BBD4
3D8B
3D8D
BC2D
BCB1
BCA2
3B95
3C6E
BB93
3D2F
BCC2
3C02
3CE9
3B30
BD44
BCEF
3D07
BB0C
BCEC
3C82
3C2D
B9AA
3CA1
3C65
3CC1
BD38
BC09
BCD0
3CC4
BD53
3CA6
BD30
BD15
BC37
BC29
BB4C
BBB2
3B9E
BC8D
BCC3
3C48
BD19
3B3F
3D0D
BD18
BD01
BC90
3C38
3AF0
BD17
BC53
BCCA
BC95
BD15
BCA4
3BB5
3C10
BD16
BCE9
3D80
3C95
3C97
BBD2
BD26
3D0E
BDD1
BB34
3D8C
3CA8
BB83
BCB7
3BE1
3AF9
3C20
3D7C
BC64
3B9D
BC9A
BB0D
3C8A
BC76
3B07
BC6E
3C50
3CEC
BD56
3B6D
3D86
BC04
BB77
BCD5
3BFA
BD50
BBAD
3D3B
BC0E
3CCF
BCA3
BD17
3BF6
3C4D
3BED
3CDE
3C7A
3C92
3A7A
3C9B
BBD5
BBCE
BBFD
BD15
BBF9
3AA0
3B23
BCDB
3BE1
3CB8
3CCD
BC80
3C49
BD04
3DBB
BCDE
3CC6
3C68
3DB0
3CF9
BCBB
BCBF
3D95
3CAA
BD10
3CD7
3DA6
3CE2
BD1F
BC34
3C8B
BD20
3CD1
3CD4
3CEC
BD02
3C0D
3D45
3918
3AAF
3C32
BB1A
BC55
BABB
3D70
3D20
BC25
3D7D
3C00
3CCF
BCCD
3C2A
3D52
3C22
BC3F
BD84
3BB8
BCE5
3D57
BD0A
BC2B
BB61
BD26
3B0A
3C9D
3B29
BD64
BBD7
BB08
3CD4
BC0D
BD13
BC22
3CD5
BCDF
BD90
BD5A
3D0C
3D47
BC40
3CA1
3C64
3C61
BC5F
BCF0
BD1C
BE10
BCDE
BD23
3BBE
BC68
3DC8
3CF2
3AA6
3CFE
BD79
3C09
3D1A
3AE1
3AF9
BB04
3BEF
BCF8
3C80
3C9A
BB9B
3CBF
BC82
BCF7
3B80
3C43
3BF8
BD0A
3D5C
BBF3
B9A6
3B75
3D3E
3D09
BB0C
3CC2
3B03
3CF8
3DAE
3D1B
BCE1
B8E9
BC77
3B17
BC5D
BD0F
3D24
BAC5
3CEB
3D07
3D3B
BD12
BD1B
BC23
3CF6
BC5C
3CCB
3BAB
3D05
3DB2
BC4C
3DA0
3CEE
3BD0
3C60
BD96
BD20
BD69
BAA6
BB99
BC2D
BC4B
B913
BD0A
BD25
BBFA
BC0D
BCCD
3C4D
3CCA
BCEB
BCAF
3C93
BC84
BBDD
3C1E
BD3C
3D45
BDAE
3D67
BD2E
BD5E
BC95
3BAA
BBD1
3CF1
BB20
3D09
BD11
3D6F
BCFA
3C6A
BCE9
3CD1
3C31
BC86
BC7A
3ADF
3C87
BCDC
3C40
BB25
BBC1
3CEA
3D38
BCA1
BBF0
3D00
BD11
3CCE
BB3D
3D40
BBC7
BD89
3D41
BD62
3BD0
3D3A
BC14
3C48
3DAB
3D18
BC5E
3C13
3B63
BC1A
3D20
BC92
B972
3B89
BC8D
BCA3
3B06
BA9C
3BF4
BD26
3BAF
BCDA
BCC4
3B85
3B09
B94D
3CA1
BCBE
BC96
BAA7
BD03
3D1A
BCBD
3D2E
BD77
BD4D
BB47
BD40
3CAA
BD16
BC9F
BD3A
3BB0
3D56
3CDD
BD87
BD7C
BC56
BD10
BC95
3B7F
BD19
3C15
BD28
3BE2
3ADE
3BAB
BBA7
3CA6
BC41
3B8E
3D92
3A27
BC09
3CBF
BD7A
3A0D
3AEF
3D0B
BD08
3D56
BC88
3A61
3C87
3CF2
3CDD
BC30
BC6C
3D2A
3C2E
3CAA
BB8E
3CB9
BC70
B9CD
3D03
3C6A
3C62
3D46
3D23
BC8F
BC13
BCF8
BD28
3D15
BD0B
3CF2
BBD1
BCEC
BBE7
3D12
BC78
BDAD
3C79
3D09
3C79
3BB0
BCA9
BBD8
3CC7
3D36
BD0F
3C5D
3C77
3B26
BC85
BC4A
3DA2
BD94
BD6C
BDB7
BB3C
3C5F
3DCE
BC77
3CBD
3D1F
BCA6
3C5A
BDB4
3B47
BC8E
3C71
3CC1
BD09
3B3B
BBD2
BBEA
BC0A
3BCE
3D0A
BD04
BC96
BCC0
3CCD
3D34
BC8B
3CB9
3C48
3BFD
3B61
3D36
3C66
BC9F
BD0D
BD31
BC67
3D41
3CF3
3CD7
3C9A
3DE6
3D1C
BC8B
BD0F
BB34
3BE2
3C94
3C8F
BBE8
BC34
BD30
BD05
3CF8
3C3A
3C8B
3CE9
BC0F
3CB1
BC50
3CFE
BC9C
3BE5
3C05
3CF3
3C96
3D4D
BCA7
3AD5
BD34
BB15
3A94
3C7D
3D90
39D5
3C6D
3C83
B975
3CB5
BCB8
BBA9
BC82
3CCD
BD83
BD73
3BDC
BD38
BCD8
3D4C
3D4A
BD80
3A2B
3D37
BD3D
BD27
BCAD
BD8A
3D99
BCCC
3CB4
BB67
3B8A
BD2E
BD66
BD3F
3D3A
3D64
3C2A
BD68
BB15
BC71
3C29
BCC1
3C18
3B64
BCD0
BCB6
BB6A
3D1B
BA21
3BE3
BD1D
BC53
3B4F
3B78
BC66
3DD1
BD74
BCF7
3CBE
BCA6
3D5C
3D39
3C56
3C9E
BC5D
BC28
BCB3
3CD4
BD22
BD43
BD55
3C77
BC1A
3A5E
BBF3
3C55
BBB7
BD8D
3C54
3C6F
3C56
BD23
3C0A
3BE4
BD02
BD1C
BC29
BD3E
BCD3
3CB9
BD28
3D6C
3D1A
3CA8
BD07
3CB2
BC99
BD35
BD7A
3C39
3C16
BC30
BCA6
BC49
BBF8
3CE6
BAE9
BBD2
3C20
3D1D
BC74
BD1D
BCC9
B97D
BC31
3DB6
3BFC
BD93
3C57
BCCC
BC26
3C8F
BAB7
BAF5
BCB2
BB38
3D40
3C22
3D70
BCB4
BD3C
BBFE
BD8D
3D20
BD0B
3C94
BB66
3C1F
BBE0
BC2A
3CA8
3BDF
BBC6
3C68
3CAF
BC84
BC4D
3C13
BB1F
BBA3
3CC6
3C1F
3AB5
BD1E
3CF0
BC1B
3C22
3BCC
3C49
3C2B
BD7A
3C9B
BD26
BCC9
3CAB
3D21
BA4D
3CF7
BA25
3CC6
BA9B
BBB5
BBF6
3BA4
3CA9
3D26
3C6D
BB8B
3C39
3D4C
3BD7
3C05
3E2A
BD24
BCEB
3DB9
BC89
3C80
BC43
BDB1
3D89
3BA0
3D27
BC60
BC04
3D14
BD2F
BBF1
3D98
3BCB
BBF3
3C20
3C02
BBED
B973
BD3D
BBBD
BC65
BC00
3BA8
BC38
3B86
BB3C
3CC9
BC56
3D05
3BB6
BBAC
3B56
BC92
BCCC
3BA8
BC42
3CCB
BB26
3CC5
3D94
3D43
3BEB
3B32
3B8E
3CEC
3D3F
3D4E
BD55
3C7B
3C46
3CBB
BC81
BCC9
BD29
BD61
BD0D
3BBB
BC95
BC64
BCD9
BAC9
BB2F
BB63
BA95
BD82
3CA0
3BF3
3C26
BBED
BD66
3C36
BDE0
3C3D
BD07
3D0C
BD08
BCB2
3C4B
BB68
BCCE
BB96
BC4C
BCC9
BB86
BC51
BD29
BADC
BBBC
BC8D
3C81
3D48
BC48
BB3F
BC3A
3D71
BC87
3D51
BB41
3C26
3D34
BB9A
3CE7
BACE
3DB5
3DD7
3D83
BD99
3D5B
BD48
3D2F
BCB7
BBEF
BBE2
BCB0
BD05
BCE6
3A02
3C92
3D63
3CBA
BC8A
3D0C
3B85
3DC6
BC06
3AAE
BD72
BD25
BCC1
3B92
BCD9
3D9E
3D34
BCC3
3B9A
3C92
BB33
BB87
3CCB
3D3F
BD1E
3B8B
3D03
BB7C
3BC1
BC07
3D26
3B83
3C85
3CBB
BBD6
BD1B
3C0D
BC73
BD09
BAFF
3CB8
BCB2
BB01
3C21
3A6B
BB38
BB8B
BB09
BDA3
3B4C
BC94
3B9D
BCB1
3CB9
BC7D
3C53
BCDC
BA29
BDA9
BC2E
BC80
BB14
BD00
BC84
3C40
3C7A
BBB4
BC9E
BD8A
BD6B
BB8B
BC67
BC6D
BD0C
3B1E
BC85
BDB3
BD28
3CCC
3D4E
BBC2
BCDC
3CF2
BCCC
3BAB
BD8D
3CA2
3D37
BD19
3D36
BB66
BC69
3CB5
BC1E
3C74
BB39
BC73
BC36
BBF4
BC9F
BBFE
3CE8
3BBE
3C7F
3B41
3C42
BD15
BC13
3CE8
BCB3
BC1A
3CDD
3B82
3D1D
3C88
BD18
BD74
BCF2
3DCB
BC00
BBFE
BD15
3CDD
3D1F
3C70
BB53
3C00
3CCD
3C5C
BCB0
3B53
3CAA
BC7F
BD38
3A8C
3C3A
BDC4
3DAC
BD51
BD03
BAC7
BC0D
3B9D
BD8D
3CEA
3D43
3C3A
3D5B
BD88
3C22
3C12
3CD4
BCAF
3C14
3CC8
3A35
3CF3
3C54
BCBF
BB6D
BC9C
BCFD
3C87
BAAC
3BEF
BBF7
3B60
BCB9
BC44
3CB9
3C98
3C0E
BCE4
BC3D
BC9A
3B95
3B92
BCBC
3C16
BB70
BC52
BD33
BC97
BCA0
BB72
BC83
BC88
BC8C
BD5A
3C6F
BB38
BCC6
B9DA
3CA9
3C18
3C80
3C48
3C5D
BD0D
BD07
BCAF
3CE5
3C9B
3C77
3CB0
3C83
BC06
3C5E
3C5A
BD60
BC3A
3C56
BC51
BDC0
3B5D
B9C7
BC03
BC8C
3C02
3CAC
3D13
3D36
3BCF
BAEF
3D07
3D4B
3BE8
BB9A
3CC6
BCB6
3A5F
3C64
3B95
3C00
BCC1
3BE9
BC2A
3D56
BCB4
BD3A
3D0E
3D01
BAB7
BCD8
BBD0
BBB3
3D4B
BCCE
BC4C
BC7D
3CDC
3D05
3C9A
3C20
BC11
BBCF
3CE0
BB93
BB5A
BB45
BBDB
3DA7
3B9C
BD35
BC94
3CA9
3CEC
3D72
3CAC
3C66
3D9D
BCDC
3CAF
3C74
BBCF
BD10
BBA4
BAAF
3A56
BE17
3C26
BBF1
BCA0
3BB9
BD3D
3BA6
BC15
BC8C
BCFE
3B22
3CA0
3D09
3BBD
BC19
BD02
3BF9
BC37
3B5F
3BEC
BB45
BCA6
3B22
BD00
3CA9
BC95
BB82
3BBE
BC4C
BD04
3C93
3BB0
3D41
3C0F
BCEF
3C17
BC56
3C9D
BC60
BC3E
BC6C
3C7E
3C9E
BCCA
3D2E
3CCB
BCFC
BC08
3D23
BB6A
BCE7
BC9F
BD10
BC14
3C01
3C14
3CFC
BC82
BB11
3D69
3D04
3C5A
BCFE
3DCB
BD8C
3CEE
BC55
BC51
3C41
3CC8
BCDC
BAC5
3960
BAA3
BD05
3D6A
3D82
BB5D
B83B
BD83
BC8A
BC98
BC4F
BB2C
3BF6
BD00
BD0D
3C8D
3C8C
3BD7
BCBB
BB9E
BC9D
BAB7
BD21
BC82
BCBA
BCEC
BD54
BC83
3CB6
BCD1
BC07
3B5B
3C28
3CD7
BD0F
3C77
BC40
BC94
3DDE
3BCA
BD7C
3B14
BB89
3C15
3D1E
BD00
3CB3
3B55
BD6D
3D48
3D17
3C5E
BC8D
3CB9
3CC5
3CCA
BDCA
BBCC
3B89
BD18
BC97
BD8C
BB6F
3CC1
3D56
BBFE
3C75
3BEB
3CE4
BAAD
3AEC
BBC9
3C8C
BD24
BC00
BC8A
BCB3
3C39
3CE9
BD13
BD01
3D98
BC8D
BC20
BC7A
3C55
3CCD
3C6F
3C28
BC23
3BF3
BD48
3C76
3CE1
BAF4
BBB3
BCCF
BC99
3BC2
BD20
3CF0
BC93
BD9F
B9A2
BBE5
3B79
BC08
BA4C
BB1A
BD7D
BD70
3C54
3DB9
3AC9
3D60
3BA8
3DBE
BB63
3DC6
3DC2
3CDB
BC8F
BD6B
BB62
3C8F
3B04
BC7F
3D11
3BD0
BCEA
BD18
3D23
3D1A
BD30
3C4E
3C8C
BCDE
BBF9
BBE5
BD93
3D81
BCC1
3C13
BA6C
BD43
BC98
3D80
BBFC
BD1C
BD18
BCE7
BC2A
BD68
BCEC
3CAC
BCCE
3BFF
3D05
BCCB
3C88
3D28
BC1E
BD31
3CF8
3D10
3AEB
BD1F
3C39
BD02
3B9E
BCB9
3DB0
BD9F
BC50
3D65
3DDD
3C89
3A30
BCF5
BAFA
3C9A
3D9E
BC86
3D66
BC16
BB96
BBF5
BD3A
BBC9
BC8A
BB60
3CFF
BC43
3C56
3CAD
BC25
3B91
3B99
BD67
BD47
BA71
BBD1
BCA4
3D09
BB69
3C92
3CA9
3D09
3C7C
BD5F
3BC8
BCD6
BDF8
BD20
BB31
BC19
BBFD
3C09
BD1E
BDA3
3D9F
BD52
3C9A
BC12
BCF8
BD27
BC5A
3C96
3D0E
3C86
3C97
3D83
BD58
BBDB
3BEB
3777
BB68
3CFD
BC4F
3CB6
3D1C
B9E4
3E00
BB92
3D67
BB5C
BCB6
BD90
3A84
BCA9
BD9C
BB02
3D2C
3D30
3C54
3C48
BC2B
3BD4
BB74
3CFF
3C79
3D0F
3C60
BA4E
3AB1
3C37
3BD8
BB0E
BBD8
3D55
3CD3
3C3C
3D3A
3D03
BCE7
3C38
BD0F
BD3A
BD6F
3D78
BD9E
3D98
3CB0
BB0C
BD1D
BC23
3D52
3CBF
BD01
BD48
BD80
3AB0
3C86
BBFF
BD7C
3BA4
BC82
3D06
BDAD
BCC1
BDF4
BC34
3D88
3C1F
3D80
BE03
BD22
3BA9
BC72
3D00
BD00
3C80
BC3F
3D12
BBBA
BD94
BBAF
3CE9
BBF2
BDB2
3C88
BCCE
BD10
3CF4
3C9C
3BBB
BC0C
BCA9
BCB8
BD17
3CD1
3CD2
BDB6
BC9F
3C16
3B92
3C8A
3D76
3CE8
BBD4
BD8B
BD3B
BCCD
3BFF
BCAE
BB47
3CF0
BD06
3D0E
3CA8
BCCD
3C1F
3CD9
3C7F
BCD0
3BAD
3C9A
BD08
3B8D
3D6F
3C22
3C6B
BC24
3CC1
3CB5
3D60
3DC4
3ABE
BD7B
3C91
3CBA
BD40
3BD8
BC66
3D2E
BB83
3D03
3C8D
3BE8
3C49
3BE5
BD64
3BD2
3C1E
3CB8
3BA7
3D68
BC9E
3CC6
3D52
B99D
BB9C
3BC7
3AA2
3C6A
BBF0
BD0C
3D4F
BC3A
3C70
3DE5
BB21
3D2A
BBAA
3BB4
BC84
BCA2
3BB8
BBA4
3D9F
BCB8
3BDA
BC52
BBE6
3D2E
BB9E
BCC2
BD89
3D15
BCFC
BD47
3BC3
BDBD
BC18
BC9E
3C29
BC15
3D49
3D3F
3BBF
BD73
BD1B
3D37
3D53
BD84
BC46
3BE8
3C31
3DD6
BD4D
3AC3
3CC8
BBB0
3BCA
3C76
3CEA
3BFE
3C9F
BD02
3D50
3CF7
BC9F
3C02
3CCE
3C3F
3D8A
3C03
BC1C
BD36
BC2E
BBE5
BB15
3CE7
BD98
BD16
BD40
3B7B
3D16
BC3A
BB99
BDB9
BD26
BBFA
3C8F
BD1D
3D14
BD8F
3BBC
BB1C
3C51
BC83
3D0E
3CD9
BD15
3D16
BC24
3D18
BD0C
3C82
3CBB
3C2D
BD20
3C3B
BD9E
3D20
BCA1
3C80
3A8C
3CE7
3D71
3D63
3A88
BDB8
3D34
3D8A
BC7D
BD65
BA53
3D56
BB2E
3D05
BC20
BBC9
3CFB
BCD0
BC89
BDA2
3C79
BD48
3CB6
3D1C
39FD
BA46
B9A1
3B88
3CC9
BC43
3C68
BCEA
BC5F
3D8D
3CEC
BD3B
3C2C
BBC1
3B86
3CC6
BD1C
3C93
BCEA
3C9F
3D6D
BC8A
B906
3C11
BD66
BD29
3CB3
3C8D
BC2E
BCDA
BCA9
3CF6
BC2F
BD09
3D81
BC75
3CDC
BD9B
3DC7
3C0A
BDCF
BA08
BA0F
3DB9
3D96
3D99
BD4A
BC1A
BD82
3C13
BD94
3A80
3D98
39C1
BDC2
3B6D
BB95
3C88
3C45
3CEF
BC42
BCD3
3CC7
BC37
3D6B
3D3B
BD86
BD8C
3A70
3BCD
BD60
3C62
3D17
3B4D
3D02
BD99
3B3A
3D04
BC67
BBCC
3C5B
BC03
BD85
BB97
BC7A
BC9A
3BC9
3CE8
3CB9
3C7D
3C46
3CB3
3D1A
3D54
3BDD
3C20
3C56
3CD4
BC70
3C56
BC2F
BC6A
BCF7
3CB6
3CC6
3CB5
3CAC
3CED
BCD7
BD88
BC18
3D98
BDA3
3D0B
3CB9
BB8C
BBEC
3D7F
3D15
3C2A
3CC2
3C7B
BD16
3C9E
3DA4
BCF7
BCA6
3CA7
3CDD
3CCC
3D0C
BD1E
3BFE
BC32
BCF2
3D94
3D43
BD33
3D1B
BC31
BDA8
BC20
3DAB
BC8E
3D7E
BCAE
3D2B
3C2C
3CA9
3D2A
BC6B
BC34
BD8B
3D20
BD27
BCB0
3C26
BD8B
BC9D
BCC5
BD0B
3D09
3C95
3C97
3CA0
3D01
3D98
BD03
3D11
3C02
BCB5
3CAF
3C82
3D7F
3D00
BD8B
3D1E
BC4C
3D05
3CC7
BB8F
3CBE
BA6B
BD34
3C73
3BD7
3C37
BCAA
BD40
3A2A
3CF8
3BE9
BBF8
BD02
BCA0
BC1C
BCDC
BC87
BCC9
3C9D
3D96
3CC7
3D1E
3C76
BD02
BD5E
3C13
BB5F
3D18
BC71
3D1B
BCF8
3CC1
BC43
3C7F
3CB1
BB99
BCE7
BCCA
BD0F
BCA3
BC42
3ADA
BD6E
3A8B
BA5F
BCCE
BBD8
BD2E
3D1E
3B8E
3DAE
BC0D
BCCE
3CA3
3D1F
3BEA
3D12
BC7C
3D95
3DDF
BB00
BBE3
3BAF
BB53
BCE4
BD22
3C0C
BA91
3D18
BB6C
BCD0
3CC8
3BCB
BD32
3B87
BC2F
BC05
3D00
3C78
3B96
3D5A
B847
BC9F
3B91
3CC7
BC11
3D6E
3D66
BD04
BD86
BC95
BC82
3D14
BC30
BD05
BCDF
BD0A
BD1A
BC5F
3B18
3C2B
BC9E
BCDA
3B81
3C83
BC8A
3D08
3D25
BCDC
BD0F
BD85
3C00
BD34
3BBD
3CC2
3D0D
3D01
3AF3
3D39
39C2
3D95
BE06
BD10
BDB1
3C03
BBAF
BB99
3B2E
BBAE
3CF2
3C63
3C20
BC25
BC18
3D19
3C0D
BD1E
3D0D
BB28
3C49
3D1A
3CC4
3779
3CF8
3C3F
3BE3
3C98
3D90
3C66
3CB6
3C9A
3C8C
3D4C
3BEF
BAD8
3C1B
BCAE
3D5D
3CE2
3C68
3C4B
3C27
BB7A
3C81
3BA6
3CD0
3C99
BDB9
3CC6
BCB2
3CDE
3D42
BC7C
BD1A
3C51
BC21
3C81
BCC5
BD83
3CA6
3CBB
3D0D
BD1F
BCB4
3D46
BD83
BD39
BB85
3D11
3CBD
BCBC
BCD5
3C25
3C46
3CCB
3A6D
3B33
BC50
BD90
3CB1
3CBC
3C11
BCB2
3AE2
BC27
3D1B
398C
BC99
3C1B
BD34
BDBA
3CAD
3DA8
BC25
3D6E
3D85
3D4B
BCDD
3D6B
BC71
BC1C
3D02
BD3E
3CA1
BBFA
BC87
3CA5
3D02
3D0A
BCAC
3D77
BCA4
3D16
BD02
3ACC
3CEC
3B29
3D14
3DCC
BC58
BCC0
3BE6
3D5F
BCB4
BD57
BCAB
3D57
BD3C
BDAB
3A8E
3D48
BCED
BC6B
3D3B
3CE5
3CDE
3CBC
BC88
39B5
3C8D
3C62
BC3C
BD0E
BB37
BB23
BC6B
3D84
3C51
BD68
3CCB
3D51
BC04
3CE2
3D2B
3D53
3C3F
3B92
BC4D
3DC7
3D7B
3C05
BD13
3C40
BC91
3D68
3D4F
3A17
3D02
BD3A
3BFB
3D17
BA6A
BD19
3D19
BB82
BB95
3B64
BAE6
3CF9
3CC6
BD0E
3BBF
3C2B
3CDD
3C25
3C49
3CDB
BB50
BB9F
38C4
BC61
3B65
BB56
BD56
3D2C
BC3B
3C95
BB10
BD07
BCB2
BD49
3CD7
3C05
BD31
BDA0
3CCF
3D44
BC97
3D48
3BD4
BC2A
BCCF
BD1F
BD22
3D4E
BDB1
3D39
BC4E
BC36
BD3D
BCE6
BC85
3D34
3D04
3D21
BCA1
3CD8
3D0D
BD28
BB24
3CD9
BCCD
3C39
BBAF
BD01
BB0B
3D77
BD0D
BC09
BC9C
BCC9
3C7C
BD0B
BD4A
3DCD
3CC3
3D32
BC88
3D7E
3C66
BD5A
3CCA
BD18
3A8E
BD24
BD2E
BD60
BC80
3C96
3B8E
BB65
3D2A
BB59
BCF0
3AF2
BC9C
3D2E
3C80
3CDC
BCAA
3C5E
BAB8
BC12
BC26
3D01
BD04
BCA5
3D21
3CF1
3CD9
3D1E
3BA3
BC87
3CE0
BD44
3C46
BC3A
3B80
BCB0
BCD2
BC4E
3A79
3C26
399E
BC14
3BF1
BC66
3BF4
B8DB
3CA3
B955
BC3E
BD87
BC85
BA5D
3CF8
3C2F
3C5C
3B67
BCB2
3C0E
3DB6
BC94
3A0A
BDC9
3B91
3DC5
BC63
3D6B
BB3F
3D39
3C83
3D94
3B9E
BCBF
3B62
3AC1
BC5E
3CA6
3DA9
BC83
BBE0
BB27
BD1E
BBE5
3CD7
399F
BD16
3C01
BB15
BD19
BCA7
3CDB
BD45
3A3A
3D12
3D32
BCD7
BCA8
3BF9
BD15
3C9C
3AD3
BB84
3B64
3C3B
BD02
BC44
3CEB
BBD1
3B89
BC25
BBC8
BD15
BC11
3D0A
BD60
BC45
BCE8
BC9B
BCA1
3C82
3CB7
3D71
BB8F
3C36
BD1C
BBB4
BBE2
BC72
BDCF
3BB3
BB96
3CA2
BD63
BD0D
3CC2
3DF5
3AC8
3BE1
3B22
3C51
3A69
BCCC
BCAE
3C87
BCA1
BB91
3B64
BC1E
BC16
3D4C
BA84
BCBE
BD19
BABD
BCFA
BBC2
3BD3
BBFD
3D01
3C9D
3BDF
3C90
BDC2
BD20
BCF0
3C2D
3C0B
3BF2
BB9C
BD18
3C48
3C1C
3D11
3C35
BBF7
3D0C
BC69
BC07
3C1A
BC00
3CCE
3D65
BCB4
BC86
3C97
BBC1
BB97
BBCE
BCE2
3C8D
BD75
BB17
BD04
3D0C
3D33
BBA6
BDF7
BC04
3D35
3CA6
3BF8
3B87
3CC6
BB8C
3C62
3D15
3B83
3B99
3C87
BD1B
BCEE
3CAB
3CB6
BC0C
3C75
3ACA
BD19
BBEE
BD0D
3DA2
BD63
3D8C
3D14
BB8A
3D3D
3C3C
BD30
BD84
BD28
3DE4
BC9A
3D80
3D0D
BC96
3B50
BC59
3D2A
BD03
3C48
BD64
BCE2
3C3E
3C39
3C62
BDAF
3C65
3CF5
3CB7
3D3E
3D8B
3B04
3BFC
BDFE
3DCE
3D18
BD96
BD16
BA96
3D41
3C41
3C32
BD1E
BDD4
3BF5
3A72
BCBA
3C08
3CE3
BB37
BCCB
3BE0
3C70
BC68
3C1D
3CB6
3AA6
BD45
3D29
BC33
3D35
3CD1
BBA6
3C96
BC85
3C21
BC0C
3D0F
3CB3
3C88
3C4B
3DFB
3D8C
3C18
BD48
3C61
BCEB
BA88
3DE4
BC14
3C16
BCFA
BC80
3D23
3C91
3BB1
3BA6
BC84
3C5C
BB5B
3D09
3CF9
BD01
BCD0
BBA7
BCA5
3C9F
BA20
3CEC
BD5D
BC59
BD5E
3D1E
BD83
3C91
BC04
3C59
BDFA
BD06
3BB1
BC7A
BD0B
3CD3
BD62
3D66
BB85
BD31
BD9D
3D6C
3D7B
BD73
3C27
3D25
BD82
BD18
BD44
BD40
3D0E
BDA2
BD85
BDB3
3CDE
BCBD
BD7D
BD21
3D95
3D65
3D2E
BD75
3CC1
BD0D
BC85
BC81
3D31
BC26
3C70
BCEB
BC4B
3D25
3D99
BBFE
BD90
3CAE
3D88
3CE3
BD0C
3DCB
3D28
BCB2
3DB4
BCC9
3D23
BD77
3CC8
3D22
BA7A
3BFF
BCFC
BD41
3D75
BE1D
3C13
3CF9
3BA9
3CA5
BC87
3ACB
BC65
3C62
3CC1
BBE2
3CAC
BCF8
BD8A
3BA5
BC6E
BD9E
3C4E
3C24
BBAD
3B00
3D3D
3C51
3D40
3D58
BCB4
3D46
BD2D
BD9A
BB3E
3CC0
3D6C
BC4E
3CC0
BD42
BBE6
3C85
3D16
3C8E
BD15
BC76
3D21
3D0D
3C18
3CC8
3DA1
3B25
3CB8
BCB0
3D84
BABE
BCD8
3B2D
BBFC
3C50
BD41
3A93
3BCE
BC1C
BC85
BCCD
BCBA
3C3B
BCCF
BDC9
3CA9
BC97
39A3
BC59
BAEA
3B27
BC4E
3AFA
BC15
3B89
BD92
3C96
3C87
3AE0
BC27
BBBB
BBBC
3B4F
3D2D
3C3C
BD1F
3BE2
BBE0
BCD5
3D56
3CF0
BD43
3BC1
BD0A
BD07
3BCC
3C57
3C5C
3D43
BD85
3C1B
BBA4
3C26
3C05
3C9F
3C19
BC21
3D14
BC54
BD13
3B81
BCE4
3C69
BC47
BCD9
3C08
3C1B
3D0F
BC4B
3B7A
3BCC
BCE5
BD60
BDC9
3B29
3D42
3CB0
3CA3
3C2E
3BAA
3D86
3C58
BA9E
BC38
3B89
BB89
BC94
3D3B
BC8D
BCC5
3CB7
BC30
BB58
3CB4
BCC2
BB94
BD19
3BC4
BD1A
3CCD
BB55
3B04
BC83
BC8B
BB69
BBA7
BCDC
BDD3
BD51
3D09
3D99
3B7B
3CFC
BB8A
BCD3
3D1A
3C14
3C1D
BB10
BC30
BCF5
3C58
BBFD
BC4F
3C1F
BD23
3BC1
BAFA
3B85
BC62
BCBB
3B21
BD3F
BD6D
BBE7
BBEE
3C42
3CE5
BD02
BD6E
BC07
3DDA
BCB8
BCD0
3CBB
3CA1
3BB5
BC37
BADD
BC13
BCC7
3BD7
3BAD
BCD0
BC98
BBBB
3CAD
BC7E
BC49
BBB6
3C2D
BADE
3D07
3D4D
3BEF
BCA4
3CA1
BC0C
BA56
BBBB
3B76
BDB7
BCEA
BD01
BC80
BD05
BCCA
3B4F
3CB4
BC61
BBA9
BCCE
3D09
3CC6
3CDD
BC7E
3B82
3C25
3C82
3DAF
BB50
BCF6
BB76
BC8F
BC0C
BD26
BC8B
3D90
BD9A
3CAE
3DE6
3DD8
BC1A
BDA0
BBD3
BD17
3D9C
BD18
BD21
BC56
3C6B
3A78
3BD8
BC06
3C87
BC1B
BA75
BCE1
BBC7
BCA8
3BBC
BC98
BC71
3C57
3BC3
3CD6
3CC2
BCB5
BB1C
BC91
3C1B
BC3E
BD22
3D1C
3C9F
3C3A
BBCB
3A08
BC61
3CD8
BBA8
3C90
BD37
3C9B
3CC0
BC8A
BCD2
3D1B
3D27
3C79
3D03
3CC6
39DF
3CCD
3D83
3C3C
BB99
BC38
BC00
BBDB
BD0D
BC8E
3C2B
BCF8
BB25
3AC4
3D2A
BBAD
BAE7
BD16
BCC3
3D78
3BF2
3D5C
3BB3
BD6E
3B90
BD1C
BC34
3C9F
BCE5
BC90
3BF0
3CBA
3A68
3CF1
3BE4
BD1B
BCE5
BD05
BCBC
BD34
3D25
BD23
3CCA
BD9D
BD06
BC86
BD20
3D3A
3D31
3CEA
BB24
3CC5
BBC8
BC95
3A31
3B8D
BD54
3C83
BB67
3CC6
BC9E
3CCD
3C7F
BD31
BB93
3CCA
3CDF
BDB2
3D8C
BCEE
BC1E
3D40
BC0D
BD07
3C60
3B81
3DC9
3DAC
BC0F
BCE3
BC49
3D7F
3C3B
BC65
BD83
BBFB
3DA0
3C21
BC83
BB7C
BB39
3BF4
3C8D
3CA3
BD13
BC5E
B993
BD7C
BD18
3D1A
3C4E
BD2A
3CD2
3D35
3CC9
3CC9
3D01
3AC3
3C4E
BD08
BA82
3DF0
3DB5
3D47
BD01
3D08
BD14
3C1B
3C8F
3C1A
3BA1
3A40
BB3F
3CE7
3C0F
BC59
3C3B
3D28
BCC4
BC14
3B90
3CE7
BC1A
BC23
3B89
BC97
BDAA
3A2F
3C8A
3D8E
BC26
3C22
3C29
3D15
3C95
3CDB
3B11
BD3E
3C69
BC33
BC8A
BC6E
3C8E
BD17
3C74
BC14
BC50
BCA9
3D07
3C4F
BC07
3B14
3DAB
BC45
BB86
3B99
39C1
3D49
BD91
BD32
3C88
BC1A
3C48
3D77
BBE1
BB91
3D6F
3D4E
BC64
3CA7
BB44
BC80
3C07
3D3F
BCAE
BC20
BCA9
BBD5
3C26
3D86
BAA4
BC5A
3C02
3C94
3C6A
BCFD
3D94
BC1F
3AB3
3BC3
BB50
3CCA
BD81
BCAD
3D5C
3C32
3C3B
3BE3
BC2C
BD4F
3CCB
BCB5
3DB7
3C64
3B9A
BC91
3C21
BC60
3D1D
3D17
BBD1
3C5A
3C93
3893
3CAE
BCDC
BCF8
3C93
3944
3CED
3C0B
3CAC
BB3A
BC09
39EC
3CD0
3CA4
BCD9
BCA3
BCE1
3C4C
3CDF
3C7D
3C89
BBDB
3B87
3CD5
BC4C
3AC5
BC47
BD0C
3CCA
3D5C
3D16
3CA0
3C96
3BFA
BB6C
3C6E
3C99
3CC4
3CAC
BC91
BBF9
BD2D
BCBD
BCBB
3D3B
3A84
3DB1
3CA0
3D02
BBBE
3BB2
BC9E
3D9E
BC6A
3C92
3B86
BC8C
3CD7
3B47
3D11
3C69
BB78
3C7E
3C7F
3CF6
BCBD
3C95
3CB8
BC79
BCB8
BA6D
BC02
BD11
BD67
BCC9
B9F1
BCBF
3B8C
BD2E
BCB0
BCEF
BC8C
BC7C
BD56
3C95
BC19
BB2D
3AC4
3BB7
3C81
BCDF
3C71
3BED
BA3E
BCC6
BC02
BD0B
BD04
3DB2
BCEA
BCFA
3D27
3D5C
BC80
BCC2
BBF8
3D36
3B8E
BD77
3D0D
3D60
BAE8
BBAA
BD05
3D8C
BD11
3BEF
3D3D
BB96
3CB8
3BD2
BD64
3C73
3CCF
3CBA
BC10
BBBD
BC2B
BBC9
BBAF
BC87
BD68
BCBF
BB33
BC28
3C28
3D6B
3CD2
3CD1
3B72
3C99
BCAA
BC08
BCC8
3C2B
BCCF
3C3B
3D47
3C04
3D13
3D2C
BD7C
3CBD
3D53
3BAE
BB89
3C0A
B99E
BD50
3BA9
3D1F
BCDB
BD15
3D70
3D9B
BC6E
BD20
3D0E
BD3C
BD78
BD08
3CEE
3D24
BD09
BD8A
3C6D
BD66
3D02
BD4F
3D98
BDC6
3D5A
BB07
BCE1
BC5E
3C83
BD5F
BD08
BC25
BC96
BD4B
3D8D
3D2C
BD6B
3D1D
3CC4
BD2F
BCA7
3B5A
BA19
BB3D
BD24
3C3E
3C50
BC94
BCDF
BD04
BCDF
3D8A
3C4A
BCC0
BC6C
B9EC
BC38
3C8B
3AD2
BCA1
BCD9
BCE1
3A0B
3D3E
BD0E
BCCF
3D24
3BB6
BCFA
3D44
3CF9
BD70
BCCD
3CED
BCD8
3D1F
BD7C
3CB1
BCF0
3D8F
3DAF
3D28
3CA1
BC15
3BF1
BD03
3D8C
3C94
BBC6
3C69
BB78
BCF8
BBFF
BCF0
3CE4
3D68
BC7F
BC9F
BB4A
3B38
BAF1
BCB6
3C9D
BCA4
BD54
BC9D
3C9D
3D64
3C4E
BA87
3CA4
BD42
3D20
3C3E
BD73
3D91
BB6C
BCFF
BC53
BBE3
3CB2
3C6F
3B28
3CE0
BD04
BC5F
BCB4
3C6F
3CBB
BD1D
BC5A
BDAD
BCC7
3C91
3D29
BC05
BC14
3A7C
3C8E
3B75
BD07
3C4D
BB1C
3C9C
3B13
BDED
3C91
BDB1
BBCB
BD67
BD0C
3CAF
3C5A
3D54
3C3A
BD02
BB72
3C75
BD35
3C42
BBA3
BA84
BCB1
BCC6
3B02
3CF2
BCF4
BC40
BC2C
BCA6
BBF3
3C20
3D18
BD19
3D30
BC5F
3C36
BC6C
BC2B
3D68
3D41
BC59
BB13
BAAA
3CDB
3C1D
BD02
BA3F
BCA4
3C35
BB31
BCE0
BD2E
3C3D
BC00
BCCA
3CAE
3CEB
3CF1
3C11
3CAC
3D48
BDCF
3D10
3C96
B994
BC90
3D1C
3CFB
3D1E
BC01
3B9E
BCFB
B960
BE26
3D08
3D79
BB89
3D66
3C84
BD74
3C47
BCB5
3B0E
3C9E
BB91
BC80
BCA6
39C7
BCA9
3C59
BC83
BB1F
BD80
BB23
3D71
BBB8
3C4A
3D13
BD2D
3D1B
3BA7
BCE3
BD2E
BC8F
BC33
3CAC
3C3C
BA47
3CB4
3BA0
3C8D
BCCF
3B8F
BC6F
BCCB
BC8A
3ADA
B90B
3CCF
3C86
BD74
3CFC
BD07
BCC0
BC0D
BC88
BC39
3D2F
3CC4
3C3A
BC9A
BB88
BDCA
BCB5
39BD
BB01
BE04
3DA6
BD9E
BA80
BD07
BB94
3C7A
3BAA
3B94
3B7F
BA81
3B28
3D41
3CAF
BD4B
BCB9
3CD3
BCC0
3B50
BC08
BCCD
BC67
BB18
BCAC
BCD6
3CB5
BC55
BC03
3AFB
BC4C
3D01
3BC2
3BDB
3B91
BB1B
3B8A
BC9F
BC84
BB83
BCC9
BC39
BB6D
3BB8
3C61
BC8B
BD1E
3CDD
BBE2
BD84
3C8F
BC82
3CC1
BC8C
BD41
BD10
3C15
BD7C
BD03
3D27
3CF1
3D9C
3BD7
BD50
3A6C
BCA7
3DAE
BC0C
BDCE
BBA7
BCF9
BC12
3CC7
BC45
3D34
BCD8
BAA6
BB9C
BC94
3A02
3CC8
BCEF
BB74
3C44
BB81
BD15
3CC5
3CB1
BC4E
3C6F
BB9C
BCB7
BC97
BBA0
3B77
BD9A
BD43
BBEC
3D9C
BBC2
3D82
B96A
BD24
BCB8
BCE8
3D2C
3D09
BD20
BCCA
3C40
BCBC
3D86
BD45
3BD5
BACD
BC9E
3CFB
3C1A
BC96
3CE2
BD56
BCC1
BCA2
3D42
3C5D
3D7D
BCEE
BD49
BC16
3C83
3C43
3D29
3C4B
BCE5
3BA6
3D56
3B22
3D44
3D8F
BCB8
3CAD
BCD4
BDD0
BDA8
3D02
BC18
BCC0
3CEB
3CE2
3D38
3CE9
BC0A
3DAD
3D90
BD03
3D91
3C42
3CC9
3CF6
BD43
BD16
BDA1
3A32
BD1B
3C1C
3D7B
3BC4
BD34
3D37
3CB4
3D95
BC2B
BD95
BD7B
BC9C
3D30
3C36
BD4D
BCCC
BD9B
BCE3
BD58
3D34
BC56
3C8E
3D93
3D9E
3CBC
BD46
BC23
3A2C
3D59
3CCD
3D80
3DA8
3D3C
3CFA
BB88
BD99
BACF
3D60
BB57
BD72
BCDB
BCED
BD0B
3C97
BB0E
BD13
BC8B
B92C
BD9D
3D2E
3D34
BC60
3D0F
BC8C
BC83
3CC6
3BE1
BC0E
3D07
3CD0
3DF7
3D69
3D81
BD35
3CB6
BD9A
3C92
3D30
3D0D
3D60
BD1C
BD20
3D05
3D85
3BC9
3D3F
3D55
BC3A
3D5B
3CA8
3C77
BC7B
BB4D
3BC6
BCA8
BCAC
3D29
3C50
3BCB
BBE4
3DAB
3DC0
3CC6
3B85
3D27
BDCE
3C63
3CB6
3DD5
BAAE
BD9A
BC5F
BD7B
BD33
3CAB
BD24
BDAA
3D1F
3D93
3C5B
3D22
BD68
BD33
BD32
BD6C
BD23
3D96
BD90
3CE1
BD0F
BCDE
BD16
BD4C
BD04
3AB2
BD08
3D01
BC57
3D50
BD63
BD24
BC9C
3D75
BBB1
BD4E
BCBC
3DB5
3D9F
3C50
BCAD
BD6E
3BA3
3D51
3CAD
BD9A
3D59
3DAD
BB04
3CBE
BB02
BC90
BC32
BE01
3D4D
3DAF
BA8F
BD57
BE09
BD6E
BCFF
BD46
BCA1
BAAB
3DEC
3B87
BD49
3C53
3CB1
3D4F
3CA2
BD1B
BCD0
BD59
3CF7
BD2D
BCF2
3D81
BD3C
BD74
3C02
3B7E
3D23
3D86
3CB2
BD4C
3CD3
BC8C
3B76
3D4B
BC73
3CB3
BC35
BD0F
BC54
BC8E
BB84
3D14
3BE4
3BC6
3B8C
3CDA
3C4E
BC66
3D0F
BCD6
BAA9
3D8D
3D4F
BD52
BC8A
3C0F
BC6D
BC0E
3D5C
BCE2
BB70
BC58
3AE9
3D4E
BC85
3D1E
BAFC
3DD0
BD27
3BD9
BAEF
BC72
B9F5
BBC5
BC79
BCDE
BC5D
3BBC
BC32
BB84
3BBD
3DED
3CB6
BC82
BBBF
BC8B
3777
BC5B
BD00
BBA6
3C2A
3BE6
BD4C
3D01
BCBB
3C4B
BC50
BCE9
BCC5
3CA2
3DB2
3D07
3B8D
BCA9
3CD8
BA8F
BD0F
3C9A
BD95
BBDB
BBC8
3CA4
BCA8
BB12
BBA5
BC5B
3C81
BD9A
3C88
BCA6
3BAA
3C9B
3CEA
BD63
BD38
BCC3
3B90
BA37
BBA1
BD94
3CB5
3D5E
3CFF
BDBC
3C5E
BB8D
3B39
3AB5
3CBF
39D9
3D3E
3CC3
3B8B
BD7D
3C0F
3C7A
3D0F
3D09
3C52
3D02
BD33
BCF8
B6D6
BAE1
3C42
BC6B
BCD9
BCA0
3C30
BC35
BCD5
BD9F
BB47
3C78
BC80
BCC9
BB08
BD0B
3CFF
BD0D
3B01
3C2E
3C85
BC9B
BB8A
3C96
3CFE
3A13
BD74
3D08
3C25
BCD7
BC81
3C38
BB94
BA12
3E05
3D75
BB52
BCF8
3B48
3DB5
BC4C
BD83
BB2E
B9BF
BA1F
BC3B
3C4E
3BED
B993
3C2F
BC85
3C14
3D0A
3BA6
3C31
3B91
BC6B
3D83
3D13
BD03
BCC1
3B35
3BA9
B836
BB41
3C2C
BA13
3D69
BDE2
BD03
BC7E
BC50
3B8C
BD0B
BCF9
3C69
3D0D
3D85
3C06
BC3D
3CA8
BB63
3D19
3D37
3C10
BC52
3BD7
3CA9
BD0E
BAA7
3CA0
BD62
3AAA
BCD1
3B9B
BD77
3CA6
3D8F
3BBC
BD27
3D47
BD1C
3DAB
BC97
BA9A
BD70
3D0B
3DF1
3CA6
BD46
BCF9
3A8B
BBF6
3A17
3B2F
BB24
BD01
BD23
BBEF
3B0D
3C6E
BCB5
BBD6
3CF4
3CBE
3C9C
BC9F
3B00
BC5F
BC27
BCF2
BCAE
BCB0
BC3C
3ABF
3CC3
3B87
3DF5
3D45
BCE9
BC62
3C97
BAB2
BC7F
3DD8
BD4D
3CB2
BD3E
BC26
3D5A
3D2E
BB09
BBF7
BD1B
3D65
BD30
3C63
BC43
3B66
BBF4
3D3D
3CA4
BD7F
3A4B
3C1A
3CA1
BB19
BCF7
3CE0
3E1B
3C18
BDA9
BE07
BC2D
3CBC
3C33
BBF5
BCEA
3C22
BDAC
BD7C
BBCB
BD11
BCB0
3D63
BCAA
BD6F
3CC8
3D41
BD27
BC88
3C10
BCBE
BBEB
BBEF
BD42
3D38
BCAC
BC86
BCEE
BD02
3D95
3DB3
3CA7
BDDC
3C18
BD72
BB96
BD2D
3D04
BC9F
BC83
BCA8
3C9E
3D08
3D10
3D3E
BDAE
BB2E
3DAD
BA30
BBDA
3DD7
BD3E
BD9D
3D4A
BC79
3D72
3CA0
BD22
3C06
BD7E
BB58
3DC6
BD86
3DD5
BD39
3DCF
BDCC
3AF2
3D03
BC28
3CF8
BC81
3B02
3CA1
3B46
3C86
BD0F
BD26
BC1D
BCD5
BD5E
3C3D
3A2C
BD40
3BB3
3B00
3D2E
3CA9
3D17
BC8F
BD2C
BADA
BCC2
3D92
3D24
BA3F
BDC6
3CFF
BC7C
BD28
BC5A
BD84
3C69
BD26
BCBE
3CFD
3D43
BB5C
3CB8
3DC1
BD04
3B78
3CF7
3C3B
BC8F
3C47
BC9A
BCA6
BD6E
3AC3
BB32
BD89
BC99
BC22
3C1F
BD09
3CA0
BD9C
BD25
3DFB
BC81
3B8D
BCA5
3B4A
3C94
BD30
BC09
BC8B
39AB
BBEB
3C8F
3D1A
3CB8
3C7B
BB9C
3C84
BA09
3B89
3B7A
3C91
3CEB
3D0C
BD4C
3CB0
BB18
3D7F
3C38
3C62
3BA0
BD48
BB95
BC13
BC93
BD14
BC72
3CF9
BC94
3CC2
BB4C
BC0C
BC42
3D85
3C2A
BCE0
BCB3
3D13
3BDC
BD22
BBDE
3DC8
3CA4
BB91
BC6B
3C89
3D53
BCC3
3CB2
3C67
3CAA
BD8A
BB4B
3D59
3D28
BC0A
3C13
3CAC
BB62
BCB1
BBA8
3AD4
BDAA
3DBB
BCDE
BBBD
3CE4
3D95
BC09
3D50
BC94
BB3A
3BD5
BC31
B8DF
BB61
3C6C
3C23
BBAD
3CFB
3D3C
BC51
3CF1
3E1C
3D87
3D02
BDCE
3D43
BD8B
3B72
BD1E
BC65
3D69
BD22
BC97
3D1E
3D0C
BCB6
3CD3
3D25
BD10
BCDD
3D9A
3CF5
3AFC
BC49
3C70
BC9E
BD6E
BC5D
3C22
3C02
BC8B
BD0D
3C43
3E1A
3C89
BDA4
3ADF
3DBA
3C59
3CA5
BC45
BC9C
3CA5
BD0D
BC82
BC32
3B9C
3C4D
3D50
BCA2
BC92
3CE7
3C4C
3C0F
BC2C
BC91
BC40
3CA6
BCD1
BD83
3D80
BD0B
BC62
3CEC
BC01
3CCB
3CE1
3A85
BBB9
B9DE
BCDE
BD3B
BCF7
3D2F
BCFA
3BC6
BC68
3D36
3BD6
3D57
BC22
BD03
BD03
BCF6
BBD8
BB89
3D9A
3DAA
3D4F
3C20
BC24
BD9D
BD62
3CAA
BBF3
3D32
3CAB
3D2D
BD7F
3B29
3CB9
BD2E
BB86
3C6B
3D14
BC5A
3CD1
BBA4
BCD4
3C75
BBEF
3C65
BA16
3B0A
BC12
BC0E
BC5D
BC1F
BA80
BCA6
3A97
BC1F
3C55
3CFD
3CFE
3CD4
BB82
BD15
3C18
BDB5
3C05
BCB8
BC44
BD07
BC36
3CCC
3BE7
3CAF
BD3D
3CD9
3C68
BBB8
3CB7
3C4D
3C2A
3D19
BB67
3D61
BCBC
3D5C
3CF8
3C16
3D03
3C2B
BC98
BD4F
3CA6
3D40
BBCA
3C65
BC91
3E01
3C26
3D21
3D4F
BC73
BCC1
BD7D
BC14
3D22
3C45
BD0B
BD44
BBA8
BCA8
BC3D
3C04
3B9D
3CA6
BB56
3D42
BC41
BBA3
3AD5
BD08
BCCD
3B96
BBD4
BB95
3D53
BC6D
3D1F
BC76
BD25
3B20
3C40
3B54
BBC1
3D6B
3D4A
3C82
BCB1
3CB0
BC83
BC28
3CDB
BD10
BD1B
3D0B
3958
BCF2
BBC1
3BD2
3D31
BAC3
BC54
3D9E
BD86
BC50
BC9E
3D9B
BB75
BD45
BD58
3BFE
3D19
3C88
3D10
3DC1
BB9D
BD68
3BE5
BD92
BC1E
3CB6
BC4A
BCC6
BAF9
3C77
BC58
BC0F
BC9B
3C5B
3C11
3C53
3AB5
3CE4
BCE7
BBA7
BD20
3AE1
3C5E
BD67
BC36
BC8E
B910
3D1F
3AC7
BD69
BCE4
3BE8
3CB5
3C56
BBA8
BD01
BACC
3CB5
BC98
3AD5
3D13
3C96
B878
BC39
BD76
BD4D
BC69
BC59
3BC2
BC3B
3C76
BC92
BC02
BC07
3D3D
BB7D
BC91
BC4E
BD22
BC95
BD95
3C45
3D76
BDA0
3B8A
BB77
BC43
BC5C
3C62
3D0C
BB02
BD38
BC5F
3CA4
BD71
3C08
BBA8
3B01
BC13
BD0A
BA94
3CAB
3D0C
BC02
3C99
3D2D
BD1B
3B99
BC50
3CB3
3C6C
3C34
3D0E
3D35
BCF7
BCC6
BC11
3C6E
3AE3
BD13
BCDD
BD4F
3C67
3B7C
BD19
BD6D
3C35
3CBD
BB92
3CA4
BC89
BC4C
BDBE
BC86
BD8D
39FC
BC11
BC19
BC18
3D3F
BC12
BCD8
BC49
3C3E
3B6C
3CC2
3A08
BD0E
BD0D
3CA2
3C38
BCA6
BC76
BD1C
BBF3
BCFB
3D43
BCFC
BD4E
3CF4
3CF5
BC9F
3BBF
BCD5
BB60
BD1D
3D21
3BD8
3CE0
3C00
3B39
3CD1
3CC2
BD5E
3CE5
3C20
BC53
BD2E
BD24
3D10
3C70
3D2A
BC1C
BCFC
BC22
BC89
BACE
3C8F
3CB9
3C09
39A7
BD08
BC85
BD73
BD00
3CA0
3CE9
3CE6
3B06
BB61
3C7A
BD4C
3D74
BCA9
BC8C
3C28
BCD3
BC59
BD90
BC5C
BD52
3C4C
BCA8
3D46
3C83
3C5E
3C34
3B77
3D1F
BC83
3C1C
3C50
BC67
BD71
BD97
BC20
3C04
BCB7
3C10
3C7A
3C6A
BBA3
BC1D
BC14
BD09
3D1F
BC9F
3C9D
3D35
3C30
BC89
3C72
BD10
3B54
BCAB
3C9C
3C09
BC71
BC39
3CB5
3B1D
3CA3
BCB6
BD7C
3B71
BB5C
3CE5
3CCB
BD2A
BCC9
BD20
BD19
BDFA
BBDF
BB65
3C43
3CC5
3C36
3DA3
BC83
3C1B
BC13
3DCF
BBB4
3D99
3C31
BDFA
BD0D
BB62
BC2A
3C8A
3C28
3C65
BC57
BC13
3C10
3CF8
3AA4
3C5A
BC74
BB9B
BC17
BC8E
3C55
3D20
3C97
3D1C
BCBD
BC9A
3CA6
3CB7
BC99
3B4E
BA92
3DCA
3C66
3CC5
BCFA
3CA8
BBF3
BC2E
BC91
3C32
3C4B
3C0A
BC37
BC96
3ABE
BCE9
3C0B
BC45
3CAB
BB41
BAE4
BCCB
BA6C
BCE7
3C55
BC77
BDB5
BD2D
3CD5
3D86
BC9C
3D05
3D4D
3A83
3CAC
BC1B
BB5B
3C4A
3CE9
3CCA
BC85
BC8D
3C69
BD7A
BD36
BBB4
BAA2
3BEF
3D5C
BBC6
BC96
3D02
BBE5
BBC9
BC2D
BD39
BCD4
3C85
BC64
3C83
BCA3
BD86
BCA3
BC15
BB86
3C6F
BC6A
3B17
3C99
3C11
BD32
BCCA
BC22
3D0A
BC7F
BD1D
BC05
3D0C
3D0D
BC0A
3CFC
BC14
BD0E
3DA7
3BB8
3CCC
BD11
3D2C
BBBE
BD87
BD03
BC51
BC8C
BC96
3C66
3D54
3CA6
3C3A
BC53
BB22
3C17
3DE0
3C97
3C88
3C5E
BC70
BCB7
BB9A
3D60
3D5A
BC5C
3C36
BBC3
BC45
BB79
BC2E
BCA2
3CC9
BCB9
3AE1
3CFD
3C07
3C1F
3CA7
3CD3
BAD5
BC9B
BCCD
3C87
3DE2
3D4B
3BC3
3BA9
3BBD
3C16
3CBD
3D16
BC53
BC89
BC7D
BADD
3CCB
3CB8
BD32
3CB7
BD08
3C56
BC79
3D30
BBDC
3BB6
BCBF
3CFC
BBF2
BBBD
BD03
3CE7
3BEA
BC51
3C8F
3CE2
BDAB
3CA9
BD05
BBF0
3D44
3C8B
3CB3
BC51
BCAF
3CAD
BCF4
3C98
BC3B
BD33
BC8F
3C6F
3C20
BD1A
3C3E
3D2D
BC99
BC28
BA92
3C32
BAEE
3A0F
BCBF
BC61
BD15
BB75
BD3E
BC02
3BE6
3D40
3D36
BCF5
3C83
BD02
BB10
3BC7
3CA8
BC90
BCB9
BB4B
3C9B
3D35
3CA3
3D64
BD21
BC3D
3BBB
3A54
BBDD
3C89
BCFB
BC88
BA43
BCC2
BCD3
BD17
3CCC
BD75
BD80
3C82
3CDF
BD37
3CEE
BD8C
3D40
3D98
3C62
3D11
BC6D
3C02
BC3A
3C83
3B8B
BBD4
3D0E
3B6E
BCA7
BC45
3C8E
3C87
36C6
BD29
BD22
3C60
3C6D
BC1E
3BE0
3C3F
3ACA
BDAC
BC3E
BD00
BDE8
BC9D
BD53
3D04
BD3F
3CA0
BC3D
3C8D
3D50
3BC3
3D10
3D3F
BC68
BCAD
38EF
BD46
BD6F
3D4D
3C27
BD5A
3B86
3D01
3D5A
BBAA
3D1A
3DE1
3D3E
BC75
BCFB
3CB4
3BED
BB57
BD12
BCB5
BCF5
3D6C
3C22
3CF3
BCC2
3CB9
3C54
BD13
3CF4
3D00
3C13
3CB9
3966
BD80
BC91
3D2F
3C2D
BD21
3C94
3C78
3CD2
3D9B
BDA6
3DC6
3C1B
3D9E
3D29
3D17
BC8F
3C1F
3CF9
BB43
B9A5
BCAA
BD32
3D7F
3D98
BC30
BD97
BABE
3D12
BB3E
BD85
BD3E
3CC2
BD0E
3C96
3D66
BDCB
BC6E
BB31
BBE1
BE09
3CB5
BD6B
3CE2
BCB6
BCA1
3D87
BDAD
3CA9
BCDF
3BB9
3CEE
BD83
BCDB
3BBF
BDA0
BC5A
BA9C
3CB0
3BFE
3C45
BD23
BD7B
3CE7
3CF7
3B29
3D5E
3BE8
3CF5
3C2C
B956
3C84
3D75
BCCF
BC13
3B7A
BC73
3CE4
BC30
BBA6
3C2C
3C3A
BD1B
BC95
BD41
BD12
BCE7
3C3F
BCC7
BC52
BD42
3D06
BB4C
3C7F
BCD6
BC14
BA6D
BD06
3D3C
BD73
BC0F
3B84
BD3A
3C38
3CCC
BC32
3CD6
BDA3
3C75
BCC7
BDAA
3C01
3D8E
BCF7
3D66
BC1C
BC85
BD13
3AB8
BCDF
BA62
3C08
3AF0
BC64
3CDC
BBBD
BB63
3CA7
3CFA
BD0A
BC48
3C4E
BC97
BB93
3CFA
3C35
3B83
3BEC
BBEB
3C16
3CA7
3D8F
3BE5
3C83
BBF9
3C22
BD07
3C65
BCA2
3C12
BC21
3C2D
3B53
3C08
3B3A
3CF6
3D0C
3C58
BCF1
BC4B
3CD0
3C3E
3CB3
BADA
3BF0
BC49
3D8D
BB7D
3D44
3D82
BC80
3CB2
BCCB
3CEF
3C8E
BCDC
BCAC
BC17
3D05
BCB3
BC9B
BD2A
BCC8
BDD3
BB2C
3C96
3C0A
3CB4
BB5A
BCF6
BD0A
3C10
3BBE
BAB2
3D3C
3C19
3C4F
BC53
BD05
3D82
3D68
BCF8
BD15
BC74
BCDA
BBFC
3C4E
BB7F
3B87
3B4C
BB4A
3CB3
3B85
BC7F
3CFE
3B50
3C9A
BD6D
3C44
3D2A
BCB6
3BC6
3D07
BC01
BA76
BB26
BCDF
3D25
BA74
3D59
BC2D
BC6B
3C6B
3CA2
BBCD
BD85
3B62
BC1E
BD4E
3BAB
BD32
BC1F
BD04
BBDA
3BF0
3CEB
3CD0
3D26
3D0D
3BA8
BC3A
3CC7
BCD3
BC89
3BB8
BBED
3BEF
3D0F
3C00
3CE0
BCA3
3D38
3A1F
3946
3C59
BC98
BCC0
3D2A
BDD9
3D16
3CF7
3A80
BCFA
BB0D
3D13
B984
3B37
BB0A
BCB5
3C47
BB43
BC56
3BD1
BCF9
3CB8
3BCC
BB74
BD54
3D27
BB9D
BD41
BC65
3C7D
BBE4
BD30
3D86
3C1F
3CCF
3D8F
3BAE
BD93
3C5C
BD2B
3C9D
3D45
BBE9
3CC1
BD41
3D47
BB5E
BD63
3D68
BC3F
3CC2
3B1B
3D70
BB4D
BB08
3C70
3BAD
BAC9
BC10
BC78
BC05
BCEB
BCA2
BD02
3C92
3CF7
3CAF
3C9B
3C90
BB34
3D32
3D36
3D8D
BCA2
3AD2
BD64
3CE5
3D21
3C91
BCA1
3CD1
BCCA
3C77
3D14
BCF1
BB92
BB26
3C90
BB6F
3D10
3CA4
3C41
3DC0
3BBC
BD3F
BCBC
3CE2
BCBE
BB70
3CDD
3DCA
BD97
BC07
3B77
3BE8
3DF2
BBCF
BBC8
BC26
BDD0
BC99
3C57
BBD5
BBBE
3BC6
BBBC
BC35
3C79
3CA9
3C98
BBE3
3C97
BD24
3C3D
BC18
BC5D
3D5F
BAB0
3C31
3CE8
BCE3
BD40
BC6F
3D3E
3C55
3CF6
3C41
3C61
3AE4
BCF9
BD8E
3C8D
3D7C
3B8E
3D2C
BB60
3D02
BC06
3C47
3D26
3C1D
BD26
3D2F
3BD2
BC01
BCC2
3D0F
BD2A
BCB9
3E0C
3D41
BDCF
B911
BD9F
BC32
3D71
3C72
3D1A
BD40
BD60
BCA8
BD6B
3D29
3C92
3D18
3E11
3D87
BB52
3BD4
3C48
3BAC
3B2C
BD37
3BBF
3C72
BBAE
BBBA
3B00
BB4C
BCD3
3C60
3CEC
3D31
3C2E
3BB6
BD2A
BC19
3B7D
3C09
BB2C
BC84
3CCB
BC19
3C6E
3CA8
BBCC
BC0A
BBDF
BC26
BC61
3C5C
3CBE
BCAD
BB5E
BB92
3C9D
BB98
3CAD
3C24
3B13
3CA8
BC7F
BD35
3CD7
BCD6
3B85
BBC3
BBD1
3DA1
3DD5
3CC4
3D55
BC66
3D98
BC2F
3CB1
3C8B
BD8C
BCAD
BBA6
BBBE
BC57
BC9A
3B2C
3C5B
BCFF
BD82
BC08
BCF6
BB0F
3D86
3D86
BD01
BC68
3D08
BCFB
3BFF
3CA6
BD9B
3AE3
BCC9
3C13
BC82
BDDD
BA88
BC91
BC0D
3D09
3C3E
3D29
3BB5
3C48
3CA0
BBB7
BBED
3BD0
3C95
3C8C
BB8E
BA3B
3D37
3CC5
3CE2
BBD4
3D04
3BB2
3CD0
3C67
3DAB
3CD0
BCA8
BD61
BCE3
3D99
BC3D
BCA4
BAF6
BAFF
3C09
3D54
BCDD
3D26
BC0D
3AD1
BD1B
3C76
BCA9
BC8F
BD0C
BC84
3D81
3C8F
BCDC
BD82
3C79
BD09
3C9B
BBA7
BC07
3D13
3C2E
BC88
3B69
BC92
BBF9
BC04
3D32
3B8F
BDA5
3D43
BBBA
3E03
3D56
3C8C
BCA9
3D34
BC57
3D2F
BCA1
3CB3
BBA1
BC0D
3A99
BBF5
BC96
BD0A
3B02
BBE7
BCE7
BD02
3D0C
3D01
BCAA
BCD6
3CEC
BC5F
BD47
BD21
3CF4
BBF5
BC40
BDE0
3D23
BC40
3C91
BCF6
3D49
BD81
3D19
3CBB
BC79
BD20
3D52
BD74
BCCA
BC73
BD85
BDB1
3D3F
3D6A
BD71
3D25
3D12
BD3E
BCD6
BC4D
BD15
3C95
3CF9
BD66
3C26
3D24
BD4B
BCF5
BCF8
3D7C
3D1F
BBA6
BD0D
BCC2
BBFB
BC68
BD23
3CF0
BC98
BC60
BCAF
3CBB
3D8C
3D14
3CC1
3C55
BC19
3C85
3D45
3D40
3D7D
3D8E
3BA3
3CC5
BD0F
3D2D
B991
3D96
3D93
BE04
3BC7
3CDF
BC43
BD30
BE04
BD0F
3C50
3B16
3D1B
BCB2
3CA1
BCA2
3C9D
3D54
BC76
BBF6
BBE9
BBB5
3C29
BD7A
BD6A
BB04
BD19
BDB5
3D16
3D37
3C61
3BC6
3D6B
BCF4
BC43
BD26
BD2C
BD7C
BD62
BCAD
3D70
BD0C
3CED
BA55
3CC3
BB82
BD2B
3C43
3D03
3C79
BC57
3C27
BB84
BD1C
3D9B
BB8F
BD21
3D00
3BB5
BC1A
BC3A
3BF0
3DAD
3C93
BC23
BC19
3C3D
3D3A
BBEE
BBC6
BC49
BD9A
BCE7
3B9A
3C44
3926
3C14
3B7E
BD65
3D20
3D05
3CBC
BBBD
BB97
BD90
BB9C
3C93
BAE4
BDA0
3BB6
3C12
3CB4
3CE3
BC48
BD20
3D0B
BC87
3D5A
3CA9
BD5C
3C8D
3C3E
BC02
BC2D
3C3C
BC99
3CCA
3C95
3D17
BC39
3B62
3CC5
3ADA
BBE7
BC5B
BD08
BCE8
BB04
3D39
BD71
BC03
3D54
BD54
BC01
BC5F
BCB6
3CAD
3B95
3C1A
BC71
BC61
3CC5
BC6F
BD48
3DA7
3D2E
3DD8
BC4F
3C93
BB80
BC62
3C59
BC18
3CAA
3CCD
BD47
3D35
3C7B
BBF5
3C88
BBB0
3AFF
3BB3
BBA0
BB30
3C3B
BC36
BCC6
3BE3
BC11
BC74
BCA7
3D45
3C82
3C00
BD3A
BD55
BD04
3C69
BC70
3D39
BD27
3CF4
3C97
BCCC
3B61
3CB7
3C32
BBC3
B922
BD03
BCF1
BD17
BC8A
BD29
BC85
3C9B
BB3F
BBA7
3958
BB78
3B4B
3BA6
BBE1
BBD4
BDC6
BD05
3CD8
3BB9
3C52
3DB2
3C18
3CA2
BD05
BC26
3CC0
BC9E
BD09
3CC9
3C01
BCDE
BD56
BC89
3AB7
BB61
BCD8
3B9A
BCA1
3B2C
3CD5
3D14
3D18
3D90
3C22
BC62
BD09
3AD8
3D77
393D
3CEC
3CCA
BCAE
BCF8
BC5D
3D16
3D1E
BBC0
BD2A
3C14
BC2B
3B81
BCBA
BBDC
BC53
BD39
3D34
3C86
3CF5
BC92
BCE8
BD10
BD99
3D36
BC74
BC75
3ACE
BC74
BACE
3B7C
BD9B
B8F3
3D33
3C9D
3D17
BB98
BB3D
BDA4
3C33
BD5B
BBC8
BCD3
BBC5
3D40
3C09
3C7A
3CAB
3C88
3939
3C24
3C13
3D52
3B68
BCD5
3D16
3CBD
3D44
3CEE
BB29
3B93
3D26
BBE3
3D29
BB13
3DF2
3D73
3D2B
BC58
3D24
BD1C
3C31
3D37
BCB4
3C9F
BD14
BC46
3C3F
3BA4
BC0C
BC42
BD16
BD56
BD19
BC10
BCFE
BA95
3BFA
BAE4
BB08
3CA0
BCB3
3BF8
3B2D
BC2C
BD60
3C47
3DBE
3C88
3CE5
BD78
3C8F
3B0F
3B55
BC93
BCAA
3C79
BCAB
BC0C
BC9A
BCD2
BD2B
3D86
3D25
BC76
3C8C
BC59
BCB0
BCF1
BC90
3B07
3D9F
BCA9
BBAB
3C57
BDB7
BD32
BD71
BCF3
3C07
3C8B
3C9D
BD83
3D00
BD94
BCE9
BD25
3D57
BBE7
BD8D
BC0C
3D07
3CC0
BBFD
BB47
BC78
BC36
3D77
BA94
BD8A
3D36
BAF6
BDC1
BB8D
3A02
3CEF
3C68
BD3C
BC61
BD4D
3C7F
3D20
BC8E
3A03
BC3C
3B91
BD33
3C3B
3C85
BCAA
BC7E
BC78
3CA0
3D2D
BC99
BD8B
BBD7
3C1F
BB54
3C58
3BD4
BB07
BDB1
BD26
3C4A
3D82
3CBB
3C49
3D07
BD0C
3C86
BC7E
BCD8
BCEE
BD08
BCFF
3C82
BBC7
3CD3
BBEC
BD08
B9F7
BCE1
BC2B
BC01
BC8E
BCE2
3D05
BCA3
BD90
BCFE
BC99
BCA2
BCC9
3B56
3CF8
3A2F
3C07
BC10
3C11
BC69
3CF4
3BE2
3CA0
BCFD
BD2F
BB94
3D1C
BB86
BB92
BC4A
BBEB
3A20
3C87
BAB0
3C92
3BD1
BC6D
3CA9
3D18
BCCB
BCE3
3C38
BC49
BC1C
3CC9
3CB3
3D11
BB50
BB19
BD0E
3CA1
BCDB
BD67
3D0E
3D35
3CD1
BCCB
3C12
BD29
BC2B
BD4E
BCA9
3CAA
BC67
BBCD
BBE8
3BA6
3901
BD1A
3A97
BCA8
BBD2
3CFD
3CC2
3C0B
BD02
BBC1
BCA2
3AF0
3CDF
BC3B
3D13
3D9D
3CD8
3C92
BC8F
3D86
39B3
3C35
3C7C
BBAA
3CD6
3D2C
3C2B
3AE2
BCAE
BB05
3C8D
BBF9
BD99
BCAD
BCA0
BD25
3C06
BC8E
BC78
3A99
3C88
BC72
3C47
3D36
BBE0
BC2C
BBD5
BC5B
3D06
3C69
BD05
3CE0
3C91
3DCA
3D79
BC14
BD24
BCA0
BC92
3D84
3D58
3C9B
3DC3
3BFC
3C6A
BAC2
BC14
BCFB
3C79
BC1B
BBAA
3DBD
3D0B
3C53
BCEA
3B37
3D10
BC80
3C43
3D28
3C91
BDA7
BC6E
3CB4
3DD4
BD93
3C88
BD59
BC84
3C1B
BCA3
3C46
BC4C
BD2E
BC47
BD88
3A99
3940
BCBF
BD8C
3D89
3D6B
3C88
3C93
3D05
BD3C
BD0A
BD8C
3C7D
3C81
BD67
3BFE
3C77
BD8C
BD7D
BD35
BD07
3D49
3D2D
3D70
BCE6
3D8C
BC22
BC27
BC84
3A55
BCAA
3B84
BD8D
3BC2
3CCA
3D9D
3C8E
BD30
3C2F
BD4B
3CB6
3D53
BD0B
3DA1
3CB4
3B26
BAA6
BD3F
BDBB
3C44
3BD6
3CE3
3C32
BD6F
BC48
BDE0
3C5A
BD15
3C86
3BDC
3D31
BC62
BD1C
BC45
3D5B
3D56
3B64
3CF2
BC9B
BCBB
3C88
BD84
BBF5
3D78
BD16
3CB4
3CB8
3DF5
3C82
3C89
3CE0
BD36
3CDB
BD0E
BC49
3BDE
3C9D
3B26
BC66
BC17
BD02
3D3D
BC53
BCBA
BD40
39E9
BC24
3C1B
3C6D
3C43
3D10
BD44
3C25
BB9A
BB2C
BC75
BCF6
3C41
3BF1
BC66
3D15
BBAC
3C3A
BB5E
BBED
3D78
3CD4
3DAD
3C4B
BE0C
3B90
3D8D
BD28
3C17
BC4B
BB38
3D05
BC49
3C8D
BC64
BC7D
3D32
3D00
3D27
BD02
BC1C
3C48
BB9B
BC67
BC53
BD41
BD84
3D2F
BCEC
3CEA
BCB3
BB61
BDA6
BBDF
BBEF
BC8A
BB91
BC93
BC87
BCC6
BB62
BB9D
BB7D
BC33
BC61
BCB6
3C84
3D58
3C9F
3D20
BD02
BCE3
3D4C
BC80
3D11
3D16
BBF4
BD40
BCE9
3BA5
BC6F
BCF2
3DDF
BBB5
3D04
3C30
BD1D
BC4A
3D4E
BD9D
3D8B
BC0F
3B7F
3A9B
BC7C
BCA8
BC98
3D0F
BA26
BD2C
BB70
3BF6
BC9D
3C0B
BD04
BC3A
3B1F
BC20
3C8C
3C2B
3CFA
3C92
3CA4
BA9A
BBA0
3B5D
BD44
BCA6
3E02
3D5B
3CFD
BD52
3D16
BD5F
3C59
BDAD
3D21
3C60
BCB6
BD12
3C93
3AFD
BAAA
3D89
3D2D
3C9C
BC9F
3C35
3CD8
3C11
BD4E
3D31
BC9A
BD30
BD3A
3D5E
3DA8
BD04
BC49
3D8D
3D27
3CF3
BD95
3C1A
3D49
3C8F
3D2C
BCC5
BCF6
3D13
BD48
BC1A
BBA3
BD02
BD38
3D2E
BD20
BD1D
3DA3
3B86
BC5A
BCA6
BD05
BCAE
3C80
3BFF
BD45
3BBF
BDE2
BD32
BD08
BC3F
3D0F
BBD0
3CF6
3D17
BBA7
BD21
BD45
BCF9
3D2D
BC73
BD86
BD16
3DAD
3D30
BAD0
3D89
BB05
BD3A
3B38
3C5E
3CE8
3C0C
3D80
BC0E
BB1F
BD70
3D02
3C91
3C8A
BC79
BDF8
3CC1
3D2E
3B64
3BD9
3D3D
3E16
BD0F
3CA7
3CF3
BCA1
3D41
BC6D
BC4F
3D7D
BBAF
BCCB
BCC3
3B04
BC0A
BD62
BCAE
3D3D
BCAC
BBEF
3D5E
3D11
3BE6
3D14
3C1E
BCE8
BD15
BCF8
3CEE
BD82
BD27
3C7B
3D15
3C3D
3CBE
BD1D
BCEA
3CB1
3B1D
BB1C
3C4A
BCA6
BCB0
BBA3
BD08
3D8F
BB87
BCB1
3CF6
BD67
3C8B
BB07
BC5D
3AE7
3B89
BC33
BBC5
BC46
3C21
3DD0
BC1B
3CAB
BC10
BE08
3DC2
3CBF
3AAE
BC56
3BF8
3BC0
BC7D
3CC5
3D4E
3A90
3C1E
3D67
BD55
BD7F
BC02
BA6E
BC0C
3CA1
3BA6
3C6B
3D2B
3C2C
BC9E
3D91
3CD7
3D87
3D07
3D00
3CA5
BCE4
BD0E
BD23
3CA9
BD38
3D0D
3C87
3C1D
BC7B
3CB9
3CCB
3D24
BD00
BD42
BCE3
BCFB
3B30
3A46
BD03
BCE6
BCF0
BB5D
BCFE
BC61
BD7C
3BE9
3D1B
3CDB
BB85
3BC8
BAAD
BB1F
BD94
3D82
3DCD
3D8F
3D49
BD3C
BB00
BC19
3B9B
3CCE
3BDE
BCC6
BC48
3C5F
3D9F
3C00
BB42
BC0B
BCFC
BA00
BCE9
BC03
BC7D
3A22
BB00
BC9C
BC17
3B8E
3BF5
BD05
3C65
BBD7
BE4D
BDD6
BD9B
3DBC
BD74
3DC3
BD91
3D69
BCAE
BD96
3CB2
3CD5
BCF2
BD00
3CC0
BD3F
BCEC
3D47
BB3B
BD54
BD6D
3D2F
3C92
BD59
3D12
3D40
3D00
BD4C
3CE8
3D0B
3BC2
BD9B
3D3A
BD26
BD8D
BDC4
3D7B
BCF8
BD74
3CF8
3D2A
BD71
3DE7
3DBE
3CD5
3D44
3D2D
BDCC
BD8E
3DA3
BD53
BDA8
3D01
3CCC
3D15
3D46
BD39
3CB6
3D5A
3DB5
BC27
3D0F
3D8C
3CC6
BD67
BCED
BD47
BBBB
BD27
3D86
3CD5
3CF8
BD9C
3CAA
3D52
3CA9
BDA0
BDBF
BCC5
BCAA
3CFF
3C45
BD4D
BD08
3CC7
BDA9
BD74
BD0D
BDA7
3D03
3D34
3D56
3CB2
BD51
3DC2
BCE4
BC1D
3E0E
BDB0
3CB0
BD03
BCC2
BCBC
BD49
3D04
BC7A
3C7D
BC7E
BDBA
3D51
BCEC
BC37
3C92
3BBB
BC1D
3D23
BBFE
3CB2
3CB3
BCC2
3C78
BC5C
BC35
BD8A
BC9D
BC80
3D4C
3CA2
B97C
BC50
BD5B
BCE8
3C24
BB66
BD1F
3B8A
3C00
BC83
BC15
BB66
3C82
3C9E
3CB6
3B34
BD14
3D0E
3C3F
BCEE
3CA6
3C8E
3B87
BCC9
3C89
BD0C
3D24
3B99
BBDA
BB4E
BD7E
3C6A
3DBE
3B47
BD12
3DAC
3CB8
3BFC
BCDE
BBCA
3BE3
BC09
3B06
BC91
3BC3
BC85
BD35
3BE7
BC3D
BB3A
3B8F
BD32
BB34
BBCD
BC19
3C95
3C08
3D69
3C60
3D7C
3C9F
BCCA
3C49
BBE9
3CF3
3D34
3BA4
BC93
BB25
3C78
BC44
BC93
3C2A
BC73
3C88
BB5D
BCA7
BC88
3C90
3C67
BC75
3B8B
BA73
3B2F
3D5F
3DC8
BCE9
BC64
3CA7
BC1F
BB95
3DE4
BDA1
BCD4
BCD8
BB3A
3D2C
3D47
3D5E
BD77
3D4E
BC80
3BE0
BCC2
BAC2
3C4A
3682
BCD3
BB4A
3CE6
3C97
BC5B
3BA2
3BAE
BC0F
3BA3
3B95
3A93
3CE3
BC04
BD70
3CBA
3CB4
BC02
BC29
BD56
BC92
3B9D
BCBB
BC66
BD0E
BCC9
3D22
BCDF
BD11
BD38
3CDF
3D2B
BC71
3C83
3C15
3CC5
3AAE
BD32
3CB1
3B55
BCEB
BC3A
3D21
BB29
39A8
BCE8
BC06
BD5D
3DBA
3BAE
3CAE
BC06
BC51
3D17
3D9D
3BED
BBC6
BCE9
3D71
3CEA
3C56
BC0F
BBDD
3C36
BC25
BCBF
3C15
3A53
BCB8
BBB0
3C5C
BBB4
3B5B
BD1B
BCA0
BC2E
BBC3
BDA1
3CCC
3B9D
3CDD
BB60
BC89
B922
3D22
BBD3
3D25
BC18
BC81
B9AB
BD0E
3BE4
3B1B
BD40
3C0C
BC43
BC9D
BC1B
3C8E
BD35
3C75
3C8B
BCFE
3CCE
3C19
3BEF
BE08
3CF4
3DA8
3DC4
3CC2
BCAB
BCC0
BCEF
3D51
BCFC
3C64
3B8A
3BAD
BC3D
3DEA
3D0A
3CEC
BC64
3C1E
3C1B
BBFA
3C0B
3B0A
BBFC
3CF7
3C54
BCB9
BC1E
3CF9
3C03
BD32
BCA0
3B68
BC04
BD17
3BE6
3BD9
BB78
3C94
BC46
BD0B
BB28
3BA9
BBA3
BD7D
3CBA
3D12
BA2D
3CE8
BD96
3D25
BDEC
3D90
3CD8
BB16
BCBF
3AE5
3D48
3BB8
3C9B
3D04
3C16
3BC7
3D2D
3D80
3D03
B717
BC54
BA06
BDAE
BD1D
BC22
BBCC
3C37
BDAB
3CC9
3D83
BC39
3D12
3D09
BD54
3C1E
3D83
3C71
BCB1
3C8B
3CB4
3CD4
3C2E
3C88
3CCF
BD2B
3CB4
3C03
3B8E
BC3B
3CD9
3C5D
BC07
BBE1
BDAE
3BE1
3D2B
3C33
3D5E
3C52
3D0F
3CBF
BCC9
BD3B
BB56
3C8F
BC77
3C9F
3CEF
BCFA
3CB7
BA90
BCB3
3D3B
3D7B
BD68
BD56
3B66
3C5E
3BCD
3C6F
BC80
BD1D
3D23
BD72
BBDD
3D69
BC44
BC84
BCC9
3D2C
3D25
3D3B
BB77
BCD6
BD03
BD51
3AFD
3C7B
3BE8
BB88
3D51
3C83
3D13
3CA4
BD69
BC96
3C37
3CE1
3C50
BD0E
BD15
BC5C
3C44
BCDF
3D36
3C5F
BC58
BC1A
BC82
3C91
BC30
3D1A
BC9C
BC8D
BB94
BDA1
BCAF
3C81
3DB4
BB16
3CD7
BBB7
BBB4
3CD0
BC2D
3C81
BCD9
BBBB
BC81
BC08
BC4B
3D61
BC60
BD11
3CC4
BBF4
BA3F
BA7E
3D04
BB03
3AA0
3B6A
3C1B
3D9E
BAB8
3D6B
BC70
3CA8
3ADD
3DD7
3C8F
3DCB
BD73
BDCD
BC13
3D53
3CC2
3BF4
3C7D
B9E9
3B85
BAA3
3CBA
3D47
BBCD
BC8B
BC06
BB08
3BB4
3C3C
3D12
BC55
BD14
BABA
3CB8
BD29
BB9E
3DB5
3BE8
BD63
BD92
BDA5
3D05
BD68
3D42
3D1F
3D08
BCD7
3CB6
3C1B
3C90
BC37
BD23
BC77
3B15
3C4C
BC11
BDBC
3C90
BD1F
BD02
3BBA
3CDB
BCBE
BC8B
BBC1
3A97
3C40
BC28
3DA3
3BAD
BC2E
3DB4
BB1D
3E10
BD22
3DE4
3A1A
BDCA
BC3F
BCC0
BBDE
3C9F
BD79
BBBA
3CF2
3B45
3CD1
BCB3
BC14
BC0D
BB7D
BB64
BD2C
BC0B
BD70
3B7F
BC60
3CE1
3CAE
BD38
39D1
BCAA
3D81
3D8F
3C5A
BC4A
3D27
BC87
3CC0
BD2E
3CDC
3CE9
BD07
BD3F
3CD2
3D02
3B94
BBF0
3D2B
BD8B
BD29
3D8E
3D25
3C2C
3C17
BBCC
BC86
BD87
3CE3
3BF2
3D34
BC34
3D23
3C3D
3A70
3C5A
BCF3
3D0E
3C86
3DA8
3D2A
BC53
BCA3
3D33
BD95
BD0A
BC4C
BC90
3CBD
3C85
3D45
BD5F
BC45
3D19
BBB4
BC79
BD1B
BD87
3D18
BD6B
3D44
BCA5
BC5D
BD00
BC96
BBA2
BC2F
3D07
3CB5
BD2B
3ACD
BC2E
3CAD
BC8E
3CD6
3CE6
BCC2
3D4E
3C29
BCB8
BC9B
BA86
BD3F
BC7B
3CB7
BCED
BD68
3D2F
3DC3
BD81
BA99
BCBC
3E14
BDAC
BD1E
3D30
3D0A
3C5D
3DCA
BDFE
BD90
BD45
BD1A
3B4C
3C10
3CFF
BC5D
3C36
3842
BCF0
3D3D
BCE9
3D50
3BA0
BD04
BC6D
3D10
BC7C
BD1D
38C8
3D07
3CDF
BCC8
3D2E
3CD4
3CC8
3D42
3CF6
BCE4
BCA7
3DA1
3D13
3CCC
BC48
BC5E
BC1A
3C9C
3DBE
3CEA
3D54
B900
3CC0
3CDD
BCEE
BD88
3C7E
BC90
3BCD
3D0C
BC7F
3C81
BD18
BAF0
3BD0
BC82
BB3C
BD67
3B8B
3D32
BBBF
3D64
3C98
3D95
3C24
3D66
BD7B
3DD0
BC5B
3CDB
BB7D
BCD8
3B8F
BCD6
BCCB
BC1D
BC84
BBA7
3D66
3C4C
3B45
BAB6
BBF2
BC90
BBE3
BC9C
3D2E
3D13
BD16
3CBA
BC6C
3C5A
BCA2
BCAB
BCA3
3D97
3D7D
3D85
BD3E
3D42
3C32
BC92
3CF1
BCFF
BD02
3CF4
BD20
BD2B
3D13
3E04
BCA8
BCAD
3CC5
BD7D
3CF9
3DCA
3D5D
3DDA
BA3A
3AE9
BC01
3C30
BDD3
3CF2
3C39
3D51
3B15
3ADA
BCE5
3CE9
3D4E
3D9A
3D5F
3BCE
3D19
BBC7
BD12
BA5A
BBD1
3D2E
BBE1
BA80
BB55
BCF8
BB8A
3CC5
BA4C
3C88
BD2E
B93E
3B61
BCE5
BC1F
3C13
BBB3
BD19
3DBA
BAB6
BC88
BDDB
BD0E
BCA1
3C9D
BBCF
BC97
3C5B
BC91
3C5F
BC7D
3BF9
BC39
3B04
3BEE
3CED
BD0D
3C53
BC5D
3C93
BB48
BCD8
3CC8
3BFC
BC2B
3D03
3D0D
3CB5
BAE2
3C3C
3C47
BD81
BC79
BD7E
BC68
3D0B
BD3C
3D5C
BD20
BCDD
3C35
3CDC
BB84
3D34
BBC4
3B59
3C07
3C8F
BCBF
BD96
BB44
BCAF
3BBE
3D0E
3CAB
3CCE
3D53
3BAC
3D3B
BCBD
BD21
3D58
3C0C
3CFA
3CDE
BCE9
BD3F
BCAA
3B48
3B79
3CF5
3CA8
BBFB
BCAC
3AF0
3D02
3D41
BD0A
BD12
BCEA
BD33
3D31
3C05
BD89
BB82
3D18
BCC0
3C99
BA49
BD24
3BC3
3CA9
3D82
BD64
BCEA
BC71
BBFF
3D93
3C7A
3D98
BD9B
BCFB
BCB0
BBDF
BD05
3C59
3D83
3C36
3D16
BD94
BAE0
3C7A
3C49
BD71
BCAE
BD1C
BD02
BD1E
3D51
3D27
BC10
BCEB
BC7C
BC5B
BD0F
3D2A
3C23
3CCD
3D07
3CE6
3D66
3CA3
BC92
3CB7
BB9F
3CD3
BD2E
3CB0
BD00
BA1E
BC72
BC52
3BBC
BCAF
3D05
3DBD
BC89
BC28
3D47
3C87
3B86
BC0E
3CBE
BBFA
BBE1
39D5
3C8F
3B74
BC71
BD40
BC6D
3D3E
3C5E
BD24
BD8E
BD5C
3D03
BC90
BC98
3AC4
3CEA
BD1A
3A34
BC38
BC90
BCD3
3BEC
BCC5
BD0E
3C0F
BB36
BC9A
BC3A
BAC3
BD27
BCD9
BD25
3BD9
BC88
BD5A
3C07
3C89
BC5E
3ACC
BA1A
3C68
3C4A
BCD9
BC35
3C22
BBEA
3C99
3C5C
BCF3
3B8F
3D59
3A7A
BC32
BB28
3B93
BCBF
BBD7
3CCD
BC04
3DA6
3D44
3CD9
3D45
BD19
3D20
3D87
3D46
3D7F
3D0C
3C76
3C74
BCFC
BCC5
3D83
3C76
BD7F
3C33
BC49
BCA1
3D66
BC2C
3C84
3C8F
BC76
BC12
3C2B
BCF2
BC42
3C09
BCB6
3CE5
BCED
BD90
3C78
3CF2
3AF4
3D15
BAC4
3C27
BD1C
BC9F
BC56
BCEB
3C8F
3D49
3DA6
3BBA
BC8A
3D3F
BB78
3CEA
BCAE
3C4A
BBE6
3AA3
3C29
3BAB
BC39
3D56
BDB7
BD37
3D22
3D27
3C43
3D1D
3CCF
3BD2
3CC9
3CC2
3C0C
3CB4
3BD4
3C7B
BC01
BD90
BB07
BD6B
3C8C
BDD3
BC08
3CC1
3BD8
BC83
BB07
BC8F
3D49
BB52
3B73
3D5F
3CB4
3C86
3BA0
BC1C
3D09
BC4C
3981
BC5C
3D78
3CFA
BBE5
BD28
BD16
3CB2
3AE3
3B38
BC0E
BCF6
BD09
3B0C
BC6E
BC1A
3B5D
3CF5
BAEA
BC37
BC1C
BCEE
3CE3
3C0C
3B58
3B5D
3C35
BD3E
3C98
BCE5
BCD7
BD28
BC13
3C3E
BD2E
BC62
3C26
BC52
BDB3
3DE3
3CB9
BCBF
3BE4
BD61
BDFA
3D67
BC94
3D91
3DB6
B9AA
3D13
3B77
BC28
3ADB
3D74
BCEC
3C3B
3CCE
BCA0
BD2D
3BB2
3C12
BCA2
3D04
3922
3D39
3BE3
3D99
BC9A
BCD2
3D73
3CBC
BD97
3BCE
BC98
BE12
BD1D
BB19
3D34
3BCF
3C5C
3C39
BD89
3CF3
BA4E
3CBD
B7BB
BC9C
BC6B
BBC4
BC65
3D6E
BD9D
BA1E
BB76
3CD0
3CB8
3BDD
BBFF
3C48
3D4C
3CC1
3AB1
BB64
3C1C
3CAD
BC7C
BD3D
BC2F
BBDC
BAAE
3D16
3CBF
3CA2
3C27
3C30
BCCA
3D6A
3D84
3B03
3D13
3D49
BD99
BD81
3D0F
3CCC
BDA3
3D04
3CD2
3D71
3DB4
BC47
3CC9
BD5C
3B85
3D4E
3D7B
BBF5
3D12
3BBD
BCA5
BD1A
3C1D
BCF7
3CEE
3D6A
BC8D
BCF0
3CFA
3C3C
3D3E
BB9D
BCE5
BCBE
BCCF
3C96
3CF2
BDFC
BCBF
BD2A
BD70
BBE8
BC1D
BDAC
BA28
3A6B
BC55
BCC2
BB31
3D5B
BBD3
3B88
3D26
BD15
3BA1
3D14
3D96
3B85
BC0B
3C88
3CE9
3CAB
3CC6
BCD3
BC38
BCFD
3D1D
3D3B
BC90
3B2C
3C9A
BD06
BC40
3DA0
BB95
BBA4
BD02
BD6C
3C8E
3C2C
BD2B
3D3B
3CE7
3C95
BAFC
BC8B
3CD2
3D2E
3C35
3C93
3CBE
BCAE
BCBB
3AF7
BD14
BAB1
3CC4
3C20
BCC1
BCB4
BC34
BBEB
BD8F
BC95
3B27
BAEF
BBB7
3BE4
BC83
3D86
3A50
BC6A
BC10
3CAF
3C43
BB99
3C01
BD96
3CC3
3D04
BCA9
BCB9
BC21
3B07
3CF7
3A6D
BDC2
BC1A
3B7A
BD31
BC9A
3C39
BC31
3CB9
BCCF
BBA0
BBB5
BD0D
BCB8
BD64
3A6E
3C19
3C5A
3BE9
BCE2
3CDE
BB0E
3CDA
3D94
BC90
BD9A
BC75
BC8F
3C8A
BD07
3C24
BCDA
BCCD
3BDE
BCBF
BCF3
BCF7
3CAD
3C8B
BD1D
3DAB
3C0D
BCFA
3C8E
BD01
BD96
BCF0
3C0D
3D61
3DBF
BCAD
BD99
3C05
3BFD
BC8A
BC17
3CC3
3B5D
3D05
BC1B
3B14
BC9C
BC40
BD4C
BC67
3DC2
3CA1
BC35
3B9F
BB3C
BCAD
3C6F
BD08
BC00
3CEE
3D02
BD8B
BC57
3CE6
BC89
3C7F
B9FE
BB70
BD8B
BD06
3C2C
3D2D
3DA1
3CDA
3B3D
3CE1
BCA2
3C4B
3DB3
BCE5
BD75
BD06
BD27
3CEA
3CA8
BD17
3D49
3D20
BD07
3CD5
3CCD
3C6F
BCA1
BD01
3D8C
BC07
3D4A
B767
3CBD
BCA9
BC6E
3C25
BBCE
3D84
3C91
BBC9
3CD6
3C9C
BD3D
BC58
BC8B
BBA3
B8A9
BD11
3D62
BC89
BC40
BCDB
3B5D
3D11
3AC2
3CF8
3D08
BCA0
BC0D
BD12
BCCD
BBEF
BCF7
3C90
BD05
3D5D
BD26
BB2B
BC63
BA95
3D29
3CE7
BCDB
3CC6
BBC6
BCC0
3B45
3D28
3CA7
BB9E
BC50
3C09
3C89
3CD0
3CC6
BCEE
BD44
BCF8
3D2A
3C8B
3D79
BAAA
BD15
3D44
BBFD
3B7A
BDD1
BD80
3ADE
BD79
3C1F
BB89
3B8D
BD0A
BCA1
BC79
3D56
3BFD
3B18
BC8A
3CE3
BCB3
3CCD
3B28
BB3E
3C2A
B906
BB45
3A75
3B53
BC3E
3CCE
BBDD
BD10
BCEA
3BE5
3CAC
3C8E
BD56
BC5C
BD95
BC9F
BBC5
BD8B
BC25
BBE1
BC9E
BC9B
BC28
BCBC
BD03
3C4D
BCE8
3D33
3C98
BD04
BC89
3D2E
BC20
BB28
3D67
BB3A
BDA5
BD1E
3A88
3BBA
BCD8
3D02
3DCC
3D0D
BC54
BD13
3CE6
3D0E
BB35
3C85
BCFB
3B6D
BC5B
3B85
BBEF
3C7B
3CF9
3CB7
BD10
3D27
BCAC
3CFE
3C4B
3D6B
BD61
BCE3
3D4E
BC49
3CA8
3D13
3C7F
3CF1
BCB7
BD71
BC0D
BC58
BD18
3D2F
BBB9
3D0D
3C95
BD98
BD74
3C0E
3DBE
3BAE
3D3E
B96B
3CA4
3C91
3CF6
3CCA
3B35
BBE7
BCDC
BD10
3BBB
BB51
3CB2
BD63
BCAC
3C59
BB2D
BD13
BCAA
BBD1
3C9D
BCEF
BB0C
BCF7
3D23
BC38
BCD4
3CEE
BCA4
3D42
3CCB
3CEC
BDC9
BC83
BC8B
3D28
3C5E
3D02
BCE9
BCB6
3CBD
3C6A
BC60
3BB4
BC0E
3CE0
3D25
BB63
3D31
3D86
3BE3
BD13
BB67
3C1F
BCA6
3C8A
3CD3
3D04
3DA7
BE08
BCBD
BC70
3D69
3CBC
3B6E
BBB9
BC0D
3CE6
BD20
3BCE
BA30
BBCE
3C3A
3C8E
3C1C
3D26
3D36
BC91
BCAD
3CB1
BB60
BB7D
3BBD
BBF9
3BDC
3CA6
BC1B
3DB3
BAB5
BDB1
BC39
BD06
BAF4
3D81
BD5A
BD0F
3D47
BD3A
BBA4
3D21
BAE6
3CF6
B8A6
3B56
3D1B
3CAE
BD8F
BD48
3D28
BD5A
BD08
3CBB
3CF7
3D3F
3D6A
BC95
3D8A
BD30
3AB9
3D3F
3D51
3D93
3CC7
BD82
BDA4
BD54
3BF1
BD9B
3CEE
3CA6
BCF6
BCDE
3CFB
BD20
3C90
3C84
BCE4
BCC6
3BD0
BBDB
3C43
3B05
BB0F
BD59
3BF4
BE09
BCD6
3C8E
BA40
3D3E
3AAF
3C6D
BD1E
BC9E
3B2D
3D45
3BF1
BD21
BDEE
BDA2
3BEA
3BE0
BD5E
BBAF
B9E4
BC37
3D15
BD0B
3C62
3BAF
3B66
BB34
BC05
3D29
3D04
BBB3
3D56
3D8B
BCBB
BC5E
BCB6
BCC1
BD4B
BBBE
BD78
3CEA
3CF5
3C23
3D25
3BD0
BBCE
BAED
BC33
3C13
BB2B
3CAD
3CB0
3C8A
3BAC
3A68
3CC1
BC48
BB71
3C46
3B21
3D37
3CC0
3CDC
3C45
3C07
BC5D
3BAE
3D8E
3D83
BCA4
3A08
3C16
BBDB
3C9E
BC8C
BC40
BC2C
BE01
3BB5
BB6D
3D2D
3C85
BCCB
BC88
BCB0
BDBC
3C86
3CF4
3D0D
3C17
3D90
3D15
BCEA
3CBA
3B31
3ACD
BC20
3D45
3BFA
BD44
3D9D
BCCB
BC0D
BC17
BC41
BA3A
BA15
3B95
3B1F
BC58
3A59
3BAF
3CD0
3B07
3AA0
BCEF
3A07
BBB7
3C54
3C56
3CAF
BCE2
BC37
3CF0
3D8E
3B20
3BDB
BCD2
3D3C
BD36
3DAF
3B98
3CD9
BD39
BAF9
3DC4
BD04
BC28
BDAD
3C3E
3CD9
3CFC
BD36
3D39
BC1C
3D70
3C8C
BC88
3C7F
BCE1
BD0E
3C91
3D50
3AA0
BC11
BCC5
BCC8
3C9E
BBD5
3CB7
BB59
BCD0
BBB1
3C1F
BD1F
3C37
3D28
3D89
3D00
3AD2
BD8A
BD6F
BDB9
3D53
BCDB
3D37
3C8C
BBAD
BD61
BCA9
3CA9
3C56
BBA0
BCCA
B785
BC75
BB48
3D22
BC9E
BB69
B9A4
BC73
3C72
3D63
BBEC
3D81
3C75
BBC0
3DD5
BC41
3CF3
BD41
3AF8
3C1A
3CB1
BC84
BCB6
BC2A
BD90
BBE0
3D2B
3D3C
3C91
BC4B
BCBE
3CE3
3CB0
3C46
3CE7
BD44
BC46
3C6B
3C62
BBDE
BC76
BD36
BCFB
BD01
3CA4
3D3B
3D05
BBEF
BD1C
BBA8
3C94
3D5A
BBA0
BC8E
BD78
3CFF
3D49
3C5E
BD49
BCEE
3CAE
3B92
BD28
3BDB
BC27
BC3F
3CAF
BCE6
3CA8
BBE9
3C8B
BCD8
BC78
3A48
3CDB
B9AB
3CB1
3D8F
3D6F
3D37
3CC5
3C60
3C1B
3DAF
BCBC
BDD1
BDB3
BD55
BBD1
BD99
BC8B
3C9C
BC9F
3DC4
BD4B
BC87
3C66
BCAA
3CC0
BCBA
BC2F
BC1D
BC89
3D03
BC30
BC67
3D91
BB6E
3CE8
BD1C
BCD1
3C14
BD67
BB34
BC6E
BB38
BC56
BCE5
BC33
BCC0
BD36
BCEE
3CA7
3CE8
BC59
3CB1
3B86
BD16
BCD7
BB67
BC62
BC50
BCA1
BBBE
3BCB
3B6E
3C01
BCBA
3B10
3DA3
3C71
BB73
BBAB
3C50
BD82
BC72
3D4B
BC68
3D70
BCCB
BB81
3D3F
3CDB
3C7E
BBA0
BD1D
3D01
BBE1
3C87
3CB0
3D37
BD58
BC07
3C97
BCAE
BC35
3C9D
3CA4
3D02
3CA0
BD24
BD16
3C26
BC66
3DA6
3D2B
3CC3
3CAF
3ABE
3C9D
BBB2
3C8B
BD1B
3D1A
BB0D
BC00
BCB4
3BAE
3CA1
BBFB
BB90
3BFA
3D29
BD30
BC27
3CE8
BD90
BA9F
BD04
3D3C
BDA6
BD87
BCFB
3C49
3C6F
BD27
BC08
3D3C
BCCA
BC3A
3CAC
3D19
3D15
BDA7
BB4F
3C90
3A66
3D15
3CAB
3CA9
3CA8
BCE7
BD13
3D0D
BC7E
3B4C
3CA7
3B8A
3C07
3CFE
3C50
BBA9
3D05
BBFC
BD16
BD22
BCCD
3CAA
BAC9
3D26
3D4A
3BF0
BD27
BCA2
BC31
3D4A
BB87
3CA1
3B68
3D3C
3C0D
BD13
BCAF
39D0
3D0F
3BE7
3B4E
BBD0
BCAC
3DB5
3C9E
BCD9
BC1F
3CFB
3CA7
3C8E
3D13
BC7F
BC8C
BC8B
3B3B
3C7E
3DBB
BD3B
3D36
BC8B
3C41
BC1A
BD7C
BD1C
3C43
3C46
BC9D
BCB2
3D1A
3CF2
3C9A
3CF5
3C9A
BC8D
3C5D
3C3B
BC81
BD49
BBA5
3C5D
BBF6
BB8D
BBAB
BC2A
3DC5
3CF0
3D31
3C41
BCF7
3A0A
3CDB
BCAF
BCBE
BD2F
BC77
3C2B
3CBE
3CB4
BCA4
BC91
3CF2
3CF0
BD85
BD02
BCC7
3C0D
3C6E
3CB1
3CA8
BC91
3CE6
BC98
BD64
BB39
BDB6
3BB2
3C9A
3D42
3D9A
BD44
BC9B
BC8C
BDA2
BC0A
3D03
3D9F
3D87
3CAC
BC26
3D1E
3C56
BC07
3C0D
3D1E
BD84
3D1A
3CA3
BCB0
BCA7
3BDF
BCCA
BC8F
BC83
3B85
BCB7
BD08
BC36
3C26
3CD3
BC19
BC78
BC69
3CC8
BD05
3DC1
3D22
3C91
3CA9
3BBE
3D14
BCF2
3E02
3CB5
3D24
3C64
3CEA
3C4C
BC5F
BCC8
BBF1
3CA3
3D21
BC75
BDA0
BB7F
BBC9
BB0B
3BCA
3C2E
3BEF
BD3B
BB2A
3D5F
BB83
BDBA
BB7F
3CC4
3BAA
3CE0
BD1B
3D41
3CBA
BD30
BBCA
3C4C
BBA5
BC95
BC21
BC09
BC29
BD26
3CA8
BD06
BD6D
3D44
3CD0
BCA3
BC2E
3BE9
3D25
BABB
BCBD
3BF0
3D34
BBCD
BBE9
BD4F
BCBC
3DE2
3DCF
3CCA
BE09
3CB1
BD2F
BB1C
3BD3
BD0F
BCCA
BCF7
BD1E
BBF3
3D70
3D4F
BCD8
3CD0
3C2D
3D30
3CC0
BC8D
3CD5
BD2E
BD64
BC50
BBA0
3D36
3AC7
3CCD
BB92
BCF6
390C
3C8A
3D6B
3CC3
3D42
3C12
BDA6
BBDB
BD2D
BC56
BD5B
BC82
3D35
3D1B
BC83
3BEF
BBEC
3CB2
3B3E
BC9C
BD40
3C39
BD78
BCAF
3D0E
3D2E
3CEF
3C14
3D94
BD2A
BD84
BBF1
BC86
3D13
BAB6
BB8E
BD2A
BC66
BD15
BB88
BD81
3CFD
3CB1
BB95
BAEC
3AAA
3C94
3BA1
3C2E
3AC8
3CF9
3AB4
3D1B
BC9C
3BA1
3BA5
3A41
3AAA
3D19
BCC7
BBE3
BCE0
3BFC
BD59
BC49
BD07
BC11
3BC4
BCBA
BBD4
3D69
3CC9
3C11
BCC8
3AC1
BD03
BD5E
3C29
BC94
BC9D
BB5B
3C9C
BCCE
BB58
3C59
BBE4
3A90
3C62
BD53
BD15
BC93
3BF1
3C7D
3C43
3C7B
BCDC
BBE0
3C50
BC79
BAFB
3D1D
BCA8
BC68
3C3C
BC73
3C7E
BCE5
BC75
BCC3
3CFF
BB3D
BD33
3BA1
BB49
BCB8
3A56
3C80
BA67
3CA5
3BD6
BD47
BCA6
BC7A
3C85
BC8F
BCA4
3DA5
BC11
BC42
BD81
B949
BD24
BD2D
BC10
BD71
BC06
3D36
3BFA
B745
3C61
BC5B
BB88
3C7B
BC16
BB35
BD04
3C2B
3CD6
BA9E
BBA7
BCFD
3CE2
3CB4
BD5C
3C8C
3BBC
3CFA
3C0A
3D91
3B8F
BB84
3D61
BBF0
3C48
3A09
3C90
3BF2
3CBF
3DA9
BD2A
3D48
BCA1
BB35
3D03
3B12
BA89
3C27
3BA5
3C9B
BAFD
BB66
BC64
BCA7
BCD9
BC80
BC49
3D11
BC01
3BD6
3D8B
BC05
3D40
3CC7
3D02
3BF6
BD5E
BCD7
3D66
BD72
BC96
BBBB
BC91
3CA0
BC98
BBFA
BC68
BD0D
BC86
3D63
3D5B
BCCD
3C26
3C69
BC19
BCCA
BD3D
BCA2
3AF1
BDA7
BD0A
BCCE
BD1E
BD36
BD92
BC86
3D15
3D4B
3C95
BC90
3D0A
BC5F
BC83
BABF
3BDB
BD20
3D20
BAE2
BCB1
3D6E
3DA3
BC7B
BBB5
BC0E
3C6C
3CF3
BD9C
3D2C
3BDF
BD18
3DB9
3B84
BC1B
3CFB
BD40
3D48
BD00
3BF1
BCDA
3D29
BD3D
BD39
BD93
BC92
BBB6
3C9F
BC33
BD00
BC3F
3D63
BC45
BCE5
BC7D
BC03
BD50
BC91
BD24
3C20
3C6E
BCCC
BD75
3CAF
3D87
BC59
3C73
3D34
3B23
3B62
BD34
BAA4
BD47
BD04
BCA1
3C5C
3988
3C43
3C49
BD00
3CCF
BAFA
3BCD
BCE4
BCBA
BCA5
3C77
3C5F
BD0B
3B00
B983
3D49
3ACD
BC3C
3CBF
BCA5
3BB6
3D8B
3C7F
BBE4
BCB6
3C48
BD21
3D1C
3E16
BC7D
3CA5
3C71
3B0F
3DA1
3C01
3C92
BA0D
BD13
3C80
3BED
3CEC
3C86
3C3E
B9D7
BD3E
BCA3
BB34
BD8E
BA93
BBDB
BCAB
BD53
BCEF
3CDF
3D49
BCA8
3D17
BBD3
3C92
BA8B
BBF5
BB2D
BC49
3CBF
BD28
BBD9
3C99
BCD7
3B37
3816
3C53
BC3F
3C3B
3CB0
3CF2
BC29
3C35
3D15
BD1B
BC48
3DD1
3D70
BC2B
BC44
3D20
BC08
3C92
BD03
3CAC
3CEC
BCA7
BC96
BD26
3B94
3C01
3DE5
3CEF
BD04
BC10
3C8F
3CC8
3CFA
3D05
3D5F
BCD6
3D28
3CBC
BC94
3C4B
3D0D
BBD0
BB5E
3C0E
BC75
BD0D
3C49
BD00
BC1D
3CD4
BD52
BBDA
3D30
3CB3
BA59
3CFC
3C9F
3D01
3C03
3D01
BCBA
3BC0
3CE2
BA78
BD34
3B6F
BA0F
3A55
3B9A
BC82
3D1D
BCE7
3D4C
3CD3
BCC9
3D6F
BCD4
BB09
3CDC
BCDC
BA0E
BB42
3CB1
3B9C
BC5F
BC09
3D42
BBFE
3C73
BC00
BD69
BD1D
BCAB
3B10
BC36
BC9A
3D08
BA23
3C2D
BC23
BA7D
BB26
3B92
3D06
BC4B
3C8F
BC5E
BCBB
BC1C
BC26
BCE7
3CD7
BCE1
BBB7
BD43
BD5B
3B85
BD84
BBA3
3BC4
3CAD
3C8A
BCB2
3ACA
BC37
3C54
BC91
3C0E
3AFA
BBCE
3B5D
3CDF
3D32
BCAC
3C97
BCFA
BC7E
3DD3
3CD9
BD78
3D6A
3D38
3D21
3D97
BD04
3D6D
BC55
3D2A
3D06
BC85
3C38
BD32
BBAD
BC9B
3D54
3CE0
BD52
3C05
3C96
BC4A
BCAA
BC25
3CC0
3C97
BCC5
BC9E
3B8C
BC87
BCEB
BC57
BCBF
3C0C
BC8F
BCAF
3C51
3CEC
3C40
BC14
3C2D
BC61
BD68
3BE6
BBA1
3D3D
BC04
BB81
BCCB
B864
3C93
BC97
3CF8
BC93
3CD1
BC65
BB3B
3CA6
3B6F
3CC4
BAB3
BC41
BCF5
3D2B
3C87
BD3A
BBD5
BC0B
BCF9
3AD6
BD51
3C07
BB02
BB9A
3BED
BD09
3D38
BD63
BC05
3DBE
BD95
3D34
3CD1
3CE4
3C02
BC8D
3BD7
BCA4
BCC9
3C1D
BB49
3C34
BC64
BB4E
3D1D
BC91
3C76
39C7
3C18
3C88
3B91
B993
BC7B
BD2C
BD6D
3CC5
BC03
3D2F
3BF5
3D79
3D2A
BC82
BD47
3C51
BCDB
BC93
3CB2
BC60
BCEC
3CF3
BCB9
BCCD
3C78
3D97
BC96
BCFB
3CB8
3CB8
3938
3D8C
3CF9
BC4B
3ADB
3D0A
BBC0
3D4D
BCDF
BBD0
3D29
3D8D
BC43
BDDB
BC9D
BA43
BCAE
BB0A
3D86
3B10
3CD7
3C8D
3C8A
3C9A
BCE4
3CC9
BC63
3CCA
3C50
BCA9
38B7
3CEB
3CB9
3CF0
3CD7
3C11
3BE2
BCDF
3CB1
3B4E
3CEA
3D13
3C17
3B0A
3D53
BDC5
BCED
BD1A
3A93
BD52
3CE2
BA4D
3D10
BD10
BD07
3D5F
3C8F
BD07
3BFD
3C9E
BBA7
3CCC
BC91
3D3A
BC5A
3BDE
3D02
3C7C
BCE3
3CFB
3D44
3D94
BD0F
BD32
3CD6
BCF3
3CB9
BD83
BD01
3B76
3D64
3C91
3CE7
3C98
3D12
BC1C
BCC6
3D66
3CB1
3CFA
3D0D
3D16
BD40
BC44
3D96
3C0E
3BF1
3CAB
3C2B
BA9E
3D6F
BCB4
3D53
BD1B
BD76
3D2E
3CBF
3D1C
BA98
BAFE
BAEA
3D1D
3D1C
3D41
3C60
BBC9
3D38
BC3A
3B36
3CB2
BC2B
BC24
3B99
3B41
BD40
3CDA
3B64
BD99
BC5F
3D82
BCD3
BD8A
BDA2
3D53
3CE0
BDBF
3BD7
BD49
BC8D
3D1B
BCD3
BD4E
3C93
3DC2
3CD4
BD46
3D11
BCA6
3D1F
3D2A
3CA1
3D34
BCAA
BD25
3D1D
3D31
3B80
3CA2
3C87
3D4F
BC55
3CB5
3C30
3D05
BBF4
BCE3
3B45
BBF0
BD27
3D25
BBFA
BD03
3D26
BC80
BC72
3C6E
BC6F
BD28
3C5E
BCAF
BDA6
BD3D
BD6C
3D20
3C87
BC4B
BCA2
3CE4
BC86
3B8D
3D74
3C54
3A0D
BCAE
BCE2
3B83
BA61
BC8E
3CF6
BD59
3BA9
BD21
BC15
3D77
3BAA
BD6C
3C50
BDE6
BD10
BDF6
BD9E
BD1F
BC81
3D3F
3D0F
3BF3
BCEE
BCC7
BC07
3B8D
BC22
BAC2
BCB5
BD20
3BB0
BA4F
3CA1
3D3A
3CAB
BD44
3D2C
BC14
BB8C
3DA0
3B6A
BC88
3C5F
BD8E
BD65
BCC8
3DB2
3BB7
3C24
BCB0
3D67
BCAA
3D1F
3D27
3B34
3D09
BCC5
BB6C
3D11
BBC8
BA55
BD2C
BC1F
3DBA
3D18
BD48
BCB5
BDE3
BC65
BDA7
3C62
BD86
BD82
BD3A
3C1F
3D39
3D7E
3DD5
BC48
BD33
BC29
3C78
BDC3
BC70
BC2B
BC83
3D27
BCAA
BD08
3C45
3BA9
BC5A
BD03
3D84
BC27
BD3A
3D82
3C3E
BD34
BCEE
BCD4
BC9B
3CFE
3B9F
BD91
3C35
3CA4
3D82
3C97
BD66
3CD9
BC0B
3D25
3C75
3D9B
BD2F
3D59
BD1A
3BA7
3C67
BD36
BD10
BCDD
BD87
BD01
BD26
BBA8
BC6F
3B95
BAFE
BC32
BAC9
BD96
BD3F
BBAF
3D01
BC08
BBC1
3C6E
3DA8
3C28
BDA5
BBBF
BB4F
BB90
BD33
BC1A
BC15
3BFE
BD31
BD6D
BC73
BC85
3C5F
3D0E
3DBE
BD1D
3C6C
BD04
BD07
BCB5
BD2F
BD59
BA86
BCA3
3CC7
3CA7
BC8E
BBBB
BD52
BCB9
3DAF
3E08
3D62
BDA5
3D29
3B19
3B95
BC4B
BC6C
BC07
3BAF
BCE1
BD68
BC89
3CEB
3CE5
BC6D
BC48
3CFE
3B0B
BD9C
BC28
BD67
BD32
BD58
3C25
3C02
BB16
BD15
3C93
BCB4
3B61
3D02
3D1F
BD2D
BD52
3B64
BD31
BB3F
BB9E
BC87
BD01
BC58
3A9D
3CCA
BC21
BCDA
BC41
3D7E
3965
3D16
BC92
3C5E
BCCD
BD62
3A02
BBA6
3C26
3BCD
3C23
BCF8
3CE0
BCBE
BD55
3BC7
3CFD
BCB3
3C14
BC9D
3CF9
BC77
3D00
BD17
BD2B
3C25
3CDC
BC61
BCCB
3C9E
BC97
BCD2
3D7A
BBBD
BD4A
BC29
3BAF
3BF8
3C2A
3C57
3D1A
BC97
BBF5
3C6F
3B8A
3DAC
BCFC
3C41
BBD0
BC7E
BDD4
BBF0
BCA2
BD3F
3B80
3CDF
3A90
3CB0
BD8D
BB6D
3D06
3CF1
3B21
BC52
3B84
3C09
BC87
3C8E
3B89
3CC8
BC4F
3C4D
3CB3
BD36
BD57
BCF8
3CD1
3D0A
3BF5
BD3A
BC69
BCC0
BC01
BD4E
3CF0
3C54
3BE4
BD01
BA04
3C83
3C3C
BD12
3C8D
BC5B
BC9B
3C2F
3C2F
3C94
BC86
3D19
BD50
BB8C
BB71
BDBB
3B41
BC94
3CEB
3D2C
BCAB
3C75
BBD0
3D77
3D25
3D09
BBCD
3D28
3CD8
BB38
BD1C
3B9D
3C21
3B78
BCF5
BAB8
BC03
BD07
BC02
3D20
BBD3
3CFB
BC7A
3BBC
3BDF
3CAD
BAB6
BBE3
BC79
BC7F
399D
BB77
BD2F
3C04
3CD0
3E13
3DA4
3CD9
BD50
BC0A
BCA4
3C49
3CEC
BD56
3D30
BC5D
3C6E
BD09
BD7A
BD41
3C44
3C8E
BC6D
BB6D
BC00
BC33
BC41
BC40
3CDC
BB82
3C26
BC0D
3B81
BD1E
BC35
3CAA
39C6
3D47
3C3D
3D0A
3BAA
3C19
BACC
BCA9
BC0D
BD0C
BC3D
BD48
3B48
BBCF
BCA6
BD03
3D02
3DA7
BCC4
BCC7
3C8A
BD24
BCCA
BD70
BC6F
3D7F
BCF4
BC49
BCF9
BA11
BC7D
BDAE
BCF2
3D3D
3D6D
3DA7
BCE5
3D29
BD93
BD52
3CCF
3D24
3BE6
BAF7
BCF5
BBEB
3DAD
3D00
BC4C
3C89
BD01
3D77
3C4F
3DB5
BB73
3DE7
BBB1
3CC0
BC64
BC8B
3BEC
BD79
3A99
3CBD
3BBB
BCB0
BD20
3D80
BC33
3DE6
3B2B
BBDC
3D1C
BC84
BD4F
BCB5
3D8A
3C10
3C1D
3C2C
BCCA
BCA6
3CBB
3CC6
BCB3
3CF5
BD11
BD25
BB88
3CDE
3CF9
3CD0
BBF8
BD30
3D31
BC5F
BD6C
3DBF
3CD2
3CAF
3B40
3C77
BC13
3CC1
3B12
3CFE
3C6D
3B89
BC05
3C4B
BC39
BCE0
3C8E
BCB0
3CAA
BBF0
3CEF
BD52
BD0E
3BF9
3CDF
BC28
3CCB
BC50
3CAC
3D2B
BC7D
3D86
3C35
3D0D
3C5D
BD2D
3C89
BC13
3C84
3CA1
BC31
BC0E
3B8A
BD05
BD13
BBFC
BCA2
BD2B
3C3F
3D8A
BCBD
3D15
3C9C
BCE3
BC65
BCE5
BD03
BCA9
3D95
BC10
3D76
BC68
BD18
BDC6
BCDD
3D3E
3D01
3C31
3B70
BB07
BC86
3B88
BCA7
BC2E
BD5E
BC1F
BD28
BAED
3CB0
3C9D
BB8D
3CC7
3C06
3C38
3CF7
BD81
3D9C
BC79
BD50
BCC5
BAC7
3D7A
BCA9
BC98
BC0D
3D4C
3BEB
BD4E
BC74
BD5C
BC35
3C0F
BB73
3ABA
3BA1
BC53
BCD2
BCB8
3D25
3B9E
BBA7
BC5C
BCA4
3D1C
3CF6
BCCF
BCD9
3C1D
BBDC
B9D2
3C3C
3CB6
3C93
3B95
3D33
BD26
3C66
BC3F
BCDE
3CB9
BBB2
BC51
BC9C
BB0F
3BC4
BB9D
3C54
BC86
BBAF
3C90
3C95
BCA4
BC75
BC87
3CB9
BBDA
3C89
3D04
3A31
BC82
BCDC
BC60
3A85
BCD2
3D3C
3A13
3B11
3B43
BC39
BD11
3D17
BDEC
3C63
3BAD
BD8A
3CD0
3D63
BD14
BC33
3B04
3C57
BD82
BB47
BC7A
BD1E
BD7A
3C12
3CE2
BC8E
3C00
BBCB
BC3A
BC2A
3BD1
BCC8
3BC6
BCB0
BD89
BE07
3C82
BBB7
3CE3
3C1A
BC69
3C81
3C12
3B89
3B96
BCAC
BCA2
3BB8
3C52
BC66
BC3D
BCC4
3C5A
3D91
3D11
BCE1
BC59
3C6F
3D5D
BB4B
3D12
BD85
3D25
3D94
3DA6
BC43
3D41
BB8D
3C0F
BC59
3C0F
3C24
3BA5
BCA8
BD7B
3CE3
3A60
3BD2
3BD1
BC99
BC4E
3D20
3B9B
3C8E
3D7F
BCE3
BD28
3C2B
BCE9
BC88
3D2B
3B92
3CCC
BD12
BC06
3D3B
3C26
3BAF
3C34
3C60
3C07
3D68
BC7D
3C6D
3D23
3CF0
3D8A
BCDF
3D65
BCCF
3C25
BDEA
3CDC
BC68
3C9E
BBFF
BD61
3B73
BC59
3C6C
3D8A
BD03
3C8B
3CCF
3B9D
3AC0
3A8C
BCE7
BB04
BCB3
3B6E
BB85
BD45
3BB8
BDE2
3D25
BCD5
BC13
3DBF
BCFB
3C04
BD70
3CD2
3BD6
BC27
BBE7
BC87
BCB4
3BB7
3BEA
BD1C
3CDC
3B6C
BBE9
3A28
3CBC
BBCC
3A8E
3A98
BB84
BC38
3D57
BCAD
3CDA
BDB6
3B14
3D10
B9C4
BD25
BD3C
BCE6
3D14
BD7B
BD2C
3BB5
BD31
3D23
3BF6
BCAF
3C79
3D24
3D0A
BD2F
3B97
3D04
BB74
3CE8
3CAE
BDA3
3D3C
BC9D
3D2F
3D47
BB96
3D25
BD41
3C29
3C5C
BD61
BB73
3BD9
BCFA
BC18
BC72
3D49
BC83
BC04
3C65
3BA5
BCB5
39A6
BD04
3B8F
BC0F
3B5F
3C29
BBC3
3C38
BCF7
3D17
3D2B
BC65
3CBF
BBB8
BC06
BC3A
392B
3B5A
BC9D
BCE0
3C8E
3BE8
3D15
BC40
3B7D
BC70
BD0B
BB7A
BCFC
BD0E
3CA2
BBC1
3D42
3C78
BCE0
BCE3
BC8F
BBE1
BD5F
3D49
3CAF
BBEC
BD78
BC57
3AF3
3CBF
BC38
3A97
BC9B
BC20
3DDF
3BB9
3DD8
3B97
3CB2
BC0A
3DD7
3CFF
3C85
BB13
3B82
3C16
B97F
3C9B
BCEA
BD2F
3C08
3BA8
3D06
3D65
3CCD
3CFB
3C7F
3CB9
3BA5
BB23
BBDF
3CAD
BBFB
3C1D
3C9E
BCD9
BC44
3A97
3BAD
BB43
BD89
BCCE
3D0A
3DA7
3C65
BA45
BB45
3D2B
BA1F
3B05
BCA1
BB5E
3CE7
3CDA
BD13
3D46
3BB8
BCAC
3D16
BC99
3DB2
BD94
BD94
BDB0
BDBB
BC45
BCED
BD7A
3C81
BBFC
3C5F
3A47
BD86
3CF1
BD38
BDDD
3DA9
3D8D
BBB8
BBD3
3C29
BD10
3C8B
3C48
3C8F
BB33
BCF8
BB43
3C76
3BBB
3C7F
3CBE
BBED
3AEC
3C77
3C85
BD48
3B9B
3C37
BBFE
3C29
3CFB
3CD7
3D0F
3C79
3C87
BD1B
BD96
3BC7
BC50
BCD6
BD37
BC84
BC6C
BC84
BB54
BC7B
BD10
BBD3
3B7C
BCAF
BCC1
BBB1
3C60
BD89
3C82
3C0D
BBDB
3CA3
BB4A
BDB6
BC01
BDAE
B98D
BC85
BD2D
3D61
3ABF
BDCE
BD80
BCDE
3D0C
BD58
BB0B
3D21
BC98
3C96
BD05
BC04
B5E5
3C5A
BD04
BD8B
BC6E
BBEA
3CB5
3D12
3C25
3CC1
BC88
BCB0
BBF6
BD2D
3D89
3D5E
3CB6
3CF3
3C96
BD10
3C3E
3A7F
3D04
BA1D
3C81
BC7C
BD04
3D08
BB95
3D0C
3CAF
BD14
BCBF
BD2A
3BAB
3B80
BD08
BCAF
BC1E
3DBC
3D3D
BD4B
3D03
BD91
3C8B
3D33
3DB4
3CBB
BC8D
3B34
3A7F
3D5F
3D56
3DA0
3D5C
3CA9
BD95
3B97
BD58
BAC8
3C0A
BBD0
3D07
3A2B
3A8A
3BA1
3CC2
3C19
3CCD
BCF0
3C9E
BCA2
3BB0
3D88
3C78
3A20
BC22
BC91
BCD5
3CB2
BCA7
3CBB
3D58
BCB7
3C21
BD19
BDA8
BD02
3C0F
BD03
BC15
BD4A
BD20
3D04
3BBA
BC3A
3BDB
3C95
3D39
BC2C
BBAF
3DCC
3D06
BC1A
3BF0
3CCE
BCE6
3C1C
3CA9
3E03
BC38
3A8C
3BFA
3C57
3D07
3D1D
BC64
3DAA
BDB0
3B94
BCE0
BBCB
3CA2
BBF7
BC82
3D27
BC7A
3C40
3C92
3D51
BD53
BCEF
3CC1
BBE2
3D1E
3D0A
3B99
3BC6
BC37
3D29
3B4A
3D0F
BC9A
3AF6
3CFE
BD13
3CAF
BD02
BB0D
BBBA
3D63
3D35
BBD5
3A3D
3CC3
3D12
3B08
3CE1
BD13
3C27
3BD9
BBAA
BB8C
BCBB
BC87
BCCA
BCB6
3D1D
3D55
3D4A
3C86
3DB5
3D23
BDA9
3CC9
BD32
3CEC
3A83
BC31
3D2B
3CDD
3DB6
BD22
BC1B
3D16
B9C4
3D32
3D00
3D5F
3D0C
BD40
BD01
3C37
3C16
3BDD
BC82
BC7D
3C47
3B80
BCBD
3C93
BA26
BC10
BC3A
3C82
BB34
BCD3
3CDD
3D84
BC3B
3CFE
3BAE
BCC5
3BC0
3D42
3CBF
3CD1
BCD0
3D90
BC5E
BB8F
BD3F
BBB0
3D15
3CB1
BD07
3D11
BCA6
BD43
BC30
BD3F
3D23
3C71
BCAE
BC5E
BC02
BD41
3D04
3B80
BCF4
BC43
3D15
BCEF
BBF8
3C54
BDEE
3CD9
3D10
BCB9
BCF6
BC5D
3BEB
BCA5
3C7C
3D22
BB80
3BD2
BD46
3BD9
3C5B
BBA5
3CAD
BD3C
BCAB
BC02
BCB5
3C92
3D42
BD31
BC70
3D1B
BCB0
3CB3
BC95
BC6A
3D48
3D82
BC8A
BDB2
3B83
3C35
BCA9
3C0E
BC73
BCA4
BC86
BBFA
BCD4
BC8B
3D13
3B74
3C56
BCC9
3D2F
BBFE
BD4B
BD83
3D39
BBD1
BBA1
BCA2
3DEC
BB42
3C85
BDAF
BD47
3BD1
3C57
BD50
3C14
3CDC
3D82
3CFA
3BCD
BBAE
BC44
BD22
BCAB
3D18
BA0C
3C22
BD35
BCF8
3C3D
3CBE
3D41
3B97
3D55
BC77
BD68
3C3E
3CC5
BC2B
3CFA
3C20
BCC6
BD7E
BC9D
BD04
BDBF
BCD4
BC03
3D92
BD03
3CC5
3CF2
BC77
3B7C
BCA3
3CD0
3CAC
BCF7
BD0A
3B81
BC85
BD14
3D46
B9BF
BAE2
BC8F
3C02
3D5D
BBC7
3C9C
3D7C
3DFE
BD01
3D0A
3CF6
3DB5
3B33
BBE2
BCEB
BB5D
BB22
3D37
3D3E
3B5B
3CE1
BB85
3B09
3D3B
3D7A
3C9B
3D12
3D90
BD27
BCCC
3C12
BCCD
BCFF
3D03
BB6D
3C18
3A53
BCB6
3D1E
3D60
3BCF
BC23
BC4E
3C0B
3BE1
BD3C
BD34
BCE7
BCB5
BD4F
3C1B
3D5F
3CB3
BCB7
3C57
BC4F
3CC7
BCEB
BD1C
BC2C
BCFC
3A06
3C72
BD7A
BD02
3B21
BD61
BC31
BCC3
BA2B
3D17
3B32
BB08
3CF9
3CB3
3D5B
BCB6
BCD1
3CC2
B910
3D89
3D02
BC91
BCB8
3C96
3CCC
3D40
3CEB
BD46
BD54
3C51
3D17
BC45
3C80
BBF9
3BBB
3C4A
BC17
BB9B
3CDF
3C31
BB23
BC8A
BC80
BD18
BC62
BC9B
BC5E
3C86
3B52
BC7F
BCFE
B9F9
BB6B
3CD9
BCB6
3D39
BD83
BD39
3B83
BC6E
BB5A
3B9A
3C98
BC15
BC71
BD5E
3CF8
BCEF
BD54
3CBE
3C6B
BC60
3CA4
BDB9
3CAE
3BCD
3C93
3C59
3D2D
3D41
3DDD
BC82
BD9B
3D7C
3DCA
BC84
3C6F
3C6C
BC48
BA95
3D43
3CF1
3C77
3C05
3C0A
BC4D
3CD9
3C96
BC34
BD35
3AB8
3B95
3C1C
3BAD
BC60
3B0B
3C73
BD12
BD46
3CAC
3D7E
3B24
3CB0
3D62
3B1A
3C59
3D1D
3BAC
BC7D
3C7A
3BD7
BC37
3D5B
3B43
BD84
BCF9
BCB7
3B9A
BC0F
BD01
BC75
BBC1
3D67
BD37
3D9E
3D09
BD7B
3C02
3D25
3D14
3D03
BD21
BC73
BC5B
3BAA
BC3F
3E02
3D5F
3C4C
3D95
BBF1
3CE6
3C9C
BCEF
3C95
3D25
BC79
3BB7
BCE6
3C4D
BCBF
BB84
3C21
3C5C
3CDB
BBAB
3BF5
BB92
BD3B
BCA0
BCA6
BC87
3CC7
BB9D
BCB7
BC0C
3B3F
BC86
3D1B
3D10
BA3E
BC73
3C3E
3D85
BB99
3CD1
BC87
BC0E
3C05
3C5B
BC37
3C4F
3CFA
BADC
3B61
BCE3
BA4B
BB84
BC91
3CE6
BC18
BD2C
BC99
3C83
3D20
BC05
3D87
BB68
BCEA
3C49
BD8E
3D4E
3C9C
BD36
3D32
BC0D
BC8C
BAC5
BC61
BB0E
BC56
BB3E
3BD9
BC5C
3D68
BC19
3C37
3D16
3AF5
3A9D
3C05
BCA2
BCF1
3C75
3D3F
BB50
BC9A
BC96
3D12
3B82
BC6B
3CA7
3C95
BD12
3CEF
BCFD
3B9A
3BEF
3C04
3C58
BCB4
BC52
BCA4
3D38
BC2C
3D14
3CB7
BC46
3D4B
3CF5
3BA7
BCE5
BCB7
BCB3
BC9D
BC36
3DBC
BCBE
BB22
3D11
BD2A
3B34
BCAA
BC8C
BD3B
3E05
BBD5
BC66
3C24
3CC1
BBA3
BC01
BC1E
BA36
3D1B
BC91
BD4D
3C96
3C42
BBD5
3BC4
3CF3
3C9D
BBEF
BC95
BC92
3BD1
BBCB
BCE9
BD3B
BBEE
BD20
3B03
3C0A
3DC0
3D3C
3D32
BCEE
BBB3
BD0E
3C7D
BA9A
3C4F
3CAB
BC6B
BC6B
3BDE
BD07
BD1B
3C8C
3CFC
BD8F
3BEB
3CFF
BC70
BC73
BC98
3D18
BBB4
3B98
BCC5
3D0C
38F7
BB90
3B62
3C29
3D5A
3BBD
BC9C
3CE7
BCCE
B99D
3D01
BAD6
BD1A
3BB9
BD0E
BD3F
3BE5
BCBB
BAD8
3C04
3D85
3C05
3AAA
BC3B
BCE6
BBC6
BCC5
BC38
3CA8
3BEE
3D1E
BD89
3BBD
BCB7
BAD2
BCF1
BCB2
3B98
3D00
3C94
3D1E
BBC4
BD6E
3D04
3D09
3C7D
3C2B
BCA4
3C1A
3D50
3D67
3BF7
B980
BD21
3C88
3CEE
BC97
BD3D
3D20
BDA4
3B81
BC3F
3D77
BD2B
BDE1
3D82
BD22
3BD4
3C0D
BDA2
BB7C
BCC4
BDF6
BD48
3C04
3D84
3B49
BB9F
3BA8
3CBE
BBBE
3C8C
BB4A
BCE1
3C36
3C8E
3D77
BD28
3C95
BBC4
BDB6
3C2A
BC10
3C7D
3C9D
BC70
BBEC
BD59
BC6F
BCCC
3E2B
3C9B
BBDE
BCDD
3C10
3C09
39DD
3C00
BD46
3D4D
BCDE
BBC4
3D2F
3C07
3B22
3C40
BCC4
BC7B
BD27
3C1A
3D0F
BCAC
BCE5
3AB9
BCAF
BC99
BCB8
3A37
3D06
BBEA
3D18
3C1E
3C4C
3C1E
BC8C
3C6C
BD8C
3D83
3D4E
BBE1
BD66
3A91
BD36
BC9C
B92D
BD32
BCE7
3D06
3D24
BD45
3D2F
BC87
BCBC
BCCF
BCC4
BD0C
3D13
BDBA
BD57
BCBB
3C6D
BD0E
BD54
BCA6
3D34
3DAF
3CE8
BD86
3CB6
BD83
BD80
3CAE
3D43
BD4E
BC76
BCEF
3B24
3D90
3D6F
3D00
BD3C
BC97
3E13
BBEA
BB5F
3D4B
BC4D
BD2A
3D6E
BC88
3DA8
BA49
BDC7
3D8B
BD9D
3B8A
BC6D
BD0C
BD76
3D67
BD09
3DA7
3BBA
3D95
BBEB
BCF6
3A0E
3D63
3D33
3B16
3C7B
BCC0
BD3E
BA77
BBDC
BB72
BB53
BC46
3D1A
3D22
3D35
3C5C
3CB2
3D1B
3C1D
3D80
BD1C
BBA3
3D54
BC37
BC8A
BBCC
3CD5
BC56
BC10
3C5A
BB40
3D09
BBA3
BCF0
3CA7
3C9C
3B98
BBA2
3B44
BCA0
BCA5
BAFA
BCA6
BC53
3B91
3C49
BC1B
BC84
BCF1
BC6C
BDA4
3A8F
3D48
3CA2
3C7F
BB80
BD32
3B65
3C49
3D35
BBCE
3BAA
3A8C
3C8F
BCAF
BC49
3B99
BBF5
3C81
3CB4
BC05
BCB0
3CFD
3D30
BCB3
BCF5
BD88
3C2A
3C61
BDAD
BCC6
BC89
3D1F
BD01
BD3C
BD0D
3CFB
3D29
BCA1
BD46
BCFD
BD62
3BA6
BCF0
3B26
BB92
BD2D
BB29
3CC0
BD4E
BD35
3CBA
BCE6
BCFB
3D8D
BC3B
BD85
BD02
3D99
BDEE
BD06
3CAA
3D5A
BDA4
3D51
BD50
BCC5
3A87
BC79
BC67
BC1F
BCF6
3C0E
BDE0
BC6B
BBAE
B988
BC45
B970
3D16
3CEE
3BF5
3C4F
BCC5
BBAC
3D4D
BB04
BD4D
3D07
3A1D
BC74
3B79
3D01
3D34
3D36
BC53
BD15
3D09
BD15
BC86
BD28
BD12
3C36
3C56
3D08
BD2D
3C72
BCDD
3D18
3B50
BC95
BCE3
3B62
3D1C
3CB2
3C60
BC63
3D7F
BCC1
3CAE
BBFA
3C34
BBA8
BC46
3B9A
3C94
3D80
3C54
3D1A
BA49
BCF4
3CAA
BC81
BA96
B826
BDF0
BD1A
3C20
3CDD
BADE
BBAB
BC32
3CE4
3C4E
3C09
3CD3
3CC1
BCF3
BD0D
BC6C
BB58
3C9E
3C3A
3B0C
BCB7
BC1C
3CD8
3C52
3D32
3D1F
BDA5
3CDB
BCF6
3C20
BD1B
BD27
BC5C
BCB9
BC9D
BD53
BCB5
BD1C
3D25
BCB5
BD8E
3B92
3D6E
BC16
BDB1
BC9B
BB1F
BC0C
3D75
BBFD
BCDA
3CBF
3C40
BD0C
3D0D
BC6D
BC55
BC44
3D18
3D13
3D7F
3AD0
3CB0
BDB2
3D2F
BC81
BBF1
3DC5
3B21
3CBD
3B63
BD53
39FF
3C59
BCDD
39DA
3C19
BB65
3BDF
3BB8
BCF3
BB84
3CB1
3D22
3D37
3C63
3C9C
BCAD
BBFF
BA0D
3CBC
3CD3
3C4A
BAD1
BCB9
BC14
BB9A
3D55
BC55
3C7C
3CE3
3C15
3CE8
3D28
3C06
3C9D
3C6C
3C4A
BCE8
3B21
3B87
BBF8
3CB2
BD0B
3C91
3BB8
BAC6
3BEF
BB71
3C09
3D17
3C25
BD05
B7D8
3C93
3D02
3D15
BAAF
3CBF
3CEE
3DB2
BCCA
BC29
BA97
BBCC
3C67
BB23
3D62
BB6D
BBFC
3CBE
3BC0
3C00
BC6C
3C33
BCB3
BBB9
BBDD
BD06
BC99
BBBB
BCB7
3C48
BB46
3C70
BC99
3CEC
3AFB
BBBC
3D30
3CD5
BD00
3BB6
3C3E
3D06
3CC8
BD12
3CFC
BC0D
3C8F
3CBC
B9D3
BD05
3C2D
3AD9
3CAF
BC1B
B930
BD13
BD7C
3D6A
3C81
BD5B
3B14
BE12
BBCA
3CE9
BD24
3DA6
B7A4
3D89
BCD8
BCCF
BD4F
3BC8
3A35
BA7C
BB59
BAF8
BD63
3B4E
3C84
BBBD
BCAC
BB19
3C60
BB87
BB99
BCD2
3D1E
BCA8
BCD8
BC3C
3C3D
3CFB
BBC1
3C40
3C08
BC5B
3CCE
3B26
BCC8
3DA2
3CBB
3D14
3B1C
3C98
BC9D
3D0B
3D64
3C9A
3C53
BC98
BBD4
3D6D
3CF7
3B82
3CF9
3B32
3D34
3CA9
BBA7
3D79
3B01
BCF1
B8ED
BC07
BC95
BCEA
3C9C
BD1A
BBB1
BD52
3CF9
3C9B
3C05
3B78
3D48
3BAE
3C39
BA89
BC13
BD28
3B34
BD15
BBE9
3C55
BD0A
BC90
3D36
BC73
BBCB
3CDE
3CD3
BCD6
BC91
BC54
3CD7
BCE8
BD10
3AA9
3CCE
BCDA
BC8A
3BE3
BD05
3D7A
3D3E
3CC8
BD01
3C6C
3B23
BCA7
3AF1
BB6B
BD36
BBBD
BD51
3BA9
3CB6
3D75
3C96
BCB6
BC3A
BD00
3CBA
3C93
3D4D
3D4A
3DA7
3DC3
BCC9
BD61
BD4D
BC53
BCE9
BCA1
BB4F
3C7F
BC96
BDDB
3CC6
3D8C
3C85
3BF1
3D41
BB19
BAB7
3BC2
3C16
3D08
3C00
3C25
BC2D
BD45
3C9B
3C9D
BCB9
3CAA
BB9A
BD21
3D21
BC74
3CE2
3CF4
3CBC
3D68
3BAA
BD40
BCBB
BC4C
BD23
BD21
3D62
BCF0
3C83
3B9F
BCFD
3D75
3CE2
3C80
BAA3
3A07
3C81
3C4D
BD2B
BCD3
3D13
3B96
BD30
3BF8
3CBB
3D07
BB85
3CD3
3CBA
BD39
BC88
3C90
3C8D
BD81
BC32
3D7D
BCB0
3DB6
BCE5
3DE8
BC51
3D4A
3CBA
BCFA
BCAB
3AE9
3B92
3C9E
3CA0
BC19
BCA1
3D0F
3D10
3C2A
BD04
3B96
3B7E
3B3F
3D4D
BD4A
3D84
3B92
3D67
3BDC
BB1E
3B5E
BBC4
3DC8
3B1F
BC5B
BCCC
BD1B
3C74
3D26
3D1D
BD3F
BC8E
BB58
BBE7
BC97
BC69
3BDE
BC37
3D1A
3D51
3BFE
BC2C
3C86
3CB9
BCEE
3D4E
3CEF
3C81
3D26
3CB5
BD60
BD30
BCE5
BCB9
3CC7
BCE7
3CF1
3D0F
3BF1
BBB3
BC11
3D8A
3CEB
3B14
3CE6
BD77
3C7D
3D1B
BD3E
BC37
3CE3
BB85
3C00
BBDA
3C52
3CE1
BC03
BC10
BD0B
BB3C
B9C0
3CB7
3C8E
BCAC
3C24
BCC1
BD90
BB27
3D3B
BCD3
3CAE
BCE2
3C9D
BCE4
3CC9
3C5A
3C36
BCC5
3CDC
3D37
BBE8
3D30
3D21
BCE0
BBBC
3D45
BC57
BAF2
BCC1
BD00
BCBD
BDB8
BC83
3AF3
BC56
BBC6
3A25
3C9F
BD7C
3B78
BDB4
3CAA
3BD9
BD1B
3D7C
3B0C
BC47
BC22
3A47
3C87
3C53
BCA1
3B8B
3C13
3D27
BC73
3D18
3C73
BBC1
B931
BAFF
3C62
BD1D
BBFB
BC3A
BDA5
BC97
3A8D
BCC1
3B79
BD1F
BCC5
3C90
3D26
3D74
BC04
BC6C
3952
3D1D
390C
BCC9
BCB9
3D66
BD07
BCC8
3D79
BC73
BC61
3D19
BC37
BDAE
3CA3
3D65
BCD3
BB3E
BC20
BD7F
BD3F
BCB2
3D68
3D95
3C16
3B0C
BD8A
BCD7
BD43
3B2D
BB86
3B3C
3D0A
3BF2
BC81
3C82
3D9E
39A2
BB08
3BB7
3B88
BD52
3A36
BB6C
BC87
3BA4
BB81
BCBD
3C49
3B91
BC03
3C0F
3D2F
BC1D
3CD4
BBAF
BC83
3D14
3C80
3C90
BD50
3CDB
3AD6
BCB7
BD8B
BCE7
3B28
BCC9
BC7A
3C1B
BAB6
BC3C
3CA3
3B42
BCE3
BAB4
3D42
BB33
BB1D
BC5D
3C67
BC80
BD6F
BDA6
B991
BDE8
BA69
3CE9
3C2C
3D2A
BAC8
BD26
BCF8
3C0E
BCB4
3D16
3B66
BCAF
3CBF
BD0D
3ABC
BA9E
BC1B
BC52
3D23
3D12
3B55
BC71
38EB
BC49
BBA8
BA45
BCCE
3C7C
3B8C
3CA1
BCBD
3B6B
BCD5
3CD2
BC8B
BD0B
BC88
BB81
3CB0
3CB6
BC49
BD19
BBAD
3D22
3BE5
3C95
3CAF
3BA4
BBC4
3BCF
3D2A
BD0B
BD35
3D73
3AD9
BD81
BD56
3DDE
3C58
BD89
BC86
BC37
BDEE
BD2A
3D0C
3CAC
3B75
3D9E
BD95
3DB5
3C93
3D67
3D23
BB2B
3D2F
3AFD
BC47
3B3E
BD4F
3D59
BC5C
3C79
BB95
BC03
3B9E
3CA6
3C6B
BC93
BD00
BC95
3CB6
3C70
395C
3C16
3C38
B853
3D8C
3A52
BC76
3D4F
BC87
3C6C
3D09
3B95
BC04
3C75
3CC6
3D35
3C5D
BCAD
BC25
3CCF
BC6E
3C58
3CD5
BCE2
3B2F
B9EC
BB62
3CD6
BCF3
3C15
3B36
BC84
3C19
3D7D
3C51
3D23
BC19
3D82
BC9B
3D10
3C55
3CFF
3B9D
BC79
BBAF
3A41
BC1E
BC89
BD42
3C38
3DA2
3B05
BC96
3C36
BD45
BD0B
BCB1
BB27
BD1E
BC5E
3B38
3A8A
BC45
3D00
BBA6
3D5C
3BBF
BCEA
3B55
BD5E
BBFF
3CCD
3CD6
BA48
BCD4
BC79
3AAA
BC0B
BC9E
3BEB
BCE3
BC87
BD34
BAC1
3D09
3D00
BBB3
3CC4
3D05
BC0A
3B0D
BB22
BD0A
3D5C
3D68
3CCC
BB3D
3CA5
BD86
BD44
BD04
BD5E
3B2E
3C75
BCA3
BD26
3D48
3D7C
BD89
3C78
3CB2
BAE0
BBF9
BBFD
3DC3
3A3F
3C3E
BCF1
BC4E
BC6D
3CA1
3D2F
3C0E
3CA8
3C23
3C86
3C4C
3DAE
3C92
3C18
BD2A
BD08
BD9A
3C41
3B9A
BD95
BD89
BD45
3D04
BA91
3D49
BBE2
BD31
BC20
BCA5
3CCE
3CC0
BD27
BD3C
3C97
BCA2
BCF7
3CBB
BD3B
BC8E
3C34
3CA5
3B93
BD52
3C5B
3C9D
3BF0
BCAA
BD82
3CAC
3BCB
3C0E
BD9B
BCA8
BDAE
BC68
BC89
3D2A
3CB0
3CA7
BBE9
BCA6
3D1D
3C16
3C98
BC02
BCAF
BDA5
BB89
BCD9
3AA9
BCEC
BB3C
BBD8
BA07
BCC4
BD0A
3CF1
3BA6
3D77
BC93
BB9A
BD9F
3981
BB03
3C86
BD31
BCBD
BD44
3BA8
3D4B
BD06
BCEC
3C89
BC23
3CA7
3BFA
BC9D
BCCA
B8A0
3D29
3C94
BD06
BC43
BCE3
3D1C
BDA0
3DCE
3D05
BB17
3DCB
BCFB
BD0A
3CBC
3DC1
BCB6
BD93
3D30
BC50
3DC3
BC7A
3C92
BC76
3CBF
3CAE
3C11
3CB0
3D1E
BC34
3CE1
BB8C
BCB1
BC04
3AD1
BCFD
BD12
3D0C
3CFB
BC9B
3BE8
3D1D
BB96
BC79
3D4A
BC01
BC68
BC88
BCB9
BD6D
BC3B
BCC3
BCFD
3AC4
3C1B
BC2F
BD89
3BD0
3C1B
3C1F
3916
BC38
3C8C
3A26
3C2A
3C01
3C0E
3CEF
3C31
3C57
3C16
3999
BCEF
3B2E
BBF3
3D85
BC24
3D09
3BAE
3D43
3CB3
3D93
BC27
BD19
3D77
BD8D
BCED
3CF8
3C7D
BC69
BC91
BB0C
3D2E
3C6B
3D04
3D49
3C6D
3D8C
3D39
BC04
3CA9
3C34
3C02
BD37
3CF9
3D2B
3CEE
BCB6
BD35
3BE1
3A7B
BD0A
3C91
BBF4
BD03
BC2E
3D43
3C32
BAC8
BA1A
BB84
3CD8
BC9A
3D2A
BAF6
B9F4
BB8B
3C50
BC0F
BB86
3AB4
BD10
BCBC
3D6D
3C83
3DC5
BC63
BC99
3C2C
BD39
3CC7
BB37
3D57
3A50
BB63
3D05
BBB5
BDFC
BC44
BD49
3D3A
BB97
3D2B
3C99
BB2E
3CBC
BD30
BC34
3CC5
3D36
3C17
3C8A
B9B5
3BD1
3D6E
3D0D
3C82
3D10
39F1
BCE9
BC91
BCB5
3D1D
3C9D
3DEE
3C61
3BD1
BD2C
BCA9
3D25
3C14
BBDD
BC37
BD52
3CE8
BD71
BCF6
BBC0
BC60
BAEC
3CD0
3C91
3CDB
3B0A
3C45
B94D
BCEB
BCCE
BC0C
3C6D
BC9E
3C47
BCCB
BA30
BC7D
3D47
3C49
3C99
BC8A
3D59
BC17
3D64
BCDA
3D9D
BD5A
BA8C
3BC9
3C1D
BCC6
3D88
3CEA
3AEC
3CC7
3D49
BD87
BCB9
3D02
3BB5
BB8A
3D1C
3CB1
37DD
BB52
BCB6
3C61
3C5D
BD78
BD8B
3C47
3BAE
3CEE
BD2E
BC7A
BC85
3D15
3C9C
BCB3
BD0D
3CF6
3D34
BC29
3CD5
BBE5
BCAA
BB47
3C1C
3C5A
3C8D
BBFE
3D38
B9E1
3BAA
3B99
BC56
BCA5
3D14
3B2E
3CCD
BD14
BBA3
BD31
3D83
BB80
3C8C
3C3B
3D95
3C37
BB5E
3C73
3A88
BC1D
3C25
3A5B
3B96
BD5B
BC6C
3A64
3CCE
3C9F
BABD
3C19
3C3A
3CC1
3C53
3CB0
3C43
BC84
3C47
BC26
BC88
BD4C
3B91
3B72
3C15
3D6D
BD26
BCBF
BB17
3CE2
BD0F
3CAB
BD13
BCF3
3C81
BCD9
3A73
3C57
BD3C
BD4C
3D39
BC64
BBA4
BB2E
BC83
BCD2
BD14
3CEB
3CEE
BC14
3C9D
3D86
3C07
BCEA
3DE3
3C52
3D68
BD42
BCF1
BC52
3D2F
3DD3
BD15
BCDD
BD6A
3C0D
3D37
3BE1
3CCD
3BD2
BBDE
3D59
3CCE
BCF6
BB0B
3D85
BD13
3D39
3CE2
3CBD
3D59
3B47
BAFE
BD2D
3C99
BCC0
BD30
3D18
3D0F
3CC4
BD20
BD8C
BD3A
3D5E
BCE3
3D06
BB9C
3D39
BD05
3D05
3CE8
3CDA
BD4C
BCA9
BCC3
BD6C
3D8F
3C8C
BD25
BD1B
BCDC
BD3F
BDC9
3D2F
BD30
3C86
3CE0
3D20
BC1D
BC63
BD26
BBBE
3C67
3D8E
BD75
3CDE
BCE4
3D84
BC2F
BD76
3B7F
3D2C
3AED
BA3A
BD25
BC10
BCA5
3C34
3DA5
BCA4
3D00
3D2A
BB8F
BC25
3C71
BC8B
BC9B
3BD0
BC4D
BD0E
3C26
3CCB
3D3E
3D6D
3C59
BD20
BCCD
BCB1
BD1E
3CB2
BD4D
BD2E
3C2A
BC38
BB9E
BC84
BC0A
3ABB
3BD7
3D25
BD17
3CA7
BC18
BCF2
BC48
BC01
BBB4
BC82
BCA4
3CBB
3B92
3C2A
BCE3
BBE7
3D88
BBAB
3B91
3BC5
BC91
BD35
3DAF
3D0A
BC78
BA0F
3BCC
BC82
3CA2
3D23
3BD1
BCCA
3C6B
3C73
3C8C
BB9C
3CB1
BD32
3C32
BB9C
3B21
BD00
3C7C
BCAD
3C6A
3C91
BD9F
3BD7
BBBE
3BDF
BCCF
B9D9
BC7D
3CB4
BD03
BCB2
BC8A
3D06
3C61
BB11
3BB1
BC9A
3C4C
3D84
3CF7
3D09
3C84
393D
3D8D
3C8B
3D8E
3D16
BD50
BCB2
BB83
BC87
3D25
3A5C
BDB2
BB83
3BF4
3BA4
3D3F
3C16
BD44
3CF4
BC24
BDB1
3BD8
BB22
3BA6
3BEE
3C3B
3CA8
BBC1
3C22
BD51
3A37
3BF1
B902
3C89
3CA9
3C8F
BC79
BD87
3D34
BD08
BD24
3C4C
3C3A
3B81
BC7A
BB58
3A74
3B42
3C85
3C68
39C8
BC3F
3B8F
3AC2
3DBE
BCB0
BD80
3C0D
BC23
BC67
3BD8
3C05
3C49
BC89
3CE4
3CD6
BC97
BCDF
3C84
BB87
BCC1
3C5F
3E1E
BD14
3B63
3C17
3C49
3DA7
3BDC
3C9A
BC5A
BC72
BDBA
3D85
BCE1
BBBE
3C43
3B9A
3C68
3C47
BC15
3BCA
3B8E
BC2A
BD6B
3D11
3CB3
36AB
3D56
3C15
3B84
BBCC
BD52
BC90
BD12
BCF9
3C6E
BC8F
BC59
3DA3
3C1D
BD3B
BC5E
3BDC
BCFC
3D03
BB83
BB88
BC22
BC25
3CE8
3B2F
BC50
BC24
3C6C
BA97
3C9D
BC45
BC99
BD95
3C04
3DA5
3C0C
BDA7
BCE4
BD11
3AB5
BD1B
BCBB
3D06
3A78
BD39
BC25
BC44
3CB1
BD3D
BDA2
3C40
3A92
BC06
3BA1
3C48
BC2F
3BE4
3CFA
3C72
3BAA
BC90
3CD5
BCEA
3C29
BC8D
3B53
3CE3
BB05
BD1F
BA9B
3C77
BAB8
BC02
BD2F
3CD9
BD83
3A36
3CCF
3D0B
3C76
BCD8
BC77
3A8E
BC4E
3CAD
BD56
3C80
3D32
3C13
3CD9
BC58
BC9D
BC8A
BD4F
BBA5
BD76
BD09
3C7F
3DA1
3CCD
3D02
3BAF
BB8B
BCF1
3D40
BC80
BD98
3C0A
BD32
3C73
3D77
BB77
3D3A
3D36
BD1F
3D47
3C2A
3C15
B9C8
3CAC
BBC5
3D1C
BBCF
BAB0
BC18
3C15
BC2E
BD4E
BB20
3C42
BB99
BC34
3D15
3B32
BB2D
3CCB
BCE2
3DA8
3D22
3CDD
BD17
3B6E
3D95
3C86
3C36
3BA5
BCE9
BC96
3D1C
BD02
BB6C
BACD
BCEA
B91D
3D36
3CDF
BC1B
3B82
3C92
BAB6
BC74
BD1F
BD71
BCBA
BC91
BC3D
BB53
3ABA
3D92
BC8B
3C91
3C3F
3C8A
BB0F
3D32
3CAD
BDE9
BD46
3C18
BC0C
BBC4
3C1F
3B13
3D33
3BB9
BD29
BD21
3AA4
BA9B
3B02
3C6F
BC99
BD01
3AAD
BCDA
BD30
3CCD
3B86
3C6E
BA62
BB2A
3CFC
BC20
BC74
BC1A
BD42
BD0D
BB93
BC79
3C51
BC44
3C00
3C67
3D08
3C59
3B4D
BD26
BD05
3D84
3CE0
3B8A
3D1E
BD05
3CC5
3C7D
3C54
BD17
BC3A
BB41
BC4A
3A34
3D30
BD3B
3B1C
3C35
B9B8
3CEB
BBE3
BC04
BAD6
BD4D
3CE7
3C3D
BC53
3B46
3AE4
BB75
BC9D
BBDB
BCAE
3BAA
BC97
BD04
BCAC
BC75
BD12
3BA8
3AF9
BB6A
BB9F
BC36
BAE1
BCBE
BCBE
3CE6
3B82
BCB9
BC84
BD90
BC2D
BBB2
3C1B
3C20
BCCC
3CA2
3CBA
BC0F
BAE5
BBB8
3A4B
BAF7
BBBB
BD26
BCD4
3CD7
BC74
BC27
3C48
BCF6
3CF2
BC44
3B1D
3D55
BDC2
BD20
3C50
BBD7
BBCE
3D9F
3D6E
3CD9
BB8C
3BC3
3D3C
BBD3
BD0A
BD87
3C8C
BABD
B99D
3B85
BC90
3B73
BC89
BB2A
3A31
BCCC
BB45
BC6A
3CA3
BC69
BC3C
BCC8
3BA5
3D5D
3C51
BD08
3B94
BC86
3BB4
BCD7
BD1D
3B1E
BCDF
BD56
BD52
BDBC
3C08
BD9B
3CD4
3A32
3D5F
BCEE
BD25
3B62
3D53
BBDE
BBEA
BBB7
BD1F
BD32
3CB5
3D06
BDF3
3D90
3CC8
3BDF
BC1D
3CC2
3D8D
B9E9
BC89
3D0D
3C45
BC9C
BD0F
3D4F
BC07
BC01
BD84
3D04
BCE8
BD2F
3A85
3C88
39B4
3BE8
3C23
BC1A
BB40
BD35
3A07
BB36
3CAF
BC1F
BD14
BBC1
3B2C
3B2F
BCCC
BBF7
3CF1
3D29
3CE2
3D3A
3B12
B999
BB74
3CEF
3D4E
3CF6
BCC4
3B34
3D01
BB1C
3C7B
BD41
BAC1
3C75
3B31
BD32
BB6A
3C2D
3C3B
3D1C
3BB0
BC7C
3B0E
3DCC
BCA2
BB15
3CD3
BC19
3C98
3D17
3CFA
3D60
BD64
BBB4
BBC2
3C26
3BF0
3C75
BBAC
3CA7
BCE9
BBD9
BD06
BB8F
BD21
BB9B
BBF2
BC10
3BDC
BCF2
BA99
3C47
3C4C
3C81
3C0A
3C09
BC17
3D1A
BC02
3C6C
BBA5
3C98
BD1D
BCB8
3CD4
BB74
3B56
3CE6
BB15
3CA6
BD46
3D1E
BCB2
BAE1
BD9E
BB95
3D4D
BCAC
3CC3
3990
BCB8
BC9C
3C25
3A69
BD31
3D22
BD1D
3C95
BBF8
BB8C
3C27
BC45
BDE5
3B43
3BA3
3CC8
BB60
3D46
BCB7
3D71
3A2D
3DAF
BD8E
BD21
3CE9
3CB8
BB7D
B908
BCE5
BC48
BC1E
3BF8
3C27
BC20
3B77
BC8C
3D16
BCCB
BBE2
3C1E
3C14
BA26
3C7A
3D9B
3D09
3A14
3C1E
3D06
BC55
3D43
B998
3D70
3BB9
BCAA
3CB8
BC64
BAB7
BCB8
BD02
3CA1
3C6B
3BC4
BBB1
3BE2
BCAD
BC09
3C77
3CF9
BC9C
BC03
3BCB
3CA9
BB68
3D4D
3DA9
BD52
3C94
BBAB
3DE6
BD54
BC44
BD59
3BA6
3D0A
BD5A
BC51
3E09
3D76
3D2D
3A0D
3BD2
BB7C
BC7F
BC23
BD8B
3CB6
3C08
BA96
BC5C
BC0E
3CE8
3CDF
3CC3
BA71
3CAD
3D3B
3BA7
BDBC
3CA7
3B88
3CDC
BCA1
3C93
B90A
3C66
BC48
BBBE
3CF6
BDA2
BC17
3D06
3D06
BC09
3C43
BC93
3C68
BC65
3CF9
3D29
3D1A
3D4B
3C99
BC35
3D1C
BD43
BC63
3C80
BD02
BD0D
3CC4
BAE0
BDA0
BD88
3CE2
3CB0
3C68
3D9B
3CFE
BBD4
BC60
3D10
3D55
3CBC
BC58
BDC9
3C87
BB91
BC3E
BCE6
BC32
BC5A
BD30
BD29
3C09
3D01
3CCA
3D0F
3CA1
BD09
3BBC
BC84
3CC7
BD7A
3BC8
3A1F
BB93
3C9A
BCA7
3CA4
BC90
3D12
3C78
3BCB
BCE2
B97B
3D10
3D94
BC55
BB08
3D08
BC2B
BD31
BD6C
BD12
3C2C
3D17
3CCA
3D01
3C0C
3B80
3C2C
3C12
3C98
3BE2
3CA1
3CCD
3CD4
3C1E
BBE1
BD26
BD11
BA1C
BD06
BD7D
3DB2
BD14
BCC9
BD58
3BE0
BD36
BD3B
3A16
3CEC
3AEB
BC48
3CFD
BCD0
BC19
B9C7
3D72
BCE7
3D47
BD8E
BCFF
3D33
BCAC
BD14
BCB9
BC1E
BD1E
BA2B
BC73
BD9C
3D30
BB3B
BCBA
3D8A
3D57
BB77
BC57
3CE5
3DE5
BC1D
3D8D
BD0B
BD71
BD34
3D51
BBE1
3C15
3C9B
3BE9
BD44
3C94
3D51
3D3A
3E0B
3CC1
3D40
3D2C
BBCB
3D02
BD1C
B9CD
3D29
BD40
B9AD
BD67
BD06
3C28
BD87
3BD3
3ACA
3D6E
BAD9
BC32
3AF0
3C89
3D0A
3D2D
3A4D
3D0E
3D7E
BD12
3C55
BA1B
3BA5
BD83
3C98
BD1E
3CD3
3CC2
BD34
BC0B
3C0A
BD6E
3AA8
3D49
BD8C
3AB8
3B37
BB3F
BC4E
BCBD
BC92
3CB2
BD91
BB2C
3D82
3CA6
3BC8
3C93
3AB4
BB63
BC9C
3C89
BC52
BD1B
3D0D
3D11
3A33
3CBA
3C92
BCD1
BD0E
BC16
3B6E
BC9F
BAF0
3CD6
BC94
3D63
BDCE
3CF3
3D0F
BD90
3B81
BC83
BC2C
3C92
BC5B
BCF3
BBFB
BC56
3CF7
3C99
BDD5
BC9A
BD0B
BD62
3CBB
BD22
3D4F
BD4C
BC37
3D70
BB70
3CDF
BDAC
3C0C
BC27
BCC9
BBB0
BC81
3CC1
3D1A
BD3C
3BCF
3B94
BD07
BC1C
3D25
BB86
3CA6
3C5B
3D38
3B66
BCE3
3C52
BD81
3D06
3CF2
3C9D
BCEA
BD1C
BD37
BD17
3D70
BCF9
BC5D
BA2A
BCFB
3D05
3CA1
3C4F
3AD9
3C9D
3D61
3D8F
3C66
BD74
3D97
3C66
BD05
BDA8
3D85
BD4F
BD93
BD21
BD7E
BB90
3C3F
3CB2
3C18
BC86
3DCE
BCED
BCF8
3CF0
3C10
BC99
3D53
3C71
3D1B
3D04
3D12
BD0B
3CDB
3C9F
BD17
3D09
BADA
BD89
3CFE
3BA8
BD3C
BD3E
BC3D
3D03
3C7F
BCC1
3D16
BD3A
3CCA
3C62
BCE6
3C8F
3C0C
BB7E
B7C1
3D1A
BD2C
BC17
BC8E
3C55
3C92
3C4D
3CD4
BD4B
BA9C
3D74
BCCA
3D75
BD12
BB40
BB16
BD4A
3CFC
3BBF
BD9E
BCBE
3C9F
BC7E
BCC1
BC6A
3CC9
BB20
3A89
BC64
3CBC
BD1A
BCEF
BC90
BD3C
BC30
BC92
BCC6
BCB9
BD2E
BD0C
3D24
BC62
3CDB
3CC8
3C1A
3D0D
BC04
BD14
3D4A
BD89
BC38
BD24
3D3A
3A96
3B68
3CD0
BC17
BD53
BCEB
BCAA
BCA4
3C92
3CCF
3CE2
3C48
3CCF
3D4F
BCB3
BD42
3C8A
BBF1
3C4C
BAF8
3C80
3C85
3CEA
BD28
BC48
3D54
3BCF
3BBD
3C3C
3D14
3D04
3CB2
3D41
3B84
3C96
3C65
BA6C
BC6F
3C38
3C87
BCDA
BBC0
3CE8
3CD3
3C3A
3BEF
3C17
BCAF
BD19
3D2D
3CD6
BD3E
3C19
3D77
BB2A
3D9D
BD12
BD13
BB93
3B95
3BCC
3C75
BA78
3C49
BD1C
3D38
3CB0
BD4D
BCD3
BD5B
3C93
BD26
B9AD
BB83
BCAD
BCE2
3D05
BD3F
3CFF
3B1C
3CCB
BD0C
3CFB
BCC0
3CFD
3CE8
3BE1
3CC4
3DDB
BC65
3C63
3C5C
BC2C
BC25
3CA3
3D6D
BC4E
3D35
BC58
BD0B
3C28
3CF7
BC1B
39F8
3AD9
BD33
BCB0
3CB2
3CAE
3D21
3CDD
BC7A
3C4B
3D67
BD2C
3C1E
3C2B
BB94
BC03
3D36
BC92
BC7E
BC5D
BD50
3CC0
BD0B
3DA4
BC15
3C66
3C70
BC28
BC18
3CB3
3C24
BC5B
3D64
3BE4
BCAB
BD02
BC8C
BD71
BD0B
BD03
3D6D
3D13
3C95
3D30
BBAB
3D31
3CDF
BCB2
BD12
B962
BD88
3CFD
BBD5
3CC1
BCF0
3CB2
3C32
BBF9
BA6C
BD3C
3CA6
BCF1
3CBD
3B85
3B38
3D8D
BD36
BD37
BC50
3D1A
BC7B
3D30
BBE7
3BC7
BD27
3CAF
BC3B
3D6A
3C3B
BD55
3CF6
3D26
3D97
3D5F
3CA3
3D57
3C5F
BCC9
BD52
BC39
3D28
3AFF
3D87
B971
3C86
3C1C
3D2A
BC4B
3C50
BC2B
3CF6
3BEC
BB11
3C9A
BC3D
BD89
BD09
3CA4
B7B5
BC24
BC33
3C2D
3C1B
BCAA
3C48
BC10
BC9F
3BD0
3C8C
3C33
3D0C
3D03
3D42
3CC7
BCB0
BC89
3BC3
BB46
BD99
3C4B
BD8E
BD7B
BCB9
BACC
BC4E
3CC8
BBFD
3BDA
BD49
BD45
3D2E
3B73
BCE5
BD01
3D0D
3C9A
BC9F
3AB6
BC75
3C37
BCB3
3CF6
BB89
BCA8
3C7A
3C20
BCB7
BB8E
BD69
BC07
BB54
BCFD
3D40
3D8C
3B83
BDD1
BABD
BB69
3D51
3CD0
3C0B
BD44
BBE5
3CAF
3CED
BCED
3BA9
3C1C
BD4B
3CA6
BC06
BC28
BCAD
BC7C
3D39
3CDB
BBCF
3D1F
BCC2
BD03
3DAA
BBEE
BD25
BCE7
BD60
BB39
BD09
BD20
BC8E
BDAA
3C87
3D19
BD9B
BCB8
3CCE
BD9B
BBB0
3C82
BDAC
3C36
3DB8
BACD
3D16
3D5F
3B31
3A97
BDBC
3CB9
BCA0
BB30
3CA9
BC93
BD09
3D80
BCD0
3ACF
3BEA
3D1C
BD2E
3D4D
3CAD
3D04
BC29
3BD7
BC0B
BCE9
3B58
3C09
3CE9
BD50
BDD1
3C66
3C85
BC53
BC6D
3AD4
3CD8
BC81
3C5F
3B59
BB8D
3D24
3BC1
3D16
BC67
BBE6
3C60
3D00
3AA6
BD22
BD91
3C12
BD60
3C88
BC0A
3AB6
BD6C
BD35
BC70
3C2D
3AE7
BCE1
BC37
BCAC
3AE1
3C10
3D05
BC76
BC71
3C17
3C6B
3D11
3C06
3CA4
BCDB
3C3B
BD57
3C06
BD09
3BD1
BCB7
3D68
3C44
BCD7
BC30
BD04
3D10
3D20
BCAF
3CB0
3C31
3D42
3BE1
3C9B
BE0B
3BEA
BD30
3C94
3BE0
BC82
BC7A
BC8A
3CAE
3CCA
BCF4
3BC5
3DA0
BA26
BCA2
BB80
BC86
BDB4
3D14
BD10
3C6D
3C96
BC4F
3C9F
3994
BC82
BD8C
BCAF
3D26
BCA4
BD3B
BD24
BD2E
3D70
3D1F
3D51
3D3D
3BF8
3C2E
BCCB
3BA8
3D04
BDA0
3CC1
BB73
3D96
BD19
3CA7
BC1C
3BBB
BD81
3C05
BD5D
BD3E
3BEA
BD0E
BABA
BBA6
3C81
BB54
BCE9
3D1F
3B15
BC36
BDC7
BD52
BA91
BD16
3AA9
3C05
BBE5
3CBB
BB98
BC43
BD6C
3D2A
3C86
3CD3
BD42
3D29
BC09
3C0C
3D6E
3D3B
BD2D
3CD0
3CAD
BC4A
3D06
3AAD
BCA0
3DA7
BBDF
BCC2
BD0C
3B8C
3D23
3D40
BC60
BC1A
3D22
BCFD
3C45
BDBD
BABA
BD65
BD7C
3BA1
3C03
3BB8
BC68
BBE1
BDD6
3D08
BD35
BCC8
3D20
3DD3
3D66
3B43
3BCF
BA99
BD19
BD2E
BC44
3C91
BD09
BD20
3D17
BC80
3DDB
BDA9
BB62
3C30
3D39
BC70
3CC5
3BC3
3C64
3B68
3BDE
3B2A
BD36
3D27
3D62
BD60
BBB4
3D0C
3CB0
BD21
BBC0
BD77
BCC2
BC05
BD29
BC08
3C34
3DA5
3BE5
3DE7
3E0A
BCBB
BC60
BDA3
BD57
BCD7
3C1C
3C17
3D2F
3D03
BBEF
BDA6
3CE7
3C2B
BC10
BD10
BD66
3CCD
BD81
BCA8
BCC0
3D33
BCBA
3C9B
BC4B
3D05
BD12
BA12
3D80
BD8C
BCBE
3D88
BDA4
3D4F
B973
BD04
3D57
BC2C
BAFD
3BBC
3C8E
BC78
BC9F
3D3C
BD01
BD69
3D82
3CCA
3CED
BD81
BC43
3CC0
3D4F
3B00
3C06
BD34
BC4F
3CF2
BBE9
3D65
BDA0
3D0B
3D03
3A6A
3D09
BD83
BD4A
BD17
BD02
3DA0
BCD7
BBEB
3C21
BCB0
BCCA
BCD3
BC24
BC92
BC38
BBF8
BCC1
3C51
BD1B
BAD9
3B6C
3D18
3DBB
3B55
3D1F
BB92
3CBA
BC8B
3C07
BC3F
BD05
BD97
3CD4
BA00
3A9A
BCB1
3C4B
BC84
BD23
3C50
3C75
BC8F
BC14
3C82
BD66
BCD9
3D63
BB9D
BD3C
3D35
BD64
BC12
3B64
BC1D
3C0C
BCF6
3C6E
BD33
BCC2
BD69
3D50
3D20
BDB0
BCFF
BC6A
3CD0
3CE6
BBB1
BBA5
3CD9
3BEC
3D42
BCFB
3CA3
3BC6
3CDF
3C9E
3C82
BD50
3D92
3BB6
BBEE
BC86
BC4D
BBBB
BC50
BD22
B95B
3C2E
BD44
3D3B
BCC3
BCFE
3BCA
BDB8
3D94
3D4A
BD45
BC55
BA1F
BD02
3CC4
BBA6
BAC1
3C9D
3A3F
BC97
3CFE
3D56
3B34
BC72
3C6C
BD45
3C58
3D32
BCA8
BDB4
BCB3
BD03
3B91
3AEB
BCB3
39C3
BC5B
3DB8
BD8E
BCA0
3A6A
BD41
3D3D
3CC4
BC63
3D55
BD76
BB9B
3CFA
3CE6
BD2A
3D98
3BDD
BCA5
BD36
BB94
3B2F
BB93
BC81
BD1B
BD76
BCD8
3CD3
BD98
3D14
3BBB
BCB8
3D45
BD85
3C2D
3D2C
BBE1
BCE3
BD77
3C81
BC4A
BC4E
39CE
BD36
3D1D
BC4C
3C65
3D46
BC9B
3BA8
BB6E
BD4E
BC30
BB03
BBC3
BCA4
BCB8
3D5E
3D39
3CDC
3B2B
BB9F
BC61
3D03
BCD0
3CFB
BCE6
BD48
3D79
3DB7
3CB5
BCC0
3C07
BD8C
3BD9
BBAB
BD88
BB6A
BBA0
BC62
BD16
3C9C
BCBA
BCA0
3D8D
BCBA
BD42
3D34
BB83
3C6A
BC7D
BC82
3D82
3D71
3C79
BCB5
3CE4
3C2D
3C70
BC36
3C8D
3D3C
BC9A
BCB4
BBDA
3D11
3CF3
BD0C
BBBC
3D7B
3C6F
BC80
BD05
3D7E
BA9D
BCA7
BC97
BBB1
3AC9
3A74
3CE4
3CEA
BC95
3DA2
3D4D
BCB8
3CDF
3CB6
3B8B
BD09
BD44
3D19
BD8F
BBDD
3A76
3B98
3CBA
BD1C
3A71
3CF1
BD92
3C83
BC32
3D87
BC33
BB46
3C96
BD04
3D23
3C48
3D11
BA64
3D48
3D34
3C73
BD0F
39E6
BD17
BC79
3DA7
3C75
BDAE
BC4B
BD28
3D21
3D7E
BCE9
BC9A
BC3F
BB28
BC66
3D41
3D2F
BD8F
3A17
BC57
BC8A
BC32
3D54
3D6F
BD1A
3D41
3D02
BD60
BB9D
BCDD
BD5C
BCCD
BD89
3D70
3B96
BD4E
BCE9
BD60
3D20
BCA3
BCF1
BDA2
BC56
3D8F
BBED
3D51
3D8D
BC83
BD7B
BD57
3B84
3BD4
3D6E
3D56
BCF1
BCFD
BD2B
BC40
BC91
3C59
3C41
3B02
3D3A
BD67
BBD9
BCAD
BC1D
3BB0
BCFE
3C7D
BD23
3CFD
3D88
3D15
BC47
3CBB
3BD7
BD89
BCD3
BBDD
BA23
3CED
3C08
3CBE
3D19
3B8E
3C21
BCE5
BCC4
3D15
BD1D
BDB9
3B1E
BCC8
3D46
BCC2
3C94
BCDF
BC7D
3C83
3AE1
BD01
3B30
BC1E
BC53
BD23
BC17
BBF6
BC53
BB66
BCF9
3CC1
3C9B
3D6F
3CAF
BD05
BD8D
BD4B
BCD1
BC97
3D71
BBCA
BCA1
BD31
BD5D
3D1B
BD23
BD28
3C96
3D3F
3CD2
BD7B
3D70
BBFE
BCC3
3B9E
3C83
3D03
3D09
BCDA
BDDC
3C33
BD19
3D35
BCF5
BBE7
BC1C
BCE9
BD00
BCFA
BD22
BB27
3D06
BD7E
BD35
3D8E
BC90
BD04
BCBC
3D74
BCCB
3D03
3CCA
BB45
BBE5
3B7F
3C9E
BD2D
BD1B
BBFB
BDA8
3CE3
3C0F
BD0F
3D40
BCC2
BD9E
3BEF
BD34
BD4C
BD1F
3D3F
BC64
3A54
3C5F
3C3F
BD9C
BCB4
3C78
BC3D
3D04
3D73
BBB4
3D66
BCB8
3B10
BC26
BB52
BCA0
3AD7
3D3E
BD9C
3D67
BD72
3D0A
BC8F
BCF7
3CEB
3CCA
3C40
3D2D
3CF8
BDC8
3C40
3C9F
3D07
BD42
3D96
BD8B
BC8B
3D86
3CAC
BD32
3C60
3CBC
BD11
3C92
BC99
BD6A
3CD9
BBC5
3C42
BD83
BD05
3C4E
3D0A
3BAB
3DC5
3D1D
3C60
3CA9
BD63
3B19
3CE1
3CA4
3C20
3C1D
3D3E
BCD0
BBF8
BC27
BCCF
BC95
3BCE
3CC6
3C46
BCCC
BD05
3A59
3D24
BCCB
BC88
BBA8
BD4B
3C51
BD3B
BD07
BD04
BAA9
BDD6
BC15
3D0E
3DBC
BE05
BD23
3D27
BBF1
BCA0
3D53
BC08
BD5A
3D83
3CD5
BD5E
3BA2
3DC7
BD03
3C20
BD35
3CD6
BA58
BD30
BBB1
BD27
3D19
BBEB
3BFB
3C10
3CCE
3CDF
BB81
BC6E
3CB4
3CD3
3CBC
BCBB
390A
BCB0
3B42
BD24
3D6F
BCCC
BB4E
BC87
BDCE
BCAE
3C25
BCA9
BC5B
BB13
3D52
BC35
B98F
3D28
BD0B
3DB6
3927
3DC0
BCE4
3DBB
BD41
BD00
BBC2
BD40
BCE0
BC1B
3B12
3D8A
3D4C
3C5F
3D59
3D34
3BEE
BDB7
BC28
3CEB
BD44
BE04
BC36
BBE9
3D7E
3CF6
3D20
BCD1
3DBE
3B3B
3DE3
BC22
BCF9
3C5D
BB50
3C8C
BCC7
BC6A
3C7C
3C1D
BCBD
BCA4
3D1C
BD0E
BCAB
BC45
3D23
BBAB
BB5F
3C9E
BC9E
3CEB
BCEA
BC7A
3C39
3D13
BB3F
BB83
BBBE
BD3F
3D52
BCAD
3AD7
3D4E
BB77
BCDB
3CAC
BD13
3C9B
BB50
3CF9
BCA3
BB2C
3C90
3D27
BD1A
BCC7
3AC3
3BC0
3CF0
BC1B
3B16
BC63
3D8A
BBB4
3BF0
3D40
3BFF
BCB6
BD01
3CA4
BDA2
3BC6
BCB4
BD0D
BCC5
3CD5
BCD9
BC74
BC9F
BD5C
3C5F
BD3E
3C87
3C90
BCFF
3CDF
BBCF
3CE5
BB6C
BB3D
BD0F
3B2A
BCA5
BB82
3D22
3D80
BC2A
3D47
3C8F
BD9E
3B22
3CBC
3B60
BB6E
BC59
3CC7
3C92
BC88
3B7E
BD5B
3D72
BD3E
3BF8
3BC3
BAD4
3D01
3985
3CA2
BC04
3C35
3BCC
3C11
3C5A
BB72
BD23
3CF8
BC84
BCD6
BD54
3CDF
BBBB
3C53
BD10
BC49
B970
3CE9
3C42
3D1F
3D50
BCDE
3CB3
BD0F
BCFE
3C08
3D68
3CA8
3DC4
3C5A
BCCB
3C96
BBD7
BCF2
3D10
3D03
3D53
3CAE
BC87
BD1B
3C48
3CE6
3B17
3D6E
3DE5
3D3C
BCC6
BBA3
3D60
3D72
3E11
BB95
BDC9
BD0C
3D48
3D72
BAC9
3D95
BD4B
BDB2
BD37
BD3E
3D5E
BC25
BD86
BD57
BC69
3B84
BBD8
BCCF
3D8D
BB34
3BAC
3B4C
3D1C
BC6D
39FC
BD22
3A89
BC08
3C01
3AA2
BD17
3CE8
BD2D
3C55
3D2C
3BD3
BC3B
BC85
3D53
BCEB
3C93
3D95
BA71
3D9E
BD83
3CD2
3B3C
BC00
3CF3
3D30
BD7B
BDA9
BC8A
BD05
BC46
3CDF
BC2A
BDCC
3D6E
BD04
3D77
BCD4
BC65
BC4F
3D21
BD8A
BCB9
BB79
3D77
BD85
BDD4
3D1D
BCE5
BC27
3C44
3D18
BD03
3C5E
3D19
3D2C
3D00
3DC5
BCF2
BCCB
3CEF
BC2A
3B71
3B74
3CD3
BC4F
BDB0
BCDC
3C85
3D86
BCCD
3D06
3CEA
3B8F
3CD9
BCDC
3C55
3C0F
3BA0
BC0A
BCB5
BB40
3CC2
3D17
3A16
3D23
3D91
3D3B
3C9E
3C4C
3CE2
BC12
3B84
BD5E
3B49
3B93
BAA6
3C99
BC09
BA46
3CCB
B8B7
BD23
3D47
3BA8
BC29
3CC5
BD18
3C61
3DAA
BC9B
BD46
3C0A
BBF9
BC4D
BBD4
BC38
BD73
BD1B
BAA1
BCA2
BD5F
3D2B
B9AF
BCB5
BB88
3D68
BCD8
3D80
BD28
BB8B
3CA5
BAE3
3CA7
BC9A
3D7F
BC7C
3D21
BBD4
3ACA
BC58
BD46
38F0
BC46
3C26
3D1A
3CF7
3CCF
B86B
BB8A
BD50
BD9B
3D00
3CC2
3D13
BCAF
BCE3
BC90
3D36
3CA7
BC55
BD07
3CAB
3C9F
BBD0
3B13
BB7F
BC1D
3C8F
BD35
BC88
3CC3
3D06
3D2A
BC31
3BDB
3CA9
BD3D
3B8F
3B3C
3BF4
BD0C
3C94
BD3D
BD81
3D94
3CD3
BC9F
3D25
BD11
BCCD
3CED
3C47
3C3B
BC9D
BBD6
BCD7
3D1A
BD10
BC94
BC80
3CBC
BC91
3CB1
BCAE
3C74
3CBF
3BAD
BCDE
3D5E
BC72
3D42
BCC4
3D2F
3CB9
3CAF
3B44
BC66
3D07
BB11
3B58
3B3A
3BCA
BD5D
BD3F
BBB5
3A33
BD25
3BB7
BC50
BBA0
3B52
3D50
3BD8
BD47
3D31
3C84
BC55
3BBE
3D0A
3D45
3BFF
BB3D
BC75
3CEE
3C22
BD35
BCA5
3CBC
3C1D
BC93
BC2C
3DBC
3BCC
3D2A
3D26
BD88
3D00
BC1B
BC95
3C3A
BD3D
3BF7
3CF6
BD79
3CD4
BDBC
3C8B
3D12
BC1D
BCFC
BC16
BC4B
BCC8
BC84
3C57
BCCC
3D9C
3D38
3C73
BC8F
BD8E
3D56
BBE9
BD20
3C9B
3BAF
3935
3CCD
3D39
BB2D
BD61
BD44
3A64
BCEE
3C7A
3C9C
3CAC
BD38
BC80
3B4C
3C49
BD8A
BB8F
BD7A
3CEF
BC96
BB7D
BD1B
BB31
3CFA
3BA9
3DA3
BCDA
3BD1
BB1D
3B94
BD6C
BCDB
BA8F
3D12
3C4C
3B65
3CC2
BCA2
BC76
3D01
BBA1
3D16
BD70
BB66
BC2D
BC83
BD19
BC69
3C55
3D99
BD31
3D6E
BD26
3C94
BD71
3D20
BD0E
BCEC
3BD6
BCAA
BD3A
3C98
3D63
3CA0
3D0C
3D46
BB1F
3CFE
BCAB
3BE5
3D94
BC1F
3CE9
3A0F
BBBD
BCE6
BCD7
BBC0
3D93
3C18
BCCB
3C8A
BBA4
3C70
BD51
3C26
BD30
BD94
3C8A
BD33
BC36
BC41
3C6D
BD3F
3B9C
3D2D
3CD8
BD84
BD15
3D71
BBA7
3D82
3CD5
BC13
3C88
BD02
3CE0
3CA9
BD57
BD0F
BCF6
3D02
BAC9
3CE4
BB79
BC51
BC06
3D30
BBC0
3D03
BBE1
3C28
3B78
3D7A
3C22
3CD0
3D32
3C22
BCB4
BC36
3D74
BDBD
3CE8
BC3D
BBF4
BBD6
3B8D
BCF7
BD44
3D13
3CC2
3C1E
3D46
BD22
3C13
3CBE
BCDE
3C31
3B72
BC9C
BD22
3C9A
3CD5
BCFE
3C67
BD7B
BC80
BC8A
3C8B
BCC7
3C1B
BC8B
3C03
BD1A
BD06
3C9C
BD0E
BCD7
BC96
BAD0
BB95
3A57
BD35
3CE5
3C3D
39CF
BB5B
BD4C
3BF7
BA13
3D66
BBA0
BCC2
3B5B
BC1A
3D2A
BC10
3D03
3BFF
3C89
3C9C
3C81
BC2B
3BD9
3B40
BD28
B897
3C39
3D64
3D52
3CEF
3C2C
BCD1
3C9E
BBC2
BD4F
BC7F
BC5E
BD2A
BCCF
BCDB
3BE4
BD4A
BCA2
3C83
3BFE
BC41
BC3D
3C06
3A95
3CF0
BD31
BD36
3D48
3D18
BDB0
BC36
3CDC
BBC7
3BEB
3BD1
3D0D
BDD5
3BC3
3BE5
3DCF
3B20
3CDB
3C89
3CFE
BC6A
BC5B
3BAC
BBD3
3CBA
BCBD
BC3F
BC5F
BDA0
BC43
BBA2
3D01
BD41
3C13
BD2A
BD11
3B85
BCFE
BC35
3C0B
BC4D
3C24
BCBF
BD91
BC7D
BC9A
BC25
BD02
BD2F
BD46
BD2D
3D09
3D04
BBDC
BBD5
BB07
3CEA
BBE3
BC6F
3CEC
BD56
3D23
3D03
3C36
BD08
3BEB
BBC9
3CAC
3C8D
3D06
BD7C
BCAD
BD00
3C15
BB03
BC4C
BD86
3D41
BD4B
BB80
BD52
BCFA
38B4
BD03
3AC2
3CF8
BD8C
3CCA
3CA8
3D3E
BC54
3D8A
3C8B
BD8E
3CAF
3D41
3DED
3B27
3C9A
3CDC
BBAF
3BE0
BC3E
3BA6
BC7D
3A85
3CDC
3C6C
3D1B
3D47
BC02
3CC8
BD57
BC1C
BCF3
BC92
BD61
BC8A
BC90
3C13
BC33
BD15
BCF6
BC54
BD07
3BB5
3C52
3C10
3C05
BC83
BD0E
BD28
BC37
BC16
BC6B
BBFB
BD41
3B8F
3D64
BD1A
BC5D
BC6E
3CA1
3CE4
BD7A
3CE4
BCFE
3CDA
BD0F
3D79
3CBD
3B4C
3DAA
3D41
BC96
3CC7
BC9E
3C65
3D94
BCD8
3DAE
3D0A
3D5B
3C86
3DBB
3D1D
3D45
3D74
BB31
BD20
BAB2
BD23
BBA4
BD1E
BC9C
BB88
BDD8
3D61
3DDB
BDA1
3C06
3B8A
BD65
3D12
BCCD
3B86
3B23
3C08
BD6D
BC28
3827
BA4F
BD6E
B92F
BD0D
BCFF
3DF8
BC91
BD0A
BBDF
BB1B
BD38
3C35
BCFC
3C83
3C61
3C96
BCA5
BD94
3BD8
3C27
3CA0
BCA2
BC98
3D1A
BC60
3CF6
BD22
3AE9
3AAE
3D39
3C50
3A07
BBFE
3C72
3C1B
BCCE
3BA6
3C8E
3D73
3D10
3B16
3D4D
3CC8
3D91
BA88
BB2D
BC69
BBF6
BD51
3D21
BBF8
3D7C
BCD5
BD49
3CB9
BC75
3C37
BCBB
BC02
BD2E
BCB2
BBE6
3D3F
BBC5
3CBE
3C74
3CBA
BC97
3C8E
3C23
BCE3
BCAE
BC51
3B5F
BD18
3C1E
BD4E
3C81
BD2D
3D49
3CBB
3CD3
3D7F
3CC5
BC10
BB2E
BD4B
3C46
3CB3
3C02
BC82
3CBE
3A82
3CB8
3B22
BD47
3CF5
BDC9
3C77
3CC5
BCF1
BC8A
BC84
BD44
BD37
BC8B
3C82
3B99
BC69
3C34
3BCD
BDB9
BD8B
3C29
3CC9
BCA1
BDD1
3BDE
BB14
BCD9
3C8C
3C42
3AC4
BB04
3B46
BD0F
3C94
3D66
3C85
BD3C
3D3F
3BA3
3C07
3D8B
3D12
BCCA
BCFC
BC9D
BCA6
3CC2
BD1A
BC3A
BD55
3D8A
BCAF
3C6E
3D48
BC96
BC48
3C7E
3BAA
BD07
BC76
BBA4
BD03
BC1A
BD0D
BB44
BCC0
3B9B
3BB5
BBDA
3C20
BD11
BCBE
3D2F
BCC3
3C32
3D1E
BD21
BC69
BC9B
BD02
BCDD
3C76
3BAF
BD38
BD53
3D62
BC59
3CDE
3D0E
3B29
3BBB
BBA4
3CD1
BC15
3D58
3D78
3BCE
3D00
BCC7
BBCA
BCB2
BB5F
BC1E
BC93
3C18
3D29
BCA2
3D0A
BBAF
3C8C
39D4
BD1A
3D16
BCA6
BC00
BD85
3D66
3C1A
BBC3
BD33
BC95
BD12
BD2B
BCB3
BD64
3CD6
BBDB
BBCA
3C9D
BCB9
BD96
3C7C
3D2E
BCD0
3CF6
3CC8
BC12
3C95
BD18
BD3B
3CD8
BCF5
3BC9
BD35
3B1C
3CD5
3DBF
3CC7
3B3F
BD5F
3C27
3D30
BBDC
BD3E
3CD5
BC47
BB4C
3BC5
3CDF
BCD9
3D57
BC11
3B51
3CD3
BC0A
BCBB
3D1B
3C16
BBF2
3B14
3CF2
3D0C
3BFE
3D2C
BCCE
3C1C
BD5C
3C84
3C6F
3B3B
BDA6
BBEF
3BB7
3D4C
3BE6
BC30
3C88
BCCC
BC08
3BA9
BC87
BDAC
BCA5
BCB2
BD39
3CA9
3C75
BD00
3C8A
BD8D
BC44
3D4B
BCD1
BD51
BCF5
BCE3
3D25
3CB8
BBF1
BC90
3CE4
BD89
BB08
BCD7
3DA6
3CCF
3D4D
3CDE
3D22
BCDB
BBF4
BC76
BD82
BD75
3CAC
3C2F
3CAE
BCF2
BC41
BB06
3D1C
3D5E
BD3D
3D34
3C93
BDD3
3D10
3D0D
BD31
BD3E
3D40
3C83
3AE0
3D33
3D1C
BA2D
3D71
3D50
3C07
BCA1
3DAB
3AB3
BDCF
BDA4
BBEF
3C38
BBC2
BD53
BD2F
BAE5
BBC3
3BCD
BBEA
3CC1
BBEE
3D28
BD8C
BBD4
3CEB
BD46
3CD6
BD2C
3D28
BD99
BD03
BD88
BDC0
3DAA
3DE7
BDED
BD03
BBB0
BB6B
3BBE
3C5E
BD85
BDA2
3B3D
3C3F
BD33
3D65
BD3A
3CDF
BA82
BD35
BC5F
BC97
BBD9
3D82
3C94
3BF8
BC79
BCA8
3C3F
3E01
3CCD
38F4
3C0A
BC9E
3D02
BCD9
3C9C
B97E
BD3A
BC32
3D04
3C58
BCF4
3CA8
BD0C
BC87
BC8D
BC32
3C7B
BD22
BB00
BD70
3D16
BCA3
3C28
3BED
3CD1
3CB6
BCFC
3D32
BD96
3D0B
3C23
BBAC
3B46
3C7D
BD3E
3D73
BC71
3CB3
3CEA
BC05
3D1B
BCFD
BC8E
BD2C
BD95
BB29
BC7A
BCC5
3DA3
BB94
BD2A
3CE7
3D4F
BD8C
BCF5
3B6F
BDAE
BC81
BD13
BB88
BA7A
3CA0
3CEE
BC3B
3D4D
3C27
3B74
3CE8
3C1F
BC20
BCD5
3D85
BD42
BC89
BCA7
3D15
3C65
BDC2
3A94
BD8E
3DEC
BCB4
3CD1
B9D0
3D3B
BDA4
BA61
BD2C
3DDA
BBED
3C56
39F5
BDF3
3C95
BD49
BCB7
BD9D
BD41
3D97
3C7B
BCAC
3BBC
BC23
3C10
3CAE
3C37
BD97
BD2C
3C93
BD6B
BD4E
3DCC
3CA0
B936
3D50
BD27
3CA5
3CA8
3D32
3D29
BD0A
BC56
BD01
3CCF
3B87
3CBC
3DA6
BC9F
3A8F
3D14
3D79
3C1C
3CF1
3D16
3B4E
3D5D
BCF5
BC94
BD8D
BB1B
BDA9
3C06
3D25
3D3E
BD70
BD53
3CD2
BD25
3C53
3C8F
BD97
3C4A
3C07
3D00
3D52
BDE4
BCB9
3CC4
BDAF
BC0D
BCFF
3D26
3CA8
3D4C
BC65
3DAA
3D47
B9B2
3B78
BC2B
3D33
3CB6
BD23
3CA5
BCA1
BD2E
3D0F
BBFA
BB86
3D31
3D82
BD0E
BC8B
3C9C
BC98
3BAD
3BDB
BD15
BCF0
3C9B
3D65
BDBC
3DF6
3D11
3CB6
3DF8
BD12
BD56
BDA7
BD96
BC8C
BD05
BCC1
3CD1
BD1D
3CE2
3C7C
BD74
3B1A
BD03
BD92
3CF5
BC6A
BD0E
BCE4
3C66
3CE1
BC4A
3D9D
B98F
BC8A
BC21
BB7D
3D85
BD59
3DBF
3C51
BC5F
3D84
3ABF
BCE6
3CF2
3C32
3C2B
BCBB
BC77
3C0E
3D09
BCF0
3CA7
3CA8
3D19
BC08
BC25
BC1E
BD79
BC1F
3D84
BB4A
BBE5
3C23
BC7C
3CF7
BD54
BD5C
3D1E
BD56
3D64
BCED
BCB8
BCC1
BC26
3CE7
BC06
BD42
BD40
BC4C
BCEC
BD6E
BD52
3D45
BCD9
BD12
BC02
3A26
3B9D
3C32
BBB5
BC1D
BCA1
BBBD
BC72
3DC0
BBE3
BD10
3CD9
BD4D
3BC9
3D34
BD41
BDAB
BCEE
3C1C
3D08
3BE9
3A9E
BC8A
BAC3
3C35
3D07
3C93
3C94
BC67
BCDC
BCB3
BC79
BD21
BB68
3CA5
3CB8
3C2D
3C83
3D75
3D6B
BD5D
BCD1
BCA1
BD07
3D25
BCFB
BC3B
BBA9
3D34
BCC7
BD15
3C2D
BCB3
3C40
BBB6
3CC9
BB6A
BCA0
3D16
BCE8
3C51
3CDF
BD2A
BB9E
3C74
BC00
3D2E
BC39
3902
3C8D
3D45
BCA7
3B38
BB36
3D1A
3D03
3CB1
BBE6
3D08
BDAE
BD9F
3C43
3CAB
BADA
BB0A
3D6B
BD1D
3C8E
3C8A
BC75
BB3B
BC88
3CA8
BD08
BCB9
3BA4
BCE3
3DA0
3C13
3C69
3CE5
BD07
3C87
3A1E
3C4D
BD0A
3CC9
BD75
3A8D
BD1F
3CFA
BD24
BC33
3B8D
BC3A
BBC7
BDA7
3CC4
BD02
3C07
BC8D
BCFB
3C81
BD3A
3C22
3D32
3C52
BD12
3CD7
3BCA
3D29
3D31
3D38
3D39
BC9C
3DA5
BCD4
BCBD
3D25
BD99
3AF0
BCD3
3C48
BC93
BCFC
3D66
BCC1
3DD7
BD31
BC99
BA27
3D14
BCA0
3D2B
3D43
BB1B
BC48
BCDA
BCA4
3C0F
BC16
BCCC
3CA3
BC7B
BBE0
BB14
3D72
3CAD
3BCD
3BF3
BCDF
3CC8
BD12
3D01
3D60
BC95
BCF9
3C35
3D6D
BC77
3D94
3A97
3CC5
3C9D
BA29
3CFE
3CBC
3B76
3C69
3D0D
3C02
BD4E
3B19
3A9C
BD39
BC5C
BD86
BD23
3D0A
BC3C
BD9F
BCE8
3DD0
BCC9
3C72
3D9A
3D99
BD2C
BD04
3C48
3D33
3C84
BCB7
3D0E
BC1A
3B44
3D80
3D92
BC50
3D94
3D32
BC86
BD54
BBBE
BCD6
3D34
3CC9
BC8A
BC86
BD2B
BD3F
BCC9
3C87
BB03
BC93
3BF3
BCC3
3D50
BCA5
BCDB
3BCF
BCA2
3CCD
3C2E
BC39
3C0F
3D10
BC4A
BC43
BCA3
BDA2
BD31
39AB
BCD0
3D03
BD80
BAC0
BCC0
BCAE
BD77
3C28
BD26
BB0C
BBA4
3C11
3D96
3D06
3D2A
3CE3
BC34
BD24
3C6B
BD1B
3CC1
BC17
BB5B
BBC8
BC6C
3CBF
3CDD
BCF6
3D12
3C30
3C53
3BC7
BCFF
BC94
BBD8
BB55
3CC1
3D08
3A61
BC59
3BF7
3CA9
3D1E
BCAF
BCD0
BCA0
BC86
BA8B
3A79
BD29
3D1F
3CB7
BC91
3BB0
3D68
BCA0
3C25
BCC6
BD73
BAE8
BC82
3CCC
BD58
BC9C
BC81
3D0B
3D0A
3CAA
BD13
BD7A
3C10
3CF5
3D6D
3D47
3CCF
3D22
BC35
BCB3
BBEE
BC85
3C8F
BCA5
BA98
BCFD
BCBF
BDD0
3C66
BD0A
3D10
BC84
3CFB
3C58
3C58
3C90
3C12
3CB0
BC83
BC97
3CFF
BBDF
BD02
BC12
3AD2
3C4C
3C65
3C5E
3CC2
3C61
3C64
3D17
BCF6
3CBF
BC89
3BED
3C74
BD8D
3CA8
3C75
BCBF
3D8B
3BE7
BCB1
BC8B
BCC1
3C7F
BBA2
BD8E
BCDF
BCEA
BCFA
BCA1
BC9C
BBEF
BD08
BD09
3C25
BCF6
3B5C
3CEC
BCA2
3DAD
BBCC
BCB8
BD21
3C4D
3D92
3BC6
BD25
3C44
3B6F
3C8B
BCBB
3C48
3BD3
BC9F
3CE5
3CE8
39DF
3C4D
BC80
BCD7
BD2D
BB34
BC6F
BC49
3D33
3C8E
3C90
BBC8
3DA6
3B4F
3CEF
BCE5
BD24
BCF7
BC58
3CA3
BC76
BCA2
3C9A
3D21
3BF8
BBA2
BC9B
BD1B
BC2D
3D92
3CB9
3C88
3D0F
3CF1
BD52
3DC7
BD95
3CD8
BC92
3C12
3D84
BCB9
3C2C
BA73
3CEC
BD41
3D00
3B91
3D12
3C48
3C36
BBD6
BC34
BD1A
3D02
BCB4
BDED
BC0E
BD1F
3BA9
3BE0
BB94
B964
3D60
3AE2
3CE3
3D33
3BB3
BD4E
3C14
3C90
BBB0
BCAF
BCA0
3C8A
BCAB
3B77
3C76
3C85
3BDA
BA7A
BC50
BCFE
BCB1
3B7C
3C9A
BCEB
BA65
BD32
BCED
3D25
BC0C
3D15
BBE0
BD1B
BB97
3BC2
BD17
BCF2
3B84
BB9C
3D1F
3CB1
BCF5
3C3F
3BB3
3C7A
3BC1
3D62
3C80
3D44
3DCB
3BDC
3CE5
3D22
BD1C
BBDD
BC27
BCF7
3CFD
BCD5
BCAC
BC98
BD10
3C4B
BD2A
BCE9
3BA6
3C6E
BCE9
3BCC
BD21
BCDA
3D15
BBFC
BD3F
3D70
BCBD
BD48
BC45
3D89
BC1D
BD02
3CC7
BC9A
BD48
BCE3
3D5F
BD5C
BD25
BCE2
BD6D
BCE2
3BDC
BCFD
BCA7
3CE6
3DA7
3D5F
BC74
3D38
B900
BA34
3D38
3D11
3C1F
3B87
3C71
BBDE
3C50
BBCB
3DA3
BD42
3C25
BD50
BD0C
3CA9
BC7C
3D28
3D10
3D76
BD59
BD80
3C30
BC17
3D1F
BD72
3C13
BC33
3CF9
BA70
3D49
3CA4
3B14
3DB6
BB29
BCE8
BD66
3C2A
3DAB
3BAB
3D41
3BFA
BDAA
BCA7
BD4F
3B59
BD21
BD06
BDF1
3C8C
BC61
3C5E
BB45
BBFC
3D2E
3A46
BD3F
3CA7
BD11
3D63
BD28
BB90
3D00
3AD4
3D7E
BC71
BB72
BCC2
BC94
BB6D
3CB2
3C24
3CFA
3C55
BC1C
BC84
3CA3
BC23
3D0E
BCCB
BC9E
BC6E
3C9C
BC01
BD4A
BD97
BD3B
3C2C
BD17
BD06
3CBC
BC86
BB66
BC9C
3C6C
3A78
BAB3
3C90
BCB4
BABA
3C9C
3C1F
BC63
BD08
BD28
3D0F
BCAC
BCC3
BD1F
BC18
BA47
BCDD
BCA4
B92F
BCA9
BD0A
BC57
3C13
3BD2
BC9F
3D5B
BD3F
BCA9
3D5A
BA92
3D2C
BD1D
BBE2
BB5F
3CB4
BBA9
BC08
3D58
3D41
3D32
3AB0
BCB9
3D1E
3C32
3C86
3D64
BC7C
3CC3
BCF4
3C98
BD19
BD67
3D2E
BDB8
3D13
3C07
BD44
BCD1
BC67
BD2D
3C88
BC95
3BA4
BC88
BBBC
3CF6
3D0F
3D3E
BC37
BCF0
3C28
3BCE
BC1C
3CEA
B9E9
BCC0
3CDB
BC3B
BC07
3CDE
BBBA
3D02
BBC3
3C84
BD10
3CDA
BC8B
3C30
BACD
3BF0
BD5B
3C91
3D18
BCC6
3D1E
3CE1
BC3A
BAD7
BB54
BCAB
3D02
3C41
BCC5
3CC7
3C99
BD72
BD0F
BABF
3D68
3D2B
BCE2
BD4A
3D4A
3C90
BCD4
3C86
BC47
3C63
3D1E
B9AB
3C44
3B10
BCC5
3C0D
BC4B
BAB9
BD01
3C4E
BD11
3AF2
3AD4
BC4A
3C82
BC6F
3C1B
3CD0
3D01
3BAD
BCF5
3D23
BCCD
3D06
3DA7
BCD3
3DBC
3D18
3D27
BCD6
3BA0
3CAF
3D00
3D17
3AE0
398E
3CC0
3BBC
3BFB
BD58
BCB8
BBF6
BC85
3C29
3D13
BC81
3D30
BCB4
3C95
BC86
BD09
3C28
3BA4
3CA9
3D3B
3BDB
3C4F
3C9B
BDC2
3CDD
BD5C
3C3D
BD17
3CE2
3C5F
BD16
BD1A
BC7F
3CA6
3CC2
BCEC
BC11
3CDC
BD12
3BAA
BC4B
3C6E
3B73
3D10
3A29
3C11
BCB9
3D61
BCC1
3D96
3C45
3C1A
3C2A
BB91
39EA
3BE1
3CA5
3CAA
3C09
BCB4
3D04
3D5B
3C29
B9C5
3BF6
BD67
3D59
BC70
3B90
BCB3
39C6
BD14
3BC7
3CCE
BB3C
BCE4
BD26
3C96
BC7B
3CB0
3C66
BCAA
BC4A
3D35
BB8C
BCB5
3CD5
BC0A
3B6F
3C9A
BC92
3BED
BCA8
BD4F
3D60
BC81
BBAB
3CA7
BCB5
BC95
3C8B
3C8C
3D0B
3CD9
BCAD
3BD8
3B16
BD10
3C04
3C99
BC62
3C4C
BD50
BA94
3C6A
BCA3
3CB8
BD01
3C9C
BD09
BD60
3D98
BDA7
3E20
3D15
3C0C
3DA6
BC20
BC84
3C94
BD68
399C
BB1D
BD2C
3C56
BC2C
BD3D
BD02
BBC8
3D6C
BB9A
3D27
BCF6
BCAC
BD0C
BC65
3D01
BC63
3D34
BD6D
BBA9
BD36
3C33
BDC9
BD7E
BD0F
BB74
BC95
3D70
3C37
3C78
3C07
3C83
3BC4
3C69
3D25
3D24
BBD0
BC1F
B90F
BC95
BC92
3CAA
BD0A
BCA7
BC83
39B4
BD89
BCA4
3C06
BC97
BBFD
BD3E
BAF9
BD1A
BD1D
3BCD
3CBD
399B
BC2E
3CD5
BD33
BCB8
3C81
BD92
3D44
BD0D
3B7B
3C65
3BFA
3DC1
BDA7
BB7D
3C91
BC3A
BBE3
3D8E
BCCC
3CD6
BC8E
BAA1
3D43
BD0B
3CC2
BC8C
BD94
3D97
3D07
3C91
BD9E
BC6D
BAED
3B45
3C99
BDB2
BC19
3C9C
BD8A
BCA6
BD67
BD8E
BDA6
BCDB
BCB7
3CA3
BBD5
3CE5
3C69
BC03
BB0C
3AA3
3D2C
BD35
3C77
BC8B
3CDA
3D35
3D7E
3B9D
BD1F
3D3A
BD18
BD00
BCF6
BDB1
BBD6
3D9B
BC03
3CAF
3D64
BD96
3D8C
BD74
3CD3
384E
3D68
3CC9
3D73
3D76
3CB9
3C9F
3CA0
3CA4
3CE9
3DB3
BCEF
3DA0
BD79
3C9C
BC6B
3C73
BD2D
BBBD
3D54
3B8B
3C6D
BC3D
BCF1
BC50
3D47
BDB5
3C8C
BBFA
3CDE
BDA9
3CC2
BD1F
BC5C
BC96
BD04
BD07
BC81
3D14
BD97
3D29
BB98
3BF8
3BAF
BD54
BD8E
3CC2
BD1B
3C08
BD12
B9BA
3C64
BD3C
BB86
3AEC
BC9F
BCC1
BD4D
BD19
BD06
BCCB
3D76
3CB3
3BA7
3B1F
BCE0
BC3A
BD1E
BC41
BCDA
3C2B
BCC7
BAE9
BB96
BCF4
BCEF
BCE4
BB53
BCD3
BC4E
3C7A
BC36
3CBE
3D8E
3DB5
3D0F
B913
3C98
BC28
BAB1
3C98
BC90
3C2C
BC8B
3CAA
3D75
BC62
3CB8
BD45
3C70
3CD8
3C94
BD16
BCDE
BCD2
3CE4
BC96
3CAF
BC26
BCA5
3D0F
3CB5
3D52
BC6B
3CC6
BC47
BBE9
BD57
BD14
3DAC
3D0C
3DC6
3DB8
3CEC
BD5D
3C4E
BD80
3C03
3B7F
3D6F
B935
3CD1
BD4B
3CA3
BCF9
3CAA
BB66
BB97
BC99
3C0B
BC00
3C28
3CCA
3D2B
3B72
3CD5
3CEF
3D13
3D75
BD1B
BD6A
3DB2
BCB8
3C1E
BD1E
BC6C
BCAD
3D07
3D0F
BD0B
3C3D
BC46
3AB1
3D4A
BC93
3BEA
3BB7
3D65
BC8B
BCA1
BD1D
BD11
3C34
3C88
3CB3
BC90
BC16
3DAE
3A9D
3CD3
BD6E
3CD7
3BD4
3D21
3C19
3D18
3D1A
BD2B
3D38
BD14
3D47
3BB9
3D8C
3CEA
3BA9
3D16
BD50
BA53
BD95
BB86
3CA9
3D89
3CC1
3C84
BC44
BD1D
B999
3D98
BD1F
3D8C
BB07
BC8E
3D05
3D81
3C06
BBEE
BBA5
3C4A
3862
BBF2
3BAB
3CF8
BCD5
3B87
BA61
BBA3
3CD7
3D2B
BCBD
BBD0
3C95
3CDE
3BE3
3BAD
3CB0
3B84
BCB7
3CD1
BC35
BC86
3CC8
BAF7
3C77
3D2B
3D18
3CB3
3D86
3C63
BD4B
BC05
BC91
3CFD
3D4A
BC67
3C8C
BC8C
BBDE
BC66
3977
3D85
BC62
BD64
3C4B
BD2B
3BC1
3A72
BDC2
3D0B
BCF4
3D6D
39BF
BCDB
BCF5
3D57
3D01
BD5E
3D6B
3C46
BDA7
3B94
BA7E
BCD1
BCAE
3C79
BB60
BCF7
3CFC
BC25
3D27
BD29
3C8E
3C98
3C61
3AB3
3AFC
3C62
BD6E
3C0D
3D7C
BC80
3C2F
3B96
3D97
BCB5
3CF5
BC84
BD25
3C9E
BC89
BCB7
3C69
BD62
3B4D
BD4A
BCAA
BCD9
BC11
3DA0
3C59
3CE5
3D91
3C4E
BC85
3C73
3DD0
3C03
BCFB
BCBF
BC96
3D0C
BD09
BCBB
BD75
3C1F
3D88
3BAE
3C9E
3B9B
3A91
3C33
BD14
3D07
3C32
3C3A
BDA2
3A7C
B9CB
BC76
BCE6
3BB9
BD5C
BC7D
BD02
BBE4
3D83
BCFF
3D2C
BD0A
BD48
3CCA
BD19
3CFA
3B90
BD58
3A83
BCA7
3D60
3CBF
BD9A
BCAF
3C0F
3D3C
BD4E
BC93
3A04
3D08
3D16
3D27
3CA0
3CA0
BBAF
BD15
BD2E
BB2F
BCB8
3D00
3DA2
BD67
3D95
3D3A
BCEA
3C3E
3D50
3C09
BD30
BCD9
3D0D
3D00
BBB8
BCC3
3BAE
BB90
BD32
BDB8
BBA5
3C87
3D4F
BC8A
3B81
3D25
BD77
3CF9
3C18
3C9D
3C66
BB54
BDBB
BD1E
BC29
3CA5
BD0E
3CEB
BD20
BCBC
3DC0
BD3D
BD70
3C83
BC90
BD92
3C8D
BD2A
BCBA
3BAC
3C59
BD0E
BC9F
BD0F
BD22
3C18
3C1D
3CB6
3ABC
3C81
BC7B
3BDD
BCEE
3CBD
BD3D
BD30
BC02
3A9D
3D06
B705
3CAF
3C0A
BC6F
BC2B
BC5E
3D5B
BB36
BC95
3B84
BD17
BC72
3CFA
3C9D
BD33
BB8D
BCF2
3BEB
3C9F
3C3D
3C2C
3CC0
BD27
BD17
3CA3
BC1A
BCBF
3D20
BC88
BCEA
BCA4
BCD3
BD6E
3D2A
3CDB
3BCD
BCB4
3CA4
3CD8
3CEB
3C01
BC91
BC8E
BAFA
3D29
BC2F
3A95
BC21
3C0A
BB2A
3CA5
BCB8
3B4D
3D4F
BC98
3B8D
3CB6
3B87
BB3C
BCB6
BC1D
BC8A
3D6D
3CC0
BC8F
3C8C
BD00
BD22
3BC2
3D76
BD9C
3A38
BB82
3C62
BC5C
3CA4
3CCE
3CE8
3C8E
3C6C
3C0C
3D8C
BD09
BC7B
3AFD
BA1A
3B88
BCA7
BC4D
BD41
BCB9
BD14
BD67
3D47
BC9C
3CDA
BB01
3BC1
3C0B
BD0C
3CE7
3D54
3C95
3C4B
3CC0
BC70
3C73
BCE2
BD13
3C22
3BA4
3D75
3C40
3C91
BD4D
BC1B
BD52
3CAD
BCE4
BBFD
BCE9
3C33
BD1A
3CA1
3A01
3CED
BDAE
BD06
BC88
BCF2
3BA8
BC44
BD01
3B60
3CB0
3C02
3D8C
3C85
BC1D
3D30
BCB7
BCB4
3D1C
3D61
3D39
BC9B
BD37
3A6C
3CC0
BCA5
3C5A
BBFE
BC8C
BC3A
3D02
BCC6
BA98
3BFF
3CF9
3CF9
BCD6
BCAC
3C3D
BCEC
3C65
3C39
3CFE
BCF7
3C68
3C93
BD27
3D46
3C0E
BCB7
3BEE
BC66
BCE0
BBBF
BD03
BC6B
BCBB
3D92
3C94
3D0C
3BB5
3C1C
3BF3
3D35
3D9F
BD99
3B4D
BDD6
BC85
BBF9
3D20
BCC8
BD09
BC87
BABD
BD81
3D6C
BAE6
B9ED
BC00
3C27
BC28
3BC2
BB86
BBA4
3BAE
BC73
3C5E
BBA7
BC98
3C99
3965
3B62
3CEF
3B50
3D1C
BD09
3C8C
3C31
BD24
3B8C
3D47
3D14
3C8E
BC90
BCB5
BC6A
BC47
3C07
3C34
BD00
BCEE
BCCB
BD09
3D1D
BC8E
3A86
BC59
BD8C
3BD6
BD7D
BD31
3C26
3D17
3CED
3D8A
3CD0
3D30
BC67
BA26
BBF0
3CC3
3C0B
3CB9
BC8B
BC20
BC3D
BD77
BD43
3D62
3D44
BD1A
BD21
3D42
3D99
3CCF
3D81
BD21
3D54
BD85
3D0A
BD58
3D4A
3CC0
BD3A
BD5A
3D05
BC58
BD01
BD24
BC6C
3C87
3C72
3D67
BD01
BD09
3A85
BD19
3CF7
3AA5
3CFE
BC57
3D37
3D38
3D35
3CAD
BD0E
3D69
BD5A
BD2A
BCC2
BDC9
3C3C
BCF1
3DC4
BCE1
3B29
3CEB
3D37
BCC6
3B68
BDBA
3D91
BCA8
3C85
3DB9
3D33
3D72
BD04
39ED
3D4C
3D16
3CB9
BBAB
BD5E
3CB6
3C84
3D32
BCE5
BDA2
3CB1
3C48
BD87
3C01
BC81
BC5A
3C3C
BD94
3D03
BCBF
BC13
BC45
3B80
BD51
BC8E
BC35
3D3D
BD07
3C94
3B24
3D01
3D39
BC7E
BD9A
BC5A
BCF2
BD06
3D29
BD3F
BC93
3BF0
BCB1
3C66
BD43
BBB3
3C18
3BEE
39F7
BC64
BCB7
3CBD
BCF6
3C94
BC47
BCE0
BD0F
3CB3
BC59
BB40
3D32
BC59
BB86
BC53
BD80
3B94
BB60
BD1B
BC4E
3CB0
BBE2
3C4A
BD08
BD4F
3B7B
BDBD
3C96
BB79
3DA4
BCCA
BD14
BD9A
BAE8
3C20
3C67
BCC8
3D0D
BBB2
3BCD
BC4D
BD17
3CC2
BCA0
3C1D
BC77
3D89
3CF4
3C97
BCD0
3CD1
3CF7
BC90
BD00
BDB6
37CE
BC10
3D09
3C69
BC6F
BCBA
3D15
3D41
3C23
BD38
3CF2
BCF7
BD5D
BCEA
BAC1
BCA4
3C61
39CE
BC36
BD1E
3D08
BC83
BD00
BC3A
BC75
BBBD
BC18
3CCB
BCDD
3D2A
3B76
3B93
3C88
3D05
3B4D
BDB8
3CA2
BD00
3CF5
BDA1
BB80
BD3D
3BF7
BB04
3D03
3C97
3B87
3C71
3C38
BCA1
3D64
3C4C
3D04
3D10
BD85
BD60
BBB3
3CA9
3C0C
BD03
3C7B
BC3B
3C35
3CDE
BDB4
BCA1
3B88
BC96
3D43
3BCF
BCE6
BC8B
3CFC
BD37
3B94
BB9F
BCA9
3C0B
3C02
B9AB
B984
3C82
BAD2
BCFE
3D55
3CAA
BA7F
BCE4
3C42
3CC7
BCD8
BC54
BCC3
BC8D
BBF5
3C69
BC95
BCBA
BAD5
BC7B
3D0B
3D8F
BBEF
3C54
3D1E
3D08
3A5E
BC91
3BE4
3CFB
BD04
BD21
BBB1
BA16
3B94
3D29
BC84
3D25
3C87
3CE5
3D42
BCCD
3B38
BC62
3C9D
BB6F
BC0B
3CED
BCA8
3D62
BD2C
3B24
3BA2
3B0D
BBED
BD39
BC73
3CCA
BCC7
BCE2
BCB5
BD54
3C44
3BF4
3BE9
BD2A
BCCB
BDA2
3D22
BCF7
3CE6
BBD7
3CAF
3CB7
BD46
BDDB
BBB6
BC86
BB0A
3D26
3D1E
3CCD
BD1A
BD86
3D6A
BCFE
BD7F
BD35
3C0C
3D14
3CCD
BBE2
3BA9
BBEB
BD19
3C28
BCAD
BB81
BC71
3A4F
3C99
BBCA
3CEB
BBAD
3B07
3CB5
3C62
BD18
BC59
BCDC
3D2C
3B3C
BCFF
3D0F
BBF5
BA19
3C93
3D55
BC3F
3CD0
3B90
3D04
3C8B
BDA0
3C9F
3AFF
BCD6
3C0B
3BB8
3CE3
3B83
3D5A
BD6D
3D28
BD18
3C4E
3CD1
BB31
3D38
3B8F
3BC0
3D0F
3BB4
3CAA
3D0D
38FE
BD08
3C12
BB87
3D1B
BC60
BCAB
3D3A
3D55
BD0D
3CC6
3933
3CDD
3B1A
BC42
3C51
BC03
BBBF
3B4B
BC13
3BCA
3D0D
BC51
BCAA
BDAB
3C6C
3CDC
BC54
BD31
3C14
BCA6
BCB8
3DBD
BDB8
3DD8
3D07
BA36
3DB1
BC9B
BCF5
BC9D
BBDF
BC9F
BD16
BD44
3D3E
3BAD
3C3B
3BF2
BB51
3D83
BD84
BD0A
3D95
BB30
3C85
BCE1
BD5D
39CB
3C99
3D6B
BCFF
BCA5
BD03
BC94
3D8F
BB6D
BD13
3C73
BCEF
3DA8
3D31
3CDD
3C8C
3C87
3C28
BC28
3B6A
3C2C
BD26
3D03
BDB9
BCED
3BC0
BC29
3C9A
BCCD
3CD2
BCDE
3CA3
BB6C
BC79
BCB7
BCE5
3C55
BD3C
3AEC
BD39
3D52
BCE6
BC47
3D63
BD52
BD3B
BD74
BD2E
3D6C
BDA9
3D3A
3C2B
3CF3
3CDF
BCE9
BD10
3C8C
3CFF
BBC8
3D0A
BCF1
BD97
3C95
BD4D
3D28
3CAB
BD6D
3E1C
3D30
3D54
3D31
3AEA
3A12
BD56
3C26
3CD6
BC01
BE15
BC89
BBBF
B9FB
3CCB
BDA3
BC16
3B37
BD73
3C19
3BE0
BC55
3D49
3C42
BD5C
BC08
BD18
3D99
BD9E
3B58
BD26
3D7C
3D5F
BDAD
3BEE
BD8F
3D1A
BCD3
BD32
BDAF
BCB0
3D67
3D89
3D9F
3D6D
3D42
BBD3
3CCC
BD80
3CF5
3C94
3D51
3DA5
BCDB
3C78
3D9E
BBEB
BC0F
3D26
3D0C
3D87
BCA5
3CE3
BD48
3BD2
BD80
BBC6
BC28
BE19
3CAA
BCC2
3C21
3C74
BE22
BB3F
BD3B
BDAF
3D02
3C78
3D45
3D71
3CBE
3D51
BD01
3C9D
3B46
BD34
3C9E
BD96
BD91
3D03
BDB3
BC8F
BC9C
BC5C
BD02
3D76
BD43
BCE4
BD75
3D17
BCA6
BC26
3AD7
3BBF
3C35
BC2E
3C29
BC91
3CC8
BCDC
BCDA
3C16
3C09
BB3F
BC1E
3BD8
3CBB
BCE5
3CA0
BD49
BCDB
3D4A
3C91
BC0D
3D1B
3BEE
BB1F
BC68
3CED
3D21
BD24
3C23
BB49
BC93
3D16
3BA5
3C87
3AC0
BD3F
3AA8
BBEB
3CCF
BCF5
3CF5
BBA6
3C1C
3D43
BB8C
3C61
BD42
BC44
3C92
BDAB
BA01
3D2B
BD87
BC0A
BC32
3CBF
3AF5
BD41
BBF0
BD49
3D05
BDAD
3CAD
3CFC
3C52
BD07
3C97
3BE7
BD54
BBDD
BD60
3D20
BC5E
BCD7
BBF2
BC1C
3D1C
BCAD
3D3D
BCA4
BD2B
BB85
3D50
3C83
BB45
3AD1
3D3B
BD02
3AA3
BD6B
BCA2
BD35
3D97
3D3A
3CE6
3D2C
3C32
3D27
BC20
BD48
BB1B
BC59
BC4F
3D0A
BC76
BC95
BCCE
BB8A
3D01
3C01
BC86
3CB9
BCA4
BD4E
3D41
3CD3
3D29
3CE0
3CC6
3A56
BC52
3C46
3D07
BACD
3BE7
BC8E
3CD4
BBE9
3AFA
3CDA
39C7
BBA3
3D01
BD21
BD24
BD0A
BC44
BD20
3A95
3C24
BBF5
3CF4
3CB9
BBB5
3BD7
BCAA
3CDB
3BF3
3C77
3D20
BD28
3C0B
3CBB
3B77
3D45
3D30
BCCD
BD26
3D06
3D59
3D6C
BCD7
3B7E
BD3C
BCE4
3C08
3D16
BD80
BD42
BBDC
BC56
BCF5
BCDC
3C0D
BC7D
3D8E
BC48
3DA9
3D77
3D95
BD6E
3DBB
3CA9
3D48
3C42
3D1D
3DAB
BC9E
BC19
BC86
3CDD
3B5C
3C27
BD26
3B74
3C50
3CDB
BACA
BC8C
BD41
BC9E
BBA1
3D22
3C67
3D50
BCF1
BCF5
BC96
BD45
3C50
3D1B
BD14
3B87
BC36
3C8F
BBA2
BC97
BCA7
BD1B
3CAC
3C3A
3C91
3CE3
BDAA
BC82
3CD5
3CA4
3C2C
3998
BD2E
3BF4
3DA9
3D8E
3D42
3D02
3D5D
BC77
BD36
BCDB
BBFB
3CE7
BD38
BC7E
3CB8
3883
BC99
BBB2
BC8A
3CF4
BCEE
BD0D
BCA0
3AAE
3CAE
3CE8
BCA8
3CBE
BC91
BD43
BDDB
BBB2
BCC1
3D0E
3DA8
3D90
BBCF
BCF3
BC92
BC57
BD8E
3C63
BD02
BCD2
BCBE
BD30
3D18
BCB0
BD29
3CD5
3C67
BCC5
3B6E
BC01
3D2D
3C18
3DB8
3D42
3B2A
BD33
BB1D
BD79
BD06
3C5A
BCF6
BD9E
3C92
3C77
BC96
BD24
BC5E
3B2C
BB05
3D29
BD50
BC6B
3B84
BD82
BD6F
3D67
3BAA
BADB
BB7D
39F3
3D17
BD21
BC59
3CB0
BD1D
3C0E
BCBD
BC82
BC2D
3A6E
3C9B
3BAD
3C94
3B9A
3CC1
3A9C
BB77
BD0D
3BFC
3C1C
3CF4
BBBD
3C98
BD38
BD2F
BC03
3BE5
3C86
3D03
BD58
BC4D
3BD3
3D84
3ABC
BC1A
3B64
BB81
3D89
BC03
3C5B
BD6D
BBE7
BD42
BD10
3CC9
BC33
BD7A
BC1C
3B6E
BD92
BB6C
3D5A
3C67
3C02
3D57
BD3B
3D57
3C63
3C95
BD99
BCBF
3C2B
BC6D
3C84
BB94
BC93
3CFC
3B27
BB18
BBEE
BC1F
3D16
3D25
BD2A
BA33
BB47
3C4F
BD15
3D33
3CC3
BC54
3CA6
BCEC
BD17
BD4A
BBC9
BC9F
BC71
BB74
BD9E
BBA3
3B55
3DE9
BD30
BC6D
3D37
BCB8
BB9A
BD3C
3CC2
3CC5
3CA0
3C1F
3C96
3D1F
BCCA
3B37
3CCA
BD73
BCDD
3D26
3CAB
BCD7
BC47
3CB4
BC2F
BCFD
3C22
3D1E
3C68
BD1E
BD11
BC2C
3D37
BCBD
BB93
BC7E
BC07
3D48
3BED
3CDF
BC73
3C8A
3C57
3CA3
3D72
3C4A
3D8D
BD31
3D14
3CE3
BD5D
BC9A
BC33
3D60
3C94
BC33
3C3F
3DB6
39EC
3C82
BC0D
3D47
BD28
36FF
3BA6
BCE6
BB70
3D5D
3CA4
3C4B
3C84
BC7C
BCD6
BD99
3D4B
3DBA
BD57
BC87
BC8B
3D36
BB73
BA01
BC7B
BC71
BD64
BCA6
3C85
3D63
BD26
BCB1
3C41
BBAF
3CD0
3D14
3BC8
3ABF
BC80
BC33
3C28
BD1D
BC8B
3C73
BC40
BBD2
BD92
3CBA
BC0D
BD89
BC09
BDCA
BD1A
3CE9
BD66
3D97
BC9A
3D87
3CF6
BC25
BD38
BCD4
BC92
BD34
3A3D
BC35
BC98
BB9C
BC60
3DA3
BD13
BC36
3D2C
BBB7
3D8D
BCA9
3D17
3C77
3BEF
3D57
BC8D
3D2E
BCFD
3CBD
BDBA
BC6A
3BB9
BCD1
BD81
3CC6
3C9C
BC13
BCE0
BA98
BCAA
3C80
3D47
BDB3
BD55
3CF1
BD5B
3C9A
BBCF
3CA7
3CA8
3D59
3D0C
BC87
3CE4
BD8C
3D92
BDAE
BDE1
BCC3
BDE7
3CB2
3D86
3D1D
BC0A
3C7C
3CE5
3D74
BD2A
3CD5
BD75
3D0B
3D72
3D26
3D3C
3D96
3B8D
3C17
BD41
3CB3
3CD3
3CD0
BCE1
3C6C
BA1F
BCBD
3D1A
BCB3
BCF7
3CBC
3C05
3C60
3D1E
BD40
3BE0
3C6F
BD3E
3D24
3B9B
BCDD
BC27
BC5B
BC51
BD80
3D62
3D73
BC99
3CBD
BA8B
3DA0
3D26
BA77
BD8B
BD0B
BCA2
3C23
3D26
BD34
3C59
3D16
BC6B
BA8A
BC52
3C7E
BD06
3C7E
3C49
3C88
3C87
BD5B
3CE3
BC28
3AB7
BCD6
3C81
3CF2
3C2D
3BE2
3AAF
3C80
BCEF
3B1F
3C96
BC9F
3B16
BD43
3D77
3C05
BBA1
3C86
3CD7
BC26
BC9D
3D0A
BD72
BCDF
BC11
BC85
3D5D
3D05
BC15
3B85
3C13
3C4E
BD0C
BC3B
3C09
3C15
39ED
BB1E
BC4A
BC49
BBDE
BC1C
3C7A
3DA5
BD07
BC47
3CA6
3D1C
3AA7
BD0D
3CCB
3D0B
BD07
3D2E
BBFE
3C46
BC27
BC51
BCB3
BCD9
3CCA
BAC8
BBF0
BC8E
B9AE
BC90
BC06
3B4D
BD07
BD6A
BC08
3C8E
3CE3
BC6B
3D37
3ADB
BD26
3C96
BB89
3A43
BC76
BCFB
BCA0
BD92
3C4C
BB81
BB9E
3CBA
3D78
3D00
3C70
3CC6
3C0B
BB06
BBD1
3D23
BC82
3AD0
BC44
BCA2
3D98
3C02
BCDA
3BA7
BCA7
BBA1
3D31
3C67
BA28
3D22
3C44
3C6F
3D19
BC78
3D98
3C18
BCE6
3C7B
3C23
3D24
3CD9
BCDE
BC81
3D33
BBAB
BAC7
3C5C
BC6C
3C08
BACF
3C98
3A51
3C51
3D12
3D00
BAF4
BC8D
BC01
BC37
BD5E
3D03
BB2C
BB97
3D05
BCD1
BC97
BB87
BD67
3C02
BBAF
BBF0
BD00
BCD8
396C
3CBF
3B89
3C04
BA97
BC02
BB05
BAB4
3C1C
BC28
3C93
BC33
3C44
BBB3
3D09
BD18
BC4E
3D19
3D55
BC68
BC3D
BD09
BD31
BAAE
BC26
BC65
BD17
3C9E
3B62
BC5C
3D0B
3C1F
3A09
BC35
BD4C
BD7D
3C48
BC61
3B18
BC2D
BD06
3CD8
BCD6
3D66
BD6D
BC8F
BCF1
BB8B
BBC5
3C59
BBA2
BB9D
BC52
3BFB
3D32
3BA3
3C06
BC50
3C90
3D2B
BCF9
BC28
3D0F
BD41
3D56
BC11
BCC1
BC0C
3BC9
BBA2
BC8A
3C49
BBF6
BD25
3D22
3D0D
3CC2
BD07
3C41
3C26
BCAE
3D19
3CE9
BC33
3C82
39DE
BAF6
3CC2
3803
3A2C
BC50
BC93
BBA0
3C99
3D7A
3B91
BD74
3BF1
BD3D
BCA7
BD32
3D0A
3D2D
3C9B
3D41
3D8F
3D40
3D27
3967
3D59
3D37
3CE4
3CE2
3AE8
BD56
3C64
BD5A
3BA3
BB31
BD7E
3BD8
BBD8
3D6D
BCE5
3DA6
BD41
3D04
BD87
BC99
3C05
3DD2
BD08
BA8C
BBCA
3D76
3C22
BCF1
BD3E
BCEA
3B48
3D2E
3C9B
3C1E
BB1E
3D2E
BDB4
BD3B
3CFF
3BEF
BAE9
3D39
3AAC
3C52
3CF8
3D38
BD0D
3DCB
BC24
BC59
BC61
3D04
BCDB
3D8F
BCD2
BC2D
3D30
BCFD
3CD7
3C5B
BD20
3D68
3B48
3D07
3D38
BC46
3DC9
BCD6
3D1B
BA30
3D40
3D30
3C83
BD8B
BCF8
3CD8
BC8F
BCA7
BC99
3BF9
BC16
BCF5
3D7E
3CBD
3D10
3D04
3CB9
3C58
3C4C
BC09
3D32
3D45
3CE8
3C51
BD31
3D16
BC92
BC4C
3C41
3D60
3B9D
BD34
BD42
BCF2
BC82
BD27
3D01
BC8B
BCB4
3CAB
BD7E
3D16
BD68
BC71
3C70
BD07
BC66
3C96
BCE8
3D85
BB34
3CB6
BC88
3C4C
BBE1
3C34
BC46
BC68
3CAD
BBA5
BC51
BCAB
BB6E
3CC7
BD19
BCA9
3D29
BD14
3D4D
3B88
BCB5
3D85
3C8D
BD17
3C41
BBB5
3D40
3C83
BD4C
3D10
3C89
BC3F
BCEF
3C78
BCAB
BD32
BC67
BC07
BD17
3C69
3CD0
3D04
BC34
3DD0
BC84
BD06
3C3A
3C72
39C4
3C91
3C71
BC77
3CF0
BDAF
3D8C
BC48
BD7F
BD55
BD99
3D9E
3CA2
BA96
3C5F
3CA3
3D49
BC11
BCB3
3C71
3BA6
BC37
3C5A
3D11
BD09
3CAB
3D82
BD21
3D17
3BC0
3C91
BC8B
BBFB
3AD7
3C8D
3CDA
3BB4
BD4A
BCB3
BC41
BC55
3B61
3D8F
3CB0
BC92
BC6D
BD4C
3C83
BC24
BCC5
3C54
3C3D
3C88
BC70
3B92
BD27
3B04
BCE5
BB0B
BC29
3C6F
BD13
BC7D
BD53
BC83
BBB8
3CBC
BCA6
3CBA
BD59
3CF7
3CF3
3D0A
3C07
3CDF
BD29
BD2A
BD72
BCB7
BC0D
BD30
3D3A
3C39
BCC3
BA33
3BB1
BD0A
BD04
3D4B
BD22
BB7E
3C58
BB24
BBE6
BB0B
BBBC
BC45
3C4E
BCC7
BAE6
BD0D
BDC3
3C89
3DC5
BCBC
BCE9
3CA9
3AF8
BD25
BC60
3CA2
BD1B
BDA1
3D1F
3C9D
BC08
BCA5
BAC3
3C8B
BB84
3D36
BDA4
BC6F
3C0F
BD9B
3D09
3D28
BCD8
3CD3
BC45
3C12
BA86
3B8C
3C66
3CBB
BCC7
B980
BCFC
3CD9
BD37
3D04
BC7B
3A0D
3D9D
BD8C
BBC8
BD3B
3C5A
3CB7
3C19
BC97
BD2B
3B69
3C14
BCE7
3D98
BC29
BC34
BD45
BB87
3C15
3D50
3CB7
3DA2
3C20
BD0C
BD02
BD94
3CDE
BB7B
3D53
3C7A
BCA8
BC85
BD2B
3C5D
3C12
BDA4
BB6B
BC95
3B88
BDA1
3D03
3CBF
3CAB
3D35
3D7C
3D83
BCD2
BCE7
BD25
BCF0
BC97
BCB0
BDA2
BCC8
BC28
BD8B
3D8C
BCE2
3D59
3D9B
BD10
BCD0
3D10
BDDD
BBC5
BC2B
3CA9
BC39
3BFB
BC8F
3CA5
BA44
3D4E
BCCF
3CCA
3C7F
BC81
3C69
3CB3
BD8D
3C4E
3D86
BBEF
BD76
BD89
BD3B
BCDA
3CE6
BCB5
3D91
BBB7
3D1B
BD8B
BCAA
3D34
3D06
BCBF
BC79
3D4C
3C62
3D50
3DA4
BD27
BC36
3B25
3D29
BD19
BD1D
BB87
BBD1
BB8E
3BD3
3D0F
3D29
3922
3CBF
3C1A
BC8C
BCB7
3D1B
BD51
BD0A
3D2B
BC9E
BCB2
BD91
BD29
BBBE
BDB7
BCD5
BD9D
BC28
3CA6
BD32
3BA8
BD0A
BD71
BC0B
3BF3
3C9F
BC17
3CA0
3CA5
BD54
3B93
BD55
3CA1
BD89
BC6E
3D8E
BC9B
BCB0
3D64
3D69
BC12
BD60
3D37
3D8E
3C94
BC63
3CE5
3A72
BCA0
3D01
3D92
BC6A
BB00
BD53
BCFD
3BC1
3C8E
BD3B
3DAB
3CD7
BCAA
BC7F
3C81
BC90
3C87
3C51
BB2C
391D
BC98
BD37
3D1E
BBD5
3B43
3B26
3D13
3B72
BCE9
BCA5
BD2B
3CB1
BBD8
3B73
3C6D
BBAD
BD85
BD04
BC2B
BCB2
BCF0
BC2A
BBFC
3B93
BD25
3CE0
3CA5
BD62
3DA4
BD08
BB7C
BDD3
BCD5
BCDA
BC70
BC9D
BC27
BC9D
3D1A
BB91
BBDC
398D
BC2C
3CC9
3C58
3CBC
3D8F
3C16
BA90
BCCF
BD6B
3C95
3CA1
BB85
BC1B
3C85
BB08
BCE4
BC46
3CBA
BCE9
BCFB
BC8A
3C16
39EE
3C98
3C2E
3D21
3C87
3C61
3C8F
BC43
3CF9
BD4C
BAA3
3B86
BB12
3D04
BC91
3C46
3C68
3C49
BCD2
3D53
3A5B
3BCA
3BBC
3B28
BDB9
BCDF
BBF6
3D7A
BD38
BBA0
BC93
3D95
BCCE
3CCC
3C4A
3D21
3CF7
BD74
BCBC
3D2B
3C8E
BCB9
3CEA
3C13
3C24
BC71
3D30
3C0A
3CF7
3CFC
BC47
39DA
3D00
BAE5
BC7A
3C14
BD77
BBBE
BC83
BCDF
BC46
3CC7
BC86
3CDA
BD55
3D27
BCD2
3A22
3D19
BCCB
BBD3
BCC1
3C8D
3D82
3B1E
3D8B
3AAC
3CD9
3CF4
3D35
3CE5
BC9A
BC78
BA3A
BBE9
BC28
3BF8
BCD5
BC0F
3B89
BD30
BD0A
BC8A
BC8A
BC78
BCDC
3C5B
BCCF
3C8B
3D27
BD09
BC5B
3C39
3CA5
BCEC
3D05
3C1B
BD25
3D86
3AF6
BB04
3C90
3997
3AD0
BD08
BCF9
BB09
3BFE
3D04
BD47
BD0E
3D1A
3C8B
BC44
BB77
BCAB
3B1A
3BED
3D24
3BCB
BD35
BD67
BD1C
BBAC
BD7D
BCA1
3C7F
3D16
BD47
3D32
BBE1
BC3E
BC8C
3C8B
BD2F
BCE2
BC12
3C87
3D6C
3C67
BBA3
3CA5
3C65
3CFC
3D1A
3BFB
3D7A
BD66
3C8B
3D7D
3C13
BD5C
39E4
3C55
3C8B
3C86
3D12
BD05
BC30
3D20
BB8F
3B4B
BC98
3D1F
BC53
BC5A
BD0A
3BF7
BCF1
BCA1
3CC8
BCF2
3C07
BC9E
3B46
BD14
3D22
3D31
3CDF
BCB1
3CD7
3CBB
3D64
BB45
3CBB
BC86
3B70
3C4F
BCFD
3D4C
3CF5
3BFE
3D83
BD6C
3CE5
BD12
3C34
3BD1
BCFB
3D1D
3CB5
3D23
3CB1
3C29
BD8A
3D03
3C65
BD36
3C03
3CDE
BD61
BC3B
B9D1
3D88
BB2A
3BF3
BCC5
3D05
BD63
3CDD
3C6E
BC94
BC6D
BC96
BC9F
BAFE
BC5A
BCA0
BD26
3C69
BC36
BD36
BCAB
3993
BCE2
3C58
3BF5
3DD4
BCD0
3CAE
3D50
3D0B
3D8A
3CA9
3C11
3D83
BC2E
3DA6
BD28
3D87
3D53
3D33
3D9B
BC8F
BD68
BB83
BC12
BC88
3C27
BD85
3D77
BC87
BC09
BDAC
3D80
BD89
3CED
BDA2
BC7C
3BF5
3CD5
BAC8
BC29
BCE0
BBCC
BC32
BCCD
B9F1
BB9C
3D8C
3CDB
BCCF
BD03
3AE1
3C7C
3C2A
3CBC
3D41
3C0E
BD1A
3CB2
3C86
3C35
3C9B
BCBB
3D01
3B71
BCE2
B8D7
3B61
3D05
3D1D
3C89
3CE4
BD59
3B59
3BC3
BC1A
3BCE
BCB9
BD27
3D1D
BD05
3BB1
BC8F
BD19
3CC9
BC84
BC1C
3D9D
BD04
BD80
3C6D
3C5D
3CA1
3CD4
3CAF
BCD3
B87C
3C4E
3C85
BCC8
BD0A
3B46
3CAF
BB98
3CA2
3BBD
BD15
3D1A
3CE6
BD0B
3C9D
3C0E
3B0D
3C3C
3B09
BAEB
3D78
3B03
BC73
BC40
3C0B
3C81
BC74
BB09
BD8C
BD53
3C22
BAF6
3BB5
BCDA
3CA5
3D72
BBBD
BD13
3D04
3D48
BD17
BD3A
BD28
3A0A
3C78
3CA1
3D32
BCDE
3C8A
3C67
BCFC
3D3F
BA9A
BABF
BC88
BC84
3D88
3C09
3D3C
BC01
3BAB
3CD4
3CAE
BC0A
3D2B
BC33
BCFC
BC64
BB51
3D73
3C41
3CA8
BC39
3C4F
BCE7
3B97
BBC3
BD15
BC77
BCCD
BC1B
BD25
BC79
3D78
BB97
BCED
BBA7
3CA9
BD20
3C30
BBB5
BD25
BD11
3C9D
3C70
3CB3
3C76
BCEC
BC46
3C11
BCC2
BD43
3BD2
BC3C
3C54
3BD3
BC9B
BCC7
BB92
BCA1
3D5E
BD25
BBB6
3BEE
BC88
3CB0
BCAB
BD0A
3C80
3D01
BD77
3D68
3D12
3D2A
3C7E
3D27
3D25
BD12
3C52
BB02
3D85
3B39
BC3C
BD09
BD2A
B98D
BD03
3B92
BD1B
BC27
BB3E
BB8F
3C19
BCBD
3CED
BBAA
BD1D
3D1F
BC5D
3CC2
BD61
BC85
3CD0
BD1A
BD16
BCE1
BD1C
BD66
BC88
BAD1
BD3B
3D9A
3C76
BD0F
BCB2
BA09
BC46
3D07
BCF0
BC74
3C3A
BD08
3D07
3D18
3CA2
BD09
3D54
BDB5
BCD9
BCB4
BE03
3BEC
3BC3
3C59
BCE1
3C86
BD24
3D0A
BCEB
BBFC
BCCF
3C1B
BC1B
BC78
3DCE
BCBD
3D70
3D3A
3D73
3C76
3C8D
BD05
3DAC
3B1D
3C8B
3D9C
3C08
3D4F
BC9A
3D23
3C91
3A82
BCBE
3A8D
BCB7
3CB1
BD83
3C4A
BBBE
BD1E
BD5D
BC37
BCAB
BD86
3D03
3D50
BCA5
3CD7
3DAD
3CF2
3D3C
3CEB
BC48
BD81
BCD1
BD31
3D00
BCFF
BD16
3D60
3A53
3BB9
3CF1
3D73
BC72
3D4E
BC37
3B8B
3CD9
BCFC
3D29
BDAB
3B81
3D0F
BC08
3D22
3C3E
3D1E
BD9F
BB8D
BC12
3D1D
3D18
3BE9
3D55
BD1B
BB2B
B9C7
BD88
BCB2
BC02
3CF3
BC65
BD3E
BB00
BD26
3CAF
BCDE
3D59
3D08
BC32
3C80
3DA0
3C29
BC57
3CA2
3CAC
BAF5
3B9A
3C8F
BD47
3D7A
3D1C
3BE8
3D3E
BC31
3CB3
3C27
3CAC
BD75
BD13
BD29
3D95
3DA6
BD98
3DC3
3D29
BBC2
3D4B
BD0E
BD62
BC7C
BB46
BA7E
3BCA
BBAB
3D87
3C6E
BC6F
BD5B
BD3C
3D21
BD6C
BDAD
3D12
BBE3
BCB6
BBCA
BCA6
3D61
BCC7
BC9C
BC37
3D25
BD35
BA21
BCE0
BCE7
BD16
BC69
3D2C
BD10
3B73
3AAF
3D20
BD31
BC20
3D0D
3CEC
3B15
3C95
3C1B
BD3A
BD01
3CDF
BD17
BC76
BD0A
BC0B
3C4F
3D5F
3CC6
3D37
3C2F
BBC9
3CDE
3CE1
BCE0
3D64
3C4A
BC7F
BD02
B97E
3C0A
BBCB
3D21
BCFE
BC97
3CC5
BC2E
BC27
3CD4
BCAE
BD00
3CB7
BBC5
3D5E
3B9B
3D7C
BC89
3B2B
BD38
BC83
BC8F
3D2F
3D99
BCF0
BC9A
BD25
BAC7
3CB3
BD74
3D53
BD1E
BD16
3CC9
3D48
3D26
3CED
BCC9
BCE5
3C60
BCBC
3D5F
3B98
3CFC
3D80
BC68
3C68
BD58
BCD0
3C18
3CCC
3D0F
3D88
BC14
3C54
3C65
BBF5
BB33
3CD7
BC0A
3D1A
BD5E
3CC9
3CD5
3B9B
BB37
BCF5
BD2F
BC72
BCBA
3D87
3D38
3D00
3C88
3CE0
BCA2
3CAB
BC4D
3D21
BD54
3CAF
BDDB
BD29
39A5
3D73
BD79
BD2A
3D3E
3C7F
3D6F
3CAC
3D90
3DBA
BCA4
3CB2
3BAE
3D24
BCA7
BCB7
BD04
3C59
BB85
BC31
BD63
BBAE
BD4F
3CD4
BD53
3D1F
3CF6
BC22
BC92
3D51
3D6C
BC53
3C90
3C4D
3CC1
3BA8
3D32
3AB3
BC74
3DA7
BC0D
BC70
3D0C
3D21
BBCB
3CDA
BB1E
3BCD
BDA0
BB86
3D5B
BC86
3D21
3BD4
BCB1
3D0A
3C5C
BC55
BD0D
3CA4
BB26
BBEF
BA41
BD4A
BCC4
BC24
3DA8
BB79
BD07
BBCF
3AD2
BCA8
3CD1
3C77
3C3B
BC19
3D57
BC12
3BE6
3BB0
BD4C
3D0C
BACD
BC2A
BCBA
BBD9
BCDA
BC79
BBB4
3C94
BC8D
3C93
3D68
BB42
BC92
3D1F
3C04
BCC5
3C9C
BC3B
3DB0
BBBB
BA6F
3D05
BC0A
BC80
BD8F
BCC4
BD22
BD52
3B76
3C40
BC69
3CE6
3B89
BCB5
3CBA
BCEA
BC2F
384D
3C7A
BD54
BCC1
3B0A
3D44
3C9F
3C84
3B81
BA8E
BC85
BD6B
BC33
BC87
3C63
BC42
3CAF
3C31
BDB2
BC06
3C86
3D14
BD78
BD13
BCA6
BCA1
BCC3
3BCB
3B0D
BBF6
BD35
3CB0
3DA4
3CA3
BBB5
BCD7
BC29
3CE9
BCAF
BCE0
3BBD
BBA6
BCC1
BCBC
BA3A
BC09
BC16
BC14
BCF9
3D93
BD24
3C5F
BC8F
BC5E
3BC3
3D5F
3CDF
3D97
BC19
BC9B
3C1C
3CDC
BD06
3CC5
BD15
3C8E
3C95
3D7C
BCCA
3C8D
BCA2
BD15
3BF6
3D48
3CD4
BDB4
BD0A
3CEA
BCA4
39AB
BCA6
BD0F
BB88
BD7E
3AFE
3CD8
BC7B
3C38
3D33
BC14
3981
3CEF
3C9C
BC9C
3C07
3C6C
3D2F
3D34
3C05
BB84
BD04
BC36
3BEA
BD4D
3C82
3BE9
BCCC
BCB1
3C8B
BD29
BCB0
BB08
3C57
3D0B
BCEE
3DA3
BC8B
3CA8
3D32
3D9D
BCBB
BC4A
3BB3
BC83
3B9E
BD2A
3B0E
BD06
BC84
BCA5
3D8A
3CA3
BBF8
BDB0
3BA2
BC26
BC07
BC2B
BD48
3C2D
3C9A
3D0D
BC6E
BC21
BC9D
3D6A
3D9D
3C3D
3BB3
3D42
BD0E
BB48
3B53
3C26
3D0F
BC6C
3B78
3CAD
BCE2
BCDA
BD2A
3CEE
3C1B
3D02
BD17
3CF6
BCEA
3C66
3D86
3D75
3C46
3D31
3D03
3C52
BB22
3C90
3C7A
BCAB
BC20
BB8C
BD02
BD0F
BB8D
BCE6
3BFD
BAFA
BCBF
BC41
BBA1
3C4E
3CBF
BBB9
BCFA
BCA0
BC6D
3BBE
3D90
BC2F
3D14
BC6D
BCFC
3C1B
BCAB
3D24
3C89
3CC6
3CBF
BB65
3CFA
3DA2
3B30
BC61
3D38
3CD3
BA8D
BC8F
BD98
3C80
3BA4
BC85
BD27
3C18
BD86
BD39
BD6D
BD58
3D64
3C38
3C7F
3D29
BD0C
3DBD
BD10
3D9B
39D4
3A9A
BD45
3DC2
3CA5
BC3E
3D5C
BD57
3D8D
BBC7
BCC5
BA09
3D30
3CE6
BD16
3CF3
3D15
BCE3
BC12
BC75
3CA6
3C65
BC6F
3D2C
BC02
3D06
BC82
39FA
BCA9
BD29
BC83
3B5D
3D65
3BE5
BD41
BCF8
3C41
BCEB
3AEC
BD01
BD92
BC4E
BC8F
3CA5
3D9E
BD81
BC0D
BBDB
BDA5
3CA9
BC20
3B5E
3D0E
3CC6
BBF6
BC3F
3D2F
3A5D
BCFA
3D3F
BD93
BD0A
BC50
BCB5
BC9C
BC9D
3A0B
BD60
3D85
BD63
3DA3
3BEA
3B9F
BC8F
BC56
BD0E
BCC5
BC12
BAA8
3D9C
BC95
3BBC
BD63
3C94
3C94
3C89
BD08
BD1F
BC70
BD6B
3C14
BBEF
BCB4
BC41
3D73
3D1F
BD1C
3D89
BD33
BD46
3CC2
BCA2
3D25
BCB1
3B03
BBB0
3D01
3CE1
BD30
3B6F
BC8B
3C85
3B75
BD06
BCB4
3CC4
BBE8
3B99
BD1A
BC2B
BB37
BD81
3CAF
3CD5
BD32
3D3D
BCF3
3C5C
3CAD
3D4B
BC31
BC3D
3CB0
3B6E
BCB4
3BEA
BC27
390B
BC97
3BFC
3CB0
BBD0
BC95
3BD1
BC4C
BCC1
3C02
BBBF
3BDB
3C15
3D43
3C3D
3DA0
BD48
3C89
BC4D
BD16
3D29
3C4C
3BDE
3CF9
BDA7
BC93
3BB7
3A50
BC00
BA51
3D57
BA4D
3D78
3D53
3D1F
3D19
3D04
BB2B
3C9A
BCD5
BC26
BA9B
3D09
3D4A
BBA2
BC9E
3D59
BCB6
BC8C
BD09
BBBB
BC14
BC94
3D04
BCFA
BD77
3D0D
3C96
BC0F
BC69
BC1B
BC91
BC72
BC00
3C1C
BD34
BD4F
3D1C
3CA0
3C18
BCD5
3BBB
3D43
3C8D
3D36
3CB9
3D42
3D2B
3CB1
BC91
BC08
BBC0
BD05
3D34
BCC6
BC06
BB77
BCE1
BD71
BD1C
3D04
3C4B
3DA7
3CF7
BD11
3CE5
3D74
BBF3
BD25
39A1
3CA4
BDB2
3CBD
3CDD
BD6A
BD13
3C19
BD0F
BD05
BCC0
3BC1
BCBC
BCED
3CFA
3D48
BAA5
3B9B
BD6E
3B3A
3CA4
BBC1
3B04
BCC0
3C9B
3A9D
3B33
BD7C
3D7B
BD08
BBEF
BB8B
BD1A
3D45
3CEB
3CFF
BC1B
3D58
3CBE
BD07
BD14
BB86
BD11
BCB1
3D0A
BD5A
BB43
BC15
BB14
BBB3
3C8C
3D40
BC3F
BC96
3C97
BCA8
3CE3
3D27
3C09
BCBE
BD22
BCE2
BD30
3DA3
BAD0
BD5C
BC8E
3C9F
BD97
3CAD
BC58
BC86
BD2B
3C27
BD82
3D43
BC69
BC89
BC42
3C76
BD35
BC49
3D40
BD20
BD80
BC9C
BBA7
BD3D
3CD2
BC5F
3CA4
BCB3
3D20
BCB0
3B8C
3D54
BCB2
3D0B
3D63
BD1B
3D60
BD0C
BC8A
BD27
BD2F
BCF8
BCD9
3D2E
BB76
BAED
BD49
3C69
BCD0
3C6C
3D2C
3CDD
3C8C
BC78
BCF9
BD81
BC93
3D59
BC17
BD8D
BC17
3C01
BD9C
3C3F
BC8E
3C1B
3D00
3D07
3A65
BB8A
BCA6
BC12
3BF2
3BFE
3C58
BC08
3CA3
BCA9
BB95
BC96
3BAA
3C81
BD00
3D07
BC0E
BCDD
3CFE
3D06
BC85
3D1E
BD44
3D51
BD2B
3D92
3D2E
3D13
3D12
BB7C
3CA3
BC77
3B0C
BD12
BC96
BD54
BB19
BC41
BD0F
BD57
BD0C
BD44
3CBC
BCAC
BC25
3D98
BD0E
3BF4
BD80
BD53
3D1D
BD50
BC3D
BCAF
39ED
BCC4
BC8E
3C9B
BC81
BD20
BB0A
3D5C
3C4E
3CB3
3CBB
BCC2
3CBF
BACB
BCFD
3BD9
3CD7
3C2F
3D0F
3C4F
BCA3
3C45
3D3A
3D38
BC6A
3C54
BCED
3D43
BC50
3CCD
BD89
BA25
BD41
BCE4
3DD8
BD40
3D2E
3DC0
BC3E
3DA4
3C09
BD99
3DB4
BD9C
3D7B
BD15
BD23
BDDB
BC12
3D3A
3CF8
3AB0
BCC3
3C5F
BBCD
3C71
BD50
BD65
3D24
BCD7
BB68
BBE4
BBD9
3DBB
BC8C
BD97
BD63
BD3B
3CD4
BDAE
3D21
BD91
3DCB
3CFA
BD77
3D83
3C67
3C5C
3CA5
3C47
3C22
BD54
BCC8
3BC4
BD4A
BC11
3CC9
3E15
BCCB
BD2D
3D37
3CB2
3D07
3D32
BD88
BC21
BCC4
3DEC
BDDA
3DF4
3E0E
3D39
3E0A
BD94
BD69
BDF2
BC82
BC30
BDA5
BD67
3D10
BD73
3CF4
BD0D
BD03
BC81
BD5D
BD5E
BD6B
BD86
3C6E
BD8A
BBB5
3D02
39DD
3DC9
BD1A
3B8D
BD0F
BBCE
3DC3
BCD9
BAC7
3D37
3D86
3D8F
3D48
BD15
3DE4
BD09
3D52
3BA2
3D96
3D42
3D2A
3D50
3D30
BCC3
3C9B
3BD6
BD43
3CD0
BD9A
3D0E
3D03
3C45
3D32
3D02
BCC5
3D12
3C63
3D07
BA2A
B8E7
BC18
BBFE
3CC8
3CF4
BA20
BC30
3BC0
BD7C
3D0F
3D3E
3C3A
B953
3CB0
3CD2
3C1D
3CEF
BC1E
3858
3BAC
3B74
BD07
BC57
BBFC
BD8F
3D64
3D56
BD6C
3D4D
3CB9
3D6A
3C39
3D8D
BDCB
3CF6
BD14
3CAB
3C77
BCD7
3C63
BCCF
3D53
3D0A
3C8B
3BBB
3CA2
BAAD
BCB2
3C8A
BACD
BBB9
3D04
BD77
BBE8
3D43
3C2E
3BC3
3CF8
3B2B
3B08
BC4E
3D61
BCD9
BB4F
3D3C
3D21
3D21
3D98
3C6C
3B3A
3CBA
BCC2
3B6A
3D2F
3C80
BC57
BC48
BB5B
3D4B
3C01
3BC7
3D47
3C4F
3D97
BC9B
3CE3
3CD0
BC8D
3DAD
BC45
BC80
3BAE
3B64
3C6B
BD60
3CAA
BD03
BD50
3BAF
BC1D
3D75
BC2D
3D86
3BD8
3B7D
BCD7
3C5A
BB12
3BE8
BC97
BC9E
BD57
BB8E
3D89
BD43
BC62
3BC0
BCCB
BD2A
3BDD
BC8C
BBB0
3AE5
3D13
3C48
3D16
BCCA
3C33
BC95
3D14
3D08
BA54
BBDC
3BCD
BD56
3C8E
BCE1
3C2B
3C55
BC1C
BCA7
3C0A
BC90
BC9C
3BBD
BC78
3ADD
BCB7
BCDC
BD4D
3C9E
BC91
3C79
3A7C
BCCF
3D3D
3B87
3C95
3BCD
BBEE
BD02
BBEB
3CB1
BBB2
381E
BD35
3D09
BC20
3C67
3CBE
BB36
BC57
BC41
BC42
3CB6
BC0A
3B55
3CBE
BC03
BC1B
B9C4
BCE6
BC94
3B8D
BD85
BC0A
3B61
3C8B
3C26
3C2F
3C97
BD01
3D2A
3C61
3CBB
3BAE
BCC3
BC6C
BCEA
BC42
BC9F
BDC0
3B51
3B97
3C83
3BC0
BC0F
3BF7
3D48
BD03
3CF5
3C88
BB8B
3D3B
BBFD
BC3E
BC55
3CF1
3C40
BB37
BCD0
3C9E
BD13
BD36
3C77
BDA3
3D7E
3CBA
BD47
3BB4
3D91
BC8E
3C36
BC0A
3B18
BC89
BB7F
BC8C
BD21
BCBC
3C44
BC83
BC33
BC9E
3BF3
3D71
BD01
3930
BB55
3BA1
BCC2
3CF1
BC54
3D79
3CB2
3BF7
BC93
3C8D
BB5B
BD10
BC6D
3C30
3C0D
BC05
3D13
3D11
BB6D
BCF5
3CC8
3CC8
BC86
3C8F
BD0E
BB2A
3C0D
3D67
3C92
BC7C
3CD0
3B46
BC44
BCFA
3CA9
3B68
BE07
3CEF
3C95
39E9
BCF0
3D17
BD8D
BD2A
3C5D
BCB8
3BC3
BA8A
3B7F
3CC2
BC5E
BBD1
3D1A
BB4D
3D04
3DC8
3BFB
BC47
3B45
3BFD
BE01
3D80
BD21
3D69
BD73
BAC5
BDE7
3C81
3D82
BC9F
3D29
BD0F
BC91
BC05
BC36
BD56
3B6E
3B25
BC3F
3D83
BC78
3C15
3C7E
BA60
3ADE
BD05
39E3
BDBF
3D5A
3B99
3D22
3BBF
BBD6
BD55
BCA8
3CD4
3C29
3CCA
3B82
39E4
3D92
BB50
3C07
BD9D
3C6A
39FD
BBB0
BBDB
BD37
3AE0
3CEB
3CF4
3ADC
BAD4
BC83
BD68
BD17
BD26
BBA7
BDD4
BC46
BB9A
BD31
3D75
3CE1
3D72
3C9A
3C16
3C38
3C17
BC23
BD4E
3CD9
3D33
BC75
3CD4
BC4A
3D52
3D9F
BCAA
BD12
3CC9
BD8D
BBF1
3D08
BCAE
BCFB
BCCF
B9C8
BBD8
BAD6
BC8E
3D8A
BCFE
3C21
BC74
3C65
3BF4
3CA5
3C90
3D00
3C61
BCE2
BC99
3D4B
3CD9
BCB7
3C13
BBAC
BCC4
3D62
3BCE
3BE7
3E06
3C13
3C5B
BC9E
3D2F
BC2A
3C88
3CEC
3C88
3C4F
BCD0
BC5B
BD78
3D37
3D20
3BAE
BBB5
3C13
3D0E
3C14
3C9E
3BCB
BC07
BC0B
3CF7
3D49
BD3A
BB6A
3C64
BCCB
BCA5
BD1A
BC9A
3CD6
BC83
BBD1
BDCD
BC82
3C81
3CB5
BCDB
3B1C
BD92
3D46
BD1B
BC8F
3CEA
3C1A
3B67
3C42
BD94
BCC4
B938
3C4F
3C7D
BD9E
BBA4
BCF1
3DD1
BCB8
BD09
3D87
3CDD
3DDF
BC8D
3CB5
3D2F
BD4C
BD25
3D87
3C0C
BC9D
BD66
3D16
BCBA
BCF1
3B80
BBF9
BD4B
BC4B
3CE5
3CE8
3C74
3D0A
3D2D
3C12
BCD0
3CBC
3BA6
3D74
BD11
3BDF
3D2C
BC8D
3D4A
BD70
BCDC
3DA5
BD7E
3CFC
3B22
3D00
3CE0
3D2F
3D15
BD38
BC77
3C01
3AA8
BD3A
BCF0
3CB9
3C9B
3C6D
BC68
3CA7
BD00
BC63
3D53
BCA0
BC86
BD24
3CC7
3DD2
BD69
3CA0
BCB2
3D1E
BD78
BD00
3CA1
BC17
BC49
BCBA
BB17
3CD8
BB8B
BBA3
B965
BBA4
3D24
BD3E
BCBC
BD99
BB39
3D61
BBEE
3C4F
BD2B
3C73
3D29
3D0F
3C8E
BC5F
BCCA
BC73
BD4F
3D0F
BCD3
BD3E
3D90
BC02
BCD5
3D8E
3D0F
3D2F
BD30
3D0F
3CCA
BD13
3D82
BCA3
3D64
3D11
3C57
3DD6
BCC0
3CE4
BD47
3CC4
3C8E
3CCD
3C9A
39B4
3C29
BC75
3C02
BD0A
BBAA
3B9F
BD95
BC3F
BC72
3C89
BD84
3C51
BCB1
BD0A
BCC3
BCC1
BBC2
BC28
3C03
3C5E
BCEE
3BC3
3D84
3D2E
3C1F
BBB3
BD05
3BB7
BCA3
3B21
3B3D
BD01
BB44
BC29
BD05
3CB5
BD0D
BC20
BB84
BCC0
BCAC
3C93
3C88
3D61
BD86
BCCF
3D1F
3D0D
3C63
3C85
BCF6
BBEB
BDB4
BC79
3BA6
BCEC
3B7A
3D49
BD59
3CE2
BC9E
3D36
3C66
3D81
3D33
3CC3
3C5A
BA38
3CBA
3C9E
3D85
3C79
BD94
BC5D
3BCB
BD25
BC2B
3CDA
BC8D
BC83
3B94
3C1B
BD6A
3D1C
BC5B
3C19
BC6D
3D43
BD9F
3DB6
BD12
BC86
3D06
BDAE
3CB0
BC77
3CF6
BD2C
3D23
BD4E
BCA2
BD5F
BDB8
3CC4
3D84
3DBF
3D13
3D99
3CCD
3C42
BD6D
3CE9
BD51
3D86
3DC5
3CCF
3C1B
3D0B
BDC5
3D28
3D06
BC1B
BA89
3C9F
3D8C
BD82
3C3C
BD08
BB8D
BC66
BCDE
3CB9
BB02
BD3A
BB9F
3D4A
BC56
3C66
BD68
BCC5
BC1C
3CD0
3CA5
BCBB
BD49
BCE0
3D2E
3D34
BB4C
3C81
3C5C
3C8D
BBA4
BB2B
BC71
BD20
BCB1
BCA5
3C2D
BCE5
BCBD
BC67
3B62
BC54
3D97
3CC6
BCD0
BC4C
3BC8
3D0D
3D3A
3D21
3D8D
BDA3
BB1A
3AE3
BD9C
BCBA
3D23
3DCE
BC9E
3CF0
BD8E
3CA2
3BA0
3D33
3D24
BCB3
3D7B
BDBE
BD2F
BD03
BBCC
3DDF
BD0D
BD61
3BAA
3D84
3C0C
BD05
3D7C
3BD1
BCD5
3D67
BC86
BC4F
BCB1
BD21
3BCE
BCF9
3D39
3D8B
BD37
BB40
3D18
3CA3
3D73
BD89
3C92
BCBD
BC75
3CF6
BC3B
3DB7
3CC1
3D43
BD68
BC3D
BBA3
3CBA
BD03
BDAD
BB6F
BCBF
BD5B
BD28
BD18
3CFA
3D1C
BAA3
BD0F
BC74
BDC7
3DFA
3C0E
BD50
3D61
BCA0
BC77
BC13
3C8C
3DA0
BCAC
BD99
BD14
3CFA
BD0B
BB4C
3DB6
3D57
3C9E
BDAF
BCFC
3BBC
3CF1
BD3D
3D44
3B5C
3C3B
BD6C
BCF6
3C61
BC00
BC8E
BCE7
3D0C
3BBF
3CE5
3CF8
3D21
BCD9
3DBD
3D49
BBB8
BA67
3B47
3B85
BB1D
3D06
3CDD
BCDF
3CF8
3CE5
3D0A
3C66
BD07
BB01
3B98
BD0A
3CA2
3C7F
3D26
3CDB
3D63
3D51
BC8D
3C2B
BC68
3CCC
3C72
BCA6
BC64
3D04
3AB0
BBCF
3BBC
BD33
3D0A
3C44
BC9D
3D88
BD84
BB3A
3CE3
BD61
3D4A
3C2C
3AC4
BD08
3CE1
3B77
BC09
BC07
BCA1
BD0B
BCE7
BC3F
3C82
3C68
BB3E
3CB0
BD02
B9F5
BD2C
BC91
BB7B
BC9C
BB09
BC88
3C27
3CD6
BCD1
BC07
3CBB
BD1B
3CE9
BBD0
BCE5
B88F
BCD5
3C86
BA94
BC67
3D17
BD7E
3B39
BC54
3C78
BBC2
3C32
BD3C
3D0F
3CF3
3B8D
3C03
3D1D
3CDC
3BB2
3AE4
BD7D
3D1B
BA79
BA84
BC2B
BC5F
BD05
3A1F
BD1F
3D5E
3D33
3CB7
3D2C
3B4B
3CAA
BD19
3C01
39B4
BBFA
BD40
3B00
BD59
BBD7
392B
BBB4
BD04
3C71
3957
BD1F
3D9E
BC7D
BC86
3C4E
BBD1
BCAC
BCA7
BBBA
BD03
3D03
BCD7
3D07
BD99
BCA2
BBE1
3D0E
BA8E
3D4F
3C79
BD57
3CDA
3B19
3D0A
BD47
3D46
3CAB
BCD8
BCEE
BC8C
BC77
3B5D
BD88
BC86
BA41
BCD1
BBF4
BD8F
BAD6
BCAD
BCFA
BCAF
3D63
3BC1
BB8E
3DA0
3D12
BCB6
BBB8
BD15
3B82
3C09
3BA5
3B5E
BCCD
BCED
3C9D
BCA0
BC94
BCC9
BC8B
3CBE
3D77
BCA5
3D4C
3BD1
BCCD
3C8E
3BBB
BC7D
BD06
BBA0
3CF0
3B28
BC93
3CE3
BD0D
BC73
3B80
BDA0
3CEE
3BAD
3C07
3D22
BB2D
3D23
BD1A
BBF4
BC92
BBD7
3B1A
BB33
BD26
BD29
3C2E
BCB9
BC91
3D20
3BDF
BCE5
BC83
3B0C
3D0A
3C6C
3D6F
3C6D
3D81
BD97
3D92
3D02
BD57
BCD9
3BDA
BBFE
BBF5
BCB9
BC1D
3C01
BCF4
3C6A
3C85
3CFD
3C21
BCA6
BB8A
3C7C
BC1B
BC8A
39CB
BD28
BCC1
BC3E
BC41
3CB8
3BF0
3D13
3C46
BB6B
BD17
3D3A
BCBC
3D3C
3D25
BD4A
BCD6
3D2C
3A34
BCF5
3CC0
3D05
BCD5
BD33
BAD9
BD6F
BD30
3C9D
BC08
3DA2
3C7B
BCD2
BB45
BC0F
BBB6
3C4E
BCD8
BBDE
BC81
BC63
BDB1
BD12
3BFB
BA9F
BCF0
3D3E
3B4E
3D2B
3CBA
3D2F
3DBD
BAAD
3C75
3CED
3D0D
3B1F
3D08
3CA6
3D12
BD29
BCD1
BA43
3D55
3C3F
3C12
3CF2
BC96
3CDA
BD33
BC53
BCB1
BC86
3D58
3D1A
3DA0
BD85
3D27
3A77
3B83
BCF6
BB91
BD4D
BC07
3CED
BD7E
BB63
3CB6
3D15
3D48
BD85
BD96
BD88
3CE6
BCAA
BCD8
3D1E
BBA0
BC8F
3C2A
3BE4
BA40
BCB4
BCAC
BC41
3C99
3CD0
BC8C
3D67
BCF5
BA3E
BCDF
BC93
BD58
3C0B
3CFB
3D64
3B12
BB93
BCCC
BBC1
BC70
3C2B
3D41
BC5D
3C9C
3C29
BC9B
3C72
3D2C
BCAB
3CB9
3D28
3D08
3C47
3C72
BAB7
3C76
3D2C
3C5A
BC37
BC53
BBC0
3BD1
BD0A
BD27
3B39
3C50
BCA4
BCCD
3C4E
B98F
3CA6
3AD6
3C78
3C8C
BAA3
BB87
3CC3
3CC6
BD44
3CE9
BC9B
BB9C
BB41
3D08
3C2E
BD34
BC4D
BD8A
BC30
3DB3
3B89
3CAA
BBD9
BC83
BDCA
3B44
3CAD
3BFE
3B27
BAB7
3B9B
BC97
BCE3
3CCE
BD0E
BBAA
3D98
3CE1
BB99
BBC6
BC35
BCAC
3B8D
3D2D
3D36
BC9A
3B5D
3AA9
3D0C
3CF3
3C20
3AC0
3C14
3CCE
BC6A
3D19
BCF1
BB77
BC6B
3C84
BD65
BC8D
3D58
3C8A
3C94
3C59
BCEA
BBBB
3C9A
3CF5
3D11
3CAF
3D85
BCD4
3B70
BB3F
BBA0
3C97
3BEC
3D07
3B3E
3BC6
3B95
3D1E
BD0A
BBF4
BB70
3D0C
BD00
BBF3
BAD1
BBD2
BBDF
3C4A
BB08
39DD
3A83
BC98
3CB2
BD23
BBD6
3BFE
BC9F
BC13
3D16
3D3A
3D3C
BB38
BBB9
BC16
3A7E
BC4E
3D90
BCE0
3D1E
BC42
3DC1
BD37
BCAE
3BFC
BBD3
3D52
3C8C
3C50
BD04
3C8F
3A88
3CB5
BC79
399E
3D34
BD1C
3C48
3D14
3BC1
BC39
3DA8
BBD3
3CD1
BB2F
BCA7
3C3C
BD46
BBFC
BC85
3CDB
BA8D
39D6
3CFB
3C05
3D06
3CC0
3D4A
3CBA
BC31
BD66
3CE1
BD1F
3CD7
BCDC
BC37
3C1C
3D35
3B9B
BD32
3D68
BD39
BC99
3D2A
BB90
3C00
3CD9
BC8E
3D13
3D88
BC60
3C9D
3D42
3CFC
3DC6
BD2F
3C87
3D48
3D27
3CC7
BCF2
3D49
3CA2
BB9B
3D4B
BD2E
3CD6
BD76
BCBC
3D26
BB8F
3AE0
BD42
3D94
3C8C
3CDE
3C5B
3D33
3BA5
BD03
3CB1
3D96
3CAB
3CD1
BCA6
3D05
BBB0
3CE8
BCE4
3B77
BCF9
BD4E
3C11
BCC0
3D62
BC9D
BC5E
BCC9
3D5C
BD2B
BCF6
BD00
BD3D
BCA3
399D
3CF9
BCB0
3D4E
3D20
BC9E
3D1E
3D0C
BD2C
BC87
3AFC
BC59
BBA5
BC9F
3BF6
3C80
BD65
3CA2
BD15
BC67
3DA4
3D38
3CA4
3DAB
3C6F
BC9B
3BA9
BD23
BC88
BD72
3C43
3CD3
BCB2
3D8B
3CC8
BCCA
3C6F
BADD
BD22
3B50
3C0D
3D4A
BCEA
BCB1
3DA6
3C44
BD7E
BCA4
BC80
3C32
BCF9
3D4A
BA10
3D3A
3C93
BC98
BB0A
3BD6
3C98
3D57
BD05
3C81
3D30
BCDF
BD81
3B7F
3D73
3D1A
BC64
3C66
BDC7
3CB5
BD89
3C88
3C36
BD4B
3D15
BD9E
3CA0
BD44
BC83
3D41
3D53
3D09
3CAB
BCDB
BB72
3CAA
BD98
3C5C
BDA6
3D1B
BCF7
3CFB
BD39
BB12
BD3A
BCFE
3BB4
BCA8
BD5C
3D8E
3C30
3DAC
3CEE
BC37
BC83
BCAE
BCDE
3B6B
BDDB
3C97
BD13
3BE2
3D60
3C29
3CD7
3CE4
3B2D
3DB3
BC3F
3C97
BBE3
BD61
3CD8
B9F7
3DD4
BD17
BD06
3D0F
BCB3
BC93
BCB2
BBA9
3C4A
3B57
3CB9
3B36
BBA7
BD96
3D7A
3C07
3B08
3D72
BD0A
BC10
3C38
BD98
3DA5
3D53
BD38
3D35
BE07
3CDE
3A85
BDA8
BD86
BD91
BAD6
3C8C
BC5A
3D01
3CA2
3C78
BD18
3CDA
3C6A
BC98
BDFE
BB4E
BD40
3C52
3D97
BD77
3CF0
BB6C
3CB6
3D18
BD7E
3C44
BBC2
3D94
3D8B
BC15
3C11
3B81
3D2B
3C92
3D69
3D53
3C0B
3AF6
BBA4
BD62
BDBB
3CBE
BBF3
3C80
3C15
BB08
BCD6
3D7A
BD43
BCEF
BCBA
BDB8
3D9F
BD84
3B8E
3DA2
BB1D
3D3F
3D08
BDCF
3D2A
3DA9
BDC9
BD1D
BD24
3C7F
BCA5
BCFD
BC9C
BD54
BD92
3CB5
BD02
BD30
BD86
3CA2
3C93
BC82
3B57
3D06
BCD7
BBF4
3CD1
3C7F
BCC3
3CDB
3998
3D43
BE10
3C9E
BD1D
3B2F
BC9F
3DAA
3BE6
3AD4
BCAA
3C80
BCDA
BD77
BDBB
3D8A
3D80
3D48
BB3A
3C5B
3D84
BD91
3CCD
3D61
3D29
3D04
3D4F
BB9F
3CF1
3C40
3C87
BC13
BC18
3C9D
BC57
3C67
BBE0
BC94
3B43
BC0B
BA19
BC3D
BAFB
BA1E
BCA9
B951
BBC9
BCB7
3BD1
BD0B
BC63
BB2F
BC2D
BD59
BD46
BCAA
BBC3
BD27
3CF8
3D49
3CEB
3D1F
3D00
BBCF
BAA1
BD24
BD45
3D8D
BC9D
BD42
B943
BC4D
3BF3
3A98
BC88
BC21
BC04
3C5F
BCC5
BCFE
BC89
BCFB
BAC3
3AF2
3DA1
3BE9
3D71
BD45
3D5B
3D38
3CDE
BC97
BD31
3C93
3C3E
BBEB
BC83
BC71
3C31
BCD7
BBD3
3D05
3C92
3CFA
3C43
BBF4
3C44
BCDE
BB72
BC65
BC5D
3BFB
3C82
3CE1
BCA0
BBE1
BB11
3C12
3B66
3D42
3C47
3D33
3BC9
3B79
BC9D
BCA1
BCEF
BD10
3AA5
BC8B
BCC4
3D83
BDB0
3BBC
BD41
BAC6
BCD3
3C90
3CFF
3CAE
3C9B
3CC7
BC7F
3D2F
BCE5
BA0C
3BF2
BD21
BD17
3B03
3C5B
3C42
3C87
3CEE
3C94
BCA8
BAA4
BD1F
BBE0
3BDF
3955
3BAD
3D33
BD0A
BCFD
BCBE
BD95
BC72
BDA1
BD3B
BD49
BD0C
BD89
BC5C
3A97
BBA5
BD7B
3C8E
3C8B
3BDA
BC1A
3D65
3CB0
BC7A
3C2A
3CE1
3CA2
3CAD
BD9D
BD63
3D10
3C75
BD34
3DBD
BD0D
BCF1
BB15
3DA8
BC9E
3C80
3C48
3BD6
BAE2
3C52
3D99
3BA9
3D34
3D28
BCEF
3A8C
3ACF
BD4F
BC8E
3D0F
3D39
BCF0
3C49
BCA8
BD30
3BB0
BDAC
BD35
3D0F
BCBD
3D20
3B39
BC55
3D6A
3C92
BD73
BC3D
BCBA
BD66
BB57
3D24
3C4F
3CE6
BC25
3D1E
BC7B
BCEA
3C64
3D20
BC76
BC63
BD2E
BC13
BCC1
BD9E
3CAF
3C98
3C66
BC45
3D18
3C52
BD54
BC3F
3CD8
BD91
BC4C
3D37
BCAB
BD3C
3CDD
3C02
BBB8
3C46
3D8D
BD50
3D27
BC2F
3D71
39EA
BC6E
391C
3D1B
BC49
BC26
BBA0
3B9C
3BEF
39E7
3CE3
3C3B
BC10
3C7D
BCD2
3D45
BA63
BD04
BD59
3C0B
3D99
BAF4
3901
BC06
3D3C
BD44
BCF3
BD25
BD07
BDE1
BD07
BC6C
3D13
3A96
BCD1
3D43
BB9C
BB3C
3CEE
3C5B
BDB1
3D1F
BDA3
3BED
BD26
BD3E
BC07
BBD4
BD5E
3CD8
BD53
3CB5
BB1D
3C67
BCFB
BB93
3D3F
3CF1
BB89
3D06
BC61
3D61
BCB8
BD48
3CA6
BD1C
BC24
3D4E
3D67
3CB0
BCD9
BCAA
3C7A
3D10
3C94
BD65
3C2E
3C93
BA49
3D13
BD8A
3D33
3C2B
3CE9
3C2D
3B6D
BCEC
3C5E
BD28
BD87
3D56
BCEF
B7FF
3C26
BD17
BCFB
BA03
3D34
BCF6
3BE0
BCAA
BD7F
3D27
3D59
3D49
BD27
BC31
BC0D
3C55
BB5A
3CCA
3D11
3C0A
3ADA
BC7E
3CB5
BD4B
3B84
BB63
3D72
BCF0
3C47
3AAA
BBDB
3CA6
3D02
BB25
3D31
BC97
3D82
3C95
BD3E
3A89
BDA4
3D48
3D39
3B79
3CF0
3D26
3BE8
3D44
3CBF
3AEC
3CB5
BAC6
BC36
3DC5
BCD6
3C9D
3D0E
BD8E
3C90
BD52
BCA4
BBCB
3C3A
BA6C
3CD1
3D92
3BD7
3D1A
BD99
3CE9
BD19
3C91
3D24
3D85
3BA2
3BC0
3B49
BD52
BD09
3DCD
3D1D
BD08
BC67
3D27
BD24
3DEC
BD4F
BAC0
BCA8
3CB0
BCB3
BC22
3CBE
3C9E
3D51
3CA1
BCCB
3BCA
BD1A
3D7D
BD10
3C93
3C4E
3D29
BD81
3C9B
3C5E
3D05
3D1B
3D16
BC26
BD0F
3D74
3D6A
BDB5
3DDB
3D35
BC98
3D51
BC12
BC9E
3D40
BD23
BC17
BD8F
BD46
3BF1
BD02
3B0A
3D52
BB14
BD1E
3C0B
BD24
3D29
3D15
3D72
3C26
BDBC
3D1B
BCB5
3CB8
BC35
BD69
BC4A
3D38
BC33
3BF5
3C6B
3CD2
3B40
3C80
3CB8
3B87
3C82
BD00
3C10
3D00
3D17
3C1B
3D96
3C2F
BC93
3D19
BB71
3B10
BD07
3D34
3B62
B95D
BCC8
BCA7
3D1B
3C31
3C55
B905
BD35
3C1C
BD40
3D0E
BC89
3CA0
BBAD
BD70
3B8F
3D6F
BD8C
3CF5
3D07
BB62
3B0D
3D57
3DB0
BCF1
3C85
3CC9
BD54
3C1B
3C69
3CAD
3D91
3D15
3C09
BD36
3C5B
3D0C
3C05
3DAA
3B42
3CBD
3BB4
BC29
BC37
BD53
3ADB
BBB7
3C9F
BC76
3C3C
BD04
3CAC
BD3D
BD45
3D00
3C44
3D60
BBF6
3CF5
BCC8
BBB0
BC10
BD3A
BAF2
3D97
BCAB
3C34
3BCD
BB63
3CC9
BDFE
3D24
BCD0
3B56
3C29
BD43
BD86
BDAF
3D25
BC27
3C8E
BD07
3D8F
3D89
3D41
BD0A
BAA4
BDA1
BCF3
3C89
3D42
3D01
BCC3
3CF6
BD8D
BC32
3CE7
BD41
BD3D
3D37
BC90
3C4E
BD99
BC3B
BCB0
3D8B
BD50
BCFE
3DB1
3D02
BD1D
BC2E
BCB2
BD21
3B76
BD21
3CCD
3C35
BD01
BD2B
BC6D
3E0C
BC2E
BD32
BA56
BD32
BCC6
3DAE
3C93
B9E4
3B34
3BE4
3CD2
3D8C
BD1A
3D6C
3C88
BD11
3CCA
3C2E
3C2D
3C83
3C01
3C63
3B49
3BC7
3D43
3B16
BCDD
3BE0
3A77
BCA5
3C21
3CCD
3ABC
BBDB
3BAC
BCF6
3D17
BB0F
3AA4
3C27
3C81
3D0A
BCDF
BD46
BC18
3D0D
3D89
BC59
BD3E
BD67
3C90
BC58
BCA9
BD5A
BD19
BC42
3D29
3CB6
BD5D
BB93
BD00
BC7C
BD09
3BCA
3D3D
3C11
3CCC
3CAA
BC89
3CAB
BC78
BCBE
BC59
BD03
3D1E
3C59
BB38
3CB2
BCD3
BBDC
3CD2
BCA2
B9FC
3C89
3B0F
BBE7
BC83
BDB0
BD0C
3CE1
3D29
3C04
BC08
BC8A
BC10
BCDB
3D3B
3D6F
3CEB
3CF7
BD5A
BBA8
3CD9
3D94
3CA7
BBEB
BD14
BC1F
BC37
BC19
BC1D
BD7B
3CF4
3CED
BB5B
BCC9
BBFB
3C22
BCD8
BCF6
3CBB
3C5A
BCDB
BC50
3D49
3D33
BCE6
BC24
BBC0
3CEE
BAF3
BD43
BD83
BC62
BCD8
3CB9
BCBC
BC32
BB02
3CC9
3C00
BC3A
BD26
3BCA
BC3A
3D43
3D65
BC0D
BCB5
BC29
BDE9
BC91
3CE3
BDAC
3C1C
BC77
BD06
3C9B
3B85
BC86
BD15
3C81
3C38
3BF5
BD0A
BD40
3C7A
BD08
3C9A
3D2F
BDAA
3CF2
BD59
3D26
BDAB
BC29
3D9D
3D25
BC8A
BD58
BCFD
BCE5
BD22
BBB6
BB95
BC74
BD31
BB0B
BD06
BD1B
BD01
3CD3
3CCC
3B9F
BC26
3B20
BCBC
BD87
3D0D
BD25
BD21
BCB6
BCE5
3B84
3C84
BD9F
3D1D
BD3E
3C8E
3C57
BD29
BC90
BD25
3D34
3B25
3D85
3C4F
BE0F
BD34
BD42
BCC9
3BBD
3DA0
BB97
BD86
BD12
3D3F
BD26
3DA0
3CDA
BD3E
BCC0
BB75
3DB7
3D0E
3BB9
3CDC
BCC7
BD4C
BDF5
3CF1
3D43
3AF6
BD0B
BAFA
BA29
BCC3
BD3A
3CEB
3C91
3CF7
3BC5
3C48
BD15
BCB7
3C44
BBD2
BB81
3DA3
BC57
BD09
BBF8
BC39
BB34
BC44
3C60
BD8C
3CBE
BA7C
BC68
BDAC
3D26
BD62
3D8A
BCC6
BD08
BC67
BB79
BDA8
3D12
3D6E
BCC1
BD16
BD16
3CA8
BDEE
3D0F
BB4B
BCB8
BCFC
3BC4
BB5B
3D4B
BCD7
3C21
3BCA
BBDB
3D10
BD61
BA8F
BD1D
3BFC
BB2C
BD12
3D33
3B39
BDAA
39D1
BC98
BC51
3CC0
BCC6
3BA4
BC9B
3D07
BC77
BD11
BC6D
BD4A
3C94
3D27
3C42
BD27
3C9D
3CE4
BD01
BC02
3D05
BD5A
3D55
BD26
3C38
3D9E
BC7E
3BB5
3D13
BCEA
3C30
3831
BCBD
BD08
3C79
3C8F
BBAF
BC03
3CC1
3C2E
3C1F
3D0F
BD72
BD28
3C89
3CF7
BCC7
3BF4
BD1E
3CA3
BD44
BD2D
3CD8
BC6B
BC71
BD6A
BD26
3D9C
B9D6
3CB5
BD1F
3C80
3B1E
3B32
BD06
3C9E
3D2A
3D4E
3D1B
BC8A
3D2C
BD41
BD02
3CA2
BC5B
BD4A
BAD7
3C71
3D32
3CB7
3D53
3D65
BD40
BC14
BC12
BD88
BCFF
BCB5
BC98
BBAC
3C2F
3CBE
BCC2
BA56
BCB8
BC14
3C1C
BD02
BBC3
3CC2
3B90
BD12
BB4F
3D06
3C25
3C84
3DC9
3BC1
BD19
3D48
3CCA
BB80
3CEB
3C72
BC85
BC84
BB6B
3CC9
BD36
BC86
3C97
BC69
3D47
3D1D
3C0B
3C95
BD68
3C21
3D42
3B97
BCCB
BC58
3C63
BD34
BC7E
BC28
BD85
BD3D
BC67
BC62
BAA8
BCFE
3C56
3D16
BC5C
3D16
3C7E
3D4E
BC20
3CA7
3C71
3C96
3C9A
BC87
3C9C
3B94
BC32
3C37
BC81
3BFC
3CA7
BB03
3CBF
3BDB
3BD4
3D45
3BE2
BD02
BBCF
3C25
3C02
3C35
3CFB
3C7A
3D1F
3CC5
3D90
3D3B
3CEE
3CFE
BCA7
BBAC
3D3E
3C1B
3C94
BDB5
B9CD
BD7D
BD0B
BDE0
3BD9
3D17
3CFA
BCF1
BC1C
3CE6
BD42
3C95
3B61
3CB7
BD12
3CA4
BD33
B9FE
3C8E
BCB9
BB99
BB8A
BD4C
BD48
3D13
BCB0
BC63
3C6B
BC16
BD0B
3CFD
BCBF
BCEE
3D39
BCFA
3D30
3C07
3CB4
3B6A
3D0F
3B1D
BD7B
3C90
BD11
3D6D
3D01
3C5B
3CD4
3D20
3C19
BC02
3DDD
BCC5
BC2A
BD03
3C8E
BD96
BD4F
BBF4
3D20
BDBA
BD36
3D3C
3D54
BC28
3DA4
3B9A
3CB9
BD24
BB55
BC04
3C5F
BC0D
3C72
3BCF
BC4C
BCD4
3CE5
3B90
BB68
BC4C
3D05
3D02
BD61
3C95
3C02
BCAC
3BD4
3B2B
3C52
3CC0
BCE3
3D69
3C64
3B25
3D98
3C1D
3B7A
BB33
BC44
3B22
BD14
B96D
3D7F
3C30
3D1E
3BF6
3B6F
BD4B
BB82
BC31
3ABF
BD59
BD42
3DA3
3D45
3D49
BBE4
B986
BCAB
3CE5
3CE6
3C8F
BD0E
3D65
3CB4
BB98
BDB0
BCD5
BC5F
3D0A
BDCA
3D18
3D39
BD05
BC01
3AAA
3B83
3B87
BD28
3C06
BB93
3B17
3B68
BCFC
3C68
BC17
3D56
BCB0
3CD1
BD12
3D6B
3D2D
3C4A
BD3B
3D02
3CDA
BBC9
BD28
BC59
BC81
BA9D
3BC1
3CD5
3C6E
3D16
3CB1
3B04
BC70
BBA3
BC31
BCAE
3D3B
3C1C
3B99
3C42
3D32
3C20
3C1F
3D2A
B9BE
BB1B
3C8E
BB0A
3B31
3C53
3CE9
BD49
BC3E
3D04
BC2C
3D40
BD0B
BCBF
BCA5
BBA9
BD1B
BD34
BD02
BCA7
3CBC
BC93
BCF0
3CC8
3D31
BCE2
3CF8
3D31
BBD8
3AB5
3BFF
BD13
3B84
3CE6
BCB7
BC50
3DA2
BD41
3C5F
3D60
BBA2
BCA6
BBEA
BCF4
BCA9
BD2C
BAA5
BD51
395B
3BF1
BD82
BD43
3B8A
BB1D
BCB7
3D10
BD31
3C53
BC15
BA08
3C89
BC53
BD07
BD16
BB4A
BA95
3C2C
BD70
3D69
BABB
BD1B
BCB5
3C6A
3D23
BC24
3D9D
BC76
3D29
3CD2
3D14
BC49
BD27
BBE7
3B94
3C94
BD05
3D27
BC98
3C28
3D13
3D91
3CAA
3D0B
3D88
BD11
BD23
3AC4
BC9C
BCC7
BD5B
3C4D
BC07
BC92
3C81
3C66
3C97
BBE5
3CA3
BC02
3D14
BD0C
3C9B
BC95
BC36
3CBF
3AC2
BCB6
BD10
3CE0
BD51
BC0A
BC90
3C9A
3C3A
3CF4
3C93
BC91
3D36
3BDC
BB67
BDA0
3C98
BC49
BD6A
3CB5
3D25
BD44
BD4B
BC18
BC61
3C19
3D27
BB58
3C60
BCA3
3CF3
BD58
BB47
3D54
BBA9
BAF3
BC51
3CD4
BCDA
3C7F
3C09
BCBE
3B41
BCD8
BCEE
3C5D
3D75
BC48
3CB8
3C3C
BB8B
BC7C
3D0E
3C87
BCD4
3B9F
3D12
BCA3
BCD3
3A8F
3D5E
BCC3
3CF5
3D1B
3C44
3C20
3C6C
BB23
3B87
3CFE
BC7C
3B1A
3C69
3CDE
BD0A
3D6D
BC9F
3BF0
3C99
3A8C
3D2C
3D4A
3C88
BCDD
BC18
3C0F
BB9E
3AA9
BC29
BC30
3CC8
3BFD
BB85
BC38
3C5F
BCD7
3CF3
BB13
3C82
BB91
BD12
BC14
3D4E
3CC0
3D09
BC07
3D48
BD33
BB17
BB90
BCCD
BA28
BC8C
3CB4
BC1C
BD1E
3C4A
3C2D
BCA1
3C5F
3C05
BDA7
BD55
BCEC
3A8F
3DB0
BC88
3C37
BD9B
BC93
BCBD
BCB8
BD0A
3C68
3C51
3CF6
3C6B
3CB3
BC0C
3C30
BCA9
3AFF
BCD6
BA8A
BC1F
BCB7
BBAA
3C83
BCF0
BB1F
3D9F
BD34
3BC1
3BE1
3CC0
3C3F
3B5B
3CAD
3CF6
3C6D
BBCA
3C85
3CB2
3CAA
BD05
BC5D
3CF1
BD35
3C20
BBCE
BD0F
3B1B
BC8C
3A55
3D0E
BCC3
3D1B
B922
3D7C
3B89
3CB9
3B99
BCCE
3C8A
BBA0
3C97
BCA5
3C8E
BD87
BD50
BD89
BD87
BCA8
3B8D
3B9B
3CAF
3D3D
BC27
BAAD
BBD6
BD60
3CE3
3CEF
3CA2
BD23
BD8F
BD0C
BC9C
BC77
BCAC
BCC6
BCE6
BCA6
BBC8
3B54
3C51
3D0D
BB66
38F9
3C3B
3C26
3B28
BD40
3C28
3D07
BC8B
3C33
BD3A
BB39
BCC0
3D00
3CC5
BC80
BD78
BCAB
BB88
3C72
BC10
3C0F
BC3F
BBEB
BC2F
BC69
BCFF
3C3F
BB91
BC4E
3C32
BCE6
BC85
3D4F
3C02
3C14
BC09
3D1F
3919
3AF2
3BB3
BCDE
3C1F
BD41
3D46
3B36
BAE7
BD9D
3AFC
BC12
3C2F
3D23
BD05
3C38
BDA4
BC24
3CD8
3C44
BBDD
BAD4
3D8D
BC97
BC53
BD28
BD27
3C82
BA5F
3CCD
3B26
3D07
BDCD
3B9D
3D11
3D1A
BBD3
3C09
BCA6
3D3A
3CE6
3CEE
3BB0
3C5D
3C05
BCB2
BBEB
BD6E
BC11
BC20
3A53
BD29
3D3E
3B6F
BC0B
BC95
BBAD
BBB3
BD52
3D14
BD13
3D35
3CD7
3D14
3D00
BD60
BCD0
BD80
BC50
BBD5
BD16
3CC2
3CCF
BCCE
3BD2
3BD5
BD0A
B95C
BD3E
3CAB
3D03
BC63
3CD5
BC6D
BDA9
BBA0
BCBB
3D09
BA69
BCE2
3CA7
BCBD
3D5F
3D49
BCD9
BCB6
3C06
3CB4
3B21
3BF5
3CB4
3CA1
BCC4
BB71
3CA5
BD12
BD80
BC17
3C08
3CD3
BC56
3B42
BB51
3D2F
3CDD
3CDB
BC50
3D59
3CAE
3CFB
3CA7
3BEB
3C51
3BBA
BD2B
3C32
3B82
BD2A
3CCC
BCF8
BC99
3D0F
BCA6
3CE4
BD33
3D2F
3CDC
3D32
3DA8
BB51
BD1B
BBDE
BDD2
BCAB
3D5F
BC35
3BF7
BD16
BC95
3D29
BDA6
39D5
BC84
BD2D
3BDA
3B37
3D32
3B89
3B65
BBD3
39DE
3D19
BD5E
BD2D
3D39
BD6A
BAFF
BCD2
BCB4
BC2B
3C85
BD02
BD34
BDB7
3CE3
3D7A
3AEE
3B8B
37F3
3D28
BCE7
3D56
3B47
BC27
3A82
3B8A
3CFC
BD23
3CC5
BCEC
BD3A
BCC9
BDA6
BC07
3DA8
3CCC
BC00
3D97
BBAE
3C9F
BD3B
BC77
3D42
3C66
3D8C
BC1E
BB47
3CA7
3CA2
3D31
BB92
3BF0
BC3A
BDE7
3D8B
3C50
3D10
3B98
3C7B
3CF7
BD41
3D8D
3D0D
3D86
BBE9
BCC4
BD15
3D17
BD95
BC8D
BC70
3D63
BD10
B898
3D1C
3CA2
BB88
BD8F
3CA7
BCF1
BD80
BD7E
BD1E
BD7D
BBD3
3CE0
3BE3
3CBD
3BEB
3C65
BD04
BA02
BC18
3C7B
BCF5
BB3B
BCA5
3D0B
BB60
3D79
BC80
3C33
3C0F
BC93
BB13
3C51
BD4E
BCDA
3C86
3C2F
3C01
3B23
BCE7
3BDD
3D99
3C4D
BA81
3B88
397F
BD08
3C58
BCF8
3C0D
3D0F
BB87
BC64
3CA4
3C9D
3D28
BB95
BCE9
3C22
3B5E
BAAF
BC92
3D3E
3BB3
BCE3
3C15
BB29
BD3F
3C85
3BA1
BC0F
3B95
3CEA
BC71
BC95
BD5D
3D23
BD32
3D09
B767
BD8A
3D60
BB0F
3B65
BD1D
BBBD
BCBA
BCA3
3C97
BD62
3CFA
BC68
BB90
3C91
3C81
3C1B
BCB0
BC5E
BD21
BBD6
3CAC
3CA6
BD8C
3870
3C5A
BBF4
3C61
3D10
BCAA
BCD9
BCA4
BB8D
BD31
BD0C
3C1F
BBB3
BC5F
3B91
BBDF
3D41
BC7D
3B3D
BC97
BD0A
3C41
BC78
BCDE
3C42
3BB2
3D11
BCF0
3CE7
BB3D
3BBA
3C5F
BCD6
BD1E
BCC9
BCB3
3D0A
BCBF
3B50
3BCB
3B06
BC04
BCA1
BD84
BC29
3D1F
3D7D
BD0F
3D64
BD7C
BCBF
BCC4
BD2C
3DAE
3C0D
3D4D
3BB0
3D12
BC26
BD0E
BC6A
3D41
3CAC
BCC6
3D7E
BC4D
BAFA
BD26
BC47
BC4D
3C98
BD86
BC8E
BD8C
3CEE
BC20
3C51
3C3F
3D5B
BD02
BCA8
3A34
BD1B
3CD1
3C23
BD0D
BD09
3BE4
3A07
BCA4
BCD6
BD6E
3CDE
BC0A
3BDC
BD33
BCB3
3CDB
3C42
3A2D
BA4A
3CAD
BCA6
3B05
3C72
3D2E
BD81
BD89
3D6C
BDC6
BCD7
BD52
BD7A
BC3B
3D5E
3B5A
BC51
3D40
BD63
BC46
BD40
BBF0
3B71
BC12
3D5F
3B8B
BCDD
BC2F
BD18
3C6C
BC59
BCBA
3D19
BC82
3B87
3CED
3C75
3B2A
BCB2
BD3D
3D56
BC8C
3D94
BD39
BC6E
3D71
BC7E
BCF0
BD0D
3CA5
BCB0
3C17
3AEE
3A89
BDC8
BD57
3C92
3D19
BA38
3CAC
BD02
BC99
BD2C
B975
3BDF
3C8F
BB43
BCB8
3BD4
BB32
BD2F
BCC3
3D5B
BC0E
BD2E
BCC8
3C41
3D2E
3C50
BDBD
3D67
3CB2
BCD9
3C67
BD0E
3B81
BC82
BCD2
3C20
BC32
3D51
3C22
3DA6
BA48
BD3C
BC83
BCE0
BCE3
3D29
BD1B
3CF6
BC24
BCAD
BBD9
BB4F
BC73
BD72
BD54
3D55
BC09
BCC3
3CC0
BC15
3C89
BCB7
3CFE
3CD0
BD3B
3CAB
BC8B
39C0
3D31
BC99
BD85
3CF6
BD1B
3CD8
BD86
BCB7
BB0D
3C37
BC76
3B8D
BCD2
BD04
BCE2
3D5F
BD8F
3D17
3CCF
3D23
BC1F
BC47
3BAF
3D47
BC55
BD88
3C7A
3C4B
3C9A
3C1C
3D7E
BD54
BB41
3D09
3D01
BB18
BC9B
BCA9
3B09
3D83
BC14
3AC8
BD83
BAB4
3D86
3CB3
3BAD
BD87
3CD3
3D0A
BD83
3CAF
BD3A
3BDC
BC9D
3CF0
3CF4
3C1B
BD13
BC49
3BFB
BCD5
BDA4
BC90
3B94
3D26
3CC2
BCAA
BCDB
BC7A
BC1A
3D0A
BD1B
BADE
BC5A
BD15
3C8C
BCFD
BD46
BC14
BC07
3D21
BC42
3CA9
BD13
BBD4
3D7A
BB63
BD06
3C8B
BB1E
BCB6
3D06
BC03
3C52
3CDA
BBF1
3D5E
3C18
BCD1
B9D0
3C35
BB91
3C98
BBFE
3D24
3C80
BCE3
3BB6
BD05
BD91
BC7F
3A72
BC71
3D95
BBBB
BCA9
3CBE
BD6E
BC91
3D82
3898
BD36
3BCB
BD1C
3B2E
BB5F
BD71
3C4D
3D32
3C45
BC9F
3D0B
3D41
BD9F
BD39
3D17
BD03
3D48
BC57
3D08
3D28
BDC2
3D1A
BD60
BCDC
3B09
BC0A
BCE0
BC99
BCC2
BCB9
BC98
3CA8
BA04
3D1F
3BDB
3DDB
3CB0
3C94
BD98
BD83
BC0D
3D09
3D27
3D7F
BD0C
BCD8
BC8D
BD01
3CD0
BC80
3D83
BCE0
37B8
3C90
3CDC
BB5B
BD13
BCE2
3D35
3B88
3C79
BB99
BC98
3B35
3A58
3CE8
3D28
3D70
3D4D
BC6F
BCAB
BCEB
3C2B
3D41
BBF1
3CA8
3D01
BD1C
BD02
BB86
3A59
3C08
BC17
BCA1
3D0E
BCC4
3C60
BD8E
BC5C
3C66
3B9D
BCAD
BD36
3D04
3A6A
3CC5
39E8
3BD0
BCC3
BD17
3CF8
3D17
BC54
3D72
3C18
3BBD
3CC8
BD09
BD9A
BB8B
B9F6
3D02
BD48
BCCE
3D32
BD21
3D20
3779
3D5D
BCE4
BD86
3D53
3B0E
3D35
3B02
3C18
BCE0
3C69
3D26
3D15
3CBE
3C34
BCB1
BCEA
BC6D
BC81
BB6B
3D03
3D35
BD8E
3CCC
3D7C
BCE6
3D03
3D06
BCAE
BCC8
BC22
BCD8
3D25
3D38
BA76
3D02
3D2A
3C9E
3C22
3C0A
BD05
3CC7
3D89
BBBD
3C63
BD18
3CE5
BD34
3D3C
BD0D
3D30
BCD9
3C11
BD65
BC83
BC6B
3D60
3D46
BD16
BBFD
BA1F
BD13
BB03
3BB7
3DA4
BD51
3BEF
3D3C
3D61
3D7E
3AA8
BCFA
3D18
3C7D
3C30
BCB1
3BF8
BC07
3D90
BCE2
3CAF
BC7D
3D9A
BD1A
BD24
3D11
BDF2
BD73
3D2A
BC9C
BB99
3CF2
BAC3
3CAC
3C5E
3BE2
3BB1
3C1B
3D07
BCF4
3D5C
3CEF
BCCB
3D9A
3CAE
3D30
BC8D
BB06
3CD3
BD18
3D13
BCC8
3CB1
3D24
BD69
BBC7
3CAD
BC1D
3C36
BDA9
3C8C
3CA3
BC9B
BD19
BC2B
BC21
BB54
3D04
BC1F
3C05
3D51
BCCB
3C95
BBFA
BCD9
BD27
BCD1
3C64
3CDF
3BEC
3CAF
3C7D
3D10
39E7
BD5C
BD43
3A59
3C32
3C82
BC73
38E2
BC4B
BD0C
3D33
BC1E
BB9B
BBC1
3D63
BBBF
3A1C
BD10
BC5E
3BB4
3A92
BC4E
BC98
3D1C
BA85
BD88
3D97
BBCA
BB7C
BD46
BD9F
3D86
BB7D
3DD9
BC4B
3C9B
BD26
BD7A
BD54
BBF0
BCB3
3D69
BBEF
3D93
3D47
BC07
BDA2
BD42
3CB6
3DB5
3CEB
3DF7
BCAF
BDAB
3D8F
3C3B
3CDF
3CD4
BC89
BB82
3D83
3D9C
3BBA
3CB1
3D34
BB0E
3C9D
3CA3
BC1A
BD3D
3B14
BDC0
BC0D
3D1D
3D24
3B51
3CEF
3C78
3C7A
BD3A
BD76
3A91
3CEF
BD95
BB73
BC34
BBE2
BBE6
BCB0
BC2F
BD3E
3C37
3DA4
3CC3
3C16
3CEC
3C1D
BD13
BC9F
3CB5
BAB0
3C7C
BD19
BC97
BAF8
BCAC
BD48
BDD8
3CBC
3D90
BBFF
3C90
BC36
BB26
3D79
3B85
3AAD
BD71
BBA9
BC92
3B9A
BB0D
BBB0
BD4A
BCD7
BC8F
3B6B
BC2E
BB04
BCEC
BCC6
3CAD
BD2D
BD50
3D3B
BCA1
BCA3
BCFB
3D4A
B923
BCB9
3B4D
BC4C
BDA4
BCD3
3D2F
BD39
BA43
BD0C
BDBB
3D96
3C2A
3CB4
3D42
3C9A
BCFD
BCD8
BCED
3B9B
BD2D
3C92
3CCB
BCD0
3C34
3CB5
3AFA
3D7D
3D04
3CA3
BC92
BD8B
3D2F
3A93
B9DB
BD30
3CBB
BB90
BD19
3BAD
BD06
BC84
B882
BD19
3B9C
BB2C
BBCB
BC15
3B95
3B66
BB3D
3C49
BDC8
3D36
3D94
3A39
BD87
3CFE
BC40
3C85
3DB1
3D14
BDC0
3CC1
3B87
3BD6
3C8E
BC31
BDDA
BC6D
3C94
3BAE
3D5A
3D15
BC47
3BD4
3B2B
BD57
3D29
BCE1
3C6D
BCB5
BCE7
BD22
3C1B
3D21
3C86
BBDF
3B75
3CFF
BAED
3D19
3A81
BCD8
3D2C
BB9C
3C92
BDD5
3B62
BC59
BD5B
BD51
BD22
3D93
BCA5
BD4A
3D4E
BD07
BBD2
3C20
BCE9
3A50
3CCD
3CA7
BC14
3C69
BCAF
BD5E
BC99
BD1D
3B26
3D75
3C31
3D53
BCD3
3CA5
3C8B
3C2D
3C97
3C88
BBAC
3CD7
BC7E
3D14
BD29
BC15
3D3B
BC42
3D81
BD85
BD6D
BC9A
BD66
3A0E
BD87
BC8F
3CD2
BC7A
3C8A
BD25
BB8C
BD0B
BD33
B9A9
3D83
3D07
BBE6
BD0C
BD15
BC8C
3CD8
3B11
BD00
3D8C
BCDA
BC1E
BC35
BC19
3CA6
3D70
BC4E
3D1B
3D0A
3CD3
3D05
3C48
3D0C
3B45
3CF7
3D01
3D75
3D61
BCFD
BD87
3D37
3ABC
BC38
BCA7
BD9E
BD6D
BC75
BC73
3B1A
BC4E
BB60
BA79
3CB2
3BFE
3CB3
BC9B
BD09
BB27
3CD1
3D17
3C3F
BBCC
3C50
BD81
BC2C
3D08
BCAE
BD81
BC3B
3CDD
BC87
3D9C
BCC6
BC11
BCF8
BCC8
3B47
3DDF
3D2F
BC38
3C4B
BD2B
3BBE
3CD0
3A89
3CE9
BC94
BD4E
3D84
3D87
BD82
BCE3
3CE7
BC9D
BC6F
3CA9
BB9F
BD08
3C12
BB94
BC3B
BBC3
3DAB
BC31
3C52
BBC7
3B76
BC75
3C9F
BDAC
3D0D
BCD9
BBA3
BBC7
3BE5
BC3D
BD92
3CEE
BC94
3D94
3CF4
3D12
3DDF
3C3D
3D66
BD25
3C19
BC51
BD0B
BDCA
BC59
BD27
3D9D
BBE2
3C95
BC2F
BDB1
3CA4
3CC8
BD64
3D8C
BC88
BDD9
3CA1
BCF5
3DDF
BC33
BD42
BC81
BC31
3D1B
BCF8
3C4B
3C1F
BD06
3BD3
3C82
3A29
3C5A
3CFA
3C03
3C8E
BAA5
3C93
BD2F
BA8F
BD28
BBA9
3BA2
3C2F
BDA3
BC56
3D01
BCAA
BC40
3A07
BB12
BC8B
3C99
3C87
BC3F
BB02
3C12
BCB4
BD22
3CCE
3C8A
BC15
BC3F
3CA9
BD0B
BCC5
3C0D
3CDA
BC19
3D2E
3C33
BD13
BBF9
3AC0
3DC0
BC7B
BD36
BC97
BC27
3CD8
3C7D
3C99
BCA0
3D04
3CE0
3D81
BCD7
BC35
3C97
BCA6
BB78
3D71
BCBA
3CCE
BCDA
3CCF
3BED
3A1D
BA69
3CAE
BBDC
3B13
BB3A
3D8A
BC9F
3C2A
3A56
3D28
BC35
BCF8
3B22
BD14
3C7D
BD08
BD1B
3C20
BBDE
BBDE
3D42
3CAF
BC87
3DB5
3BE7
BCB5
3D5A
3D18
BD0C
3CA2
3D7E
BC6B
3C46
BCEF
3CA8
3CF2
BB28
BC82
3C5C
3B71
BC17
BBB6
BCEF
3C26
3D47
3CE5
BD0F
BC94
BD72
3C64
3C36
BC9B
3A06
3D46
3C3A
BD14
BD8C
3D8A
3D51
BCB8
BC51
3D03
BCDB
BB1F
BD13
BC7C
3B36
BC39
3B48
3D28
BAF8
3C65
BD1F
BC0D
BC95
3CFF
3D60
3C81
BC75
3B83
3CF9
BB8C
3C82
BB44
3D8B
BD2E
BBBE
3BFE
3D34
BC9A
3BF0
3C61
BC8E
BD03
3B72
3CBA
BCAE
BCB5
3B89
3C7E
BCA3
BD21
3C5C
BD61
3C9E
3A8A
3CC5
BC17
3C34
B86C
BC95
3CEF
BD5A
3C1F
3CE8
BD8D
BBB9
BC28
B98C
39DC
3C38
3CFC
3D4C
3AC3
BD97
BCB8
389A
BB78
BBFB
BCC9
BC03
BCE8
BA06
3CC7
3C64
3D46
BCB1
3B2E
3CB7
BD61
BB20
3C5C
BD38
BBF5
3C98
BCCC
3C46
BC0F
3D33
BD05
3CA0
BE0B
BB4A
BD41
BD2E
BD38
3C2F
3C1E
3C99
3CC6
BD2D
3D4F
BC43
3D3D
3D02
BCCA
BD01
BBFF
3D1D
3BD9
3D3B
3DD2
BCAB
BA8A
3D03
BCFA
3CE9
BD5A
BA7F
3D25
39E3
387E
BDA5
BC21
3D5D
BCF5
3AE4
BDB4
3B19
BD32
BC46
BACE
3C05
BC66
BD5F
BBF0
3C61
BD06
BB8B
BCBC
BC29
3C9D
3D92
BCAE
3D3D
3C8E
3CA2
BD1B
BC6D
BCC0
BD87
BA9E
BD29
3C38
BD2D
3C16
BD76
BCA0
3CB5
BC96
BB60
3A8D
BD07
3D65
BA02
3D05
3BE2
3D6A
BD05
BCD9
BC4B
3D82
3D9B
BCB1
BD08
BC67
BBE9
3D09
BCAC
3DB3
3C40
BD26
3D79
3E26
BCD7
3D85
3BDE
3C92
BE05
3D30
BD33
3BF0
BDF1
BD03
BB70
BCC9
BD1C
BC16
BC22
BC6C
BD0B
BBE6
3CB6
3C72
3C03
BD26
BC19
BC71
BD4D
3CFC
BC37
3C23
BC0F
3D8E
3D22
3BB9
3BDF
BD1A
3D0A
3D74
BD56
BCD2
BD04
3DA9
3D10
3D8A
3A88
3D24
3D70
BC88
BCB6
3C01
3ADD
BCD3
3E18
BD38
3D63
3A2D
BD33
BCE9
3D9E
3BFA
BB1D
BD6E
3C2D
BD88
3A17
BC7E
BCD5
3D2B
BCA4
3D53
BDC8
3C1E
3CFC
BD3A
3B42
BCCD
BDB3
3C76
BBC3
BCE5
3D02
3C21
BB85
BD04
BC78
3C6E
BD1A
3CB6
3CF6
3CB0
3CB5
BCCD
BD0F
BCCD
BC74
BCDA
3ADA
BD7C
BB4B
3CDD
BD2E
3CCA
3C60
3BDC
BC48
BD19
3C3B
BD83
BD40
3C7A
BD5A
3C6B
3C28
3936
BCA5
3AC6
39FE
BDDD
BD55
3C72
BC67
BC82
BC85
3DBC
BC98
BC4D
3D5A
BD3B
3D3B
3B12
BD7D
BC3D
BB81
3CE4
3D0F
3D32
3D97
BC89
3B55
BCF4
BB89
3D67
BCA4
3BF7
3D0C
BC7D
BCC8
BD2C
BD23
3CC8
3CFC
3D56
BD14
3D19
BCB2
BD4C
BCF7
3CC9
BD22
BC1C
3C83
BD07
BCAC
3C9B
BBFB
3D39
BCBF
BD5F
3B7C
3D59
3BA4
3D18
3BD9
BCC6
3C06
3D14
BCAD
3C92
BC08
3D8E
BC66
BD0F
BC1C
3DB2
3B92
3C2E
BCCF
BC0D
BD85
3D4A
BD09
3BAF
3AF8
3DB6
3D0E
3D89
BDDA
3DA2
3D51
BD29
BD92
BD2F
3B20
BD4C
BBD1
3CF4
3C92
BC96
3D8F
3CBA
3DB7
3CE3
BCBD
BAA5
3C43
3D5A
BDA6
BCDF
BCEC
BD38
BD88
BDB7
BC37
BBCD
3BD5
BA90
BD99
3D37
3BC8
BC6A
BCE7
3AB4
3A22
3C7B
3C7E
BCA3
3CB6
BD04
BCAB
BB84
BD06
BD48
BD02
B86E
BC8B
3D4C
BD2B
3BA8
3B94
BD01
3CD4
3D83
BB1F
3CC6
3D56
BD30
3B4A
3D4E
BCFC
3CC9
BBB6
BD96
BD40
3CEA
BC19
3C79
BC2C
BB9F
BC4A
BB08
3C10
BB8A
3CB0
BB2C
BC33
3C5F
3D50
BD38
3CA4
3D29
BC80
BD5C
3D85
BC8B
BBFB
BCBD
BCD6
3BDA
3ABD
BC29
BD13
3D3E
BC8C
3D86
3CA4
3C93
3DA7
3CD4
BAB9
BBAC
3C58
BC69
3CA1
BB41
3C26
3D0E
3C34
3B61
3D1C
BCE0
3A1F
3C96
3C28
3C25
3C9B
3B3B
BCB1
BBC6
3BFD
BDB0
BBD7
BCC7
3B87
BD43
BD31
3D19
BD89
BD9E
BD43
BD97
3C4F
3C28
3A63
3CF2
3C6F
BCAF
BC9B
3B26
3D20
3D12
BDA8
BCBE
3B6C
BD33
3D16
BD50
BB15
BCF8
3C04
3C50
BD19
BC46
BC96
BB86
3A96
BD27
BA56
BC77
BCBD
BBE4
BC8F
BC9C
3C99
3D63
BD02
3D0E
BD07
3C7E
BC1C
3A42
BC20
BD0E
BB8D
BCB4
3D0A
3848
3D36
BC9D
3D8C
3D26
3C17
BC9E
3D16
BD31
BC27
BBB9
3CE5
BDC4
3BCA
BC00
3B7E
3CE3
BD02
3BE0
BC91
3D69
39D1
BC98
BCEB
3D12
3A34
BC4E
BC3A
BC42
BB04
BD13
BB2A
3A9D
BCCE
3D3E
BCA9
3C3A
BBEB
3D1E
BD12
3D25
BB01
BC51
BC71
BCD9
3D4A
BCF8
BCCA
BC33
BB93
3C38
3B31
3AA8
3CC9
BC64
BD4E
BBC7
BC97
BBA9
3D1C
3D29
BCF2
BD44
BCA9
BBF4
3CB3
3D3F
3BF0
3C75
BBC2
BBAB
BD27
BC91
3C17
3BFB
3C72
BCCE
BC41
3D90
BAA7
3D06
3DBB
BCDD
BB49
3B2A
BC1B
3C93
BC33
3D29
3B5B
BB7E
BC8E
3D6C
3C74
BBC8
BD4E
3C38
BC81
BC96
3CE1
3C86
BCC9
3D69
3C77
BB10
3BFF
BBF9
3D30
BD79
3CA2
B938
3C82
3D2A
BD4E
BCD1
BBBB
BCA7
BB95
3D17
BC2B
BB89
3C23
BCD9
3CAC
BC48
BB9A
BC6F
BC36
3C7B
BC8C
BCD6
BC94
3C8B
BCBB
3DA2
BD15
3D01
3D3C
BD2A
3CC8
3B33
BA53
BCCB
BBA7
3D79
3D0A
3C57
BD48
BBE6
3B3B
BD5E
BD55
BBA4
BC56
BC1E
BCAA
3C92
BC90
3CEB
3B3D
BD15
BD3C
3D1E
BB32
3CD1
3B8C
3C41
3DA1
BC16
3CFC
3CD9
3CD1
3CFB
3BD7
BD08
BAC2
BC8E
BD9C
BD46
3BE0
BCAE
BC4F
3C1D
BDAA
3CEA
BCEA
BC7D
BD62
3CA0
3C2B
3CC0
3D0C
3D40
BCAD
3CF9
B6CD
BC4F
BC07
BDAD
3D59
BCD1
BAFF
BC7F
3D38
3C2C
BC67
3C31
3B93
BC8C
3D15
BAF2
3C05
3D4D
BC66
BBA5
3C5D
3C5A
BD3D
BCC1
BD3E
BD21
3CFD
3D2A
BD10
3B11
3DA5
3D8F
3D9F
3D4C
BD89
BD24
BCFC
BBE3
BD09
BD1E
BD40
BCF8
3C9F
BD68
3D38
3C6E
BD91
BCAF
3D56
3BA8
3C11
3C21
BCE3
BD47
BD07
3D73
3C6F
BCFC
3B0D
BCCA
BCA0
3BE4
3C52
BC9D
BCAA
3D4E
3C55
BAEE
3C6D
3CF0
3CCF
3DAE
3C1E
BD5D
3C22
BD45
BDA2
BBAD
3CEA
3C8A
BCB4
3CF6
38D3
3A36
3D97
BCC3
3BDC
3D94
3D0F
3D52
3C12
3AF5
BD23
BCF0
3CB7
BD8C
3C11
3D86
BC93
BD2A
3D1B
BA36
BC03
BD44
3C89
3D29
BCD2
3A64
BC2A
BB4F
BC7F
3D0F
BD76
3D2A
3BC6
BCE6
BB98
3D60
BC5B
3C92
BD77
3D1F
BD0C
3D26
3C49
3D52
BD69
3C25
3C21
3B82
BD09
BD5B
3DC7
BD35
3C19
BC0B
3CAF
BBD0
BCF9
3D17
BD3E
3C4E
3C86
BD2A
BC2C
3C71
3D15
BCC8
BC17
3C9E
3D16
BCE8
BC0F
BD22
3C1D
3C84
3C0E
BCF5
3CCE
BB9B
BA25
BB84
3D4D
3D26
3C9D
3D24
BD22
3B91
3D8A
BC3C
BCE5
BC09
BD10
BD75
BB73
BBE1
3A1A
BC02
3B70
3D52
BCE1
3D12
3B5B
BC7C
BDD6
BD4F
B915
BD6F
3DB8
BC81
3C29
BCF6
BCD1
3C86
BD46
3B27
3D42
3A8E
BC97
BD0A
3D15
BD77
3AA4
BCCB
3D52
BB6F
BC88
3B99
BC9A
3888
3B97
BD04
BD69
3CE8
3D11
BCF4
BCD0
3B1A
3C91
BC8D
3D0B
BD28
BC75
3C27
3A9E
BD82
3D32
BC16
BCA7
BCBB
BB58
3C73
BD85
BD29
3D04
3A4C
BD56
BB09
3D0B
3CE7
3CAF
BD14
3D6A
BD0E
3B4C
BC71
BBA0
3BBC
3D14
3C69
BCFE
BD1D
BA28
BCDB
BD3D
BC90
3C1E
B9A6
3DA4
3C38
BDB9
B9C8
3B51
3D86
3C04
BCE0
BBBB
BBFC
3D1C
BCA4
3D70
BD59
3A2F
BD1F
BBED
3CC4
3AF8
BD16
BD2D
BC13
BD70
BB10
BCAA
BB3A
3B47
3B05
3C88
BB7E
3D02
3C78
BCD0
3B58
3B3B
BCC6
BD15
3CA9
BCF4
BD76
3B93
BBCC
3C2C
BBA6
3C17
BC7E
BC84
BD84
3B28
BDB7
3CDE
3D4A
3B9B
BD6D
BD21
3C02
BCAF
3AD5
3D1F
BC91
3B93
BCBE
BD10
3D1B
3A81
BD9D
3D03
BCF4
3CB4
3CE2
3CF4
BCCF
BB5E
3D9B
3C9D
3CD4
BDA8
BBAE
BD0F
3C31
3A02
BCC8
BD60
BC2B
3D1E
BAC4
BCF9
3C70
3C6A
BCDC
3D67
BD91
BD17
3C31
BCBB
BCC1
3C7B
BBDD
BC47
3D4E
BC40
3CCB
BD5E
BC86
3C23
BD5D
BC5B
3CC7
BC93
BCC3
BC1A
3A39
3C05
BBC4
BD11
BD08
BBE6
BD2D
3D59
3BD9
BBAE
BCFB
BD47
BC1E
3C76
BC90
3CCA
3C4A
BBD3
3D50
BD85
3D1A
3B0A
BCD8
3B04
BD49
3BDD
3B81
3CE8
3A24
3D07
BCFA
3ACC
BCD7
BC1B
3C60
3B8A
BC80
BCA2
3C15
BCBB
BBFC
3D59
3D12
BCF0
3CA0
BD15
3D85
3C50
3C5E
BD75
3CE1
3BB3
3C9B
3CF1
BAFE
3AAC
3CA1
BCC3
3D4E
3B6C
3C5E
3CA2
3C31
3BE3
BD7A
3D20
3C5F
3C5B
BD14
3D1C
BB4F
3D42
3D8A
3CFB
BD74
BD3A
3CB2
BC88
BBF7
3BB0
BD6B
3C87
3BD4
BC9E
3CAB
BD3C
BD36
BD69
3BF2
3C57
3D64
3BA3
3B6D
BD04
3C25
BD61
3BF4
3CB4
BD25
BC3E
3D11
BB86
BC03
3C14
BD4E
BB60
3C29
BBC7
3B74
3D13
BC99
BCC7
3B9A
3C9E
3C9F
3C48
BCE9
BC38
3B16
BD36
3C19
3BBF
BBD8
3C21
BC0A
3D29
BC6C
3BEE
BCA7
BD6A
BC2F
3CC9
3B81
3C27
BCF7
3B5C
3BED
BC93
BD4F
BC1A
3C86
3C5B
3D28
BC6A
BB1D
BC5C
BC85
3C02
BBB7
3AF8
3D8E
3CF3
3D89
BD11
3CF3
3D01
BC91
BDC2
3CC3
BBB4
BBAE
BC65
3D0F
3B44
BD00
BCE0
3C02
BB15
BC34
BD04
BCA5
3D8E
BBAA
3D07
BD06
BDA4
BD2E
3C84
BCD8
BCEC
BC15
3C88
3CC9
BD83
3C89
3B9D
BC14
BBD6
3D16
3BD3
BD4A
BCD9
3B99
BCB4
BD4E
3D3B
3D31
3D34
BBF8
3D82
3CFC
3CE4
BB35
BD33
3CEF
3D97
3CAE
3D4C
BB7F
3C3F
BD61
3C13
3CA8
3C92
3C59
3C90
BD2B
BCED
3DDC
BCB3
BCC1
BD17
BCF1
3C9C
3CA7
BD14
3C7A
BCC3
3D05
BC08
BCBF
BA31
BD87
BC70
3C16
3C0C
BD8E
3BE2
3D55
BD82
BC15
3AEB
3D86
3BF1
3D20
BC26
BD12
3BAF
BB05
BB7C
3D24
3B6D
3D5E
3CEB
BD96
3C0E
BCED
BDA9
3D1A
BD24
BC0B
BA82
BD10
3D51
3D8F
BA3D
BD72
3AE3
BA94
3D6E
BC21
BC8B
BCB8
BD75
BB15
3C5A
3D11
BCFB
BCFE
BC38
BCEE
3D22
3B4D
BA3D
3B9C
3D74
3BE1
3D03
3D16
3D10
3C93
3C83
3C55
3D59
3D1F
BC84
3C4E
3D1E
BCEB
3C0F
3B24
BD1D
3CBF
BD07
BCD2
BCEF
BC46
BC51
3BD2
3D26
BB6B
BC1B
BBFC
3C97
BCE5
BBAE
BBF1
3C8A
3D0F
BC7A
3C9D
3CDC
BC91
3D0C
BC77
3CAB
BD22
3CCC
BCB2
3C84
BD1C
BD76
BC5F
BCC1
BCFC
BDBC
BDF7
BB98
BC7B
BC7E
3CB5
BC96
3C63
3AC2
BD3A
BA4A
3D6A
BD39
BD4F
3CB2
B992
BD87
BC6C
BC94
BC4D
3C33
BC1F
3C5A
3C62
3C3F
BC8C
BDBD
BCD2
3C9F
BC86
BC6F
BBB4
BB39
3CB8
BD3C
3D27
3B19
BC6D
3B67
3D46
BCD1
3C53
BCBE
3D5D
3BEF
3D64
3A60
BC80
3C84
BD95
BB10
3D01
3B9E
3BC6
BACD
BD05
BB88
BD30
3BCC
BB40
3C55
BD06
BD8D
3C84
BC2D
BC8D
3CAE
3C26
3D78
3C94
3BE1
3D6B
BBB9
BD58
3BDC
3D02
3C56
BCD7
BD70
BC82
3C16
3CE7
BC90
3BE6
B9CC
3C92
3CA5
3C3D
BCA7
3CB6
3C9A
3C41
3B89
BCBD
3D2C
3C87
BD34
3BE4
BB8E
3C5A
BC35
3C42
3C36
BC05
BD77
3D31
BBD9
3C5D
BC53
3B9D
3D39
3C22
BCBB
BCE0
BCF4
3C47
3C34
3D17
BC06
3A97
3C86
3BC6
BC1C
3D37
BC82
BC1D
3D0B
BCBE
BCB4
3D1D
3BCF
BD39
BCF7
BC62
3C9A
3D2A
BCD6
BC5E
BBFC
BD06
BC08
BC7C
BCFE
3846
3CA3
3CE2
BC71
3C15
3D1A
3C3C
3BB5
3B69
3C18
BCB0
3B80
3C53
BC87
3C13
3C89
BC4F
3B8C
BCEE
3CB8
BCDF
BC93
BD3A
BC1C
3B46
BD2D
3CB9
BBA5
3DA7
3CC4
BC1D
3D24
3D19
3D07
3C1C
3C8F
3D01
BC71
BCE6
BD05
3AFA
BB95
3C75
3D6A
BC8E
BC15
3CAA
BC8D
BC92
3BAA
3C4C
BCDE
3D19
BA7F
3C90
BBDA
BC04
BC1B
3D38
3CE9
BBBA
BBCF
BB26
BD96
3CBB
3C36
3CC1
3CF8
3C13
3BDA
3B4A
3CDD
3C1E
BCBB
3BCE
BD30
3C02
3CB8
BC8C
BD27
BCCE
BD2A
BCBF
3D38
3C3C
3A42
BC9C
3D60
3CBB
BBBC
3D00
3BCD
BCCA
BD81
BCCA
3B15
3D20
3D26
3E00
BAD6
BC9B
3D24
3BEE
3AA8
3D0C
3C90
3C99
3D20
3CD1
3DAC
3CEA
BD8A
BBB7
3BAB
BD5B
3CAF
3C11
BCB3
BC95
BBC0
3D10
BD0F
BBBD
BC19
3CAF
BCB8
3CC3
BDC4
BBC2
3DA2
BBAA
BBAD
3D3F
3C3D
BC13
3C3F
BBEE
3CD3
3C08
BCDB
3C94
BD08
BC57
3D39
BC91
BC2F
BD16
3BD3
BC51
BC9B
3CB7
BD23
BC28
BBC0
BB92
3C83
3D47
3D09
3D33
3DA3
3CDC
BD52
BBA4
BD03
BD28
3DBD
BD8F
3D2C
BC8E
3CB7
BD28
3D48
BD60
3D68
BCBE
BB7D
BC27
3D91
3B23
BCBD
BCEB
3C4F
BB99
BC44
B9D5
3A98
3DA8
3DFE
3D8D
BD05
3D67
B9D1
3DEE
3BF1
BBDD
3D86
3BEE
3B05
BD63
BA39
3CA9
3CFC
3D0A
3CCB
3ACC
3C8C
3C43
BAD0
3C94
BCCD
3CDD
3D40
3C85
3CDA
3CCD
3D08
3D22
3D06
BCAF
3CB4
3C17
BD29
BC57
3CE0
3D80
3B56
3CA9
3D23
3C9F
3BA3
BCD8
3B1A
BB8A
BCE7
3CA3
BAB0
BB43
38BE
3AF8
BCDC
BAF0
BC69
BCAF
BCFC
BC4B
3D33
BCA9
3BE5
3CBA
BCD1
3CFD
3C0D
3C9C
BD28
BCEC
BD54
3C87
3C8E
BCAC
3C45
3BA6
B9C4
3C36
3D59
B850
3C14
3B06
BC2D
BB6D
3862
BB14
3CAE
BC30
BCAA
BD06
3C9F
BC89
3C1E
BCD5
BCAB
3C8F
BD58
BD27
3D20
BCCB
3D0A
3CF9
3CDC
3C05
BC06
BCF9
BC3A
BCE6
3D89
BBCC
3CB3
3BF2
3B57
3B19
3D18
BCC0
3C2F
3D06
BBB6
B9EE
3CB6
3C97
3CF3
3D30
BD0A
BD27
B81E
BBAA
3C94
3BDF
BCA2
3D3D
BD73
BCB3
BC92
3D87
BC04
BCDB
3CD9
BC2F
BB56
BCE5
3C84
3C19
3C95
3CC4
BD04
BC79
3D39
BC84
3C23
3B01
BD28
BC3D
BB66
BC01
BC4E
3C6C
BCD3
3D05
BC28
3C7B
3D87
BD04
BDA2
3CCD
3BA9
3D57
3D1B
3D3F
3C4E
3B07
3C99
BC21
BB75
BD48
BB4F
3D0B
3C15
3BDA
3D50
39F8
BD4C
BA64
3D92
BB89
BA06
3D6C
BC6C
BC53
3C24
BD1D
BC47
BCD2
BC73
BD41
3C68
BD2A
3D7C
BC89
3C80
BD1E
BC6E
3C4D
3CFC
BC9E
3BCA
3CE9
BA09
3CA9
BC25
BCA9
3BE9
3C6A
BC30
3D79
BD4E
3D6A
3BE5
BCF7
3C4C
BC9C
BC3A
BD8A
3C70
3D6B
BD13
3D80
3D63
3D8A
3D8A
3B99
BC9B
BD7B
BCBB
BCA7
3C8A
BD38
B8FB
BD19
3B6B
BD21
3D05
BD6B
3D12
BC0F
BD86
BBA2
3CF5
BCA6
BBEC
BC2A
3C1A
3CC2
BC34
BD66
BC7B
3C2A
3CDE
BD88
3C0D
3D3E
3DBC
3D9D
3C12
BC97
3CD0
BC94
3CE7
BBB7
3D52
3BAF
3D8E
3BC0
3D4C
BD0B
3C94
BBF3
BC13
BCD3
BCD3
BD36
3C91
3C16
BB88
3BFC
BCB8
3B93
3C88
3D6D
BD41
3D07
3CAF
BD26
3D01
BCFF
BD0A
3DB1
3BBA
3D18
3C9E
BB4C
3D7A
3D0A
3CA5
BA6B
3D09
BC9B
3D21
3C0F
BC09
3D2E
BC9B
BD67
3D07
BBEB
3CD8
3D27
3CAC
BCFD
BBE8
BCC3
BD21
3C05
BCD5
BC2B
3D89
BD6F
BC09
BCC7
BD14
3D7F
BC7C
BCA5
BC09
BC36
BCAA
BCC4
BC73
3C9E
3CC0
3B85
BD22
BB66
3CA4
3C99
BD55
3D0E
BD87
3D34
3CB5
BDB9
3D77
BCFA
3CCA
BD16
BD32
BC06
3C12
BBE4
BC84
BC80
BD37
3C6C
3D16
3C08
3D01
BCD0
3D0A
3C98
BB7A
BBC1
BC2E
3B6B
3BBD
BC19
BD1F
BCCC
3D37
3CEA
BD5F
3BE1
BCEA
BC82
BD41
BCD4
3CAE
BD5C
3D33
B96D
3D64
BC7A
3D02
BD50
BCC4
3D25
3C79
BC8E
3D3A
3CD7
3D27
3B07
3D89
3C3F
BD09
3D48
BD75
BD68
3C95
BC55
BBFA
BC7A
BBEE
BBF9
3C14
BCCC
BCC5
3C30
BD1B
3CC0
BC5B
3D16
BD10
BD0C
3CAB
BDB7
BD36
BBD4
BD4D
BC81
BCD4
BCD2
BC75
BC5F
3BBC
3CC4
3CDA
3B92
BB00
3D46
BC60
BD50
BD0F
3DAE
BCDE
BD2C
38F9
BCD2
3D49
3DE2
BBBA
BBF2
3DE6
3D5D
BC93
BC3C
3BDE
3D0B
BBB8
3B52
3CAD
BCD0
BD1D
3CDB
BD18
BAB7
3D03
3D9F
BD06
3D11
3A9C
3D88
BD2F
3D6F
3C92
BD06
3C3B
3D20
3D11
3D07
3D0D
3BD2
3CFE
3CD2
3C53
BC13
3C0C
3BCB
BD11
3D42
3CBC
BC7E
BBC9
3D34
BC06
3CFD
BBE4
3CF4
3C72
3D35
3D1D
B9BC
3D85
3B80
3C16
3CC7
3DB3
3D51
BCBF
BC3C
3BA9
BDF3
3C9C
3CFE
3A58
BD93
3D08
3C9A
BD6E
BD38
3B47
BB9D
BC9F
BC81
3B86
3D15
BB25
BC9D
3D46
BDB6
3C73
3D81
BC96
BAA9
3C99
3D71
BC86
3B41
3D09
BD1B
BBC6
BC8F
3DA8
BD37
3CBC
BC78
3D05
BB89
BC82
3D7D
390B
3D0E
BB8C
BD64
3CC6
3C04
BBDD
BC2E
BCD8
BB37
BD45
3CB3
3D07
3CFC
BC9E
3CDC
3D9A
3CE6
3C51
BC96
BC1C
BC0E
3D9B
3D2A
BB03
3D57
3CE7
BD84
BCA1
3CEA
3CF1
BD47
3D12
BC96
3C23
BCF7
BC55
3D12
BD14
BB7E
3D10
BD0A
3CA6
3C89
3B08
3D18
3C52
BD68
3C9D
BC40
BA08
BDA7
BA33
BCBE
3C13
3BAF
BC87
BCCD
BD0A
3C68
BD04
3D0F
3D98
3CD0
3D85
BCC5
BC0A
3CE3
BD0B
BC16
BDE4
3928
3D14
BB15
3D3B
3D35
BCB6
BB2D
BD3F
3CD6
3CD4
BD4C
3CD7
BCE0
3D63
3D85
BC44
3D21
BC78
BD9E
BB96
BD7B
3C0A
BD87
3D3E
3BA5
BD16
3D0E
3C52
BD14
3CEB
BAF5
3D02
BD5C
BD44
3B2A
BAA1
BB7F
3CDF
3B5F
3C95
3CC2
BCFD
3B96
BC6B
3CB7
3B67
BD55
BCD1
3CA1
BD36
3CA7
BB12
3C5C
3BE0
BBA4
3C94
3C8E
BC03
3D87
BC51
3CE7
3D02
3D8D
BC6E
BD11
BD17
3D95
BDBB
BBC3
3C5E
3D01
BDAC
3C75
BC4C
3CD1
BC57
BC7B
3D23
3D61
BC86
BD6B
3D7E
3D23
BCF2
BDB0
BCB4
3CDA
BD5D
BCF1
3D06
BCB3
BD28
3CB8
BCE4
3B90
BCE9
BD03
3C9C
3C98
BCE9
BC0C
BC0F
BBC0
3BD3
BD48
BC72
BCC3
BD89
BA23
BBB1
BBCE
BCF1
3C76
3B61
BD75
BC42
3B96
3C97
BD4F
3D01
BBDB
3CEE
BC03
BD13
BC8F
3B36
BC20
BD00
BBBD
3D61
3D32
3CD1
BD8B
3CCD
3D25
BCF7
BD4C
BCED
3D65
BD7F
BC51
3D1A
BCFC
BC9D
BD84
BC9A
3CF4
BCD7
3CA5
BC93
3D02
BD00
3D34
3D7B
BDDB
3CD9
BD42
BC83
3B84
3CC1
BD4B
BB44
BB8F
3CD7
BC8F
3D11
BB31
BD01
3CD4
3C87
3C29
3BDF
BCE2
BC68
BACE
3C25
3AFC
BCD2
BC26
BC97
BD0A
BCAD
3C46
3D7C
3CDF
BC8E
3B99
3C9A
BCED
BC7B
3CD8
3C97
3C53
BC9C
3D3B
BB8A
3CEB
3ABF
BCC4
3C93
BCB3
3C84
BCE4
BD0E
3C18
3C04
BCDE
BCC3
3D0A
3D2E
3D43
3D81
3DAD
3D19
BD55
3DBC
3D6A
BDA5
3CED
3D98
BD8F
BD49
BCAC
BC71
3D63
BDC3
3D11
BCD8
BCFE
3D37
3D76
3D3A
BD81
3DB8
BDA6
3D1C
3DC0
BD4B
3D56
BB9E
BD40
BC38
3DD0
3CD8
BD23
3D40
3BF1
BCFE
3BF3
BD0D
3C1D
BCC9
BC53
3D96
BCD2
3D10
BC86
BCAF
BCF3
BC6E
3C89
3CA4
3D09
3C9A
3D17
3C02
BD81
3C3A
BBEA
BD2A
BCE0
BD48
3BB2
3D66
3D7B
BD2D
BD20
3D59
BD0C
BC03
BD4F
3CB7
BD48
BD54
3C63
BD3A
BD15
BD23
BD4B
BDE9
3C64
3C48
3CDB
BC9D
BC50
3CFD
BCFB
3CF3
BD32
3CBC
BD01
BD76
3D56
3DCA
3D7B
BB18
BD4B
BD71
BD31
3D7D
3CD1
BD4C
3DB1
BC48
3CC2
3D5B
BCF2
BD1A
BD11
BD8E
3D4C
3C16
3ADD
3D9D
3C2F
BD0A
BD01
BC43
3CDC
BC81
BCA5
BD70
3BF7
BC40
3C1D
3CD9
BB24
BBCD
3D3D
3D68
3C3B
3C48
BDFD
BC69
3E0A
3B81
3D8B
3D35
BD8C
3CC1
BC63
3B23
3D89
BC90
BC6F
3DDC
3C61
3C96
3C2D
3B8D
3D08
3DB3
BD55
BE11
3C45
BB74
BCCC
3C3F
BD66
3D02
BD42
3CDE
3D5E
3D2B
BDA8
BD35
BD6A
BCB8
BCBB
3CFE
3D0C
3D63
3D1A
BCD5
3CA0
BB2C
3D81
3CFE
BCF2
3C7E
BC17
3DA2
3D27
3CC3
BD86
3CB0
3C56
3D12
BDA3
3DCF
3B59
3CA8
3C81
BC0D
BD66
3CD6
3C8E
BC50
BD37
BD10
BC5B
BC17
3BA7
3D49
BD62
BCD4
BD01
BCFA
BD86
3CA4
3D29
BDB0
3C1E
3D39
BDD3
3D4B
BE22
BC92
3D96
3D3A
3DB2
3CAC
3D19
3CAF
3DC1
3D9A
3D31
3B4E
BCBB
3D10
3D23
BD2E
3C81
3D0F
BCF7
BD50
BC42
BD0C
3C6D
BC71
3BD3
3C2D
3C47
BD00
BCB4
BCD3
BD6B
BBB6
3C49
BBA5
3AA0
3D65
3D09
BD74
3D0B
BD24
BD62
3D96
3D94
BCA1
BD84
3CE2
3D99
BD7B
3DC1
3DFB
3ABB
3D09
3BC6
BC9E
3D0F
BC82
BC93
BB58
BC80
3D8B
3CA2
3DB6
BD5C
BD5C
BDE2
3D39
BC72
BD57
3D99
3B2F
3D13
BCB6
3D6C
3B17
BD6B
3C49
3A96
BB8A
BCB7
BD7C
BCD7
3CAA
3D5F
BC1A
3D5F
BCD9
3C4D
3C23
3CF5
3C3E
3D34
BD35
3D24
BC14
3D0B
3D01
3CC6
BD1E
BCE4
BC91
BD32
BDC0
BCCC
BA75
3B9A
3AAF
3E08
3D52
3C4D
BBB1
BD2B
3D07
3A81
3B56
3BE3
BBA0
BC81
3CD8
3B46
BDD8
3CE1
3CD7
BD34
BD1F
3D21
BC1D
BD8B
BD68
BDA1
BD48
3D1C
BCD7
3D49
3D91
BCC1
3BC3
3CD9
BD6D
B9E6
3C0C
BD2E
3D00
BDBB
BD78
BD67
BD54
3CCD
3D1F
3D2D
BCC8
BD13
BB33
BCD5
BD0D
BCBD
3D2E
3D05
3BD4
3BAF
BC0E
3D6C
3CD9
BC37
BC5C
3C9A
BC13
BA9E
3D14
BD05
BD0B
BD8D
BC60
BD4E
3D83
3A2C
BD96
BD7D
BCDF
3DFA
BBA9
3C1D
3D0D
3A8B
3D41
BCBB
BDDC
BCBF
BD5D
BD3A
3C7B
3CD5
3BA8
3D9F
BC5E
BD87
396F
BD10
3CEB
BD02
398B
3BAF
BDAF
BD74
BCC5
3D91
3D27
BCA2
BCB0
3C2D
BD6D
3D66
3D60
BD66
BB95
BCE7
BD6A
3D3B
BCB5
3C3B
3C3C
BCF4
BD27
BD07
BD3B
3CB7
BC34
3C0D
BBA4
3D17
BD0C
BC86
BC0D
3D0E
3C92
3D6C
BCBC
3BC4
BB14
3D3E
BD14
3CDE
3CB9
BC90
3D09
3D4E
3C94
3CEE
3D65
BD61
BD01
BD6B
BACD
BC4B
BD65
BD28
BD5F
3CAB
BD93
BCEB
3D28
BCCE
BD0A
BD76
BDCD
3D51
3D02
3D12
BB1A
BC9A
3CAC
BC02
3CF7
BCA0
3CD6
BDCF
BC8E
3C89
3CEA
3D24
3D44
3CF3
3D08
3D25
BC7A
3D0D
BC70
BD39
3C46
BD66
3A8D
3D9F
3CF4
3BEA
BCDC
BCAF
3CD4
BD47
3CCC
3D8B
3C06
3C21
BAF9
BD46
BCF4
3DD2
3DB2
BBFB
BCB2
BB89
BBBE
3C84
BA0E
3CB8
BBBE
3D1A
BAF0
3CC1
3D20
3C8F
3C17
BCE9
3B2B
3DD8
BD4D
3CD0
BD0C
3BE9
BD37
BDBE
3D19
BD78
BCFF
3C8A
BB91
BBB8
3C7C
BC8E
BC25
3C17
3DE5
3D1E
3C43
BC7F
BBCA
BD48
3CA1
3D57
3D16
3BE5
3CDF
3BFD
3D2C
BD92
3A63
3D1F
BDCD
BC31
BC96
BC24
3BA8
3DA1
BC27
3CA9
3DA4
3D28
3C04
BC87
3C25
BA62
BC9D
BC9A
BD30
3B12
BCAE
3C56
BD85
3C9B
BCD7
3C93
3B29
BD64
BB35
BD35
3D0C
BDF5
3CF5
BA8F
BCC0
3D7E
BC84
3CEE
BD0B
BCCD
BD95
BCF0
BD33
3B81
3C11
BD69
BD4F
BD3C
BD2C
3D14
3D8F
3D2F
3C7A
BD1A
BCAC
BC40
BD51
3C98
3D15
3D55
3BFB
BC1D
3B96
3C52
3CFE
BD85
BC25
3AF9
3BB8
BCDF
BC03
BC6E
BCEC
3C39
BC50
BDBB
3C80
BD44
BD15
BD12
BD4B
BAF1
BCCC
3C40
3D25
BD1A
3D1C
3D46
3BC1
3CB5
BC21
BD88
BC87
BC20
BCAD
3CB9
3D9D
BD82
3C3E
3CCB
BD0E
3CD7
3CB0
BDB0
3D25
BD9B
BCE0
3D84
3D33
3CEE
BC4D
3B9D
BCD2
BB8B
BB21
BD3D
3CDE
BC9C
BD7D
3C86
BCD5
3C27
BCA1
BC66
BD62
BD23
BD23
3CA8
BC3C
BD81
3D03
3D69
BD8D
BB4F
BC83
3CF5
3BD9
BC87
BD94
BC21
3D02
3BF6
3BFE
3CED
3C2A
BCB0
BD2F
3D39
BD7E
3CEF
3C6C
3C4A
3D7A
BCA5
3D6D
3D70
BD0D
3D9A
BD85
3B4D
3B2C
BD5E
BD43
BC88
BCB0
3D3F
3C97
BD8B
BD51
BD03
3A88
BC1D
BC8D
3BBF
BC70
BB95
BC6F
BC96
BC18
3AE9
3CFD
3CB4
3C60
3B61
3C84
BC2C
3D18
3C21
3C36
BC16
BB82
BC9A
3CE4
3D55
3BC3
3BC2
3D29
3CE2
3C4E
3B41
BDBC
BD1B
BCE4
3C93
BD3D
BD90
3D0E
BD2A
BD5A
BD0E
BC16
3D4F
3CD4
BC82
3D28
BD0B
3D85
3DAA
3D24
3D13
3CA9
3B43
3D01
3BA1
3C86
3E05
BA65
BD15
3DB3
3D1E
3C50
3D4C
BC90
3D50
BC52
3B05
3B19
3CE2
BA73
BBE9
BC03
BCA6
BC7A
3C25
3AF5
3C01
3B34
BDA8
3C36
3C50
BC10
3C7C
3BE6
3C9D
BC94
BC1A
3B69
BCFD
3C3B
3D32
BCF1
3B46
BD0F
BDA0
3C49
BD72
BDAD
BCDD
3D0E
3CDD
BD08
3CDF
3D29
BD19
BD7E
3D7D
3C47
BCB6
3C15
3D65
BCAC
BC41
BABD
BD01
3D25
BD1A
3D5C
3D05
BCDD
BD1D
BD4E
3D0A
BDBD
3D8B
BB69
3CC8
3CB7
3CD5
BD24
3B88
BC92
BC86
3D22
3C58
BD3B
3C78
3BCD
BBF6
BCDC
3A03
3B88
BD4A
BCC4
BD21
3C6A
BCA6
3C2C
3D0C
3C53
3CDC
3D18
BD82
BD2C
BCC6
3D18
BD29
3CB5
BC66
BC68
3C77
3D01
BCE9
3C29
3D4F
3DF6
BCF2
BCBE
BD0A
3CC6
BC0D
BB54
BBF7
3C72
BCB5
3CA0
3DD4
BD90
3B90
3D0A
BD5A
BD2C
3D93
BD31
BD0C
3D8A
3B1C
BD90
BAA7
3C8E
BCD2
BD12
BD14
BC53
3D13
3D2A
3D95
BCF8
3C82
BC2B
3CB8
BB91
BD19
BD18
BCC1
BD67
3B89
BC8F
3CFC
3D05
BD49
BC32
BD26
BCE5
3CF4
3C46
3D1C
3DB4
3CEF
3DBA
3D1E
3C87
BCEF
BC03
BD5A
BD5A
3CA0
3D6C
BB6C
BC7C
BCE4
BCB3
3D39
3D90
3D03
3CD2
BCA3
3D76
BD03
3D0C
BCEA
BC69
3805
3C8C
BD87
BC64
3CF4
BC2D
3CCD
3BE0
BCBB
3BAF
BD1C
3CF5
3B10
3D19
3C54
3B5A
3C75
BCBF
3D3D
3D80
3D9C
BC90
BBC8
3AA6
BD0A
3DBE
BD1F
BD96
3D98
BD01
3D88
BC8C
BD73
BD88
BD9A
BD0E
3D57
BD2B
3BB0
3D41
3D7C
3CA1
BD70
BCDC
BD86
3D36
3D29
BCEC
3D81
3C71
3D76
3DE2
3DDB
3CFA
BD86
3A98
3C67
BC32
BB81
BC90
3D99
BB9D
3C80
BB0D
3D8E
3D9B
BC5C
3C4C
3D91
3DFF
3D8E
BCBE
3DB2
3D91
3DC9
BCFD
BD86
BA95
3D8D
3D72
BDAA
3BD4
BC43
3D03
BB86
3D9C
BDB1
BCFE
3C83
3D8A
3D85
BC70
BDE9
3D12
BD96
BD45
3D85
BBA8
3D3E
3C4D
3CAB
BD73
BDA7
BD94
BD84
BD12
BA92
3C98
3D5A
3CFE
3D94
3DCA
3D24
BCF7
BCB3
BDB0
3C7E
3CA6
BC2E
BD85
3C99
BD4C
3C63
BD3E
3E00
3D8A
3D1C
BC43
3B68
3D76
3CCC
3E0F
BB24
3C8D
BD23
BE04
3B64
3BEB
3C30
BDB3
BBBA
3CD2
BCE3
3C01
3C6E
BD31
BC9F
BD27
BB83
3C33
3D8E
3D01
3D35
BB04
BC6F
3CC0
3CA9
BD18
BBB2
3D10
3D97
3A6C
3D08
3C72
BD3E
3D2D
BD1F
BC58
BA57
BD1D
BDCD
3CD3
3D0F
BC6D
BC12
3C8E
3D52
BB66
BDAA
3B91
BD87
BD9F
BBF9
3B18
3C03
3C44
BAAA
BBBC
BBF1
3D64
3C75
BC0F
BD2A
BE33
3CAF
BD8C
BDA9
3E0C
3C9F
3DA6
BB98
BCCD
BCF4
3D88
3D1A
BD1B
3DA1
3CCF
BD0D
3BC4
BCEB
3D78
BCA7
BCBE
BD48
BE26
BCC1
3927
BC6A
3D9B
3D28
BC9B
BD5D
3CE4
BC92
BCD4
BD13
3C0B
3BD0
3CA1
BD10
3CE7
3D68
3E10
3C8E
BBA9
BD24
BD00
BD65
BD53
BCE8
3DDC
BC0A
BB9D
BB89
3C04
3C13
BCBD
BD82
3CE6
BD55
3BBF
BD17
BBEA
3C14
3CDE
BD78
BD7A
3DA7
BD01
3C70
BCA0
3D6D
BC99
3C8A
3CF6
3D16
BBC9
3C21
3D1F
BC29
3C58
3BD5
3C53
BC1D
3BA8
3BEE
BBE6
BCA7
BB56
BC85
BB38
BC54
3B4F
BC11
BCA0
3A63
3BF2
BC92
3A04
BC96
BBBA
BD15
BCC8
3BC4
BBBE
3CBC
BCD8
3D43
3C0A
BB7B
3D35
BAD8
3C35
3C78
3D0C
3D05
BD2D
3C21
3DA1
3CE4
BBD2
BCB0
BCBE
3D2A
BD14
3D12
BDB6
3D47
BC0A
3C29
BBA5
BC1E
3D18
BCE8
3D8D
BD6F
BCD0
BC8E
3D80
3CD9
3DBD
3CC5
BC53
BBE6
BC4C
3CA7
BC6F
3AEB
BCEA
3BAB
BBAF
3D2A
BD06
BD05
BC8C
3CA2
BCBE
BC58
3C4D
BBF8
BCC8
3BC0
BBF8
3D1C
BBCC
3D62
BC88
3C03
BCBD
BCAB
BC08
3D6B
BCFF
3D5E
BCAB
3D86
3CBF
3D8C
3C8B
BC7A
3BFE
BCE3
BCD2
3CC0
BCEA
BC95
BB41
BD73
BCBA
BD09
3DC3
3D11
BDAD
BD28
3D24
BC9C
3BFE
BC86
3C3C
3DA2
BB28
3C33
3C9E
BD39
BD14
BD52
BC1E
3CA3
3CBF
3C96
3BA3
3D8A
BBDE
3D1C
3D31
BD2E
BA86
BAE0
3CE1
3C8F
3B19
3D4C
3D1D
3D4F
BC12
BA1D
3C07
BD63
3CB2
BD21
3C99
BB36
3D95
BC94
BD20
3C60
BCC4
BCC2
3C2A
BC99
3B89
BB9C
3D85
BCD4
3C55
3DA4
3CE7
3DA6
3D01
3CD4
BCAD
3D0B
3B75
BBA9
BD2F
BD6B
BCA1
3D26
BC2D
BD10
BD32
BCA1
3D94
BD62
3C2A
3CE8
3CCF
3C9E
BD5D
BC45
BCE4
3D7D
3D10
BD8B
BD07
BD38
BC48
BD33
3CA2
BCFE
3D0B
3D35
3C85
BCB6
3CA1
BCAC
BC72
BCA9
3C52
3D8A
3C6F
3C7A
3C90
BD1C
3CAB
3C8F
BD69
3B87
3CAC
3BC1
3D06
BD73
BCCE
3D65
3BD8
3C41
3DAE
BCA8
3D8E
3A7F
BA6A
BB7B
BD38
BC55
3D46
B8AF
BCBC
BD06
BC79
BB11
3C98
BD47
3BE8
3CC9
BC23
BD9A
BCA5
3D8A
BBC8
3BC2
3D4B
BCAA
BD2D
3D3A
3C41
3D05
BC9B
3C40
BD06
3C7C
BCC7
3D2A
BB02
BCDA
3D5E
BB09
3B53
BC8F
3C01
BBA6
3AAD
BBA6
BBBD
3CEE
3C9B
3D0A
3C7E
BCB2
3C5A
3B81
BC6E
BB87
3CCD
3D6B
BC07
3B19
3C0A
BCEB
BC44
3D0D
BB04
3B96
BD36
BD0B
3BC3
3DED
BC16
BCB9
3D65
BD2A
3D14
3C54
BBD3
BCF0
3CEE
BD57
BD54
3D92
3D98
BBB9
3D8B
BD2E
BDC8
3C5E
3DBD
3CAB
3BA0
3CD3
3CCC
3D8F
BC39
BCA1
BA8A
3CD6
3B9E
3C46
3A18
BB6F
BD29
BC65
3B19
BB30
3D1A
BCA0
BCAF
BD77
3C1E
3CAE
BD04
3D7A
BC7E
3D45
3C7A
3ADA
BCE8
3D17
3DD4
3D08
BCE8
BC4D
BC6A
3E0F
BC81
3D2D
BD1B
BC46
BC98
3CD3
3CA6
BCA1
BCAF
3D58
3D1F
BC83
3D29
3D23
BC08
3CFD
3D8F
3B64
3CC8
3D6F
3D94
BD05
3D36
BBFC
3BCE
BCFF
BD5B
3D65
BC49
BCD0
BD00
BD35
3D20
3D31
BC2D
3D05
3CB2
3D82
BC3E
BD23
3C38
BC9B
BC08
BACA
BD09
3CB9
3C48
3B7C
BC71
3C98
BC4D
3C2F
BBB6
BCBA
BC44
3D99
BC1F
3C70
3C98
3D3E
BC4B
3D83
3CC5
BD48
3C46
3D6D
3E30
3DB2
BDCD
BD7A
BCCF
3C8B
3AD0
BC94
BD05
BBFD
BC56
BC89
BD5E
BDB1
BD6C
3DAB
BCF8
3C8E
BCC4
BD54
BC9C
BCDC
BC9F
BBD0
3D7A
3CC1
3CB7
BC9D
BCA5
3D23
3C66
BC91
BD2B
3C32
BBEC
BC16
3CE2
BC9D
3DA4
3C92
3D19
3BF6
3C54
3D54
BB1D
BC36
BB69
3C2C
3B03
3D3D
3ABE
3C41
BCD1
3D16
BD3C
BC92
BD8F
3A67
3C52
3E02
3C6A
3C4A
BC8D
BD65
BBAA
BCB0
3CD5
BC0B
BC01
3CDD
3D29
BC2A
3D29
BD1B
3BD6
3C84
3D69
BC0B
3C97
3D4E
BC07
BCC6
BD51
BD52
3D5D
3B8C
3CEC
BD8D
BAF3
BDB3
3D65
3D2D
BC20
BC9F
BD4A
3D4A
BD07
BCA4
3C42
3DAE
BC97
BD62
3D21
3C08
3D5F
BC3A
B983
BB22
BCCB
3D1C
3D0E
3C4C
BA8D
BBB8
3B58
BC89
3CAA
3D3B
3BF7
3AC0
BB95
BD4D
BB09
BC61
3D48
BD22
3C99
BD03
3CEC
3D8E
3CD3
3D8B
3D74
3C9B
BDA0
BD97
BD32
3CFC
BBA7
BCDC
BD0D
3D0D
BCC6
3C78
BCD0
BCBB
3D35
3D3E
3CF3
3C23
BC09
BD3F
3DF4
3CE4
BCC0
BD12
3D79
3D71
BC72
BC03
BBB9
3D70
3CDF
3D4B
BC91
BCE9
BD56
BCEE
BBFA
BC6C
3C1C
BD18
BC3B
BD82
3CC5
3B92
BCC0
3C8E
BC99
BCBB
3C22
BD0B
3C8A
BC14
3DAB
3C4E
3BF1
3C1F
BCA3
BCED
3C8E
3D3C
3CAC
BD36
BD1C
BC2F
BC5D
3BEF
BD7F
BCC1
3CE5
BCA8
3D18
3C2B
BC5E
3DD8
BCCD
BDCF
3D60
3D2C
3DA5
3A4C
BD20
BC45
BCD5
3D87
3AD3
3CDA
BD52
3D64
3CB6
BD01
3CDF
3C0C
BD10
3D07
BC2B
BD08
3CB5
3BC3
3AFD
3CB3
BC89
3D03
3CA5
3D61
3C9F
3B8F
BA0F
BD0F
BC83
BC1C
BBB8
BCF1
BC31
3D80
BB71
3D14
3D27
BC62
3C43
BC1E
BABF
3B3A
BC20
BCA8
3E01
3D37
BD5D
3DC9
3D7F
BD13
3C11
BBD4
3D57
3CBA
BA44
3D40
BD20
3B96
BAC1
3DA0
3BB5
3CB8
3C94
3C14
3BFE
3CFC
3C30
BCAC
BD5E
3CEA
3DBA
3D90
BD35
3CBE
3CE8
BD35
BCE9
BCEA
3CEB
BD84
BBB3
BCE8
3D06
3C28
3C06
3BB4
BD52
BD69
3BAA
BA73
BBB0
3C29
3C66
BD32
BC1F
3D1B
BC96
BDAF
BC88
BC78
BC17
3C01
3C48
3D87
3B8F
BD75
3D32
BCCD
BD94
BC5A
BCEF
BAF2
3B91
BD35
BCBA
BD62
BD99
3CCD
BCFB
BDDC
BB66
3CB4
BD8E
BCFA
3BB4
BAE8
3D2D
BB2F
3D8F
3D9F
3D59
BCB1
3D5D
BDAF
BCD9
3D0F
BDBD
3D37
3BE8
BD88
3C4E
BCB3
3CDD
BD2C
B986
3D6B
BCA6
3CB9
BD89
3CB6
3CE3
BC65
3C8A
BCF2
BC98
3C7A
3CB4
3CC9
3C2D
BC67
BAF6
3D09
3B0C
BC48
3C46
BB70
BD13
BC0F
3D09
BD08
3C00
BD20
3D09
3D93
3C26
3C7E
3C2D
BD18
3C2F
BCDA
BC9A
BCE1
3B51
BCF5
3CD4
3CD7
BCE8
3C6D
3E25
3CB9
BD44
3DBD
3D27
3D4B
3D3E
3D1A
BA8E
3DB3
BB9D
BD1D
3BD0
BDB1
BD70
3D23
3CB7
BCA7
BD05
3D10
BC76
3D0F
3CD7
3BC1
BCD2
3BBF
BD7C
3D63
BB71
3D65
3CD2
BCE2
3CD6
BD4A
3B8A
3C10
3CD7
BD37
3D7E
BCE4
BADE
3CA9
BCD5
3C1B
3B5A
BC8A
3BF5
BC22
BCA2
BD88
3BC1
BBFC
BCCE
3CCF
3CAA
3CC6
3C63
BD6E
3C60
BC09
BDAC
BBEF
3C69
BD0A
BC43
BDF6
BD98
BD8B
3C07
3CE9
3BD0
BC40
3D2D
3B1D
BC5C
3C84
BDD8
BC3A
3C99
BC11
3B11
3C89
BC9F
3D14
B95E
BCBA
3D23
BC16
3D5B
BCE4
BC97
3D56
BCCA
3D12
3C43
BC52
3C20
BD56
3A1B
3BBD
3C04
3CB0
3D5D
BA95
BD0F
3C8E
BC3B
BC94
BBFF
3CBD
BC64
BCE8
3D85
398E
3D3C
3C9C
BCF6
3C7D
3B6D
3B6A
3CD0
3C47
3D01
BD91
3ACC
BC91
3CE2
3D6D
BC65
3B8D
BD1A
3D7B
3D01
BC48
3DDE
BD82
3D22
3DD2
3D44
3D17
BBAB
3D10
3D12
BD3D
BC9F
BCA5
BBE4
BBF3
BB9D
BD45
BD2D
BC50
3D27
BC93
3CC4
BD9D
BC37
BC4A
BBAB
3D96
BBCA
B9F4
BC04
3B8A
BC2B
BCBE
B87A
3D22
3D9A
3CAE
BC26
BD11
BC97
BCCF
BC96
BB8A
3C8B
3C22
3CD5
BB8E
3C87
BC20
BD46
BCE0
3C68
3C10
3BD6
3B14
BC57
3B70
BDA8
BD03
3B72
BC40
3D0B
3D87
BD80
3B87
3D66
3CF3
BCB4
BD9F
BD1B
3A8C
3D62
BD4B
BC8B
3C30
BC8C
BCEF
BBF2
3C10
3C13
BC52
3CDC
B9DD
3C93
3986
BC36
BD0D
3BE7
BC5A
3A10
3C94
BC80
BC14
BCA9
3C78
B9E7
3D53
39A9
3C88
3D0E
BD2B
3C24
BD80
3BE5
3CA7
3B85
3C47
3DC1
3D8B
3D85
3C5E
3CC0
3BD1
3C24
BD12
BCFC
BC16
3C0B
BC2B
BDC4
BC81
BC13
3CE9
BC3B
BC94
3C86
3D07
BDA9
BD43
BDB1
3CB8
3C81
3D18
3D3C
3D8A
BD83
3AFB
3C89
3C1A
3C86
BCB8
3D0E
BAB2
BC20
3D0D
BD92
3AFC
BCF5
3CF1
BD27
BD62
3A1D
BB94
BD03
3C49
BCAE
BCD3
3C0A
3D80
BCA4
BD2A
3D2E
BBCD
BCAB
BBEA
3C81
BD96
BC39
3B99
3C12
3D40
3D62
BCBC
BD52
3B71
BBDA
3BEA
3CE4
BD57
3C14
3C66
3CA0
BDDA
BBC0
BD10
3C55
3B34
BC9C
3BB4
3BB8
3916
BCE7
3CC4
3DC1
BD93
BD17
BD18
BCF8
BBA6
BC8B
3C40
3CE9
BC20
BC2A
BB30
BCCA
3BA7
3CEF
3C40
3D26
3AE5
BDC3
3B23
3C4B
3C19
3BFA
3C50
BCDC
3BEE
BD6F
BC9A
BCB4
3BD4
BD6B
3C2C
3C57
3D1E
3BFA
BD05
BD01
BC33
3D2B
3D57
BCBC
BD07
3CE2
3D7C
3D0B
3E15
3DDC
BC45
3B74
3C52
BC77
3CB1
3D00
BD11
BCB1
BCFB
3DA2
3D13
3DDA
3D78
BD1E
3CAF
BDAE
BD83
3D70
BDBA
BCD5
BCB8
3D99
BDB1
3CF7
3C16
BAAA
BC36
BAE2
BD70
3C5D
BC8A
BC6A
3D47
3D10
BB17
BAAA
3CD1
BDC3
3D8B
3D0C
3D30
BD1E
3B61
3CA3
BC59
3C88
3BF6
BD58
BAFC
BC14
BD7E
3CE4
BC8E
3B81
3E36
3D62
3C17
3DA5
BBD8
BC3F
BB03
BC8B
3A95
3C56
BD2D
BC67
BC8A
BD18
3CBF
BD63
BDCB
BB7D
BD11
BD58
3D96
BB3D
BDA1
BCDC
BD9E
3D49
3D9A
3D13
BD6B
3D2B
BCF2
BB11
3CE1
BC5B
BC0E
3D26
BCBD
BCBB
BC3D
BC86
BB87
BD1F
3AE7
BC4E
3CED
3D05
BCD6
3C12
3CF7
BD44
BB0E
3D2F
BD32
3C0E
BC39
BC2E
BA15
3D88
BD03
BC75
3D03
3D25
BD30
BCEB
BCA4
BD9B
3D06
BD37
BD7D
B9C0
BDB9
BB52
3D93
3D1E
3B27
3D0C
3D0F
3CA9
BBB3
3C4F
3D53
3CB4
3D65
BD9D
BD14
3BCB
BD28
3CFB
BD64
BD09
BC8E
BC81
BCA5
BC37
3CA7
BCCF
BB76
BCA4
3C3E
BA34
BCBF
BBDB
BD0F
3D36
3C31
BD4B
BD03
3BC1
BD4F
3C28
BCC6
BB99
BD56
BC83
3CCE
3B24
3C4E
BD41
BC09
BD0E
3AF1
BC23
BCD1
3CA6
3D5D
BD95
BC16
BCE4
3CDB
3D29
BC4F
BD30
3D23
BC39
3D21
3C08
3CF7
3D08
BCF4
BB94
3C95
BAD2
3D27
3D0E
3D36
3DA3
3C45
3CEE
BCAD
3D59
3D95
B979
3CA3
3C86
3C62
BD7D
BABB
BC60
3C9B
3C6F
3D2E
3D7A
BCD5
3D36
BCFF
BD2B
BD4B
3C39
BD51
BD16
3B80
BD55
3B1A
BC90
3C25
3D41
BC67
B71D
BCE3
3CD3
3CB7
BBE1
3D2F
3A1E
BD7E
3BDD
3D9B
BCAE
B9F9
BCA8
BE06
3D16
B902
39B3
3CFA
3C90
BBD1
BD2D
3D70
3D8F
BCB5
3C92
BB9D
B9AB
3A28
BD2D
BC98
BC6B
BD56
BD8C
3DB0
B9E1
BC97
3B8E
BD01
3CB7
BCF9
3C37
3C97
BD10
39DC
BB97
BC20
BD96
3D5A
BE1D
3CB5
BCC1
BB8B
BC89
BB88
3BF0
BC8B
BCB6
BCA5
3D13
BCB0
BCC5
BCC9
3D54
3D6F
3BAA
3CE6
3D18
BCF6
BB07
BD85
3D46
BD94
3CC4
BC8C
3D27
3C12
BCA3
3D8F
3D34
BE26
BC9E
3D77
3C33
3CD4
3D3E
BBFB
BC58
BBF9
BC7E
3C8F
3D77
3C36
BD04
3C48
BC31
BD66
BC88
BD78
BBE0
3D44
BBFF
3D12
BC6B
3D48
BC2F
BCA6
38FF
BC2C
BB8E
3BBC
BA32
BCC9
BD36
BD43
BC86
3C38
BBB7
3AFD
BB0D
BC3D
BB89
BBAA
BCD8
BC89
3AC3
3C85
BB36
3BAB
3D0F
3B55
BC2B
3C35
3C91
BCD8
BCD7
BD3E
BAEC
BD32
3CB8
3B2A
3C30
BC98
BCD0
BD0D
3B23
3C46
BC6F
BDBD
BD5A
BB89
3D13
3D9C
3D4D
BD21
3D5D
3C02
3C95
3859
3CDD
3D4A
3CAD
3DB8
3DAA
BC05
3CAD
BC21
3D0F
BD31
3C00
BD28
3CB0
BC69
BC2F
BD77
BCBC
BD19
3D2F
3CA6
BCB2
3C75
BC19
3D9D
3C85
3C55
3C50
BC83
3C97
3CDB
BC02
BD3F
3C4A
BC34
BC64
3D22
BB94
3B86
BCBF
BD15
3CE3
BC1A
3A95
BC3A
3C93
BB82
BD84
BC03
3C8E
BD02
3BAB
BC32
3CB8
3C0C
BD20
3C3B
3CBF
3BDE
3B95
BC95
3D1C
BD46
BCBC
3DF8
BD31
3D57
BD13
BD0B
BCAB
3D93
3C4F
BC45
BC98
BC4D
3B54
3C88
3C43
3CEC
BCD4
BCD5
BD49
3D3A
3D4E
BA80
3D47
BD00
3CBA
BC48
BD41
BB73
3C8C
3C7A
3D01
BCC8
BBC2
3D29
BCE9
3CAB
3CE2
BCCF
BCF7
3CB9
BC26
3CD9
BC6A
BD16
BD5B
3AE9
BC73
B9E3
3CAD
BDED
3B9F
3C96
3D69
BC26
3D20
BD1D
BDBE
3DD4
BD40
3B31
BCFF
BDF3
BC58
BD07
BD62
3D8D
BD18
BD89
3D68
BB03
3DA0
BA88
BC24
BD37
BDC7
BD90
3D8C
BC9D
3D10
3C90
BDCE
BD52
3BAF
3CDD
BB70
BB43
BB9F
3C49
3B09
BC95
BD52
BCCF
3C04
3BFA
3C94
3C89
3CA1
3B10
3D8A
3D3A
3D11
BCBB
3AE3
3C61
3D2D
3C35
3DCB
BCFE
3C19
3CE6
3D4B
BD8E
BC95
3B9E
3D8A
BD80
BC87
BC6E
3D3F
3D5A
3C62
BD14
3D24
BD3E
BD1E
3D24
3D78
BD6E
BC83
3BF7
BD8E
BAEB
BD09
3D82
BB20
3CE6
BCA4
3D9E
BCFC
3CD6
BC66
3D29
BAD8
3D48
3D66
3CEB
BDF4
3BE9
BCE6
3BDF
3D1D
BD62
3CE0
BBA8
BCB9
BD20
3D7E
3DA6
BC9D
3D51
BDA1
3C73
3D53
BD59
3CB3
BD26
BC05
3CB6
3CA7
3D24
3CFD
BD0F
3C91
BC45
BCA1
BC0F
3D14
BC11
3A8D
BC90
BC95
3D5F
3A36
3B9D
BCEC
3D4E
3DCE
BDC1
BD88
3D9E
BD01
BC83
BBAC
3C9B
3D32
BCF9
3D2B
BD26
3C05
3C83
BCB4
BD0A
BD04
BC99
3DC4
BD40
BD0B
3D19
3C98
BD91
3DC8
3CE6
3CB8
BCEA
BB80
BC35
3C92
BD93
BD91
BB03
BCE0
3D74
3D9A
3CC3
BD3D
BBFA
BCAA
3D8C
BCD1
3CDA
3CDD
BD5C
3C93
BD33
3B62
BC7F
3CCB
BB38
3B8E
3D18
3D45
3CC0
BD27
BD59
BBC6
3DE4
BD2F
3D84
3CA5
3A27
BCBB
BC68
3C3A
BD02
3C73
BC90
3CA9
3BD3
BA15
BCBB
BD75
3C42
BBEC
BCA8
BD8E
3C15
BD6D
3D89
BDB7
BD27
3C0C
3D7F
BC53
3D08
BD3B
BD43
BD37
3C94
BC5E
BB97
3D25
3B21
3CC7
BD0B
BCAB
3D90
BD0A
BCB9
3D85
BD3A
BD25
3983
BD00
3CA1
3D60
BD8D
3C95
BC48
3B83
BCC2
3C96
3C3B
3D1A
39FD
3CA9
3CFC
3C3F
BD22
BD4D
BD51
BC66
3D43
3D34
3D52
3CCF
BD21
BD58
3DA0
3D0E
3BC4
BD2E
BD87
3D22
BB78
3CD2
3BE0
BDDF
BD63
BD8A
BCF7
3C43
B9DF
BC29
3C46
3D01
3CFA
3D9A
3D82
BD62
BD9C
BD3F
BD3E
3B0E
3D10
3C66
3CD6
BCD8
3CEA
3C9C
BD91
BC86
BB41
BC24
BCB1
3B09
BDAE
BBAF
3C40
BBE6
3D3D
BC82
BCDE
BC21
3C6D
B9A5
BD22
3C3A
3CE8
BC08
3D48
3CE4
BDDF
BC10
BCDB
BD93
BC84
3D00
BC1B
3BC8
3CB4
3C34
BB92
3D3A
3CA5
3DAC
BCA6
3D72
3D36
3D58
BDA4
3C1C
3C0D
BBBB
BD3E
BCF7
BC01
BD0B
BD16
BD01
BD26
BDA5
3BAB
3DC6
BD4F
3D8D
3C70
3A5F
BC8B
BD12
3BB4
3B61
BCFB
BD04
3CDD
3C51
BC9C
3D82
BCC2
BCCE
BBBA
BBE9
3C7A
3C1B
BCF0
BC86
BC5B
BC57
3C8B
BC17
BAAF
BD25
BB27
3D0D
BD96
3CF0
BD34
BCBC
BB8E
3CA7
3D2F
3C0E
BDBA
3D95
BDA7
BE0B
BD39
BC83
3CA7
3C6E
BD7A
3C73
3CE5
BC8A
3D8E
BDD9
3D3B
3C8D
3CDE
BC2E
3B1E
BDB6
3D68
3D81
BD30
BCC4
3C10
BC85
BD54
BD25
3D7C
BB9F
BCE1
3D59
3D25
3CB5
BD32
3CB9
BD47
BD88
BC79
3D08
3B4A
3CA9
BD90
3B36
3BB6
BBBF
BAAC
3B29
BD04
3CE7
3C34
3C2E
BD00
3D5E
3B6E
3CDD
BC97
3D88
BDD3
3A3F
BD6F
BD22
3D44
BCFD
3D63
BCF4
BC03
BC69
3D2D
3C9E
3D44
BC08
BCA5
3DAC
BD0C
3CEB
BCE7
3D55
3D60
3C66
3CD7
3CC0
3CF5
3D1E
BCBE
BC46
BD81
BD2B
BD3E
3DC6
3DA3
3D62
BCDD
3D76
BCC9
BCD0
3C0F
3BF8
BBD1
3CD3
BCF1
3B57
BA30
BBD0
3C73
3CD6
3CBB
3CB2
3CE8
3BB6
BD3C
3C3A
3C61
3B7F
BDB4
BC91
BD14
BB15
BCEF
3D39
3C34
BB83
3CAE
3D64
3DB2
3D4D
BCA8
BDA7
BCEF
3C02
3DA3
3DEF
BD89
BCB5
BC60
3BD2
3CCC
BA5B
BD50
3CC4
3D4E
BB22
3DBB
BD4B
BD98
BCB8
3BE7
BDB5
3C7E
3C68
3CF3
BCF5
BC35
3D1C
3DB3
3D80
3D9B
BC02
BCFA
BCD0
BCE9
3BCA
3D11
BC61
3CA8
3C7D
3AE5
BA74
BCE1
3A62
BD41
3C98
BAAE
3D01
3CA5
3D02
3D5A
3D2C
BD54
3D25
3D24
3C8A
BD46
3D4A
3D53
3DF1
BE18
BD30
3BFD
3DB7
3C2A
3C27
BC97
BCA6
BD0A
BD77
3D31
3C53
BCFE
3BFA
BC78
3C14
3CD0
BC56
3C28
BD5A
3CD4
3C33
3D00
BD49
3D8B
BDA3
3A84
3B46
3CD1
BD19
BCF7
3D90
BD25
BB4F
3CC7
BCC1
BBA8
3B79
3C52
3D7B
BC52
3C31
3D0D
BD02
BCD3
3C85
BC86
BC04
3D6F
3C4F
3D44
BC86
BDBF
BC6A
BD78
3BB3
3BEC
BAA5
BC07
3CD0
3CA1
3C23
3AB6
BC88
BCF4
3D13
BB35
BCFE
3DCE
3C21
BD43
3D68
3DC8
3D96
3CCA
3ABE
3CEC
3D14
BBC2
BC58
3CC5
BCFD
3DA7
3A70
3C3A
3D3D
3DD8
BC0C
BD4A
3D0D
BCA0
3CCB
BCBE
BC83
BD55
BDBF
BD51
BC1D
BD81
BC0C
BCF9
BA8C
BC29
3CF7
391B
3D14
BDA6
BBD7
3D13
3D19
3C43
BC93
BD12
3C75
3C2C
BD05
3C8C
3BE9
BD0D
BBEA
BCBB
BD0C
BD61
BBAF
BCB5
BD5F
BCE0
3C9F
3C0B
3D0F
BCBC
3D7F
BD89
BCC2
3CEF
3BC0
3C31
3C72
BD2C
BCE3
3A91
3BF0
3C30
BD19
3CC7
3D46
BC8E
3D3F
BD55
BB86
3D02
3D27
BC2B
3BB7
3D55
BDAF
BCC9
3CAC
BC0D
BC3A
3C42
3CC8
3D7E
BDB0
BCBF
3D32
BCAF
3D6B
B8B0
BCA3
3D13
BD84
BC67
B9CC
3C27
3C75
BC9B
BA58
3AD8
BD25
BBD4
3BB8
3BE5
3CA8
3D1E
BD1B
3D34
BC01
BCCB
3C12
BC8E
3CF8
BB9F
3D8B
BD34
3D21
3DBA
3B5B
BD2C
3D64
3C2E
3D1E
3D05
BD0F
BDBA
BA7E
3BF7
BC7A
3C95
3C7B
BD7B
BC7D
3CE4
3CC7
3D77
BCA3
3DC0
BC93
3A39
3D92
BC81
BC76
3B45
BD46
BDAF
3A50
BDE1
BD39
3D44
3CB5
3CBB
BC3E
3D4A
3AB1
BD02
3DA7
3A74
3AFF
3C6C
BCF4
3CF7
3C09
3D99
3A60
BC8B
3C41
BCF8
3C32
3C9F
3B8B
3CC0
3BAC
BD8B
3BA0
3CDF
3CF3
3CD6
BD10
BD1A
3C9E
B994
BC19
BC9A
BCD9
BD26
BD5C
3D52
BBC6
3CBF
BB5D
BCF1
3D2C
BDE3
3B2C
3D0C
BC1F
BC2B
BD80
BCE9
3D6B
BD58
3D18
BC5B
BCE4
3C17
3D6E
3D84
3D3D
3DE6
BD68
3C3C
BA48
3C1D
BD0F
3D79
3B24
BB84
3D7B
BD33
3D66
BC1E
3CC6
BADF
BCA4
3BC1
3CF1
3C0E
BD18
3D2C
BC7B
3C37
BD0A
BD5F
BD42
3D13
3C01
3CDD
3C68
BDD8
BCED
3BA1
3D57
3D3C
BA2B
BC96
BD8B
3D81
3CFD
3DB5
3DCE
BD9F
3A0A
3CFF
BC85
3C9F
BC39
3CF5
BB9E
3D76
3DC4
3D02
BD52
BD37
BCAE
BB53
3C01
B9EC
3C2A
3D5D
BC29
3D9A
BD3B
3D47
BC74
3D5F
3D08
BD9A
3C91
BD75
BC39
BD3C
3BB6
3A86
BD1D
3D17
BC14
3CA0
3C6F
BD6E
3CC1
BBFA
BC7D
3C09
3D4F
BB8A
3D06
3D10
BC19
3C72
3D20
BD27
3D1A
3C0F
BD36
BD9A
3C20
BD0A
3DAA
3D25
3D2D
BC6E
3C35
BBB0
BC96
3BEC
BC70
BCC2
BBD8
3CFC
BD91
BC6C
3CC5
3B46
BD1D
3CBF
BC2D
3DE2
BB25
3D23
BC59
BAF7
BD81
3C7C
3CFA
3D99
BCB0
BD84
3B12
BCB2
BC97
3CC0
BD65
BC18
3C70
3D13
3B5F
BD1B
B953
BCFE
BD61
BC3B
BC8D
BC1C
3AEA
B8DC
BC00
3CF0
BB9E
3CDE
BB9B
BD3A
3D33
3A8A
BBF3
3CB3
3CFB
3D25
BBCF
BCFB
BD7E
BC0D
BCF0
BB43
3C30
3D19
BD38
3B83
BD2F
3D2F
3D2A
3D8F
3CF5
BD5B
3D0D
BD2E
3BC9
3DC1
BD49
3D6A
BCB6
BD9B
BDEB
BA45
BCD0
BD1A
3C20
3D57
BD99
3D18
3D60
BBC1
BD99
BD6A
BD10
BBFD
BC6D
3BF8
BC24
BC2F
3C3B
3C80
BB74
BC39
BC8E
3C25
BD21
3C71
3C9E
BC69
BA70
BC0A
BB48
3CF2
BC58
BC39
BBFE
3D99
3C9E
3CDD
BD83
3C89
BD0D
BC20
3D0F
BCA7
BD84
3CA9
3D64
3CF4
BB47
3D03
3D28
3C8D
3D47
3DB3
3D13
3C37
3D54
3D5A
3C0D
BE01
3D0C
3C7D
BD6B
3D8D
3CE3
3BFA
BE13
BD8C
BB06
BD15
BCB6
BD72
3D99
3D87
3C34
3D67
BC2D
BC36
BD2C
3BB6
3D24
3CF5
BC02
3B5C
BCD6
BD1B
3C60
3A49
BC32
BD1D
3AD1
3C72
BBD4
BC7B
3BB2
3CB2
3BDE
3D48
3CF4
BD2B
B91C
BB82
3D26
BB18
BC96
BD10
BCA3
BCC1
BAD3
3CB1
BB89
BDC8
3D4C
BC27
3C5D
3D30
3C91
3D5B
BCAE
BD10
BC4D
3D08
BC2A
3C8C
BD24
3CF2
BBF7
BC13
3D84
B902
BD86
3C54
3D6F
BCDF
BD18
BD72
BD4C
BD19
BD47
BC41
BCBE
BCD7
BC7B
3C54
3C4C
3CA8
3CB2
BD60
3D38
3AE1
BA93
3C1A
BCDB
BC58
3C0D
3C9F
3C46
3AB6
BBE1
3C79
BB24
BC25
3A3E
3CEF
BC21
3C63
BCA9
B965
3970
BCF0
3CB6
BD93
3C6E
3CD6
3B56
3CC2
3C8E
BBBE
3B88
3B02
3D35
3D14
3CB9
3B91
3D11
3C77
3B97
BD7F
3BB9
3D0A
3D43
BD82
BC81
3BC4
3DC8
BD17
3D86
BD2A
BCEB
BDB7
3DB5
BB3A
3C10
3D1C
BD68
BCFE
3CB6
BD12
3CBD
BCC6
3D05
BC6F
3CA8
BBDA
3BA9
3D1B
BCAF
BCC9
3CE4
BCB0
BCF7
3D3C
BCD1
BC03
BD09
BD07
BD13
3D8E
3C96
3D22
BD81
BC4F
BCC6
3CF3
3CC8
3AA8
BD29
BDDC
BC87
3D8E
BD76
3E11
3D64
BD0C
BBB0
3CD1
BD06
3B0F
3C94
BD2C
BD1F
BCEB
3D93
BD30
BD5F
BDDD
BDE7
BDB9
BD93
BD81
3CEF
3D66
BDBA
BC4A
3D3B
3E33
BDA0
BC2E
BD01
3AA1
3D51
3C7F
BBA7
BCD2
3BF8
3CB1
BD08
3D10
BC74
3C81
BC81
BCAE
3CCF
3D13
BD33
3C9B
3D07
BC57
3D43
BCCD
BD4B
BB4D
BCA2
BCB9
BCCA
BCB9
3C12
BC8F
3CEC
BD50
3D8C
3D15
3D37
3C75
3D73
3BC9
3D16
BD19
BCC7
BD84
BCF2
3C88
BD96
BE13
BE1B
3C3F
BC31
BD27
3C07
3D92
BD52
3D0B
3C8F
BBAF
3C69
BC9C
3CF7
3DBF
3D0A
3B84
BDC2
BD4A
BC83
3D25
BD0D
BAD2
BC77
3CF9
BD17
BD03
3D0B
BD26
3D2E
BD16
BD25
BAC7
BC36
3C3B
3D9E
3D01
3CAB
BCF9
BCFC
BD22
3D98
BD0C
3C59
3D03
BB1E
3DF1
3C11
BDAE
BD8F
BD8D
BCED
3C4F
BCAB
BCA4
BD3B
BB97
BD81
3D21
3D45
BC04
BD02
BD80
3D57
BD82
BD11
BD71
3D91
BB7C
BD8F
3C67
3C48
3C08
3CDC
3DA0
3BA4
3C8E
3DB0
3E10
3C48
3D1C
3DC2
3D55
3C71
BBF7
3CA3
3D3D
3D58
BC34
3BED
3BC6
BD83
39C7
3C9A
3C10
BC12
BCE4
3BF4
BCBE
BCCD
3CA4
BD06
3D43
BD6F
3D52
BCE6
3B0D
BD3C
3D74
3CB4
3C82
BC72
BD18
3C62
3C26
BD4E
3D66
3D88
3C5E
BD0F
3CE1
3D2F
3CC5
BDC4
BB5D
3D8F
BC19
3D8A
3D89
3C20
BD35
3C98
3C5E
BCDB
BD61
3C70
3D3E
BC84
BDA1
BC2B
BD9D
BD76
BCB2
3D29
BD98
3CFB
BDAD
3DB0
BA63
3B27
BC92
BD7D
BD01
3D6E
3CE6
3BAA
3D28
BD4A
3CA3
3D3B
3C01
394D
BCEA
3D04
3D03
3B6B
3C5F
3C45
BD52
3C91
3C35
3C40
3C88
BD1E
BB9C
3C36
3CAF
3D2B
BA74
3A61
3D67
3DA9
3CDD
BD83
3BA7
3D50
3DA8
3D29
3C19
BC8D
3BD9
BCD5
3C57
BD82
BB07
3CB9
3D86
BD3F
3C7F
3C36
BDAA
3D6A
3D02
BC9C
3B12
3D13
3CEE
3C91
3CA5
3B8E
3D77
B9B7
3C7A
BD80
BDBB
3C8D
BD36
BCE9
3D82
BC29
3C38
BD01
BCBA
3BDE
3C26
BC4D
39DF
3B70
3CCE
BC5F
3C6C
3BA7
3C4F
BC92
3C34
BD36
BC21
3C25
3BC3
3C92
3CD6
BC7D
3DAB
3B72
BCA3
3D1E
BC8F
3D6D
3BEA
BBBD
3C92
3CFD
B99C
3D38
BCB1
BC7B
BC17
BD15
3ABA
3CF2
BCC0
3C96
3D94
BD73
BCCE
3CE0
3D59
3C82
BD7E
3D39
BDC2
BD0C
3D0B
BD4E
BD20
3C61
3D35
3C89
3DF0
3BC3
3D0E
3D5F
BCF8
3BD4
3887
BBFA
3D48
BC48
3D15
3CE3
3C0F
BD69
3C8E
BC9D
BBC2
3BB4
3CE1
BD5E
BD4D
BBA0
BCC2
BC18
BD06
BB2B
3D5C
3D93
3CDA
3CE6
BCC0
3D03
BC2E
BD95
3DD8
3DFB
BD8E
3C87
3D0F
BCE0
3D91
BD7F
3CF5
BC0A
BD18
3C7F
3D58
3D26
3D8C
3D12
BBB7
BD2A
3CF0
3D3B
BD28
BCED
BC17
BDF1
3C9E
BD82
3DB9
3D83
BD8E
BD45
3C88
BD22
BD85
3D2C
BD17
3D5C
3CFD
3CA2
3C86
3D0A
BBB0
3C73
BC4E
3C05
3BE6
3D3B
3AC9
3D31
BD69
3C2B
3CAE
BD10
BD5A
3D09
3C73
3D45
3DAF
BC11
BDA4
3DD0
BD1F
3CA3
BB3F
3D9D
BD1E
BCF4
3C78
BC6A
BD36
BCF4
BC20
BD9F
BD8A
BCF8
3D18
BCBA
BC91
3DCA
3D45
3D08
BB7F
3D2F
3E01
BB47
3CDD
3DF3
BDBA
3D77
3D1B
BCD4
3D6A
BD21
BD0F
BC74
BD16
3D14
BD71
3C79
3CE9
3CB1
3C4B
BD2F
3D17
3C38
BD59
3CCB
BCB7
BC70
3D21
BBE1
BCCE
BC64
3CFB
BC12
3BB4
3CB7
BBE4
BCD8
3C3A
BC97
BD98
3D34
BC28
BC26
3C7E
BCD5
3C67
BD59
BCAC
3CCC
3CE5
3C95
BC84
3CD2
3C90
3D24
3D1B
BDD7
3C8E
3AA3
BD24
BD48
BBF7
BD1B
3BEB
BCF4
BE1D
BC9C
3D92
BD7F
BCE8
3D4B
3D38
BD23
BD69
BD2F
3D08
3DDA
3C58
BD85
BA44
BB18
3DC4
BC5B
3D35
BD1D
39FE
BD0A
3D19
BC54
3C57
BC63
BC73
3BC7
BD20
3CCE
3C09
BB00
BCE7
3D1B
BC95
BDA5
BD2E
BC90
BD3B
39A2
3D5E
3D78
3D0C
BCEA
BCAB
3CB0
3C7E
3B90
BC97
3C54
BC2B
BD15
3DBE
BD3B
BDB9
BD16
BDA5
BC68
3D48
BDF6
BD72
BD98
BCDB
BCDB
BC70
3D92
BCFD
3D28
BCBD
BD6D
3D15
BD82
BB18
3D2D
BBF2
BB67
3C28
BD09
3BC3
BC1A
3C0F
BC34
3C0C
BD1D
3B99
3D42
3CAD
BC26
BC88
3CD5
BCD8
3C5D
3C5A
3C96
3C71
3C89
BB19
BD09
BB1E
3CD1
BD32
3C78
3C66
3CA2
3DE1
3CA8
3C48
3CAF
3DA3
BCD8
3C21
3CE9
3D85
BD34
BD27
BD0B
BB94
BC62
3C45
BD0D
BC4F
BD68
BCF4
BDB4
BB97
3D2D
BC9F
3DBA
3DC6
BB84
BC07
3D8A
3D29
3D48
BCA4
BCE2
3C9C
3B85
BBFF
BD64
BCB0
3C1A
BCD4
BBE7
BC58
3CCF
BCAC
3BA9
BD06
3C6A
3D60
BC13
BC27
3C9A
BD17
BC13
BCE3
3B50
BB1F
3BDF
BC86
BC46
3BE3
3D79
BBA2
BB88
3D26
BC1A
3CDE
3D07
3C39
BB94
39C8
BC88
BCAE
BC90
BBFA
3C65
BD44
3CFC
BCDC
BC87
3D15
3D52
3BE2
BDC7
3C8F
3CB5
BDBA
3D83
BD1C
3CD2
BCEC
3D60
3C99
BD12
BE12
BD20
BC8E
3CBF
3D6D
3C1B
3CB1
BCD8
3D7C
3D18
3D6F
BCD4
BDCC
BD3B
BD18
3CF1
3B8C
BD10
3CF4
3C47
3CA1
BD46
3CB1
BD7B
BCE4
BD06
B9EE
BCD9
BCE5
3CB0
3D4C
BD29
BD74
BD17
BD19
BAE8
3DBA
BD3B
BE1C
3D7E
3D23
3D88
3D1E
BBE7
BD81
3C9A
3DB3
BD0D
3C1D
3CDB
BD21
BD34
BDEB
3C15
3DA8
3D72
BD31
38D9
3D1D
BD09
3D41
BC33
BC80
BC44
3D87
BD86
3D12
BD32
3D21
BA9C
BD13
BCE1
3CDE
3BFB
BD20
3D02
3B25
3D81
BBEF
3CAF
3D11
3C64
BC9B
3D1A
BBB1
BCBD
3B7A
3C37
3D75
3D08
BD46
BD61
3CCB
BD6D
BD0E
BD28
BD45
BCF5
3D88
3D98
3DFF
3B5A
3D90
BDA3
BBAF
3D78
3C58
3D44
BDA7
BD86
3D35
BD98
3D8D
BDCD
3D56
BCAF
3C1B
BCDE
3DEE
3D8A
3D50
3D88
BD08
3D0C
BCB2
BC9B
3D0F
3D3D
BD61
BDA5
3BD0
BCDE
3D70
BB73
BD5F
3D7A
3C7B
3D10
BCF0
3D64
3C8E
BD34
BC84
3CAC
3D33
BC2C
BD24
3D46
3B45
BD5A
BBAA
BB0D
3BDB
BCE0
BC83
BD93
3CC3
3CD6
BAA0
3BA8
3D0A
BD0F
3C3B
3D99
BC98
3C4E
3D16
3CF6
3DB5
BD68
BA13
3D71
3D70
3D2F
3B23
BB7F
3BF5
BB68
BD97
3D1F
3C5A
BDC5
3A2D
BDB6
BD06
BD13
BD9F
BDC5
3D44
BDC3
3D3C
3CC4
BC06
BD32
BCEF
BC04
BBBE
3D0E
BCA8
3D05
BD91
BD8E
3D13
3CAC
3CF6
BCEF
3D6C
BCD9
BA97
3BBB
BC0F
3CFE
BB84
BA4F
3C38
3D89
3D16
3D52
BC64
BA4E
3D77
BC34
BDD1
3D71
BC20
3C93
3D32
BBD2
3CB9
3DAA
3CD9
3C35
BD0C
3B10
3B3F
BC83
3D23
3DB8
3CFB
3D1E
BCA8
3B98
3A3D
3C03
BCB3
3C9E
BD70
3D1F
BD48
BC24
BDEB
BD1D
3D58
3D5C
3B42
BCCA
BC79
3D4A
BD06
BC0D
3D0C
3C9B
BD11
BC12
BC24
3D28
BD49
3C29
3CE4
BDA8
3BC9
3D0F
3CB0
3CB7
3C94
3C46
3B27
BBA7
BD6C
3C24
BC21
BCAC
BCD8
3C28
3C6E
3C15
3CE0
3CA8
BC00
BCDC
BC2A
BA01
3CA9
BC8C
BDA2
BCD1
3DAD
3C96
3C2B
3D62
BD5C
3D22
3C05
BD2F
3D0D
BC04
BC88
3DBB
3D3C
BC29
3C34
BD29
3D40
3C9A
BCAE
3D50
BD7D
BD56
3CD6
3D29
3C51
BD9A
3CD0
BDD8
3D19
BBB9
BC9E
3D1E
3C3A
3C8C
3C86
BCB7
BD35
3CBF
3C22
BAC8
BB8A
3C7E
BD3C
3C2C
3D40
BC24
3C0C
3B13
BD05
3BE3
BCA2
BC74
BD03
3CD0
3C94
BDD1
BBEA
3CCC
BDB9
3CCA
BAA1
3D44
3CF7
BD89
BBE0
BC61
BC75
3A89
BC1C
3DF6
BD4C
BC04
3D58
BD09
3CE0
3CB6
3C62
BD15
3CDA
3D77
3D83
3DC5
3CF3
BD15
3D9B
3CE7
3D64
3987
BD5F
3D87
3C09
3D86
BD27
3D7C
3BF0
BB90
BC7C
BD5A
BABE
BD04
3C9B
BD22
BC8E
BD14
BB9D
3CD5
BB36
BCB2
BC06
3C53
BD1A
BBD6
3CA2
3B81
BCEF
3BA6
BDA8
BD44
BC97
3D15
BCA3
3C38
3CF2
BC8E
3D86
3C6C
BCF6
BD2A
3D5C
BC83
BDC5
BCE5
BD6A
3AAD
3D22
BB63
3C95
B8D6
BB99
BD1F
3D87
BD2C
BCF5
BDE9
3D41
3CE8
BD05
BC28
3BF8
BD34
3D88
3CA5
3CFC
3D43
3DC3
3D3B
BCEB
3ACA
BC18
BD51
BC83
3C96
BA5C
BC56
BC09
3DC6
BCEB
BB2A
3A8B
BCF8
3D84
3C8D
3CAA
BC20
BD5C
3C50
BD26
BBBA
BCE7
3C94
3D02
3D72
BC1D
BC7A
3C0A
BD41
BCFE
BC53
3CE0
BC94
3C69
BD37
3C00
BB34
BC3E
BBD5
3D0D
3DAD
3ACA
BC85
3D09
3D16
3CE7
BC9B
BD3F
BC8C
3CA3
BD5C
3D03
BD76
3D43
BDEC
BCD8
3D3B
3CD1
3D5F
BDDB
BCB2
3D34
3C69
BCFB
3D01
3D1C
3B65
3D7D
BD80
3DA0
BCAD
BD91
3D9E
BCC8
3B5B
BB94
BD66
3D37
3C6D
3CD8
3D5A
3D0B
3CD7
BD04
3B2C
BDC9
3D87
3DA3
3D81
BAE1
BC50
3D87
BC3C
BD26
BBF1
3D30
BCD9
3CEC
3D60
BD84
3D89
3E22
3DA3
BC0D
BC3A
BAC8
BD87
BB24
BA8A
3BBE
BDD3
3C9F
3D36
3DA0
BD71
BE44
BD2C
BCE6
BD78
3D64
3DB5
B9E1
3D1C
3D39
3CB1
3CD7
3CB7
3C59
3D0C
B962
BD95
3C2F
BC2E
BD32
3B29
BD25
3D9C
BC86
3D11
BCDF
3C02
BC1D
BB85
BC21
3C5E
3D93
BBA7
3C8A
BCD9
3C79
BB85
3A1C
BD43
3D23
BCB7
3CE0
3DA2
3CAD
3BC0
BD02
3CD4
BCCC
3DAA
BA5F
BCB5
3C04
3C5C
3D0C
BE06
BD89
3D83
BD46
3C1D
BD1D
3DD6
BD85
BC0F
3CC7
BC0C
BCF3
BD6D
3CBB
BC48
BDC6
BD54
BBEE
BD1A
3C81
3D03
BD41
3CF8
3D50
BD05
3AE0
3CDF
BC37
BA01
3BF5
3D12
BC6A
3D16
3D3C
BBBD
BBF0
3D10
3C63
BCE4
3971
3D10
3C8A
BD1E
BCD9
BBF0
3CF5
3CC9
3D32
3D23
3C91
BC55
3D67
BBA6
BCD3
BBBA
BCE9
BC7F
3D7C
3E40
3C5F
BC87
BD22
BC34
3DCE
3D10
BD4E
3AD2
BD09
3CAD
3D5D
BC8E
3CBA
3C51
3D48
BC93
BDE2
BD4A
3D9F
BDB3
3CD3
BD25
3CE1
BC4B
3B61
3D58
3CDF
3D81
BD26
BC5C
3C55
3C76
BD58
3B90
3BCA
BC82
3CB6
BBB5
3C2A
BB8C
3B95
BDA5
BD76
3B48
3D6A
3BB1
3C9C
BCD9
BCD0
BD09
3D63
BD07
BD10
BCFB
3C0C
3D7D
BBE9
BC07
3DCC
BB23
BE2B
BC59
BC46
3D95
BD1C
396B
3CE9
3C8F
BD04
BCC7
BD05
3D99
BCAA
BB78
BD28
BC44
BD05
BC3C
BE0D
3C92
BC8F
BD53
BD1B
3D3D
BC3C
3BF7
BD91
BD4C
3C3D
3DA4
BD8A
BD52
3D24
BD83
BC82
3D26
BC90
3C66
BCA4
BBC8
BB04
BC0D
3D8E
3CCE
BD93
3D4B
BC6C
BD8F
BBF7
3DA6
3C41
3CDF
3B38
3D32
3C47
3DC4
BC41
3C8B
BC45
BCD7
3D20
3D32
BC2A
BD8D
3D2E
3C4F
3D69
3CC6
3CB9
BD4A
BE2F
BDE8
3E0F
BD1B
BD12
3C28
BD18
3D2A
BC3E
BC65
BD85
BDCE
BD35
BD17
BD37
BD21
BC5C
3CA9
3D8E
BCC3
3C51
3D19
3DBE
3CE7
BC2A
3DCD
BDE9
BC5C
3CF6
3BD1
3AC6
BCCC
3D02
BD10
BBBA
3D28
BD0F
BC39
BD2C
BD22
BBF5
BD29
BBDB
3CEE
3C66
BDB1
BC14
BD9D
3CB4
3BC7
BBFE
BC92
3DBA
BCE6
3D81
BD83
3BEA
BD2C
3C5A
BDCA
3B03
3DF8
BC0E
3CEB
3B86
3B62
BBA3
BD9B
3D11
3D06
BD3F
3D68
3D2E
3C30
B952
3CD2
BDD0
BB6D
3C25
BD8B
BD3B
3C72
BD70
BD02
3D92
BD97
3C9F
3D55
BDC8
BDB4
3C04
BD09
3CC0
BCD1
3C5A
3CBB
3C6B
3C75
BD8A
39AB
BC87
3D7E
3C5D
BCD5
3ACE
3BEC
3CF8
BD12
3D94
BC73
BD2E
BCA2
3CC3
BD64
BD1B
BC28
3C1B
3BDA
BBAB
BD04
39FE
3D4A
3C2D
BB04
BD2A
3CAA
BD97
3B87
3D8F
3DDA
BD8A
BC6C
BBAD
3D29
3D53
BBD7
3AB9
BD42
BBE5
3C47
BDDA
3BFB
BBC5
BC79
3D82
BDB6
BB29
3BEB
BD79
BDC5
BCFC
BD87
3D20
BD2A
BC0C
BBD4
BCBE
3CA5
3CE9
3D80
BD53
3CEA
BB7D
BC5E
3CA9
3CB1
3C69
BBE3
BD83
3C64
3CA9
BC99
3B07
3C92
3CC0
3D1B
3BF4
BBB3
BCB1
BD3C
BD83
3CAE
BD17
3BB7
3D12
3C0E
BD00
3DD7
3CB5
BDBF
BBE7
3C7A
3C25
BC0A
BD17
BDA1
BD59
BDBD
3D31
BD86
BDB4
BD42
3CA9
BD46
3C16
3BCC
3D1A
BB84
3D1F
BCDE
3D06
3C82
3D87
3C8F
3C19
BD94
BD2B
BC98
BC7A
BBAA
3D19
BC2F
BB09
BC67
3D34
BCF6
BD04
BC59
BCEB
3C9D
BD10
3BB3
3AB0
3CD1
BB87
3CE4
3D39
3C92
3C47
BCB7
BD09
BBA6
BDA0
BD01
3ACF
BB52
3871
BCA9
3D1A
BC54
3CED
BCE2
BD8F
BD3D
BCB7
3D78
3CF7
BAC9
3C39
BC44
3D65
3CBB
BC8D
3C8F
3BFC
BC67
BC77
BDE9
BD85
BD23
BBCC
BD4E
BC8D
3C48
3D2E
3D3C
3CA5
3D4E
3CCE
BCAB
3C59
BCA5
3CD5
BB30
BC0A
BD18
3D10
3D89
3923
3C2B
BD15
BC82
BC51
3BF0
BCD7
3CB5
3CCA
3B39
BCF8
3C77
BD36
BC02
3C94
3BE8
BD20
3BF5
BC64
3B09
3C02
3CDB
BD22
BC14
BD36
3CA3
3DF2
BC7E
BB1F
BC72
3D28
3D11
3D1F
3D0D
BCDA
BD21
3D6B
BD13
3DA2
3D6C
3DB1
3BE4
BD1A
3CED
BBB8
BCD7
BD60
BC0A
3D77
3CAC
BD9E
BD22
3D64
BD61
BD0E
BCE4
3DB0
3C1E
BAF8
BC81
3B58
BD46
BBF4
3D90
3D18
BD32
BD14
3BD1
BD4B
3D89
BC8D
BD31
3C21
BCCE
3D33
3C0B
3BED
BB1C
BD46
BD71
3BE2
BC05
BD11
3C88
3D1F
3CA2
3D1B
BD70
BCBF
BC02
3CEC
BCFB
3DB4
3C22
3CB4
3D11
3E0B
3D9B
BCC8
3D4C
3C75
BD01
BC99
3D31
BD07
BD2B
3C16
3D1B
3CE3
BD9B
BD5F
BDC5
3D8A
BD33
BDA3
3CAC
BC1C
BCF6
BB40
BD3C
3DD1
BD43
3D18
BD2A
3B98
BBAD
3D94
3D2E
3B93
3D0B
BCC7
BD8B
BCBA
3BAA
3D37
BC99
BD68
3D15
BC4F
BD46
3D33
BBAD
3CE8
BC07
3C80
BD29
3C21
BCA0
BD73
BD94
BD0C
BBEC
3CA0
3D45
BD7D
3D14
3D69
BBA7
3CAA
3D49
3CC8
3C91
BC3D
3CC3
3B8F
3D02
3D82
3B44
BBF1
BC69
BD5B
BD9A
3D25
BB38
3D26
BB93
3D00
BD63
BD26
3CBC
3B3A
BD8A
BD29
3C09
3CB5
3D65
BCCB
BC96
3C7D
BBB4
BD34
BBC2
3BEC
BBEE
3C9F
3D27
3D52
BCE8
BB13
3CC4
3C89
BCF8
3B6D
3CC2
3D2F
BB57
3C72
BB4C
3BEE
3CAF
39D4
BC0C
BB3D
3C27
BE1A
BD14
BC08
3C2E
3C96
BC04
BD3E
3D4E
3C91
BD92
BD24
BD3F
BD49
BC60
3CCD
BD0D
3BC4
3CEC
BBE4
BB75
BD39
3DCF
3D09
BC82
3D31
3C64
3C98
3D18
BBC7
BD28
3D84
3D70
BBA7
BD09
3D80
3BCD
BB9A
3B90
3C84
3C3B
3C01
BD10
BBC0
BD69
3C99
3D06
BD0B
3CA2
BD08
BC93
3CC9
BC4D
3CFB
3CC3
BB28
BB62
BD29
3C7A
BCB4
3C4B
BBA9
BA40
3CD2
3C8A
3CE5
BCD8
3CB7
3CD1
BD89
3B1E
3DE7
3DBC
3CBD
BBB8
BCA7
3C55
3C91
3C27
3D23
3B88
3D3A
3C2C
3D8F
BC4D
3CDB
3CE6
BC96
BA8A
BDB8
3C68
BCB3
3C90
3C65
BD1C
BCF4
3C93
3C4B
BCCA
3D94
3B79
3C9D
BB58
BC84
3D61
3D11
3C93
3D27
3CB2
BD0E
BCD0
BCAC
BC5F
3C00
3B18
3B43
3CCC
3CCD
BD1F
3B84
BCE0
BB95
BB88
3B8D
BCC3
BD16
BC97
3CC4
BB43
BDAC
BD0B
3D3C
3C28
3D62
BC22
BD5B
3C13
3BD8
3DA8
3C3B
BBD4
BD63
3CBB
3DA3
BB47
BCAC
3BD9
BD5D
BCBA
3CE5
3C88
BC3B
3DB0
3D7A
3D8B
3D82
3C10
BCD1
3D08
BBB7
3D1B
3DA3
BDBF
BCCA
3C64
BD92
3D1C
BC85
BD15
BCF5
BCE7
3C63
3C57
BC82
3DAB
3C84
3CA3
3C9A
BCFB
3C8F
3CD6
3CAC
BB68
BD01
3D24
3CA3
3D73
BD13
BC3E
BC0E
3B4E
3C26
3DC7
3D41
3C14
3D59
3D04
3CBE
3C36
3D23
3C64
3CBD
3BB4
3B89
3C97
BC7B
3D0A
3D35
BCC1
3D4A
3CBC
3D94
3BB7
BD62
3D36
3CF1
3C2F
BCE8
3CDD
BD0D
BCAC
3C36
BD2F
BCF4
3D3E
3CA4
BD6C
3D06
3D50
3D0A
3D2A
BD0E
BBA7
BA03
BCB6
3B58
3C7C
BCAF
BCEC
BC59
BCA8
3C15
BC55
BCEF
3C5F
BBFD
BC99
BBDC
BB02
3D40
BC56
BC95
BD0B
3CCE
BD0B
BB53
BC0D
BDE3
3C33
3CC5
3D45
3CB5
3D03
3D2B
BD60
3D9E
BDCA
3C4C
3CEC
BDCE
3D10
BD3C
3C87
3CD3
BD06
BDD1
3D5C
3DE4
BAA6
BC3C
3DC7
3D4A
3D56
BB3F
3D54
BCB9
BD93
BC23
BD43
BD18
BBF0
BC0A
BD6D
BC11
BBDB
BC87
BCDA
BD71
BBA0
BCE8
BC61
3CFA
3CFC
3B93
BC54
3CB0
3D05
3C9F
3C57
BC34
3B40
BCA0
3D62
3CEF
3D7D
BD30
3C8D
3BC7
3D4D
BD98
3CFD
BBBC
3CCB
BD03
BB96
3AFF
3CF2
BD03
BDC2
BD31
3C23
BC67
BD1C
3D60
3E2F
3D86
BA8B
BCF0
BCE3
3D8A
BD51
3D0A
BD85
3CED
3D2B
BDB9
3C8A
3BD1
BDEE
3D2D
3C78
3C09
BCFA
3C41
3DAB
3ADF
3D82
BD54
3B7A
3C9B
3CD7
3D0B
3CDE
3C89
3C9D
BD29
BCAD
3C14
3D31
BBA2
BB76
3CB9
BA5F
3D4A
BCAE
BD0E
BCD0
BD58
BA6A
3D46
3C7E
BCD1
3BC5
3C9B
3C03
3BC0
BCDC
BD03
BC9E
BCDB
BC88
BCC1
3DA5
3B5E
BD71
3D02
BC2A
3CAC
3BF5
3C3D
3D92
BCEB
BC92
3D9B
BC3B
3DC9
3D07
3C4A
3D80
3D39
3D0E
BDC2
3E00
3DA7
BC57
BAC7
3C92
3D35
BCD5
BDB1
BC7A
3C77
3D19
BC1E
BD0E
BBDB
3D11
BC7B
3C1B
BCCD
3C2F
3BA4
3CEE
3CA7
BBC8
BD8E
BC97
BD25
BD04
3B97
BD2C
3D48
BCAE
BB33
BCC8
BD06
BDA4
B9DB
BD64
BCFF
BD85
3CBB
3CE6
3D64
BD07
BD1F
BE02
3BD5
3D59
3C71
3BF9
BD87
BDAF
3ABB
BDA3
3D22
BD8A
B9D2
3D83
BA81
3CE8
3CB2
3D7D
3D27
3DE1
BCA4
3D49
3C88
BD91
3C49
3D16
BD14
3D23
3BDD
BD94
3AD4
BCBB
3D1F
B9B3
3C71
BD0C
3C7D
BA2F
BC86
3D54
BD04
3C5A
3D0D
BCAA
3CF3
3D3E
3C1E
BD34
BAB8
BC58
BC77
BBE1
3D2D
BCEB
BB07
BB4C
3D01
BD1D
3DAD
3BD3
3BA9
3C59
BAC3
BCA0
BC8E
BC8C
BC03
BDC2
3CF7
3D7A
3C84
3BBC
3D19
3BC1
3B2B
BC95
BD5A
3C06
BC08
3A54
3BEE
BD2E
3C9F
3C9D
BD46
BCD7
3DF0
3C34
3A96
BC30
3C3F
BD59
3D1D
BDA0
BD12
BCA9
3CDA
BCB3
3D1D
3A8A
BC27
3CDB
BC74
3CBA
3D04
3D0B
3CB3
BD0F
BD39
3C8C
3D12
BCFB
3A36
3C16
3CE3
BC34
3CFF
BCA0
BD38
3BF5
BC82
BD12
BC4E
BCC6
3D81
3CBE
BD05
3D5E
3C47
BD97
3A8B
BBF5
BB38
3C70
BC9F
3B77
3C7B
BCE7
3BC9
BD07
3C06
BD29
3C08
BD60
3CC1
3D0F
BD66
3D9A
BC7A
BBC9
3CB5
3D02
3D2D
3D23
BD65
BCA0
3CBC
BD0A
3D6A
3C84
BD59
3DD1
3B53
BC9D
BCE8
3D0F
3D6F
BD32
3D45
BC65
3C90
3CA5
BC52
3C0F
BBC4
3CB0
BDBE
3D2B
3BB9
3D43
BCFF
3B11
BAD3
3C0C
BCFD
BC84
BD3D
BC4B
3D03
3CDA
3D3E
3D21
BC0C
BD8A
3903
BDB9
BD84
BBDF
BCFF
BCA7
BCC3
BDD8
3CFC
BCE3
BCD3
3D8C
BD18
BD83
3D06
BCC2
3C8D
3C2C
3D40
3DAE
BD61
3BB3
3CFC
3D7D
BD1B
BD34
3D9C
BD29
BD68
3CA6
3C41
3B20
BD02
BD55
3D0C
BC55
3B82
3DB4
3D10
BC9C
BD72
3C73
3CEE
BD46
3D13
3D21
3D21
3C85
BCC2
BB20
BD0C
3D33
BD1B
3D83
BC7B
BD6B
3D37
BCEB
BAAB
BD3E
BD19
BC74
3BEE
BD76
BD43
BC30
BD22
BD23
3D2C
3DB8
3CA8
3D51
BDA1
3A14
BCA9
BD28
3D76
BCD6
BD00
3BA3
BD01
BC83
BC6C
BD02
3D31
3B4B
3CC9
3C92
3DA7
3CD8
3CC3
3D03
3D0C
BD12
BC28
3BFF
3C8A
3C85
BCAC
3C40
3C61
BCD1
BCC1
BCED
3C88
BC32
BD3A
3CE6
BD03
3CC1
B9DB
3CB8
3CA6
3BC8
BC26
3CBB
3D35
BBB7
3B18
3C96
3CF4
3C6A
BCB4
3A31
3D4D
3BD7
BAB4
BB52
BD75
3D4B
BB80
39D0
3CDD
BD57
BD4A
BD64
BBCC
3CA1
BD60
BD46
BDC2
BD8A
3C8F
BCB0
3C2C
BC18
3DCC
3D17
BD0C
3C3A
BC9B
3D06
3D87
BCAE
BC4C
BCBD
BD67
3C4A
3986
3D50
3B0A
BD86
BB74
3C83
3D57
BCBC
3D0C
BCE5
BB9F
3D4B
3B9E
BBA7
3C9D
BB92
3BC8
BBE3
3C06
3CDB
3D09
3BAA
3D06
3D05
3C5C
BCDE
3C9E
3DA9
BDB4
BBD2
BC8F
3CC7
3D04
3CA9
3C07
BD32
BC41
BBCC
3CD0
BCF2
BC2A
3AE5
BD6C
3D41
BDD2
3C97
3BE4
3C37
BC68
BD29
3D11
BCF0
3BCD
3C87
BD04
3D40
BCEC
BD16
3CE5
3C8E
BDAF
3B80
3C21
3CB4
BCCE
BACF
BD06
BC6F
BCF3
BC66
3D3C
BC09
3C8B
3CC0
3C18
3B1E
3BB6
3B8C
3C7B
BC61
BC6A
BBC4
BD37
BB20
3B9F
BBE9
BCC9
BC6D
3C50
3CA7
BC47
3B9D
3C0D
3CCC
BCAE
3C27
BA6B
3D2F
BDD4
3D87
3DB9
3D62
BC2A
BDA7
3CF2
3D85
3C90
3C40
BBD0
3C0F
BDA2
BCB5
BCF2
BC32
3D93
3B99
BD22
BD28
3DAC
BD93
BCC7
BC51
BC1D
BDD4
3D10
3D07
BB3C
BC4B
3CF0
3C76
BCCF
3D51
3C26
BC34
BC47
BCAF
BC06
BCA8
BB2C
BC83
BD89
3A29
3CF0
3BF1
3C31
BCA2
BCA0
3C89
BA59
BCA3
BD6A
BD6A
BD69
BB19
BCBC
3C6C
3D10
BB62
3B91
3DA7
BCA0
BD8F
3CF8
3D2E
BCBE
BD03
BD64
BD82
BD39
BDB8
3DAD
BD1D
3D21
BCA5
3D00
3C5C
BC73
3D26
3D72
3D3C
BC02
3B9B
3D34
3D5A
3DB0
BCE2
BDCB
3CD6
BB5F
BD8B
3AE4
3C6C
3C46
BD26
3BF1
BD27
3C94
3CA4
BC21
3B07
3D03
BCB2
3C87
3D8F
BC33
3AA2
BD29
3C5C
BC98
3CDB
3D4F
3CF4
BC07
3D82
3CB2
BBE6
BCE7
3CC7
BC75
3D88
BB34
3D10
3D16
3D1D
3C98
BC85
3D0F
BDB1
3B08
3D87
BC5F
BCFF
BD8D
3C5B
3D15
BD0D
3CF7
3D53
3CEC
3DE3
BA78
BDDD
BC1F
3D84
3CC3
3D9F
3C64
3BDD
3D05
3CCA
BCCA
3D95
3CBF
3DB6
3D0F
3A38
BC2D
3CC3
BD15
3C07
3BBC
BCFB
3D0D
BD1E
BC0A
BCDA
BCB6
BC7B
3A98
BC9C
3C38
3CF9
BCC8
BB94
BD4C
BC4A
3D1B
3C9F
3D15
3D24
3C8D
3D9E
BBE9
BD31
3CD8
BD1E
BE21
3C2E
3C54
3D75
BD04
BD07
BD0A
BCDE
3CE1
3CE5
BDB0
3D39
BDD7
BC94
3B1D
3C9B
3D65
BD43
BDB6
3C67
BC08
BC84
3C49
BDB4
3D62
3D46
3C8A
3C77
BD0F
3D2D
BDCD
3C03
3BA9
3D95
BD17
BD8C
BD05
BD00
BD5A
3BDF
3BB4
3D8A
3CDB
3D06
BCDB
3C2A
BB4D
BCD8
BCFB
3D2A
3CD8
BB9B
3C28
BA93
3C75
3D00
BCB6
3D3B
BB66
BCF5
BD0E
BCDA
BD59
BD59
3CF4
BD3F
BD71
BD8D
3C96
3C89
BD24
BDC2
3D2A
3D4F
3D2B
BCF8
BCE5
3CEC
BCA2
BDF2
3DE2
BDCF
3B91
3D0E
BD41
3D2A
BC35
3DBA
BCE3
3C45
BC9E
3D06
3D8A
3DA9
BDF0
BCAD
3D8D
BC60
BD0B
3AAA
BD2E
3C7E
BD3B
BD44
BC48
BD01
BD29
BC5B
3BEB
3D0F
BBC5
BC42
BDA2
BBDC
3D27
3B49
3BB8
BD2C
3BB7
3BD5
BCFC
3CE7
3D8D
BDA2
BD00
BD81
BD13
3C26
3D6E
BD9E
BCFC
3CA4
BD23
BD44
3D4B
3D42
BBBA
BD54
3D75
3C90
3C5B
3C12
3DB7
3D88
BD17
B9EE
3DDB
3D05
BC3A
3D0F
3CCE
3BCF
BD5A
3C08
BD68
BCE4
BE04
BAC6
BD50
3D22
BA6C
BC34
3C9F
BC41
3C17
3CF9
3C30
BC4F
BCB7
BBFF
BC08
3CD4
3D2E
BD1A
3B99
3C02
3C8D
BD01
3D21
BD14
BA8D
BD4B
3D00
BCF4
3CDD
3D35
3CC6
BCE5
3BAE
BD35
BD1D
3C20
BCC3
BD53
3D53
3C59
3D04
3DED
3DCE
3D29
BD6D
3D9A
3DAD
BC6A
BBF4
3ABF
BC9C
BB72
BCE0
3D95
3D0E
3C7D
BCDA
3B04
3AAB
BE0E
3B7A
3E0E
BC84
BE0C
BC9A
BD0D
3CC0
BCDD
3DA7
3B45
BC5A
BC2C
3CA9
BC2F
3C51
3C28
BB99
BD44
BC0E
BCD7
3C4C
BBF3
BD5B
3D11
BC4D
3C03
3D4E
3C89
3CC0
BC3C
BD89
BCD2
3D2F
3CA8
BC9E
3C45
BD93
3D1F
BDC9
3D74
BCB6
3D98
BD42
3CBD
3C9A
3A7E
3D2F
3D54
BC9D
3BAF
3CC6
BCD2
3CB7
BCEA
BDDB
3B1B
BDC8
3B45
3DC3
BD3D
3AA6
3CCB
3C3F
BC02
BC4B
BC98
BD59
3DE2
3CD7
BAA0
3C70
3A70
BCC8
3D6A
BCC3
BB48
3C8A
BCD7
BCC1
3D92
3C6D
BD48
3C7A
BC0A
3CA2
3BBF
3B94
3C47
3C99
BC9A
BDEB
BC1B
BCAB
BBA7
BC50
BBA5
BDBE
3CDB
3BA0
BC36
BC08
3C0A
3AD5
3C83
3BD6
3C94
BDD2
3C1A
3D82
BCF0
3D27
BBD4
BCF0
BCC3
BBC5
3D0D
3C28
BC4C
BB86
3D51
3D7C
BD49
BB7F
BC9E
3CDA
BD4E
BE18
BC94
3D49
3A4D
3BC4
BB26
3BB5
3C7E
3CE4
3D45
3BDD
BCC5
BC0F
BBCE
BD9F
BC94
BB64
BBF4
3D37
3D00
3D68
3C23
BC16
3C30
BC3B
BB6E
BB27
BC63
3CD7
BBB8
3CFC
3C82
3D2E
BC4E
3C49
3D50
BD2E
3B83
BD37
3D0F
3D0F
BB8A
BD82
3D10
3CF7
BD94
BCB3
3BB6
BAAE
BC36
3C9A
3D69
3CFC
BCEF
BC63
3C5F
BB9C
3CF8
3CEF
3AD3
BD57
3D3B
3D94
BC8E
BD45
3BC3
3D3F
BD95
3D98
3D12
BCAD
BCB6
3B2A
BD1F
3CD7
3CC1
BD24
BC97
BBD4
3D24
BD7A
BC8E
3D16
BD76
BD01
BB4F
3D16
BBEE
BD17
3D1D
BCD5
BD44
BD6F
BC54
3C03
BC0A
3D9C
BD85
3C93
BD11
3D04
3C6D
3B14
BC06
3D27
3CF3
3C54
3C18
3C5B
3D1A
3DC3
BB9E
BC16
3D35
BD29
BCC3
BB89
BC26
3C97
BCBB
3C4A
3D6A
3D24
BD46
3CC4
3D33
BC85
BA97
3D84
3C53
3D95
3C15
3CFB
BD69
3CDD
BAC4
3D04
BC84
BCF6
BD41
3C67
3CE6
3A4D
BD55
BCA9
3D0C
3CB4
3D55
3D5B
BCFC
3CF3
3D00
BB5E
3C8E
3C51
BCF2
BD74
3D83
BD50
3D5C
3D03
3ABF
BD33
3D58
BD72
3C76
BC35
BD42
BC8E
3C8A
BD11
3CD7
BB7E
BDBE
BB95
BC32
BC23
BBFD
BD25
3DB9
BD6A
BCF0
3CE9
BDA5
3C32
BDE4
3A57
BD8A
BD9D
BC49
BCA0
3D1E
BBF8
BD77
3CC9
3CCC
3D8F
3DAE
BC35
BDFE
BB8B
BA1B
3BC1
BCE0
3D1A
3BF2
BBE1
BC03
3D8B
BBAE
BD4A
3D27
BC03
3C8B
BD17
BAEC
3D8F
BC85
3D6D
3B6D
BCF7
3C6D
BD3F
3BBF
BCAC
BBDC
BD38
3C3F
3C32
BC92
3D77
3C02
BCAB
3D0C
BCB3
BABA
BCCC
3D84
3C7B
BD1B
3D5C
3D9D
BC6E
BD36
BD1C
3A57
3D62
BD44
3C25
BE26
BD2A
3C02
39AD
BD04
BCD0
3DE7
3C95
3D37
BD8A
BC05
BBB9
3CBF
BD30
BDCE
3D9D
BD98
3CCE
3C1D
3BBA
BD3D
BB54
3B88
3D15
BCB4
BD3C
BC94
BCD9
3D3D
BC0B
BC2B
3D09
BC5B
BC84
BCE4
3D47
BD3C
3D08
BC97
3CA1
BBB8
BD07
BCA3
BCE0
BCB4
BB8E
BC70
BD69
BC30
3E17
3D63
3D24
BCD1
BC99
BCA7
BC7F
BCB5
BC85
BD88
BD21
BCD1
3C7A
BCE9
BC27
3DA1
3D59
BC94
BBE7
BCC2
BD52
3B91
3CD8
3CF2
BCDB
3D90
3CEE
3D2C
3B5F
BE01
3CCC
3A70
3CAC
BB95
3BAF
BCCF
3CCB
3BAB
BAE6
3BE5
BD41
BBCD
BC59
3D3A
3CE3
3A59
BC5C
BC0D
3C9C
BCDD
3D11
BD0C
BBDB
BCA1
3D4D
BCB2
BC55
BA5D
3C19
BAE8
3D63
3CE4
BC95
3C2F
3D1A
3C15
3BC4
3C15
3C5B
3AFC
3D30
3BDB
3C0C
BCB0
BC80
3D24
3BE5
3C05
BC4D
3CAA
BCA7
BCAE
3AD6
3D2F
3D1F
BB7D
BCE8
BCA8
BCA1
3D19
BD0F
3D10
BD3B
BBD2
3D44
3ABC
3C55
3AAD
BCD9
BBB5
BC55
3BDE
BC1F
3C30
3A3E
BC93
3C0F
3C8D
3D2E
3CB8
BD40
3CF9
BC25
BC33
3B8C
3C06
3CE4
3CE9
3BC4
BC8B
3C0F
BD70
BD04
3D9D
BC84
3D20
3D2D
3C62
3D03
BAB7
3D24
BBDF
3CB8
BC9E
3B2D
3B8A
3B87
BB8A
3D20
3C49
3C76
3D87
BD7B
BD91
3AC1
3D1B
BD1F
BB04
BD79
3D15
BC1A
3D9C
BBDF
BC53
3C6E
3D08
3D66
BCB8
3E18
BCD4
3D97
BD81
3C87
3CB6
3CEC
3D25
3CD2
3C54
BD90
39E3
3BC4
3CDE
BC31
3C4F
3BC1
BC5F
3BA8
BCBE
BD83
BD1D
BD3A
3C81
3D19
3CAB
BC3F
3D16
3C8E
BBA4
3DC9
3CB2
BC79
BD85
BCBC
BB32
3D05
BCC8
BDA0
BBB4
BD34
BD25
3D02
3C67
3DB8
BD10
3C64
3C26
3D80
3D64
BCDB
3D29
3D90
3DCD
BD9D
BD56
BDA7
BD04
3D90
BB30
3CD3
3C48
3DA1
3B72
3D02
3DD6
BDAA
BC82
3C48
3CB6
3D17
BBAF
3BA6
3C14
3CA4
3D1B
3CDA
BBB3
3CC7
BD14
BD8E
3A9E
BB08
BBFA
3CFC
BD07
3D44
BD27
3D50
BC0C
3D64
BD3B
3C19
BD1C
3CD3
BD0A
3E14
3AAB
3CDB
BD4E
3DA2
3C81
3CBC
3C83
3B19
3D10
BCCA
BDBE
3D23
3C86
BC74
BD82
3E20
3B50
3C80
BC85
BB32
3E10
3C7D
3BDA
BC82
3C83
3CD1
BE19
3D23
BBDA
BD82
BD05
BD56
BCCC
BCDC
3DBB
BCC4
BD32
BA0F
3C93
BC9F
BB07
BC30
BC45
BC3A
BC27
3C76
3D44
3D45
3CC0
BC84
3CC4
BC6C
B8B0
BB94
3CB7
BC5C
3D01
3BBD
3CA8
BCDD
3A48
BD29
3CD9
BC43
3B9D
BD0B
3CA0
3CBB
3D82
BD81
3A1C
BB61
B8E7
3C86
3C22
BD27
BD4F
3CF2
BC16
3D4E
3C11
BDA5
3DAD
3B4D
BDB1
BE01
BD2B
BCA2
3BD6
BBE9
3D7E
3DA7
3DD4
3C8E
3DB2
3D0E
3D54
3D20
3C2B
BD25
BD3F
BD20
3D00
BD6C
BC06
BCA1
3D54
BBE2
3B63
3C6B
3C84
BC8B
3B82
BD30
3C14
3CFA
3C8A
3C89
BB5F
3D28
3CB7
3D37
BDAB
3CD8
3C94
3C35
BC63
3C94
BD0D
3D79
BC13
3C4E
3D04
BC98
BCEE
BC66
3B19
3CB6
BDB0
BCDC
3C92
BD41
BD24
3BA7
3D47
BBC7
BCF7
3D08
3BED
BD25
BCCA
3CD2
BD70
BC0F
BD80
BCA8
3D08
3CD3
3E09
3B4A
3C9B
BD61
3D64
3D0A
BD2F
3D8C
BCE6
3D82
3CCB
BD98
3D05
BCC7
3D69
BC54
BCB4
3D2B
BCC2
3D40
3C51
3C99
BCE9
BD3F
BD0E
BD08
BC3C
BD7E
3D9A
3C50
BD2C
BC75
BD3B
3C60
3C66
BD1E
BD4F
BB1D
3D6F
BD5F
BDD9
3C64
3BD2
BD86
3D23
3D17
3D82
B983
BC1B
3CC5
BD54
BD1C
3D9E
3CC4
BC04
3C87
3D7A
3C8A
3DC7
3DBB
3DA5
BD70
3D03
3C6C
BD22
BC9D
3D55
3DB3
3CC7
BD8C
BD94
BCF6
3D2F
BCAE
BA6F
BB20
3D4A
BC92
3C4E
3C61
BC21
BDA3
3BD1
BD65
BCED
3DAE
3C27
3D1E
BCD3
BD02
BD04
3CD8
BD9B
BAF2
3BF1
BD3F
BD73
3D5F
3D78
BC02
3BE3
BD20
BDAE
BC26
3D9B
3D19
3D34
BD15
BDEB
BA89
BDB2
3C50
BBDE
3DCE
BC77
3D3C
3BBB
3C12
3D84
BE05
3D6F
3C17
3E19
3CC2
3D0A
3B04
3D64
BD7D
3CB8
3D72
BCFE
BBB7
3C91
3C75
BBC4
BC84
BD37
3B5B
BCEB
BCBA
BC91
3B42
3CC1
BC83
3C37
3CCC
BC9C
3C4C
3D2E
BD3D
3C81
3B7A
3C46
BD29
3B66
BCB8
3C41
BCF6
BC87
BD68
3D4D
3CE2
3B87
3C5A
3C0A
BD40
B805
3D97
BD95
3C19
3CDA
BB78
3D15
BCB1
3D25
3A50
BBE0
3C0B
BB00
3D2A
3BC3
BDB6
BD76
3A55
BC7A
BDA3
3DCC
BD20
BB9F
BBAD
3D82
BCA3
3D8C
3D87
BD90
3DBA
BBBD
3B99
BCBF
3C29
BCC0
3D2A
BD56
BC69
3C59
BD67
3C53
BC9E
3CB4
BCEF
BAD3
BDB3
3CA4
3C87
3C8E
3D53
BB9D
BD0B
3CF6
BC20
3BD8
BB92
BD6A
BCAB
3C6D
3C9E
3BF6
3CDE
3BBA
BC4C
BCB7
BD15
3BC1
3B8D
BC47
3D33
3D0B
3D0A
BC2C
BD6E
3CE8
BC41
BD52
BD84
3CFB
BC28
3C39
3D1B
BB16
3D78
BCB4
3B7C
BCDB
3BD0
BCDF
3C80
3C89
BC0F
BCB7
3CB5
BBA7
BC14
3D8A
BB3C
3C36
BC6D
BB8D
3D99
BD77
3C1F
BD67
3B6C
3C85
BC85
3C35
BBE7
3D2A
BDE7
3D11
3D81
3C9E
BD7A
3C01
BB9A
BDC0
BB3E
3D9B
BCFA
3D14
3D2E
3C0E
3D9B
3D6A
3D0E
B9FC
3D82
BC6E
BE2B
BDAB
BC07
BD4F
BD0C
3C67
BC27
3B3E
BB0D
3CF3
3D28
BD9F
BD55
3B97
3CA2
3CB5
3DDF
3A72
3C81
BC5F
3D2A
3D58
3BE1
3C9B
BD88
3CE7
BDA1
BD27
3CFC
BCC5
B87F
BD48
3D41
BC32
BCA3
3E0B
BA81
BCC3
BCE6
BD7D
3DA3
BCB1
BC2B
3C8F
BD8F
3B86
BD48
BC8C
3C22
3CC5
BC48
3D31
BC7C
3D32
3D92
BC85
BD6D
BC81
3D24
BD8E
3D4D
BD61
BBD4
BD44
BD2A
BD26
3D02
3DC1
3CED
3C02
BD47
3DB8
3DA9
3C82
BBFA
BD48
BD56
BBA6
BDF9
BD06
3BC4
BD3B
BB82
3CE8
3D6B
BCE4
BD87
BD61
BACA
3B8B
3D36
BD44
BB7D
3CF1
3C45
3D70
BC8E
BC20
3CF9
BDCD
BCED
3D0C
3C87
BA62
BC5C
3C9E
3CED
BCA8
BCC9
3C16
BC3B
3C28
3D7F
3D7C
BD86
BC9F
3C63
3D6A
BCE0
BB9C
BD86
BC52
3CEF
BC00
3DD0
3CF6
BD38
BB63
BC71
3BC1
BC89
BCBA
3C91
3CA1
BC08
3C6D
BD2F
3BC5
3D89
BD90
3CDA
3DE5
3C96
BD1F
3DAD
BDBE
3D81
3C2A
BCEC
BD61
3AC4
3D60
BC5C
3CE8
BD76
BC9D
3C0E
3D0F
3D61
BC8E
3ADE
3D30
BCB3
3BB8
3CEB
BBA3
BC12
3C8C
BBD2
BA77
BC14
BA94
BCDF
BC3F
3C5A
398C
BCD9
3BBB
BC42
3BB3
3D2F
BC19
3C38
BD74
BC8C
3B80
BD4A
3C9F
3D0F
BCA0
3B91
BCB4
BC0F
3BC0
3CA3
BA59
3D6F
BC19
BC98
3CEE
393E
3D0F
B9AC
BDD5
BCE0
3D23
BD5D
3C63
3C85
BDA6
3C69
BBCE
3D55
BCB6
BE09
3D47
BC3D
3B95
3C55
3CB6
3BB2
BCFD
3C23
BD12
BC32
3BF6
3CB3
3CBF
BC9A
BCDB
3CDD
BD2F
BCBE
3D20
BC6D
BD06
3CDE
BBF5
3C1D
BB93
BCE1
BD94
BD80
BBC1
BCA2
BCBB
BD0A
BC83
3CEE
BB89
BD2C
3A1F
BDE9
3CCB
3CA7
BBB2
BD60
BD3F
3CD5
3C88
3CB5
BAC6
3C6C
3C9B
3C41
3CFC
3BAA
3C8B
BD2D
BD3F
3BF3
BC29
3CBA
3D09
3CA2
3D2A
3CF0
3C80
3C75
BB8E
BD8D
3DC5
3D1C
3B85
BCEE
3C8B
3ABC
BD66
BCC6
3CA6
3C0C
BC82
3CB9
BCB6
3C2F
BC37
3CBE
3CAE
BD29
BC6C
BA08
3D17
BA10
3CD6
BCA7
3B35
3C8A
3D15
BD20
3D1D
3CE3
BD2B
BD0D
BC42
3C88
BD9E
3CF2
3C40
BCC5
3D46
3C4E
3C0E
BD2F
BD55
BC8D
3A97
3D49
BCEB
3C43
BCAA
BC26
3CBB
3D0D
BC59
BC02
BC81
BD47
BC47
3CCE
3BA2
3C1D
3D61
BD32
3DB1
3CDF
BC24
BD98
3CB9
3DAB
BD96
3C40
BC54
3D87
BCF0
BD89
3C6A
BC80
3C4F
BCD6
BC29
BBB1
BD25
BB35
3CE7
3DBD
BC7D
B729
BCBE
3CF8
3D02
BAC5
BCD4
3CAE
3C8D
BD4E
BC40
BD71
BD9F
BCED
BD0D
BC96
BD08
BD64
3D41
3D56
3C3C
3D63
3CB8
3C4B
3C52
BD85
BC48
BB5E
3D5F
3CBE
3D28
BCC0
BD1C
3CD3
3D81
BDF0
3CB3
3D8B
BD4F
BD3D
3C04
BD3D
BD8D
BD22
BD3F
3DB7
BBEA
BCA0
BCCF
3D77
3D9E
BD28
3C58
BB9C
BD23
BD16
3C75
3ADB
3D08
3BB1
3C7F
3C3E
BBD4
BCA4
BD12
3D01
BC20
3C92
BCEE
3CC8
BD46
3D58
BCDB
BC58
3AA6
3D9A
3D97
BDEF
BCAF
3D03
3D55
3D3B
3BD5
3CBF
3D4C
BD0D
3BF6
3B87
3AED
3D3C
3D15
3D05
BC36
3C38
3DC0
3D7C
3D8F
3E25
3E32
BA5E
3E02
BDD3
BCAC
BBD4
BCD3
3DD2
3CA2
3D1B
BC0D
BB81
3C9B
BD56
3D98
BC9E
BCA9
BD2B
3CD7
3DC0
BD4F
3C4F
BDA3
BBF3
3D17
3C11
BC54
BC94
3B91
BD9B
BB8E
3A5B
3CC1
3CDA
BCAA
BCCA
BC51
3CA2
3CFE
BC2C
3C5C
3C9B
3D2A
3C81
3D39
3D90
BDB6
3CFA
BD95
BDFA
BB4A
BD95
3C91
BC91
3CEB
3D3E
BC8F
BD84
3E23
3D10
3DF7
BCD3
3D9F
3E03
BC9F
BD11
3CA3
3D98
3C81
BD80
BD6B
BD4C
BCD2
BCA8
3CDD
BC79
BD03
3D2A
BC9E
BD0B
BCE9
3D24
BC82
3C90
3D84
BB2E
BCCC
BC4A
BCB7
3D90
B926
3CC5
BB95
BD0D
BBCC
BCA7
3AD4
3D1E
3B35
3B4D
3D32
BC9D
BCDB
3D52
BC37
3D4B
BCFE
BD80
3D22
BCD5
3C96
BBC1
3DA0
BD4F
BD5A
3C1C
3DD3
BD75
3A82
BC2A
BDA7
3D87
BDE1
3D05
BDBE
BD10
3DBB
BE08
3BB2
BD47
3DB5
3E1E
3E12
3DAB
BCC5
BDE7
BD86
BA7A
BCFF
BD24
3CA8
BB78
3B8E
39E7
BC89
3BB2
3B31
BD0A
3D65
BC17
3DB7
BBB7
BCEE
3D65
BBE8
3D53
3C17
3A97
BAAC
BCDB
BB0D
BCB9
3C9D
3C68
3D01
3D18
3D32
BCBA
BCB8
3D0F
BCC6
3AAE
BD66
BD48
3CCE
BCB9
BCB4
3DEF
BC4E
BB8A
3AA8
3C93
BD22
BC78
3D4E
BE03
BD84
BD80
3D73
BD06
BDD9
3D58
BC8B
BD01
BD87
BC2B
3D82
BE0F
BA5A
3CE2
BBC7
BCCC
3C75
3D6A
3D39
BD11
BBFC
BC89
BC46
3C92
3C7E
BD3F
BD12
BC3E
3CE2
BC0E
3CF0
BE01
BB53
BD86
3B2D
3DA7
3BC9
3CAC
BCCF
3C5B
BCE3
BC66
BCDF
3D1A
398D
BCFB
BDA7
3C5E
3D4E
BD0E
BC31
B8ED
BD24
3D05
3D10
3D0C
3D3D
BD43
BD59
3C72
BCB4
3CD2
3CCA
BD7A
3D2E
3B9A
BD2D
3DED
BCC8
3DF6
3DE8
3C58
3CEE
BC1C
BD19
BD27
BB9E
3B72
BC6C
BD33
3D38
3C53
BDA6
BC42
3D4B
BD7B
3C84
BD15
3C17
3DEC
BC68
3CF2
3CC2
BCA8
3CF5
BB05
BC45
3C3A
3ABE
BDAE
3B12
BBD5
3CBB
3CA7
3CC0
BCF1
3D26
BBB8
BC72
3DCB
3B8A
BC4A
BBE9
BCCE
BC94
3CEA
3C7B
BD5E
BD26
BB72
BC04
3CB7
3C83
3CF7
3D35
3BAB
3D5C
BD97
3B0D
BDEC
3C37
3CDC
3BBB
3CCE
BD82
3CBE
BD9A
3CB1
3A5B
BCA5
BCFD
3CAC
BCFA
3D06
3D38
BDAA
BCF7
3D63
3D38
BB10
3ACF
3D67
3ABF
BD02
BDA8
3B66
3BC2
3A3E
BD4D
BCD7
3A5E
3CAC
3AD6
BB3B
BCCE
BD0E
BD5A
3C1E
BA7A
BCED
3D01
3CCA
3D30
3C1D
BD31
BC70
BCA2
BB67
BCB5
3CD8
3D60
3C3F
3B6E
3C16
3C05
BC53
BD2B
3B9E
BC15
3BF4
BBB9
B9C6
BD34
BC86
3D06
BD42
BD0A
BD00
BD2F
BD83
BD17
3D7D
3C8F
BA6F
BC9D
BD1A
3BB4
BB38
BD66
3D37
BCB8
BC2D
3B10
B94A
BCA4
3C0A
BAEA
BC5D
3D8F
3CA0
BD48
BB23
3BD2
BCF8
BBF2
BD0B
BC62
3D3C
3CA9
3D27
3D11
3D22
3CDD
3D33
BD24
BCE2
3D62
BB86
3C3B
BC3F
BBE4
3C44
3D12
3DA3
3CE5
BD06
3DC6
3989
BC16
3C5A
3C18
BD36
BD2B
BD59
BC8C
3CE2
BD99
3D9A
BCA8
3D49
3E04
3CB8
3CA3
3C97
3D24
BDA6
3D71
BD0E
BDA0
BCA9
BD34
BD83
BD07
BA18
39CC
BBB6
3CF5
3AF4
BBB8
3BCB
BD12
3CA1
3CD0
BCA4
BC8A
BB8C
BD47
3CFC
BD01
3CEB
3CA3
BBCF
BC87
3CA3
3A55
3D9C
3CEA
3CB2
3D1B
3C90
BBE5
3BA4
3D0B
BC77
BC6C
BD9C
BC06
BD7A
3D0C
BCEA
BA58
BCA2
BCD2
3D33
3D86
3D31
3DB5
BD71
3C49
BCD1
BC78
BD73
3D63
3CA9
BD09
3CA1
BD4D
3B21
3C93
BC4D
BAE4
BDC5
BB1E
BB5A
3D5C
BB4D
BC09
BCE1
3DE9
BD01
BDAC
3CD6
3C3D
BD1B
BCC9
BD15
BD24
BCFD
BB8F
3C87
BC6A
BC32
3C32
BD81
BD27
3CA9
BC65
3D38
BD05
BCE6
BCCD
3D0B
BC9A
3CC3
3B61
BD0C
BD07
BAFE
3D5F
3C9F
BCCD
BD2D
3D0C
3D9A
3D8E
3D5A
3D06
BDC8
3CDF
3AFE
BD7E
3BC2
3D13
BC32
BCF6
BCDD
3C11
3D39
BDEC
3AA0
3BBB
BCF9
BD85
BD3D
3D3D
BD57
BB9E
3D4D
3CE5
BC98
BD44
3E0F
BCEE
BD8E
BD1D
BBDB
3B7E
BD68
BBE4
BA6B
3D0F
BC7C
BD39
BAFA
3D85
BCCE
3D02
3C8C
BB40
BB93
3C9C
BD13
3C92
BD4C
BC40
3C73
3D3D
3BCA
BD99
BCFF
3C7C
BDCB
3D12
BCA6
3CF8
BD40
3D13
3B1D
BC0C
BACB
3CA4
3B20
3D26
BDC0
3C8E
3DA1
BD93
BC89
3CFA
BD8E
BD8F
3E1F
BD9A
BD4B
3DCE
BDBB
3D0B
3D07
3D0A
BC47
3D4A
BCCB
BC65
3A74
3DD0
BC62
3CC5
3C98
3D2A
BCAE
BD5F
3C57
BD07
3CEF
BB53
3C10
BD08
BD64
3C5F
B83C
BD60
3D0A
3D38
39C5
3CF2
BD0D
3C74
BD17
3D0A
BB0A
3D9A
BB0C
BCD4
3CEE
BAD9
3D1A
BC94
BCEE
BC92
BD90
BC94
3D96
3CD9
BD18
BD1E
3DB5
3C94
3C79
3C68
BC94
BB39
BD61
BD13
BCBB
3BFD
BD58
BE06
BBD2
3DCF
3D4F
3CFB
3CB5
BD0A
3D77
3E06
3B07
3D2B
3CAB
BD25
BCCE
BC8A
3D52
BD19
BB8E
BD42
3D22
BD43
3C5C
3CFF
BD86
3832
BD22
3D00
3DA0
BCA3
3C08
3C03
3D3B
BD00
BD0A
BD4F
3B5A
3C40
BCE6
3B40
3D2D
3C22
3D2D
BD77
3D5B
BCCD
3DCD
BD9E
BC01
3CA2
BC92
BCE1
3CCC
3CCC
3B65
3C83
3D83
3C2A
BCDC
3D84
3CB8
3CE3
BC9F
BD70
BC86
BC9C
BD8C
3D09
BCD7
BDA2
BDB6
3CAE
3D12
BD02
3D17
BDC5
3D10
3D62
BC21
3D3D
3BBF
3C91
3A9A
BD47
3D95
3C12
BD7E
BB0B
3CFE
BC93
BC88
3D09
3CEF
BCD0
3D14
3D56
BB90
3BAC
3BBA
3CC5
BE0A
3D29
3D81
3C2D
B959
3B58
3CAA
3CE2
3C9E
BD22
3DA8
3BDF
BDA2
BD15
BC4F
3DBA
3D76
3BC7
BDF1
BD43
3C94
BD08
BCB0
3BB1
BD82
BCCF
3D31
3D66
3D8E
3DFB
3D5F
3D33
BC04
3C86
BC77
BD8E
BD1A
3D2E
BB16
BD17
3CB5
3D11
3C17
BBD4
3A8F
BD9E
BD60
3C16
3D17
BD40
3B90
3D4F
BC54
3C40
BD3D
3C90
3C86
BBF1
3D3C
3D70
3D32
BCC5
3D60
BC99
BDA4
3C42
3D37
3B33
3D04
3DB2
3C33
3DAF
BD3F
3BC1
BD8E
BD04
3D84
BC7A
BB85
BD40
BBF1
BB23
3C1D
B8B6
3CD7
BC0C
BD76
3D3C
BD3F
3D30
3CA6
3D96
3CCC
3C5D
3CA2
BCA7
BD82
3D50
3CD5
BD55
BCBC
BC59
3DDD
BD8E
3C3F
BD14
BCC7
3D44
3C84
BB21
3D09
3D51
3CD8
3B26
BD86
BD88
BCE8
3D59
3D89
3C4F
BBB6
3D3D
3C8A
BD68
3D3E
BD16
3B40
BC0E
3D34
BD5C
BDCC
BD4C
BA1A
3D98
BDC9
BC2B
3BC1
3981
3DD8
3C9F
3D09
BC30
BD19
3C86
BC7F
3C56
BDA0
BAFE
BA48
BC37
3D62
BCA4
3C8F
BCDC
BB39
BD3F
3C84
3C7D
3C1C
BCF9
3D54
BD9B
3CA9
3D47
BD82
BCBE
BC6B
3D90
BD03
3C8A
3DBA
3CCC
BD5D
BCFF
BB62
BAD2
BD60
3D4F
BC99
3D28
3D18
BCA4
3D5C
3C52
BD0F
3D05
BD78
BBDA
BD6E
3D92
3D14
3D48
3A4F
3CA0
3D1F
BDAA
BD35
3D4C
B533
BDBC
3DE5
3C07
3D35
3C9E
3C0A
3CFF
BC73
3D2B
BC92
BBAA
3C26
3AA3
3CFE
BD2A
3D11
BC8B
3BA8
3CFD
3CD3
BD96
BCEF
BD00
BCC1
BC7C
3CAE
BD2E
3C46
BC05
3D63
3D21
BCD6
3BC0
3D6B
3D52
BD28
BC06
3C1D
3BA0
BB57
3C3E
3CAE
BCEB
BD0E
3D05
BC38
3D63
BD5D
BD4B
3C91
BCBF
3D26
3D07
BC07
3CA2
BD1C
BBDB
BCAD
3D49
BCCC
3C91
3CB0
BB6D
3D2C
BC2C
BBE4
BD99
3B39
BD12
BCA0
3CD4
BDD9
BC2C
BDF1
BDB8
3D95
3C9C
3D53
3D2D
BD68
3D50
3B82
3C9C
BBDB
BCB1
BBEC
BD1D
BD2C
BC26
BA4D
BDA9
3D25
3D2D
BB33
3C94
3DB9
3D9C
BDA5
3C89
3C0F
3CA5
BB9A
3C3E
3CA7
3CCF
3C72
3B75
3C05
BD45
BCD4
3C64
BC4A
3CC8
BDC6
BBC3
BC46
BCCF
3D70
BD46
3D53
BCF0
3D38
BCB6
BC81
BD51
3D85
BD9D
BC8C
BD78
3CF5
3CBC
BD1B
BDB6
3DB2
3C84
3D04
BC86
3CF3
3D32
BC24
BCFC
3C80
BC48
BBED
3D4B
3C61
BD3C
BC43
3C18
BBD3
3D70
3D6B
3C87
BC35
3AD8
BD13
BCD4
BCB8
BD42
3C26
3D21
BC8D
3D12
BC23
3C30
3ACF
BD9D
BBC7
3C8D
BB88
BD2E
BCCD
BC6C
3C24
3C45
BCEF
3D0E
3C09
BCB9
BC16
3C60
3BC2
3CBD
3CCA
3B8E
BCE3
3CFF
BBEE
BD08
BBF2
3D84
BB9E
3CE5
BCAE
BC65
BCA8
3C91
BD47
BC70
3D2C
BC65
BC9B
BD08
3D2C
BCAB
BD92
3C88
BD4B
3C5B
BC00
BD47
3D30
BD8B
BD39
BD95
BC8C
3D05
3B22
BCB1
BDA5
3D38
BD7C
BC56
BD03
3D7E
BC3A
BCBC
3C9B
3B82
BD1A
3C3B
3B6E
3D66
BC81
BC9E
BC06
3CD2
BD51
BA49
BB95
BD9D
BD5D
BC1D
3C95
3B3D
BC80
BC84
BCCD
3C0B
3CC6
B943
BC0E
3B24
3C43
3C91
3D37
BC8D
BD90
38E1
BD60
BCC8
3D54
3D69
BC4C
BD22
BCD5
BCA5
3C5B
3C4F
3CF0
3CB7
BD10
3DD5
3A0A
3D9A
BC86
3BA8
BD40
BD69
3CA8
3D3C
3BAD
3BA4
BD4E
BC6A
BCCA
BD4D
3D91
BC87
BD07
3D1B
3BA7
3C16
BBC0
BBB5
BAD5
3B9F
BC8C
3C0C
3D21
BCA3
BD0A
BCB8
3D06
BCD8
BBF6
3D08
BC6E
BC1C
BBE4
3B93
BBD4
BC66
BCC5
BC9F
3D58
BCAA
3B03
BD2E
3D05
3C74
BA5D
3D15
3A08
3BFF
3D96
3C77
3C08
3DD0
3CFD
3C21
BCF9
BBA7
BCC6
BCC8
3C51
3AC5
3BEA
BC15
3D79
BDC7
3C0C
3CB0
BCC3
3BC6
3D3A
3CA1
BDA4
3D27
BC7C
BD06
BD64
3D23
BCBC
3C00
3D02
3973
3B84
3D09
3D0E
BC28
BB44
3CD4
3B6D
BD70
3D10
BC3C
3C8F
3D1E
3CCE
3C88
3CE7
BBAD
3C7E
3CDD
BA6B
3D2E
3A82
BBFA
3D04
BCE5
3C41
3D23
3B9F
3D92
BDAE
BBFD
3D4E
BC1B
BD59
3AED
BC77
BBF5
BC41
3ADC
3D09
B95F
BBEB
3D96
BD4B
3D17
BCF4
BC5F
BBE6
3B60
BDB3
BD4D
BDA9
BCA2
BC85
3CDC
3CEC
3CFB
BB7C
3CAC
3D8A
BC61
3D54
3D5F
BC99
3D5D
BC27
BCED
BCF4
BD40
3C73
BAA1
BD8E
3D89
BCB9
BCB0
BC56
BCC0
3C38
BABD
BCA2
3D3C
3C7B
BBF3
BB32
3BF8
BD9B
3C99
3D7E
BA33
BB26
BC14
3DA9
3D18
BD01
BCE4
3D46
3C15
BD71
3CB1
BCBC
3D63
BD3D
BDD4
3E09
3A6E
3D38
3D08
BD93
3CA8
3CA5
BD9E
3C29
3A39
BCBD
3B1C
BD91
3D4C
BD6D
BD9E
3DE9
3C4A
BC0C
3CEF
3D4F
3DC8
BBFC
3DB1
3D68
3B65
BC0D
3A93
BCCC
3D7C
3CC5
BD0B
3D2F
BCF6
BC03
BC42
BC3A
BD36
BCEE
3BA8
3CF1
3C4D
3C3D
BCE0
3AD7
BCC9
3D90
BBE4
3CD4
BCE1
3BB3
3D0D
3C57
3C6C
3DEF
3B60
BDA6
BC9D
BD4A
3CE3
BC9F
BD38
3CD0
3D05
BD40
BDBD
3D63
3B9C
BBB5
3D23
3CA8
BD9C
BDB8
3D00
3CB9
3CCE
3BD3
BD19
3D33
3C91
BDE0
BD31
BD99
BC86
BBDC
3BBF
BDCE
BD54
3B9C
BD34
3CBC
3C95
BA59
3D41
BC94
BB29
3D02
BC8D
3CAD
BC76
BBF2
BC39
BB31
BCB7
BCC4
3C0F
BD18
BCA4
BC8D
BCB6
3B38
BC9B
3D84
3B57
3C1D
3B81
BD85
BD5D
BC32
BBEE
3AEC
BC62
3C9E
BE15
3D41
3E34
BCFA
BDB7
BD9D
3CBD
3D86
BE0F
BA88
3C3E
BCCB
3DA3
3C22
3CE7
3C7F
BD9D
BD7E
BD09
3D99
BCA3
BD76
3CCB
3DD5
3CD1
3C6B
BD02
3CAD
BD99
BCE5
BCC8
3D1A
3C38
3CDD
BC8E
3CDE
BB34
BCB7
BCCD
BC16
BBBF
3C48
BB94
3D19
3C9D
3CFC
BC72
BBFE
3B29
BD13
3D01
3A8F
BC6D
BD42
3C8D
3C8D
BC25
BBB3
BD25
BDC3
3CAE
3DBB
BD3D
BD1F
3D1A
BC9E
BD6A
BB78
3D40
BCD1
3D6D
BC4A
3D17
3D48
BD59
3D28
BCCE
BD0F
BB14
3C02
BD37
BC9E
3D7B
3D39
BDDC
BCE8
3ACA
BBE7
3D42
3D97
3CE1
BBCF
3DBA
3CE8
BC69
BBE5
3D6C
3C8A
3D39
BA51
BB17
BCF5
BD24
3C2D
3C69
BC04
BA23
3C70
3C2D
3CC4
3CE7
BBDA
3D07
BC81
3C74
BD10
3CC6
BD7F
BBC2
BBA6
BCBC
3C36
BB34
BCBE
BD32
3D99
BBD4
3B7A
BD9F
BD94
3A5F
BD42
BCF1
3DC4
BCC3
3D2B
3C97
BD5A
3CC6
BC8B
3C55
3D20
BE37
3CAC
3D09
B89D
BC84
BC11
BD88
3D7F
BD36
3C97
3C42
BC22
3D2C
BD53
3D66
BD81
3D20
BBE5
3CF0
BCB1
3C88
3C14
BB97
3C03
3D88
3D18
3CF8
BD18
BC96
3BA7
BD30
3C30
3BFD
BC90
BCBC
3D0D
BB0C
BCC2
BC0F
BCD0
BD87
3D06
BC00
3CA1
3C2C
BC00
BCBA
BC9B
BD35
3D6F
BD29
BC26
BCF0
3C76
3CAB
BC38
BC3D
3DA0
3D0D
BC40
3D7A
3D85
BD8D
3BF9
3CF5
BCF5
3CF1
3D76
BCB7
BC4D
BBC5
BD20
BD17
3CA8
BCC1
BD4C
BBCC
3A92
3B53
BD27
3D22
3CA3
BC4A
3D05
BCC3
3C69
3C91
3BC7
BD03
BC03
BD22
3C9E
3C67
BBEF
B9B2
BC44
BC98
BCE6
BC09
3CA4
3C79
3C64
BC8B
BD27
BD3F
BC14
BC76
BC52
3D48
3D59
BC20
3D66
3CEE
BDE0
3CA1
3E32
3A8C
BD8F
BC67
BC88
BD19
BD11
3C6F
3BF6
3B78
3C8B
BBA1
BC63
BC5A
BD91
BDCE
3D27
3D89
B9C5
3D29
3D65
BDEF
3CE4
3DCB
BCC9
3D31
3DB3
BD10
3D09
3CD4
BC46
BD54
BCC1
BD35
BBDD
3BF3
3CF2
BC22
BC44
BC90
3B96
3C61
3DA0
3B25
BCF7
BBC5
BC3C
3B34
3D11
3BB0
BCA2
3C1D
3CB7
3CB9
BC88
3DB6
3C2F
3BF9
3C0A
BCC2
3CBA
BD3D
3DF2
3CBC
BBC4
BC3A
BC12
BC28
3CB2
3D8A
BCFE
BC1D
BD42
3C3E
BAFB
BD26
3D10
BC82
BD69
3CDA
3BD4
BD32
BDA2
3C50
BD4D
3D83
3DB5
BD4F
3D30
BDD4
3BBF
BC68
3CDD
BCC7
3D09
3C2C
3D84
3DBF
3D04
3CDB
BD3F
BC8B
BD29
3C4D
3CE8
BC32
3D70
3D37
3D1D
BD06
BC06
BCF3
BD44
BCA4
BCC0
BD5F
3D9E
3D41
3C57
BD43
BC13
BC82
BCCB
3D0A
3A9C
3B0B
3D85
BC83
BD2D
3D44
BD06
BC6A
BD86
3CCC
3CDE
3D03
3D0C
BBF9
3CB6
3DFD
3B1A
3E08
3CE6
3DED
BAB6
BCDB
3DA5
BD75
3B3F
3D25
BD31
BDA9
BD8B
3B55
3D6C
3D66
3BAD
3C49
BD0A
BCA2
3C8F
3C36
BCE7
3CDE
BCF4
3D3A
3D86
3CF5
3D1A
3C34
BCED
3D41
3BAF
BC7F
3C9F
3D73
3CE5
3D3D
BCDA
BC83
3D33
BDA8
BD71
3D0F
3C42
3D06
3DCE
3BCA
BD63
3CF3
3C40
BE06
3A74
3CCD
BBAD
BC44
BC86
BD03
3CBD
BD22
3B9C
BDAD
BD4A
BD24
3D5F
BDB7
3D72
3D56
BD7C
3D1A
BBDD
3D0F
3DD2
BCE7
3D79
3D48
3D90
BD1A
3CB8
BBBA
3D1A
3D06
BD80
BB11
BD3A
3C74
BD13
3B4A
BD21
BCD2
3D59
3D8E
BCB3
3D08
BCBE
BD22
3B2A
3C61
3D55
3A5A
3C41
3C66
3D2E
3C5F
3C36
3CB0
BB1F
BD1E
BDD6
BCA3
BC2C
3C9E
BD5A
3C3E
3D25
3D1E
BCC8
3D59
3DA5
3C8E
3C9F
BC8B
BCF3
3A1A
BCD5
BACD
BDA8
BC80
3CF4
3D6A
3C6F
BD11
BCEC
3BA7
BCD3
3CEF
3C67
BD65
BB6B
BC94
BD13
BC0F
3D28
BC23
3D53
BB48
BC9A
3CA4
BD54
3BFF
3CCE
BD97
3BE6
BD73
BD75
BCC9
BCAF
3D3F
BD33
BC78
BC95
3D03
3B44
BCAA
3CD1
3C20
3B76
3CAA
3C2C
BD43
3CED
3D6A
BC35
3C88
3CCC
BB41
3B1E
3D5D
3B44
3B45
BC4B
3D36
3A83
BC84
B9C4
BBD4
3B4B
3C47
BD1F
BBBC
3C97
BD8D
3D19
3D04
BD64
3CA6
3D88
3C23
3CEC
BBB7
BD5D
3DA9
BC05
BD98
3D62
BB4F
BDE9
BCDD
3B4A
BCD0
BBC9
3C5C
3B31
3B29
BBB9
BC1C
BC58
3D05
3BCB
3CED
BC8C
BD00
3C93
3C6C
3B6A
BC76
3CB6
3CFB
BC8C
3C12
BC44
BC1A
BB8D
BD05
BC6E
BC87
3D99
3CE7
BC48
3BF6
3CD9
3AF7
3CC1
BCF7
BCFD
3DB9
3B2D
3D56
3D3C
BCE9
BBEA
BD6E
3D24
3C80
3C37
BD59
BD3E
BDC2
3CEE
BCFB
BD6D
BD55
3D44
BDC3
BD6A
3D08
BCFC
BC47
3C90
3D16
3D4C
3B4A
BCA8
BCF0
3CD7
3BC9
3D4C
BC1C
BC78
3C18
BD20
3C1B
BC2C
3CD9
BC85
BC0B
BCB9
BBAC
3C2D
BADD
BB9C
BB44
3D0C
BCF0
3C9B
3BC7
3C2D
BD08
3CFA
BD2E
BC65
3BC9
BCDD
BCB3
3D67
3D0C
BBF2
3D8F
3C88
BD44
BC94
3B01
3B97
BD83
BC7B
3D79
3BD9
BB34
BD76
BCEE
3B85
BCBE
BDA7
3B40
3D00
3D66
3D4E
3D3E
3BC9
BC1B
3CF6
3C0A
3CC6
3D49
BCDB
BBAD
3D7E
BD1B
BCFE
3B0C
BD31
3C60
BD4D
3CD4
3D55
3C02
3C86
3C15
BAA5
3C13
BCDA
3C47
BCD5
3B76
3D38
3C51
BB57
3BB2
BD2D
BCEB
BCC9
BCFB
3AF8
3C9C
BD70
3C6D
BD08
BB27
BD18
3CC2
BD93
BD61
3D34
BD40
3CA4
BB29
3D93
3C78
3CF8
3D3E
3BD1
3B4F
3D34
3D97
3DFA
BCDB
3CA5
BD1A
3BAF
BD09
BD92
3D1F
3D67
BD37
3DA7
BD1A
BD0B
3DB4
BC65
3D0C
BDB8
BD3F
3D05
3D43
BC17
3D3A
3BD8
BBE1
BAB3
3C35
3D11
BBCA
BBCA
BD4A
BD0F
3C78
3D8F
3BA9
BCB0
3D12
BD03
3D11
BB4D
B866
BC22
BC34
BC65
BD73
3D4C
3D20
3D8A
BC85
BD7B
BBD6
3DB0
3C2A
BC7F
3C4E
BCBC
BCC4
BC3D
3D41
3B04
B913
3D80
BC8C
3D9E
BDAD
3C86
3AB9
BCC1
3C09
3D99
BD2E
3BB3
BD68
BB74
BC2C
3BAE
3C33
BD6C
BDAD
3D06
BC7B
3BCF
3AC8
3CDE
BD6D
3C95
BD03
3D4A
BCB3
BDB2
3D18
BCB5
3D81
BD0C
BD83
3CD8
BD09
3CF8
3C04
3DAD
BCB3
BD20
BCD9
3BA1
BC0B
BD44
3CC7
3CA8
BC83
3B87
BD2E
3A22
BC1C
BCF4
BCD0
3D3F
3CB4
BD58
3D4B
3D9A
3D81
BD88
3BF0
3C3E
BCC7
3D73
BC73
3D68
3CB2
3B73
3C07
3BAB
BD8D
BD05
BC17
BD9F
3DC1
3A8C
3D89
BD4B
BD6A
BBD0
3D97
3D7D
3D9E
3CED
BBFC
BD25
BCE4
3D15
3D20
BD6F
3C8D
BD52
BD1D
BCED
3D31
3CB5
BBC0
BD41
3D0F
BCED
BD2E
3C80
3C3C
3BF0
BC17
BD26
BCB6
BCA9
BD0F
BC07
3C8A
BAE5
3BAA
3D56
3C98
BB36
3CEF
BD83
3DB0
3CC0
3BB3
3C94
3CBC
3C9A
BD33
BC57
3BE3
3C9E
BD4A
3D82
3D70
3BD6
BD10
BC58
3C87
BBD4
3D25
3BBC
3D9B
BADA
BD83
3D2F
3D22
BD17
B871
BC8E
3BF3
BCDB
3D39
3C4D
BC25
3D18
3CBF
3CA5
BB9E
BC64
BCBE
BC1B
3D11
BC37
3CB2
3C73
BC6B
3C10
3C62
BD7D
3C17
3C3F
3D06
3D08
3C98
BD57
BBD8
BCCA
3C98
BD47
3CB7
3C0C
BCD2
3D7D
3C6F
3C56
3D2B
BD1F
BC05
BD37
BD84
BC24
BBC0
BC03
3D00
BD3E
3CFE
BD54
BD8D
BCA4
B9B1
3C8C
BD12
3D2B
BCAE
3D8D
39A2
3CC8
3D15
BDA1
3CB3
3CE1
BCED
3E13
BCBE
3DBE
3CA8
BCFB
BD76
BC96
3C1B
BC06
3B37
BD0F
3CC2
BC2A
BC11
3AB1
3C0B
BC6A
BD0D
BC69
3C7F
3B87
BCD9
3C96
BCF8
3D7B
3D20
3C73
3D02
3C86
3D02
3B5C
BD6B
BD60
BC41
3CDE
BD3D
BC5E
BCFC
BBE0
3CF6
B9A8
BC12
3CD9
BD7C
3DB2
3D05
BCD4
3D85
BBB1
BDB5
3C19
3B01
3CAD
3D3C
3D83
BB8B
3DAA
3DA1
BCA4
3CE8
BD20
BD15
BCDB
BCA5
3D0A
BC6F
3D44
BC68
BD41
3D85
BD64
3C55
BCB0
3C97
3D1E
BD26
3D2B
BD5D
BCFD
3D3E
3A3A
BCD1
3CBA
3CBA
BDBB
3C28
BBAB
3D0C
BD27
3BE3
3D0D
BC4E
BCC4
3D21
BCF9
3B0C
3881
BC30
3DD2
3CFE
BC70
3BFD
BD94
BC27
BD5C
BD06
3CAC
BBD9
3AE4
BD1F
BC4F
BBF8
3C0B
39F2
3CDB
3C42
BD0E
BD85
3CE3
3C72
3CEE
BCCC
3C67
3CB7
3C8B
3C16
3CA9
BD05
BBD5
3D07
BE08
BD5D
3D25
BBE2
BD7F
BCA1
3D50
BD28
3A21
3E19
BC80
BBD2
BCD3
BDB3
3B51
BC61
3D86
3D1B
BC94
BC47
BD01
BC97
3A33
3CBF
BBA6
3BC1
BC9F
3D24
3D9F
BDBA
3CBB
BD23
BD30
BD3A
3D4E
3C86
BC41
3CAA
BCB5
BCB0
3CF3
3C30
3D64
3D4F
BD0E
3DB0
BD17
3C06
BC6C
BD44
BC0F
BD00
BD54
BD76
BD8C
3C7B
BC76
3CAB
3AA5
BAE2
3B01
3C94
3D2A
BD34
3CEB
BD42
BB1A
3C82
BCEE
3C43
BD2D
BD38
3D15
BBD2
BB9D
3D14
BB80
3CAE
BD2D
BC54
BC6D
BBB5
3A0E
3CA3
3D19
3B87
3CF2
3C9B
BE05
BD10
3C01
3D14
BC1F
BC92
BD03
BD24
BC65
BBB7
3CEC
3C07
3D26
BDB9
BC1C
BD28
BD86
BC9E
3CA4
BCAD
3B5E
3C7B
3D85
BD4C
3D48
BE08
BD19
BCB4
3C95
3CBF
BD98
3D99
3C45
BCDC
BD09
BD34
BD97
3C84
BB70
3C40
BD9B
BCA7
3D2D
3D11
3D44
3D14
3C4A
BC13
BB56
3D03
BA1D
BC49
BCA5
BD06
BD4A
BC48
3C8C
3BBA
BC2A
BCC5
BC12
BAB6
3BBA
3C08
3C7E
3C18
3CF8
BC0B
BC46
BCC0
BC21
3CAE
BDCF
BC42
BBE1
BD02
3C72
3B01
BA1A
BB04
BC79
3D0E
3C24
BD57
3D2F
3A9E
3CF4
3CDD
3D0A
BC62
BAEA
3D47
BD56
3C10
3B5A
3D25
3D87
BD47
3CCA
3CE1
BDD8
3D8F
BBFF
BCC1
BC62
3C0A
3D09
B964
3D19
3BDC
3CA0
3BCA
BC9B
BB1D
BBD4
3C82
BB81
BC9A
3D41
3C53
3D04
BC86
BD04
3C0E
BD82
3CF0
3D26
3B7A
BD8E
3CAD
BC83
BD0A
3D6C
BD05
BC53
3BDD
3CA1
BCBC
3CE6
BD1C
BDE8
3B8F
BCFA
3CDC
BBFC
3B58
3C7B
3D2B
3D48
BD12
3D8C
BA14
BC42
BCEA
BD68
3D4C
3C67
3DB9
3CFC
3D79
3C51
BD6D
3C92
BD80
BD90
BD90
3D34
BB6C
3D10
3C82
BD33
BB5A
BC6C
BBA3
BC8B
3C1B
BCA9
BC2A
3BBA
3D09
3BFC
BCE4
BD38
BC40
BC6A
B99F
3CAF
BC16
3D3A
BD0C
3C1C
3C75
BC1A
BD7B
BB88
BCC0
BCF4
BD89
3DFE
3B88
3E09
3D14
BD37
BD92
3C73
3D21
3C80
3BB6
BD28
BD64
BC8B
BD80
3C72
BD8C
3C69
BD3E
3D13
3D3B
BD46
3CD1
BC0C
3D43
3D77
BD00
3D02
3A98
3C88
3D67
3BCE
3CFC
BD1B
BB1F
3CF2
3CB2
BC55
3C5D
3D00
3D04
BCE7
3DC3
3D99
BD11
BB82
BD8A
3D94
3CAA
BBBA
3DA4
BD36
BCDC
BD98
BC0A
3CE4
BB8B
BCD0
3ABB
3D49
BB37
BC55
3CD0
BD1B
3D0D
BC8C
3CEF
3BA6
3C52
3D40
BC39
3D40
BD35
BC04
BCE6
BCF9
3CA6
3BE1
3C36
3C3E
BD19
BC8A
BD57
3DA9
3D66
BD08
3CA1
3BCA
3D0E
BCBF
3D8E
BD90
BD0C
3D22
BD94
BCBA
BDA7
3BC4
BE23
3B21
BB91
BD1A
3C6A
BD04
BCD5
BD10
3D2F
BB75
3D87
3DB8
BCC5
3CAB
BC57
3CF2
3C64
3C66
BC8A
BC14
3D7D
BD99
3D1C
3DA1
BB70
3D10
3BC6
BCC7
BAFD
3CCD
3BED
BDEC
BC4A
BBDE
3C4D
3CFE
3D2E
BBF7
3CCA
BD02
BC32
3D19
3D40
3D5B
3CE3
BD88
BCBF
BD11
3DEB
BD16
BC89
3C91
BCF7
BCDF
3AB6
BCEE
39DD
3C13
3CA0
39E9
3CDA
3D96
BDEB
BD5D
BD14
3D5F
BCDB
BC82
3BC5
BC58
3D52
3CFD
BCD2
BDCF
BC06
BB64
3D5F
BD74
3C32
3D28
BD08
3C78
3CEE
BD91
3BBA
BD61
3C46
BD8A
3C5A
3C73
3DA5
3C2A
BD3E
3DCD
BC30
BD16
BC05
BD1E
BCCC
B990
BDE2
BD79
3DA4
3E11
3DA2
BD23
3D0C
3CEA
BCD1
BBD7
3C14
3BEF
BC8E
3B24
3E48
BCA0
BD07
BC03
BC79
BC4E
3CAC
BC98
3DED
3D7C
BBAC
3D26
BD61
3D83
3CF9
BC9F
BD12
3C5A
BC8E
BC80
3D13
3D46
BC61
BB76
BD14
BD06
BC73
BC9E
BCAD
BDB1
3C04
3ABB
BBEB
3D6E
BD28
3AEF
BD15
BB9E
BCAB
3D16
BC5F
3C68
BCEE
3CFD
3CDE
BD09
39A6
3CD6
3DA7
3C4B
BD40
3D3A
3C2E
3C61
3C1A
3BC4
BD34
BD74
BCF0
3CC1
BC18
BD6E
3C88
BD77
BD11
3D65
BD1A
BCE3
BCD0
3D98
BCC0
BCD6
3BA7
3BE5
BC40
3B91
BC5E
BDA5
BD42
3D80
BB28
BD59
3D76
BC45
3D56
BD3A
3D4F
BD0F
BC5C
3C46
3C15
3D46
3D35
3D2D
3D13
3BB6
BCB1
BD59
3C36
BD17
3C73
BD7D
3A7A
3D7A
3D83
BC2E
BD36
3CE4
BD14
3AFB
3BA7
3AC7
BCBE
BCAF
BCE8
BCE1
3AAC
3C0E
BD5D
3BBC
3C67
3D63
3CC8
3CA1
BBE8
3CAC
BD06
3C66
3C11
3D40
BC20
BD07
BCB7
BD33
3D31
BD94
3CB6
BB03
3CA0
BC83
BCDC
3A11
BD24
BCE2
BB99
3C7E
B9AB
BDA6
BD57
3D33
BCBE
3CED
3E03
3D57
BB6B
BBE5
BB02
BDEF
BC9E
3CC1
3D2F
3D95
3CE5
3D53
BC5F
BB90
3C95
3D61
BDAB
3D42
BBBD
BC7E
BDAC
3C2E
3B6D
3D71
BCA3
BD5E
BC36
BC2B
3CF6
3C56
3CF0
BCB9
BDB6
3CA1
BD2C
3B28
BD48
BC16
3DE8
3C93
BBEA
BD15
3ADC
3CA2
3CC6
BCA9
3CFF
3C21
BCFF
3D7D
BBE5
3DDA
3CAE
BD5B
BC9F
3CCE
BB86
BCC5
3939
3CAE
3C6D
BC97
BC9F
3C20
3C8C
BC02
3BFA
BD1B
BD44
BD0F
BCC7
3B79
3C44
BCD8
BCFF
BC4B
BCAA
3D2D
3C20
BCBD
BBAC
3D28
3884
3D9A
BC83
3D35
3BC6
3D56
BD0D
BC6E
3D69
BBFC
3C9F
BCFF
BD2D
3D00
BCC5
3D5F
3D00
3BBD
3B90
3D94
BD54
BD18
3B91
3D9D
3D90
BD68
3D6E
BBD4
3C9E
BCC9
BD2B
BC36
BC8E
BC6A
3E00
3D37
3D49
BCA9
BC3B
BBE4
3D34
3C87
BC34
BC37
3D52
3D05
3B8B
3CEB
BC7A
3B68
BCCA
BDA0
3C31
3C20
BD2C
3C33
BD39
BC67
BD63
3DBF
BD2D
BD5E
BCCF
3C4C
BD72
BCEE
BD5A
3AA4
3CF6
3DE2
BCC8
3BCA
BDA2
3C2E
3BC6
3CD0
3D3A
BD91
BDA9
3C78
BD72
3D43
BD66
BC1D
BCFA
3BE2
BCDB
3D21
BC77
3B05
3DB9
BBE9
3C99
BCC3
BDA0
BC8F
3DC0
3B48
BE09
3C96
BD52
BC9E
3D23
3BF3
BD63
3C8A
BC22
3C3D
BC8E
BC3E
3D7D
BCF5
BBF4
3BA9
BCC2
3C9E
3C06
BB2D
3D35
3CEB
BC97
BC29
BD23
BC94
BB0F
3DAA
BBAF
3D12
BCF0
3BD8
BC98
3CBE
BC9B
BC35
BCC8
BA93
3D60
BBFC
3D99
3CAD
BD69
3D1C
BCB5
3C95
BCD9
BC0D
3C9C
3C11
BD2B
3CE6
BD80
3DF4
BD8D
BCAE
3DD9
BD86
3A84
BDC8
3CF6
BD88
3C51
3D16
3D96
BD79
BC1C
3DBE
BCD9
BC27
BB8F
3D40
BCDA
BC6E
3C8C
BCB8
BD43
3BB1
3B66
3A6D
3C63
BBF6
3CE2
3B9D
BC60
3C90
3CCC
BC8C
3C76
BC53
BCF5
BD4D
BCA0
3D25
3D28
BC0F
3D30
BCB8
3D06
3CE0
BBB7
BD2F
3D6C
3B17
BD8F
BB81
3D13
BCB5
BD34
BBD9
3D0C
BC8E
3CD1
BD0F
3DE4
3D87
3A23
3D4A
BBF9
BCB2
3D26
BDAD
3DF7
3B43
3CC5
BD32
3B97
3DA7
3B3F
BC88
3DA6
BC1C
3C9E
BB89
BC95
3BD1
3BB8
BD02
BB22
3D45
BD7B
3C85
BC03
BCA0
3CA0
3C8F
BC95
BBC5
3CD0
BD5F
3B90
BB61
3C59
BD4E
3C86
3CE9
3D27
BBD9
BCEB
BD1B
BC87
BBE9
3D43
3D01
3B55
3C6A
BC20
3DE4
3D20
3C7A
BC5C
BD72
3CF8
3C44
BD8D
BC52
BCDF
3DBD
3CEB
3C83
BD90
3D8E
3D7A
BD9C
BCA8
3D5D
BD19
BD03
BD7D
3DA8
BD01
BC50
3D52
BC12
3C62
3CEB
3C96
BC2B
3A2F
BBB4
3CBB
BC42
3BA9
BCD8
BD85
BBF5
B9ED
BC43
3D03
3CBE
BCDE
3C81
3C61
BBAD
BCE6
BD86
BCB4
BC97
3C04
BD7A
3CB8
3B01
3C17
BBAA
BC67
BCE1
BC88
3D1E
BBA6
3D5B
BC35
BD66
BC7E
BBEE
BC62
3C2E
3BEF
BD18
3D1A
BD36
BD0B
BA9A
BCA9
3D13
BCCA
3C45
3D1C
3D5E
BD1B
BBB1
3CB4
3B2A
BBAF
BD02
3CE6
BCAF
3C34
BD4F
BD07
3D13
BD3B
BB60
BD8A
BCD5
3D58
BD03
BD91
3CA7
BB23
BC59
3C60
3B7E
BBFC
BD40
BBD2
BC74
BCA1
3CD2
BCF6
BBAE
BB48
3E12
BC33
3CFB
BD42
BBA5
BC00
BA55
3D0F
BD3C
BB95
BDBC
3C3F
3DE0
3D2B
BB9B
BBF9
BCC3
3A9A
3DAB
BD39
3D08
3DB3
BD17
3CE3
3DAE
BCB5
3DB6
BD22
BD2A
3D93
3D80
3D07
3D03
BDA6
BC8D
BCF9
3D0D
3C0E
BCE4
3BB2
BBC3
BD62
BCDE
BCC1
BBCC
3DAA
3DAF
3C9F
BCCB
3C8F
3C2A
BD1B
BCB7
3A0F
3D34
BD67
BBFE
3CAA
3D75
BCE7
BD83
3BBD
BDA3
3C39
3D27
BCA1
BD13
BBA6
BD00
3BC9
BC48
BBE5
3D61
3AE9
BC3D
3C28
3CB3
3B8E
3D38
3BE5
BAAF
398D
B996
3D26
3DA6
BC81
3D1F
3D06
3B85
3C44
BDC6
BCC2
3B31
BD1A
BDDD
BCD8
3C61
BD9E
BDD1
3B9B
3D2D
BD64
BD53
3CDD
3D8A
BC72
3D16
BDB6
BC52
3B2D
BD4C
3DD4
BCC2
BD35
3CAE
BD3D
3CEF
3D6F
BD8E
3CE5
BCDC
BD94
3C19
3CD8
BB84
BCA7
BC60
3BF7
3D03
3D77
BD25
BC78
3AA4
3BB2
BC0B
3B38
BCA8
BD89
BC4D
BA93
3E36
3BE1
BE34
3D12
BE11
BE04
3DAF
BC7E
3D17
3CA0
BDAE
3CF7
3D1F
3C93
BBCB
BDD7
BCAC
3C9B
BBBD
BD24
3D0E
BD0B
3D28
3CC3
BD65
BDA7
BD01
3D22
3CD1
3CEB
BDF6
BD56
3D59
3D61
3D78
3DA4
3D3D
BCD9
BCD0
BD96
BD63
BC73
3BF0
BD5A
BD4A
3949
3CEB
BBEE
BD1B
BD80
BD12
39E4
3D36
BC2A
BC1F
BC3B
3D26
3D14
3C6D
BDC3
BC13
BC32
3C69
BDCE
BA24
3D23
3D13
BCC2
3CF9
3C50
BBE5
BD88
3DD5
3D36
BC96
3DCF
3D94
BD75
BD48
3D5A
BD42
BD49
BC29
BC55
3D4B
3C53
BD41
BD73
BCE8
BD78
3D08
3D57
BD57
BC8D
3D49
BD1B
BC96
3CDA
3C7C
3D3E
BBA4
BB3D
BB07
BCFB
BCB6
3C3F
3D11
3C11
3D52
3C8E
3D1D
BD02
3C9B
BD08
BD1E
BC13
BC38
BD87
3CD4
3CA8
3C81
3CD8
3C20
BCD9
3D40
3CC7
3D5E
BBE5
3D1D
BC0C
3D84
BBE8
3B8C
3D2E
3C84
3D14
BA7F
BCC0
3D4B
BC99
BBE9
3DCD
BD32
3BE4
BC2C
BC10
3C45
BCDE
3CC9
3D4F
BCC0
3D7D
39A8
BB59
BDA7
BC83
BD82
BCE3
BCF4
BCA1
3C47
3BAB
3C1A
BD22
3CC8
3B03
BC0F
3D41
BA78
3CD2
3B2A
BCCE
BB3D
3D1A
3D54
BC71
3BDC
3D2E
3BCE
3D8D
BD4F
BCA9
BBD0
BD02
BD77
3D9B
3CB8
BD15
3D2A
BB93
3D37
3C82
BC4A
3DDC
B66A
BC2B
BB68
3BFD
BB15
3D02
BD35
3D0E
BCAF
BD0C
3A1E
3D42
BC9C
BC6F
BD73
BD8C
BE13
BD0F
BD6A
BD82
3D5F
3BC2
3D6E
3C22
3D9B
BC2A
3C91
3DA1
3993
3CB7
3C16
BA97
3D10
3B96
BCB8
3D35
3D5A
BD20
BAC7
3D19
3B98
B9FF
3CA4
3CA1
3CEF
BC62
BDDC
3CA7
BB89
3CB9
BC8F
BB6B
BD04
BCBB
BCFB
3D4D
3D31
3D74
BC95
3C7A
BD2F
3D5C
3D30
3CBA
3BEB
BE07
BD25
BB28
3D99
BCD9
BDA7
BD07
3CEC
BD45
3D3D
BC67
3D12
BD6E
3CD3
3D28
BDCB
3C50
BDA8
3E0C
3BEA
BD38
3D9F
3DC5
3D4F
3D73
3CB7
BD31
3C91
3B99
BCAE
3C4B
BCF5
3BD9
BCF2
3D2A
BC23
BD1A
3D11
3B29
3C89
3CD5
BD60
BCD7
BD86
3C85
3CD8
3A41
3CDD
3C92
3D4B
3CFC
BCAD
BC51
BD0A
BC33
3B87
3C64
BCFA
BD52
3D51
BC8E
3D32
3CA7
BCA8
3C9C
BCFE
BD18
3D14
3CCD
BBCF
3DC8
BD60
3B8B
3C3D
3C3A
3C98
BC16
BD47
BC7A
BC71
BD06
3C7C
BDBC
BC31
BD85
BCC0
3CE6
3D52
3ABF
3D3E
3B9C
3D0C
BD94
BBB3
3C6D
BC38
3D0F
BCD6
3CC4
BBF9
BB34
3D84
3C41
3C92
3D83
BBD6
BC8F
3CD0
BBE8
3CAA
B9F2
BAF6
3CE8
3D87
3CB3
3D81
3C97
BC85
BC30
BDB2
3CE7
BD4C
3AC1
3DF3
3A49
3DC6
BCC9
BCFC
BC43
BD84
BC85
3C47
3C82
3BF3
3C6E
BBAC
BCCD
BCAC
BD75
3D9C
3DB4
3D51
3DEA
BCE0
BD15
3B8D
3D92
BC92
BD95
3D25
BD24
BD27
3C85
3D79
BD6C
BE24
BB5F
3CE5
BB2D
BC18
BBFB
3CF2
BCB6
BC0F
3CA1
BBE6
BC92
BC61
BD33
BD33
BCEC
3D04
3D29
BB3E
BD09
BC53
BC38
BD1A
3C68
3BEC
BCAF
3D4D
BD39
BC82
BD2F
BD8E
BC81
3CCC
BD04
3CD7
3D16
BCD1
3CC7
3C0F
3B31
3D36
3D3B
3D30
3CA3
BCF7
BD11
3CBF
BD08
BCFB
BD89
BC98
BD67
BD82
BCC1
BD81
BD55
BD91
3D10
3CD4
BD2B
BB93
BDA3
3D20
BD33
BCF5
3C3C
3D1B
BCAD
BBEF
BDA4
3D26
BCB7
3CAE
3D68
BBCF
BD4D
BD1D
BCBF
3BF2
3B84
3CF2
3CD4
BCC8
3C72
BCBA
3C48
3B89
BC27
3D44
3C04
BC85
BC05
3D60
3CD6
3A69
BC17
BD5A
BBAE
BC39
BCA5
BD2A
BDDC
BD12
3BBB
BBF4
3BDE
BBEC
3CDD
3CA4
3CB6
3D31
3CCC
BC30
3DCC
BD01
3DA8
3D6A
3D4E
3B9C
BC82
BD53
BBAF
BC04
BC37
BDB0
3D31
BCBA
3D9E
3D57
BBAD
B900
BD16
BA48
3C02
3C2A
BC41
3CAD
BCEC
BD0C
3CAA
BBAE
BCED
3D1C
BCA9
3C3D
BB45
BCDE
BCC4
BD48
BD43
3CF4
3C4B
BD24
3D03
3C4B
3D16
BD1D
BD9F
3CC1
BB09
3C84
3B54
BD0E
3B22
3C23
3CA1
3CBA
3B47
BD6E
BD1D
BC47
BD1D
3B03
BC77
BD44
BD88
3B3F
3CB8
BCD3
BD87
BD27
BD56
3D26
BD9C
3C90
BC18
BCDF
3C11
3DBB
3D1A
B905
BD09
3C9D
3D04
BCE3
39A1
BB9B
BD0A
BD7F
3BB9
3D0C
BD08
3C80
3CBD
BC7A
BA97
BCD3
397D
BC15
BC3F
3D4D
3CC9
3CCE
BC15
3BF7
BC81
BC9C
BB16
BC4B
BBF3
BD89
BC7E
BBA8
3CDB
3BC1
BB6A
BDE1
BC96
BCFE
BC8C
3D71
3D16
BD70
BC7B
3D00
BCA0
BC0E
3BAC
BBFA
BCD1
3CFC
3DC4
BDA7
BDAB
BC0F
3DB7
BD87
BD90
3C9B
BD11
3C90
3D91
BC01
BDB6
3D2E
BD07
3C44
B943
3AC2
BC0A
BCD8
3BB4
39F7
BCBC
BC0C
BC9F
BC87
BB1E
BD02
3D09
BCA7
BC60
3D02
3C38
BA47
3BD0
BC41
3C9C
3C53
3B1F
BD22
BD0B
BBF2
BC74
3BFC
3D02
BD94
BB17
BD22
3CD1
3D67
BD57
3A44
3C4F
BB6F
BC0A
BB97
BBBC
BC8E
BD1D
3CD9
BBC6
3CC9
3D9B
BD82
3C9D
3DB6
3CB1
BBE3
BCE1
3D20
BCB8
BD6B
BC62
3C37
BD88
3CE5
3C62
BDEC
3C05
BD42
BC84
3C1F
BC11
BCC2
3B1A
BABC
3C65
3C70
3C72
BBC7
BC7B
BABA
BCEB
BCA8
3C33
BC98
BCDB
3D2F
BC9B
BC84
BCC2
3D0E
BBCD
3CAD
BC5B
3C3C
3B71
BCA4
BCF3
BC6A
BBCC
3C27
BCA2
BD93
B9BE
3D29
BD92
3DDD
3DBB
BCA3
3D27
3D0D
3D47
3CDA
BC69
3CEF
BD03
3D9A
3C36
BD02
3D16
3B44
BD4C
3CE9
BDC7
BCFD
BB16
3D5A
BD09
3D73
3CD1
BD86
BC9C
BCC1
BA8A
3CCC
3C32
3C28
3C6B
BB49
3CFD
3D5B
BD47
3B92
BBE3
3C74
BD81
3C19
3C83
3C2E
BC6F
BCBC
BC7C
3CD0
BC0D
B929
BCA4
BC3F
BC6D
BC22
BCBE
BC8C
BD86
3D80
3C64
3D1F
3BD3
3D44
BD00
BC80
BC57
3C6C
3B9A
BC82
BCDB
3D07
BD78
3D71
BD26
BCA7
BD34
BD0C
BD21
BC8B
BBF8
3D1A
3CBC
BCAC
BDB6
BC16
BD36
3BAF
3D9A
BC57
BCBD
3D54
BD45
BD5F
3CBD
3D17
BD39
3D9B
BBE0
3C52
3CB2
BD45
3D9C
BCA8
3AED
3C3C
BD00
3D5A
3D0E
3C19
3BAF
3D99
3D48
BCC3
3D0B
BD5D
3C9D
3DC9
3B84
BC60
3C76
BC2A
3B12
BC89
3CA7
BCE7
3B91
BD97
BD22
BCCE
3E38
3DAA
BBAE
BC2C
BC53
BB2B
BD03
3C36
BBBF
38F0
BD05
3D15
BD10
3CB7
3C8A
BDBC
BCC3
BD69
BC39
BD05
BCA2
B9F2
3D52
BC05
BDAF
BD5E
BDC8
3DEA
3D02
BD8A
3C01
3D5D
3CA3
BDAD
3D67
BCFA
3CE3
3D2A
3D30
BCE6
3D16
BD4B
BD1F
3D5A
3D0E
3CCE
BC98
BCD7
3B89
3CA0
3CB2
3C6E
BD91
3D55
3C2E
3CDA
3D92
3D3E
3C2A
3DB0
3D3C
3DD5
BCEA
3BF4
BC02
BD08
BC71
BC2A
BD60
BC9B
B96E
3C37
BC70
3C79
3D7F
3D33
3D38
3D43
3D99
3DB3
3D98
3CC2
3D1F
3B8F
BDC5
3CBA
BC72
3DB9
BCE6
3BF0
3DA8
BD9D
3D0C
3CB4
BC17
BBD9
BD70
BC1C
BB9C
BD82
3D67
3C20
BC14
3CB3
BB9C
3C6D
3ACA
BCAF
3D18
3DF1
3CB5
3CFE
BC66
BD2F
3B7B
3D2A
BC8B
3C2E
3CE1
BD3B
3A60
BC33
BB8C
BD69
3C28
3D16
BC35
3C94
BCEC
3D79
3D84
BD10
3C46
BD94
BD34
BC60
BD12
BD21
BD5A
3D27
BD17
BD03
BD5C
BDCB
BBB7
3CBF
3C76
BC03
3D74
BD8A
BD00
3D46
3CCF
BCFB
BD36
3D04
3D15
BBD7
BD22
BC29
3AE5
BD1A
BD4A
BCD7
3D14
BC37
3BB0
BD20
3C8A
3D21
BCC8
3C0D
3C7B
BA8E
BAAF
BCDF
B995
3C94
3B11
3CA8
BC82
3D08
3D4B
3D18
3CA1
BD10
3C78
BCBF
3D27
BD93
3D30
3C86
BCBB
3A95
BCA7
3D45
3CFA
BC85
3D76
BAE3
3D72
BC9A
3C74
BC41
BC62
3D68
BD38
3D1C
BD37
3E00
BD39
BD58
3CFE
BD3B
BD1B
3C72
3D53
BD4F
3D99
3C37
3C94
3CAC
3C69
3CB8
3BE0
3DB7
BD35
BD67
BCB2
BD27
3B03
BD0E
BC55
3D13
3BAA
3D68
3C88
BD43
BD02
BCA3
3CA1
BC79
3C5D
3D57
BA85
3BB5
3C29
3D37
BC88
3D24
BD6F
3DB0
3B91
3DAA
3D5A
BC9C
3DAD
3B0B
BCA5
BC92
BD10
BCB9
BDC4
BD1B
3B8D
BD63
BD2A
BDCD
3CE0
BCFA
BCDC
BD05
BD0A
3E02
3CFF
3D2D
3D44
3A62
3D39
3D40
BC72
BCCA
3D96
3C9C
3B80
BD08
BD94
BBAF
3D82
3B8F
3CD8
BD50
3DA9
BC90
3C96
3C86
BD0E
3CC3
3CC9
BD65
3C9E
BAA1
BC05
3D88
BC49
BD03
3C79
3D0B
BD43
3C88
3CDA
3D24
BD45
3D69
3C0D
3D80
BCB2
BD08
BC44
3B8D
BB7E
3BB6
3C5C
BD3F
BD64
BCDE
3C4E
BD1A
3C93
3D83
3C56
3A87
BC14
3C13
3C70
BD33
3D9F
BB87
3D17
BB66
3C0E
BD82
BD2C
BD3E
3C91
BD8B
3C3A
3D93
BCA3
BC87
BB1A
BCBC
3CD6
BC93
BBD8
3D7D
BC82
BC79
BCF7
3CB3
BCF3
BC5F
3D22
BB87
BD45
BCF0
3C60
BC03
BCB6
3C4A
BD1D
3CD5
385A
3C85
BD22
3D58
BD23
BB95
3CA6
3D1A
BC79
3DD2
BD40
BD04
3AC0
3D93
3DA9
BCA4
3D2C
3D01
3AEA
3C3A
3BB2
BCD2
BB91
BC5A
3CA1
3CBA
3D08
BC88
BB0F
BD85
BBCE
BDF1
BD47
BCA5
BDBF
BDA5
BDAF
3D8F
BE20
BC90
BD94
3D4C
3D24
3D0E
BD29
3D21
3C8D
3C96
3C65
3D35
BBC4
BC6D
3C2A
3D95
BB2E
3D14
BBE0
3C1B
3B81
3C7B
3CA0
3A46
BCAA
3C8D
3D59
BD03
BDE2
BCA4
3D42
3B37
3CC1
BC07
3D99
BD0B
3C57
3C99
3CD2
3B2B
BB35
3C97
3DC5
3C54
3CB7
3D18
BD89
3C2F
3C69
BD31
BD39
3DFA
BD45
BD92
BCCC
BD20
BCC1
3C25
3D8D
3BCE
BD5B
3D04
BC57
BCE7
3CA5
3CA2
3AF4
BC71
BCA0
BD34
BD68
BB32
3BD0
BC9F
3D03
3BF2
BC90
3C88
3B34
BC40
3D1D
BCDD
BD0B
3D65
3D00
3D17
3D19
3BF1
BCFA
BCC4
BD62
BD1B
3C17
BC09
3C31
3DA4
BAA6
3C67
3CFC
BCAB
BD21
BD86
3D25
3B96
3CF2
3C7D
BCBD
BCF6
3C0A
3C79
BCE3
BB81
BCCC
3CA2
3D15
3D92
3D35
3D2D
3D27
3D50
3CE7
3C49
3D19
BDBB
BCD0
BD7E
BDFC
BD60
BC4E
3D11
BCE7
3C0D
3D08
BD32
3C9E
BC6C
BCE1
3D23
BC69
BB73
BA89
3B2A
BBD1
3C16
BC41
3C8C
3D0C
BD1B
3D41
3CDB
3CB3
BD6A
3D39
3D47
BCBB
BC73
3D72
3D06
3CF8
BAA7
BCD1
BD36
BCE4
BD3F
3A85
3B8D
3CD8
BCB6
BD0F
BADA
3CEB
BC22
3BA1
3CE5
BC64
3A94
BD22
3C11
3CEB
BD23
BBB3
BA12
3CDD
BD49
3CA9
3C73
3CBD
3B5E
3B4A
3C8E
3C84
3DDD
3C21
BABB
BC59
3CF2
BD1F
3CEB
3D81
3CF7
BC8F
BCF9
BCB7
BC89
3D3C
3CB9
3C3F
3C81
BCAB
3D03
3BC3
3D2B
BAB0
BCA3
3C24
3D91
3D1C
BD2D
3CA1
BB6D
3A68
BB9E
BD78
3C85
BD13
BCB8
BC26
3C60
BCED
3AF2
3DC1
3DA4
BB21
BC74
BC08
3C60
BDBF
BC32
BBB6
BCB2
BD1E
BCFD
3C03
BCED
BE0C
3D1C
3CFF
3D3F
BDBD
3D5D
3CDD
BCAB
3CFE
3B83
BD7F
BC3B
3D08
3DAE
3D1F
BD23
3B35
3D44
3D03
BC39
3C4E
BD37
BD86
BC4D
3D39
3B69
3D1D
3C67
BB97
BD54
3C02
BC15
BBC9
3D4C
BCBE
BD62
3C40
3CDD
BD71
3D2F
3D15
3D13
BC39
3D88
3BFA
BD63
BCAB
BC2F
3D2F
BC2D
BCFF
3C0B
3CCB
BD37
BD6A
BCAB
3B2B
BC9F
3C1F
3D1D
3D04
3BEF
BAC4
BD93
3D41
3D47
3DDD
BC39
3D11
BBC8
BC68
3B4C
BB24
BD33
3C92
BD55
3D27
3D5B
BCC4
3BEC
BC0C
BCCE
3C28
3BF1
BD5D
3C88
BCA9
BC93
BC83
3C12
3C62
3B05
3C32
3C6B
BCE8
3D47
BC85
BCB2
BC11
BCD5
BCBA
3B39
3C43
3C19
3C3A
BA6C
3B71
BD4D
3D15
BC1F
3C8B
BC35
3DCB
3D4C
BDA7
3CEF
BB46
3D3D
BC03
3C92
BC31
3C6F
3C86
3C04
BD17
3CFB
BDA8
3A80
BC66
BDB7
BD82
BCAC
3D4F
BBB4
BD78
3D89
BD33
BC03
3D7E
3D4B
BC06
BD17
BD84
3C7E
3A78
3CFA
3D25
BC92
BC98
BAB8
3CE4
BC78
BB81
3C6B
BD23
BD57
3CF2
3D27
BB9B
3BFC
3CBC
BA1E
3D37
BAC3
BC81
3C81
BD5A
BD48
3C28
BCAD
3D0B
3D0D
BC32
BCC7
3D66
3D38
3D70
3AE9
3D4A
BB7F
BB9D
3C14
BCCA
3C8E
3C84
3C7D
BC92
BC43
3D4F
BC97
BCC8
BCC6
BD3D
BC9D
BD6A
BCFA
BDAB
BCA8
BAE4
3CD8
BC9C
BD32
BD32
BD42
BC88
3C29
BC4E
BBC9
3C58
3C15
3CE1
BCF1
BD0E
BC4B
BCE3
BC1C
3DAE
BC8C
3B6E
3CD1
BCA7
3C51
BC93
B9ED
3C8D
BD3B
3B84
BBE3
BD21
BC24
3BF3
BBC2
BBF9
3CFB
3C8F
3C54
3D1E
BC06
3C5E
3CB7
BD87
BC23
3C45
BCBC
3D92
BD82
398E
BB6D
3D92
3CDC
BD61
3DAF
3DE9
3DC2
3D9C
BC98
3C91
3DD6
3D25
BD3A
3DA2
3CE7
3C24
3D87
3D04
BE14
3CC9
3CAD
BD1F
BC30
BC35
BBF5
3AA2
3D6E
BC00
BC14
3C0D
BD76
3D32
BC20
3D25
BCCF
BD32
BDCB
BC1F
3DC5
BCD2
3D05
3C1C
BC28
B980
BD15
BC9D
BCD6
3BEC
BD06
BDE1
3C87
3CCC
BD4C
BD04
BCD4
3CC9
BC33
BCB5
3B54
BCC1
BC97
BD03
3B3A
3D81
BD01
BDB2
3CF1
BD16
BC8D
3D23
BCC6
BC8A
BC57
BD84
BDCA
3D69
3D1B
BDF6
3CFB
BD9B
3DE6
3D7F
3D66
BD51
3D8C
3CBA
BCBE
BCEE
3CA8
BBC1
BCEE
BACC
3CBA
BD19
3D51
3CD4
BB96
3D47
BD0D
BD0F
BC0F
BCFC
BB22
3B32
3CAF
3C93
3C34
3C0A
3D03
BC81
BD11
BCBF
BD3C
BD67
BD4E
BC25
3D50
3D09
BC03
3D65
3C35
BD7A
3CCE
3D0B
BD1A
BBAD
BD38
BCF1
3CB4
3AEA
3D2C
BD29
3C24
3D6D
3CE5
BDA8
BCE2
BC0C
3C1A
BD0A
BC19
BD87
3C30
BBA8
3D02
3D2C
3D7D
BCB5
3D84
3D0E
3BC7
BBFF
3D46
3C55
3D87
BC91
3D37
BBCB
BCFF
BDF2
BCBD
39F8
BCA6
3D88
3D3C
BBCC
BCA4
3CB8
BC19
BBCC
3A82
3C6C
BCFE
3D52
3D44
3DE0
BC77
3D2F
3D08
3CB7
BD53
BD3E
BD82
3C93
BC88
3BA0
BCA1
3C73
BCCE
BD4F
3D99
3D57
3D3E
BAAD
BC45
3D12
3D55
3CD4
3CD0
BCA5
BC6C
3D8A
3CF5
BCE2
3D46
BDC3
3CE6
BD50
3DA5
3CEB
BD14
3DDA
3D02
3CA4
3C7A
BD34
BCEA
BCA2
BDAA
BBCE
BCF9
BD90
B9E8
3D24
BBFC
3D65
BCB5
3C06
3B9B
BC51
3CAB
3D3F
3CB6
3CE3
BD09
3C68
BC4E
3D7E
BD66
BCCC
3B9B
3D51
3DF7
3CCD
BD56
BDB7
BBAC
BB13
3D4F
3D2F
BD9A
3DB3
BCB4
BD46
3D96
BD25
3D17
3D4E
BD4D
3D97
3D1E
BD83
3C36
BDC7
3CC9
3AB2
3D13
BDA5
3CB7
3CA1
BCCF
3DB5
BD90
BDA3
BD5F
3DB5
3C98
3DFB
BD88
BD2C
3CCD
3D5B
3CBE
3DC3
3D36
BD1F
BD0D
BCF3
BD1F
3D12
BC48
BD8F
BDB4
BC50
3CFE
3ACC
3C93
BD3B
BC62
BD4A
3CFB
BC23
BD56
BC6D
3D3E
BBED
3BE5
3A3F
BDA1
BC79
3D29
BDA4
BC69
BCE6
3CCD
BD69
3C91
3C87
BD27
BDCD
3AC6
BBDC
3D9B
3D4D
3D9B
BD27
BD31
BC77
3AD4
BD82
3CFE
BD1E
3D62
3D23
BD4B
BC5D
3C25
BCF3
BE1B
BE06
BD0C
BCEC
3C25
BD2D
3CCC
BC81
3C2B
3D87
3C04
3D5C
3D66
BDA0
39A1
BBA3
3CE9
3D18
BC23
3CBC
BC0B
3A04
BD97
BC10
3C58
3B27
BC51
3C45
BD44
3C89
BBFF
3C89
BD62
3D22
3CFE
3C0C
BC99
3CA2
3DE7
BDC0
3D8A
BDC0
BD5B
BD3E
3CB3
3C67
3BFB
3D67
3ACF
3C9A
3BC6
3D77
3CF3
BBEC
BD68
BC96
BC32
BE07
BD84
BD70
BD1C
39BD
3CF6
BD8A
BCBC
BC26
3D15
3D97
BCA3
BCB6
BBC9
BC59
BBD4
BD23
3C46
3CC0
BC49
BCFF
3D79
BCCC
3BEF
3D5B
3C8D
3C97
BD54
BC29
B803
3CEE
3A09
3CFC
BCC8
3BD3
3DAD
3CC3
BCD7
3D75
3AD8
BA4A
BD3D
BAAB
3C2E
BC8B
3CCD
BCA5
3B42
3CA7
3BF4
BBE5
3C98
3D8B
3DC0
3C37
3A01
3D2C
3CEE
BD03
BC1F
3D49
BD27
BC9B
3D59
BE08
BCCB
3D64
3CCC
BD41
3D06
3B54
3D3E
BD6E
3CE6
BD89
3C4B
BD28
BC43
3D0B
3C32
3D3F
BD80
3D3D
3D3F
BD5E
3CBE
BDC1
3CC8
3D7F
BCCC
3D31
BD35
BBF6
BC5B
3D22
3D77
3C83
BD27
BCC1
3D0B
BD4A
BCE6
3CA2
3D4F
3D34
3CBF
BAA8
BCD4
3C43
3CEE
BCE7
3CE4
BC8B
BE28
BE07
3D6C
3D3E
BD5E
BC9C
BC0E
3C46
BD88
3CAB
BDCE
3D46
BD5D
BA92
3D9C
3C1F
3C9A
BD1F
BD72
BD97
BBF5
3CB3
BD12
BDA6
BDBD
3C5E
BD9E
BC34
3D06
3C99
BC80
BD22
3C59
BC06
3D1E
3D8E
3D6F
BD25
BC28
3C14
3DD4
BCE9
3C0A
BAEF
BD99
3B84
BBF0
3C82
3C8C
3CEB
BCAA
3CEA
BCA8
BB76
BBED
BD53
BDA8
BC66
3DBD
BDD1
BB8B
BDBE
BCF1
BD04
3C4B
BB53
BD01
3DA9
BD57
3CBF
3CC5
3D2A
BCE9
BD4E
3CAB
3DC3
3CC9
BDC6
3BD4
BCFB
BD22
BC49
3D23
3DE0
BD7E
BCAD
3D6A
BCD1
3D8A
3CBE
3CCB
BD0F
BD58
BC90
BD8B
3CBD
BD0B
BD0F
3D45
BCDF
3B84
3D11
B9FD
3BD6
BD45
BC36
BCFC
BB59
3D25
BC03
3C34
BC12
3BB7
BABF
3C34
BCA4
3B39
3CCE
BD8F
BC24
3C92
3B96
BC1C
3B5C
3C8E
BCDB
3CCF
3E06
3BAB
BB6F
BDBD
BCA4
BC68
BCFA
BB68
BC00
3D3E
BC84
3DAF
BC98
BB51
3C90
BC8A
BD5A
3D7B
BCD0
BD60
3D24
3D22
3C03
BD1A
3DED
BD0B
3B41
BD17
BD37
3D47
3D85
3CFB
BD3A
3CCD
BD19
3C86
BD0E
BD34
BCF4
BC65
3CD0
BCB3
3C73
3D29
3C23
BD5D
BC22
BD49
3C91
BC41
BBC0
BC98
3D1F
3C34
3CA5
BC9A
BC0F
3CA3
BAAD
BCAE
3A9F
3CC1
3CA3
3B5B
BDA6
3B0B
BB3B
3D6F
3D29
3CFF
BD0B
BD0D
3D61
BD0A
3DE4
BCA0
BC02
BAD3
BD5F
BDB0
BC98
3D83
BCE8
BCB7
BD93
3B0B
3C0D
3D4B
BA94
BCEB
3CAF
3D51
BD79
BBEB
BC2A
3CCC
3D60
BBC1
3D0A
3CE3
BC54
3C14
3C3F
3D27
3CE8
3C62
3CC1
3B8C
BCE6
BD84
BB24
3C3B
3C58
3CE3
BC59
3CB6
BB02
3B86
3CB7
3D12
3D46
BCD1
3D44
BD78
3D18
3DA0
3D80
3E48
BE11
BD6A
3CBD
3DBB
3BF1
BDED
3D23
3BB0
3C8B
3CC0
3C90
BC57
3D0C
BCB0
BD81
3D2C
3D76
3D44
3A54
3C37
BD93
3D3E
3D8A
BCCD
3D73
3CB4
3D49
BD4D
3BED
BC7D
3D22
3CDE
BD14
BA27
3CA5
BD07
BB94
3CEC
3C5B
3C93
BCB1
3C1D
3BB1
BC2F
BCB8
BCCA
3CDB
BD93
3C50
3DBE
BCC6
BB7D
3CC8
BD29
3D31
3B33
BD25
3C81
BD21
BDEC
3C2D
3D30
3CD6
BD46
3C22
BC8C
BD02
3CA0
3D9C
BCC9
3DA2
BCCB
3C78
3C8E
BD9B
3CD3
BD20
BDDB
BA51
BDD7
BCF9
BD88
BD11
3C50
3DAF
3CE1
BD82
BB3A
BDA6
3CC2
BC16
BBBD
BCBB
3D0E
BC91
BCBA
3CDA
3C71
BD64
BD22
3CE9
BD36
BC4E
BB66
BCB7
BC12
3C40
BC2A
BD03
3CF8
3A3D
BC64
BB96
BB3A
BD11
3C8D
3C38
BCAA
BD09
3B80
399B
BCEF
3D85
3C70
3D1B
3B20
BD01
BC6B
3CD8
3C0F
3D33
3D45
BD3C
BCE5
3D17
3CD6
BCAF
3CDC
3CCF
BC56
3D1C
3D6C
3D0D
BCC9
3D24
BC80
3AB1
3D5B
BD2A
3C7B
3CE8
3AD3
3BD3
BD0B
3D3E
3BA0
BC56
3CEF
BB7A
3D53
3D23
3B9D
3C21
3D66
3C05
BCCA
3BA8
3CFF
3CAF
B989
3CC1
3CE0
3C8F
3C1C
3D27
3CAA
3D10
BCA8
3C4F
3D7A
BDA9
BD5A
3B0C
3CA9
3DD0
3C8C
BC85
3CFA
3D85
BB15
BD3E
BC58
BC8A
BD28
BD36
3CF0
BC76
B9C4
BC43
BBD5
BD84
3D9E
BD5D
3D3B
BCEE
3C2A
3D09
BCFB
3D5F
BC3B
BD1C
BCF1
BD1B
3CE5
3C66
3D46
BDAD
BD52
3C39
BCB2
3D63
3ACE
BD1E
3CDF
BD0D
3BF8
BC74
BD86
3D08
BB01
3CE2
3D30
3D47
3C8A
3CC3
BC1C
3AAA
BCEF
BCC1
3CEF
3BF3
BC8B
BD41
3B23
BCCB
BCAD
BC84
BDE8
3B88
3D60
3D07
3D84
3D00
3B69
BD87
3D8B
BB66
3CA6
3DA4
BDF7
BBD4
BD86
BCA3
3D3F
BBC2
BD02
3DA2
BD0F
3DA0
3A2A
3C31
BD37
3CA3
3CA7
BC56
3CD6
3D60
BD90
BD12
BD56
BBC1
BD14
3D9D
3DCE
BBDA
BD06
BD55
3BF0
3C15
BCBB
BCA5
BD35
3DB2
BC85
3CF3
3AF9
3AAB
BC8C
3A4A
BD5F
3D09
BC01
3D57
3CBE
3D15
BD3E
3CD6
3D48
BCBF
BD74
3D5E
3C30
3D26
BCEC
BA38
3CBF
3D9C
BD65
BD5F
BC5D
3D17
BCDD
BD0F
3BBB
3D90
BD84
BD84
B811
BD94
3DAC
BD56
3D2C
BC98
3D12
3D82
3D26
BC64
3DD3
BD79
3C5D
BA62
3D81
BD2D
BBF4
3DA9
BDE5
3CC9
3C9B
BC3E
BCFF
3BA7
BCB0
3C6A
3B0B
BC48
3D2F
BD21
BD12
BC56
3C7B
BC24
BCF9
3C8A
3C00
BC1E
BCF3
BCE8
3C5E
BB38
BC4F
3C45
BC9A
BBBB
3CB7
3CBD
3CDD
3D28
BD00
3C28
3C4C
3B92
3C36
3C7A
BB81
3C8C
BCCA
BCE9
3C82
BB92
BC74
BC2D
3AF5
3CB6
BC62
3D5F
3DCA
3BF8
3D5F
BD82
BC6A
BD0F
3B08
BD95
BBF1
BC1C
3C90
BD0F
3C9C
3DD5
3B54
3D7C
BD97
BCA9
3C83
3C74
BA0C
BD28
3CF8
3CB8
BAC8
3A95
3CDA
BC85
3C0B
BB61
3C4E
3C76
3CCC
BC9D
BCA4
3C91
3A56
3CB0
3D30
BCD2
3CD8
3CD5
3C9D
3D4E
3C0A
BC0D
3A9C
BB86
3D7F
BCD4
3DB1
3DA2
3BC8
BD55
BC86
3BDA
3AD0
3CC6
BCB2
3C2E
3C9E
3B27
BD36
3DBE
BBDF
BCD0
BD2C
BCA0
3D3E
3D43
BD6E
BD47
3C31
3C4A
3CCC
BB83
3C19
3D93
BD2C
3CB0
BB70
BD03
3C20
3D1D
3CB6
3BB5
3C02
3D3A
3CC8
BD12
3D41
BD27
3CBC
3CDC
39FF
BCA7
3AA8
3C8E
BCD3
BD0F
BC72
BBD7
3CD6
BCFA
3C50
3CE3
BB78
BD05
BD45
BBDF
BBE8
3D8B
3D34
3C6F
3D0E
BD0F
3C01
3BDA
3DF7
3D5C
3CDA
3D01
BCA0
3C2D
BC3A
BCA4
BCBF
3C81
3B21
3D1D
3D60
3D19
BD43
BDE7
BD19
3BC8
3CE3
3CE0
3DC8
BD63
3D9B
BCDA
BD3D
3DB8
BC18
BB83
3C84
BCA7
BA84
BD4B
3CED
BC00
3D0C
3CF4
3C15
BC14
BC7B
BD18
3AAF
BCF1
3CBF
3C9D
3B2F
BCFA
BC08
3C91
3BAA
BC80
3B2A
BB46
BC3F
3DA9
3B2D
3C95
BD22
3BF1
3DF9
3D65
BAE3
3B92
BD09
3D16
BCA6
BCAD
BB4B
BD4D
BD19
3C89
3CF9
BCF0
3D60
BC98
BC31
3C5D
BC19
BCF4
BD0B
BC86
BD77
3C51
3D08
3AD1
BD4D
3D57
BD21
3CCA
3CFE
BD6D
BD0E
3BC9
3D43
3D24
BCDD
BD1E
BD2F
BCC3
3BB8
3CF5
3B1F
BCE8
BC86
BCA0
3B8D
BD39
BD0A
3A7A
3BE8
3D91
BC38
3C91
BB45
BBC8
BC22
BC33
BCB6
BC9F
3D08
3B87
BC26
3C5E
3C48
BBCC
3CA6
3D2B
3C00
3C9F
BC36
BD29
BCE9
BC98
3CB1
BC5D
BCAC
BB68
3C70
3B2A
BC44
BD00
BC81
BB33
3C78
3D63
3C4D
3C89
3D15
3C07
3D3C
BB77
BB48
BCC0
3D84
3C9E
BD38
3D18
3C22
BCAA
3B87
3A7D
BC9C
BC8C
3C8A
3B9A
BC48
3D20
BC1C
BA96
3CEF
3C8A
3CFC
3CA6
BCBE
BC81
BA96
B976
BC7C
3CF7
3B50
BD00
3C42
3CC0
BD19
BA4B
3C68
BC1B
BC49
3D1F
3C32
BD05
BB8F
3CAD
3C0E
3B7E
BB80
3D5C
BD38
3C5B
3D11
BD4F
3CB3
BC94
3944
BD00
3C8C
BBEB
BD1A
3D16
3D32
BC82
3D7F
3D70
BC4F
3CA0
3CF5
BC65
BC70
3CA0
BBFE
BD1F
BCF8
BAC0
BC86
BCC4
BCAA
3CE3
3CF3
BC13
3BF2
BA8B
3C9E
BA3F
BBE6
3A0D
3CD2
3C30
BBF6
BC95
3C90
BD07
3C84
3D0B
3C0F
BB50
3D3F
3CA3
BC04
BD80
3C70
3D0A
3C0C
BB3C
BDAE
3D44
3DDA
3C9F
BDBE
3D88
3D7F
BBE0
BD89
3C59
B95C
3C62
BC8A
3D64
BC89
3C8C
3C8A
BD1F
3BA2
BD1B
BC28
BC92
BC8C
BB1C
BC96
3CD5
BBD3
3CB7
3CAC
3C86
3D44
BB88
3B90
3CF6
3CBA
BC5E
3C9A
3C96
BC43
3CDA
3C5F
BC05
3C31
BC01
BC07
BD0A
35F6
3B04
BCDF
3C80
3C24
3D2F
BCBA
BD37
BC64
3C27
3B83
BBCD
3C15
3C9C
3CEE
3CC6
BCC4
BCEF
BC94
3C96
BA0A
BC2C
BC82
BBC4
BB57
BD2E
BA27
BCD6
BD9C
3D1E
BC9B
3C5C
BC21
BBF5
3CCD
BBF3
BB06
BD09
BD94
BC40
3C34
392F
3D85
BC6C
B84E
3C94
BBE1
3D02
BD61
3D13
3CDA
BC8D
3D2E
3D1E
3D8A
BC3B
BCBD
3C8A
BC8A
3CBB
BCB1
3A5F
3D2D
3C14
BC8C
BCA3
3C81
3B14
3C4E
BC35
BC61
BC8D
3D1F
BB64
BCAA
BCBA
3B2D
3CEA
3C9C
3CD0
BD11
BD06
BB31
BC15
3D45
3CE5
BBE0
BC4E
3BF2
BC84
BCDE
BCD3
BCB0
3CCE
BCE3
BBDB
BC9F
3C1D
3BC4
BDAA
3DBA
3C1D
BCC2
3B11
BCAA
BCAA
BC7D
3CE4
BD04
3C9A
3D70
3D43
BBD4
BC93
BCBE
BBF1
BBCA
BC2A
BCF9
3C95
3D39
BD21
BCE1
BD0D
BC6E
BD1B
BCFF
3C89
3B34
3C58
3BF6
3CA7
BCA1
BC95
3BE3
BB91
BBC5
BC4F
BCD7
BC99
3D0F
3CB0
3C58
BD00
3BFA
BCD7
3D02
BCA8
3B85
3C12
3CB5
BCAA
BCD4
BB84
3DAE
3CDC
3BCD
BD2C
BD31
BC72
BCBA
BC45
BD74
BB39
3CE5
BAA1
3D07
3D1D
3CC6
3D19
BCD2
BBC8
BD1B
3D52
BCEB
BCF6
BBD2
BCB0
BCD1
BD04
3C08
3CA5
3C91
3CD3
3C0C
BB8A
BD30
3BD7
3AF3
3CB6
BBF2
3C1B
3CAF
3C58
BD04
BC94
3C0D
BBB9
BCFF
3BA5
BCE6
3C9B
BC82
3C7B
3CDF
3C4F
BC3E
3C3C
3C72
3C11
BCF3
BDB0
3C1A
BCB8
3DC7
BCBE
BD1E
3D4C
3D4B
3D15
3D15
3B7F
3C5D
BC2B
3D5A
BC27
BBB5
3CBD
3DB3
BD6A
3C74
3D6D
3C63
3CCA
3D1A
BD0A
BAFD
BC47
3C0D
BD3D
3D82
BD22
BBB8
3C4F
BCE4
BD70
BB42
3C84
3C88
BCEB
BB66
BD7D
BC54
BD22
BD2E
BCB4
BCB9
BC32
BBE7
BC22
3CF3
3C29
BABA
3C8E
3D29
BD1C
B998
3C4A
BD50
BCD8
BD42
3CC9
3C35
3D64
BC48
BD6F
BCDC
3CCD
BC87
3CA8
3D01
3D35
BCED
3C8C
3BA6
3C64
3C78
3D00
3D36
3D64
3CCB
BD63
3CDC
3D03
3D27
BC14
BCAF
BD1D
3C50
BB94
3CA7
BCE1
3D1D
BC2C
3C75
3B3A
3B42
3CA6
BD3C
BD20
BD4B
BC74
3CD5
BD85
BC36
BC88
BC40
BD23
3D15
3CEE
BD14
BC1B
3C70
3CF0
BCFD
3B94
3C33
BD83
3C13
3BF9
BCA4
BD46
3CE5
BD2B
3D6A
3DCC
BD2E
BD42
BCA3
3D49
3DB4
3D02
3C30
BD81
BD0B
3BC8
B951
BCC7
BD4B
3CEF
3D0A
BD01
BCBB
3CFE
BC92
BBE8
BB27
3D1C
BC08
3D03
BD20
3B36
BBA9
B9C9
3C93
3CC0
3D74
3D6B
BD3A
3D5C
3D1C
3CD7
BC5F
3C20
3BF1
BC7B
3B71
3C2E
3B71
BC46
3D84
3C25
BBC5
3CA7
3CE3
3CF9
BD42
BB6A
BD23
3C0E
BD00
3C8E
BD06
BC81
BC86
3D2E
3D21
3C25
3C32
BD37
BD70
3CD9
BD0E
3AAF
3CA4
3D3B
3D4D
BCC8
BCB7
3DB1
3C89
BC1B
BD3C
BD10
3CD2
3C7E
3C8F
3ACB
BC8F
BB8F
3C9B
3A3F
BDE3
3BDF
3C9F
3D08
BC85
BD93
BD19
3C30
BCA8
BC9B
3CB4
3D07
BBED
3BA1
BC6E
BB61
BC1F
3BD6
3C97
BBAF
3CE7
BC8B
BC0F
BCBD
3BE4
3B8B
BC13
3C72
BACC
3D58
BC6D
3C5F
BC14
BC86
BB8C
BD08
BC50
BC08
3CBF
3CB7
3BDB
3C4E
3D49
BBAB
3BAE
3D0C
BB77
3C4A
BCA0
BC6A
BC99
BC0E
3D18
3B7C
BC7C
3D0F
3C98
3C7D
BC91
BB90
3AEF
3CFD
3D3D
3D42
BB91
BD03
3CF7
3D3D
BB8F
BCF2
3C22
BD26
BD46
BC1D
BD12
3C8D
3C1F
3CE8
3D44
3D77
3D19
BBAB
BD02
BC7B
BBE9
3CCC
3C1B
3D3C
3CAD
3BBB
3D10
3C25
BC5C
3C0F
BA0B
BC58
BB1F
3C7F
3CEC
BAD6
3A04
3BF3
BAC4
3CFD
3BC3
BD1C
BCAF
3B95
3D43
BD71
BCDB
3CB0
3C8F
3B04
3BCD
BD65
BCF9
BB16
BD18
BCCD
3C36
3921
BC97
3BB2
3BFD
3C65
BCC8
3D5D
BD20
3C97
3D06
3D08
BCE9
3D47
3CBD
3C94
BCA8
3C53
BCB9
3C5B
3D5A
3D11
BBBB
BCA2
BBAA
3CB8
3D0F
BC23
BBB6
3CC5
3C95
BC81
3C61
3CB9
3CC2
BB8F
3C66
3A15
3AB5
BD0B
3CD5
3CD4
3D09
3B7E
BD14
BB63
BD22
BCBE
BD1C
BCE2
BD34
3C60
3D9A
3DA6
BD9E
3CF7
BC01
BCAF
BC51
BC39
3C1C
BD1D
BC46
3CD0
3CC9
3CA4
BD1D
3BD4
3D53
3BB5
BAB6
3D6E
BD2E
BCC0
BD2B
BD71
BCEA
BC58
BCE4
3CEB
3CBB
3D4E
BD61
3CAE
3B72
BCB5
3D53
3BF5
3D39
3C35
BCD3
3C43
BC27
3CA8
3CB1
BA52
3C6F
BC92
BB79
3CEB
BCCE
BB57
BBF8
BC4D
3B17
BD1F
BB6E
3C94
3CDD
BB55
3D39
3B5A
3D62
3D22
BD62
BB0C
BB7F
3C47
3D45
3D37
BC46
3C02
3B88
BBD4
3AD7
BC83
BAAC
BD17
BC54
BCED
3CF5
BD06
3D01
BC42
BD29
BCA1
3D2C
3C9A
3D1A
3D01
BC82
BDD4
BCD4
3C8E
BD3F
3B78
3D4C
3D6B
BD7F
BC92
3A0C
3CE5
BBEC
BD2D
BC6A
3A83
3CFE
BD89
3C2F
3CD3
BD71
3A52
BD50
3D1A
3CE7
BCD0
3C31
BB06
BBD0
BC91
3C08
BB32
3D60
39D3
BCC5
3BD9
3CEC
BCE7
3C96
3CF9
BC9F
BD9B
BBCD
3CB1
3D11
3D3B
3D32
3CDB
BC81
3D96
3D26
BBF8
3CBF
BBE7
BCA2
BBFE
BC87
3C98
BDB4
BD52
3D15
3D22
3D79
BC21
3C6C
BC86
3CA1
BA31
BB7B
3BAA
BB59
3AA8
3CCC
3CCA
BBB0
3DAE
3C1A
3C90
BC67
BC88
3D2F
BB01
BC3A
3D33
3C5A
BC9B
BBBC
BD79
BC72
BC6F
BCB8
3D37
3CDE
BC81
BAE4
BD0E
3CEE
3A8D
BCE3
BD02
BB09
3B87
BD0A
BCAE
3BFE
3D24
BCA4
BC98
BD2B
3CA0
3CB6
3C54
BC01
3CA4
BD10
3D62
3CAC
3CCA
3DAA
3C38
BCE4
BBAB
3CE7
BD68
BD11
BC48
BCE0
BBA1
3C9A
3BA7
3C9D
BD95
BB72
BCA4
3D00
BB80
3D61
3D38
BCC0
3BFD
BC98
BD36
BBB8
BCED
3C7C
BC4B
BBEF
3BEA
3B31
3C31
BBC2
BB98
3D10
BCB9
3D16
BA5C
3DA1
3CBD
3C67
3B13
BC74
3D0F
BC0F
BD86
BCDF
BC3C
3D1F
BC6C
BD36
BD35
BD42
3C71
BD73
3CC4
3BBB
BC46
BBF7
3D1F
BBDD
3B4B
BC95
3CCB
BD3D
BD18
BD63
BD26
BC98
3C23
BBAE
BC1A
3C02
BC9D
3C26
3B0E
BC35
3C69
3C5B
3D58
BD8A
3D0D
3D7D
BCC5
3C07
3C15
BCAE
BD30
3CCF
BB94
BCAB
3C5A
3D1D
BC74
3BED
3BC7
3BB6
BCCA
3D50
3C04
BAF3
BC9E
3D4D
3CE9
3C88
3BF5
BC62
BB90
BA7E
3C38
3D06
3C26
BB1E
3BDB
3CBA
BBEC
BBD9
3CA9
3BE5
BA30
BBC8
3B1E
3D3D
3D25
3C36
3BF4
BAB6
BD05
3B1C
BD82
BB89
3C50
BC1B
BC02
3CFA
BCEE
3C99
3D56
BD7D
BBB7
3C31
BD0C
3B0E
BCE4
BB3A
3C9C
BCCC
BD3F
3CBD
3D72
3D0A
3D30
3C90
3CA5
3C47
3D2D
3BB9
3BE5
BBA8
BCC1
BAF7
BC64
BD17
3B95
3B71
3D04
BC25
BD2B
3C3D
BD39
BC2C
BD1A
3CC6
3B88
BC58
3BF4
BB66
BD1A
3C95
3D02
BBED
3CDA
3C25
3B96
3BDA
BCE1
BC6E
BCB3
BC09
3D2A
BD81
BC16
3BBB
BC83
3C9A
BD3B
3BD1
BC98
BC9D
BC75
BCF4
BCB2
39DE
BB45
BD85
3C9C
BD03
BD33
3D64
BD31
BCBF
BCBD
BB29
BC52
3D30
3CB6
BC51
BD64
BB36
3A43
BCB5
BCB8
3AE3
3ADC
BD03
BCB6
3A38
3C49
BCCA
3BEF
BA83
BC55
BC86
3CF8
BCC9
BC8E
3D57
3B99
3BE1
BD23
BD09
BB65
3CDA
BCE5
BB6F
BC5F
3CA1
BC90
BC4C
BD08
BC88
BD68
BCB8
BCB7
BD36
BD06
BD70
3AAD
3CC7
3C11
3D09
3D68
3D2E
3B21
BB88
3BD4
3CE6
BCCC
BCED
3C19
BD07
3D11
39EE
BD01
3C9A
3D32
BCDF
BD24
BCD6
3B89
3D26
3D1E
3CCE
3B81
3BEB
BCED
3C78
BC49
3C26
BC7A
BD17
B90D
3B04
BB99
BC60
BB72
3BF7
3BC1
BCAD
BB99
3D9D
BC8A
BC21
BD16
BC51
BBCB
3CC5
3CE2
3BF2
BC17
3D71
BDA7
BD7D
3CA2
3C9A
BAD8
3D05
BC4F
BCB8
BC8E
BCD8
BD2E
BC4B
3CC6
BC8A
3CD5
3C5F
38E9
BC41
3CE2
3CCF
BC17
3C38
BC2C
3BB4
3ACE
BCCD
3C82
3CAE
3CA0
3D35
BBAC
3CA7
3A1E
3BBB
BBCC
BCE7
3D02
BC0F
3D27
BB90
3AB1
3B93
3D1E
3CC3
B96E
3CBD
3C1B
BB1A
3BFE
BC1D
3D19
BC04
3BA6
BC58
3CA6
3AA7
BBFC
3D42
3D97
BD15
BC4C
BCC4
BC3B
BC61
3CBE
3C93
3D4A
3CF0
3C9C
3CF5
3B07
3C58
BD36
BD73
BCD8
BD3F
3D32
3BE1
3CFF
3CA5
BD00
BB3C
3BB6
BCF5
BD23
3C0D
3CB3
BC21
BC53
BD04
3C2E
3C08
BB2C
3C87
3C62
3CD8
3C0D
3C1B
3C2E
BCF8
3CCD
BC87
BBBB
3B81
BCB4
3A81
BB8F
BCED
3C38
BC83
3D27
3C88
BCD8
BB76
BC1C
BCC0
BCDF
3D3A
3CF9
3C20
3CCA
3A81
BC72
3C0E
BC7B
BCF2
3BCF
3D6E
BD78
BD69
3C93
3D0C
BC37
BBF8
3C75
BBA5
3C54
BCA4
3ACC
3D13
3C43
3D28
3CAD
3D15
3D0E
3CD3
3D0B
3CB2
3C72
3C9D
BD0B
3C2C
BD83
BB99
BC27
3B1E
BBB7
3B9F
3CA2
3C7F
BC00
BC7C
BD0B
BB68
3CEE
BCE1
BB8E
3CAC
3ADF
3CE1
3BF8
BBF4
BB3E
BBDA
BC00
3C52
3CCE
BBFA
3B23
BD4E
BC53
BC08
BAA1
BD0B
BD56
3BCD
3CE4
3D05
BD86
BBDD
BD14
3CB3
BAA7
3B07
3D3F
3CC8
3C5F
3C8F
BCC4
3CD0
BBD3
BB4B
3D82
3D47
BD51
BD88
3CDE
3B91
3C93
3C00
BAD1
3CFB
3CB8
3C61
3C92
3BCB
3D51
BB7C
BBF5
BCD2
BC0C
BBCE
BAED
BCF7
BC8D
3BEF
BD1D
BB2E
BC22
BC84
BCBE
BC2F
3D39
BCDF
3C5D
3CAF
3C9B
BD0B
BBC7
BD7D
3BDA
3CCE
BCC8
BD46
3CB4
379E
BC61
3CFE
BD51
3AAD
BB74
3C91
BDAE
3C03
3CA3
3D75
BD1F
BD16
3BDD
3B20
3CF0
3D14
BD66
3D52
3B4A
3D4B
BCF0
3C2C
3BD3
BC39
BCDD
3D38
3C1A
3C44
3D03
3D52
BD0D
3CDC
BD68
BD91
BCD4
3D3F
BC8F
BC55
BCB8
BD0D
3B46
BC9E
BBE5
BB5D
3C09
3C3F
3C15
3D67
3D29
BC9B
3D1A
3D60
3D4A
3C2A
BD03
BC65
BD3C
BB91
3D51
BCEB
BCDB
BCC5
3CFC
BC25
BC9D
3C0A
BB37
BC6D
3D33
BC3D
3C96
3A27
BD5D
BCF9
3999
39FE
3B55
BD1A
3D2C
3CF9
3D18
3C8D
BC99
3D23
BBE6
BCB2
3BA2
3C04
BD1E
3D26
BCC3
BBF7
BCD6
3AAD
3C44
3D7F
BCDD
3CC0
3AFE
BCF9
3B65
BD0E
BD2D
3D3F
3C90
3CA5
3C9E
BCE2
BC22
BCA4
BB8D
BB50
3C7E
BD1C
BBA8
3C21
3C8B
3CD4
BC23
3C03
3CA5
BC28
3AAC
BB92
3CE9
3C53
BC9E
3CB2
3CE6
BC05
BB8B
BD08
BC23
BD3E
BD51
BD00
BC16
3CE1
3B6B
3C3D
3C5C
BC47
BCA7
BD11
BC6F
3C98
BC32
3D86
3CEF
BC81
BCA9
BB88
BD44
BB27
BAD4
BCBC
BCE1
3C02
BB74
BD0A
3C93
BCC1
BCBC
3D4F
BD46
BD55
BC8A
BD4E
BC9C
BD0E
3CCE
3BDB
BCAB
3C8A
BCAD
3B02
B85F
BC36
3C8B
3C85
39A5
BB3B
BCE5
BC0D
BB8D
3BEE
3C09
3B65
BBC3
BC36
BBED
396B
3B72
BCF1
BD20
BC36
BC88
3CFD
BBFE
BBB5
BD0E
3D10
BAAA
3B44
BCD4
BD1A
BD56
BCAC
3AAE
BD0E
BC70
BCD4
3BB8
3D2C
BB67
3D7F
3D19
BBCF
3C29
BCA0
BCA5
BB11
3D73
BC05
BCA0
3BC5
BC1C
BB86
3D0D
BBDA
3C24
BC72
BBF9
BCCB
BD2F
BC16
3CD4
3BA0
BD37
3D06
3C14
BD22
BB88
BD0E
3D15
BC4C
BC81
3C4B
3B7E
3CBD
BAE9
3BF2
3D2C
BBE1
3A42
3CF9
BC8F
3D04
BBD8
BCA0
3B84
BCF1
BD79
BDAE
BD1F
BC9E
BCF8
BD25
3D38
3DA5
BBB8
BC63
3CD4
3D02
3CCE
393C
BC95
3C53
3D7A
3C2C
3D28
3C47
BC93
BC06
3B59
3BF2
BC06
3BBD
BC95
BD27
BD17
BCF9
3CC7
3C62
3C81
BB0C
3D67
BBB9
BC91
BB77
3CDB
3C28
3CF8
BCB4
3D87
BAF3
BD14
3B9D
BBE3
3D26
BB28
BB48
3D52
3D08
3C0D
BC68
3C1B
3C80
BD18
BC93
3C98
BD1D
BC2F
3CB8
BD10
3CAE
BD56
3BB4
BD90
3C4C
3BF0
3CAC
3D1F
3B29
BCE7
BC13
BBAE
3CA6
BD2A
3CE7
3CE5
3DB5
BCE4
BCAE
3D55
3D18
BC8C
3BA7
BAB6
BD33
3BB9
3C28
BD03
3CEF
3D5C
BC94
BC71
BC47
BC98
3C11
BC01
3C9C
3CDB
3D18
3A26
BD29
3CD0
39D5
BD3C
3D29
3B67
BCDE
BD07
BC31
3D5C
38ED
3D35
BD5C
BCCE
3A5A
BDB9
BD6E
BCBF
3C6C
BD27
BB34
3D60
BD4A
BD61
3D15
3C45
3D63
3D2B
3A9A
BAA9
3B64
BD22
BD69
BD11
BC03
BD09
3D1B
BC2E
3C56
BD6D
3C3F
3D2C
BB62
3D64
BCDA
BD36
BC01
3D29
BC6B
BD29
3C53
BC24
BCA2
3D4B
3D02
BC43
BBDC
BC72
BD2B
BD3B
BB9F
3AEC
BC81
BC68
BCC1
BBC7
3B0E
BD8A
3BB8
BB31
3D0C
3C48
BCE2
BB43
BCC6
BC99
BCC1
BBC2
BC13
BCAD
BD73
3AE9
3D34
3B35
3C32
BD54
BD28
BAA9
3CCD
3C79
3CB2
3D2E
3CBE
BD02
BCF3
BB9E
BCD7
BC8B
3D14
BD69
BC1A
3BAD
3CF8
BC83
3C01
BC6C
3B00
BC8D
3ABC
3D05
3CA7
3C5D
BC0E
BDC0
BC19
3D4A
BC43
BCC0
BC0D
3D98
3C8E
3C0B
3C43
3D13
3C12
BCC6
BC77
3D00
BC65
3B8C
BCBA
3C67
B950
BC4B
BC17
3C04
BBE1
BCA0
BB27
3AD9
3BE5
BC2E
3C19
3D02
3A8E
BC3A
3CC3
BD84
3C5A
3CCD
BCD2
BBB7
BD7A
3CFB
BD19
BC76
3AA4
3BED
3B95
3C5A
3CFC
BC21
BC17
BC70
3CEB
BD0B
3D7E
BCAB
BD32
3D12
BD78
BD7A
3D35
3C94
BC54
3B55
3D05
BC9D
3B47
BC8F
BCB1
BD06
BC7C
BB2F
3B68
BCDA
3B17
3D73
3C6B
3AA2
3B66
BBE9
3CE1
3CB7
BD03
BC34
3CF4
3C04
3CF5
BC9B
BB4A
BCF2
BC82
BBDC
3D20
3B8A
BA6A
BCDD
BB89
BCBB
3CA1
3BEE
3C00
BCF3
BA32
3BB3
3C69
BC47
B7EC
BDA4
3C32
BC33
BC04
3D6C
BD02
BD0B
BBED
3A5F
3CBA
3C8A
3BA8
3C21
BB7B
3CBA
3D29
3D0B
BD65
BCF6
BD04
BCEB
3C84
3C98
BAA5
BD0E
3C66
BBE4
3C53
BBD1
3C95
3C55
3A55
3BEA
BB50
BC67
BAD8
3D0D
3B03
3D10
3CA3
BC40
BC0D
BC40
BC63
BC1A
BC4B
BCB7
3C01
3972
BCDF
BC5D
3C15
BD14
3C20
3BF4
BD01
3C97
BBE7
BCF5
3CEF
BC00
3D37
BC94
3B88
3BE5
3CEF
3A9D
BC4D
BBAD
BD05
3CD9
3D09
BCD7
BBFD
3D27
BCB5
3B88
BC44
3C9B
BD18
BD20
3CB8
3D0A
3C88
3C91
3C83
BD73
BC29
3C02
BD03
BBEC
3C07
3B13
3C30
BCB6
BCA3
BC53
BCAA
BC22
3CD1
BB10
BC25
3D0D
BC9C
BC46
3B72
BCE0
BCA2
3AA3
3CD4
BB63
BB64
3C22
BCC4
BD00
3C84
BC2E
BD1B
BC9F
3CFC
3BD4
BB8A
BAC9
BD1E
BC36
3CAF
3CA8
3C73
BCE4
BC0D
BC0A
BC35
3C40
3C8B
3D5C
3D58
3CDB
3C34
BB90
3C24
BB35
3C8A
BC9F
BC50
BC53
3BCF
BC8D
BC3A
BCA9
3BC6
BCF8
3CED
3C72
3C37
BBE3
BC0E
3D3F
BC4D
BC80
3CCC
3CE0
3BE5
BCAD
BD05
3C67
3D0D
BBF5
3C7E
3B92
BBDD
BA85
BC6F
3C65
BB48
3B06
3BC3
3B32
3BE2
3C4A
3B9D
3CCC
3A1D
3C0C
BC20
3BDE
3CC4
BCC8
BCE6
3C46
BC8D
3B81
BD79
BC48
3D04
BC85
BCAE
3CD7
3CB1
3D07
3CB9
39D0
3D6C
3CDC
3D3D
BC93
BCFB
3D9B
BD1E
BD50
3D1E
BB45
3D05
3D2B
3CA7
BCC7
3B72
BCBF
BD76
BD6B
3C29
BA7C
BC66
BC39
BC3F
3D92
BC32
3BE5
3CAC
3C1C
3C92
3CE1
BC04
3D2C
3C0B
BB61
BBEB
BD26
BC57
BC17
BBF9
3C41
3CA6
BCF9
BD07
BD19
BBAA
BC4A
BC30
3CDC
BC9D
3C45
BCCE
B9AF
BC55
3CB6
3D1A
BD0E
BC11
3BDB
3C6B
3CF5
BD84
3B78
3CB7
BCC5
3C1F
3D02
3DC2
3D41
3DAE
BD52
BC15
3D75
3D07
BC60
3C91
BBEF
3C4D
3DAF
3D01
BD27
3D18
3CA6
BD5C
3CEF
BC04
BD2C
3CDF
3BD2
3BF3
3CF4
3D33
38B2
BCB5
3CB2
BD10
BD15
3D79
3BAE
BCA5
BD1F
3BA1
3BD5
BD47
BC1E
BD2A
BC66
3BD8
BC89
BD10
BC5C
BCB2
3CE5
3D8B
BD46
3CE0
BC85
3B38
BD29
3D66
3C39
BB82
BD72
BD50
3A34
BD07
3A0A
3C28
3BAD
3BDA
3BEF
3B16
3D0C
BC53
BD1B
3D48
BC12
3B28
BCA3
3D22
3C9D
BC6C
3D05
3C86
BB37
3D33
3CC3
3C36
BCB1
BCC9
3AF8
BC6F
BBAE
3C08
3D0A
BB8A
BD23
BC9E
BD8B
BB9F
BD3D
BAC6
3CE4
3CD5
3CEF
BD55
3CEB
BD13
BD3F
BCDD
3CBC
BD1B
BB01
BD0B
3D4A
3C01
BC41
BCF2
BC01
BC06
3CF1
3C95
3D38
BD24
BCEC
BC64
BA03
BBB1
3B9C
3CE6
3D04
3AB3
BD12
BCE5
3CC4
BB8B
3BA0
BD09
BB78
3CF3
BC62
BD9B
3D40
3B8D
3C08
BC14
3D96
B99B
3CC7
3BDF
BCB9
3D0B
BC0E
BD05
BBF1
BC06
BB3D
3BFA
3AB8
BC21
3D23
3CDE
BC5D
3D44
BC45
BC79
BD51
3BF0
BD1A
3C52
3D50
3D46
3C42
3C1A
BCE9
3CBA
BC59
3D03
BCD4
BC0E
3C88
3C9F
3D16
BC76
BCC2
3D01
3D28
3D88
BB06
3C07
BD43
BD01
BC41
BAD5
3C70
BB97
BC50
3D14
3D55
BCC0
3CA6
39C8
3C40
BD00
BCD8
BC8B
BDC2
BCB1
BC8B
BD83
BC33
399D
3B78
BD85
3D44
BBFB
3C22
3B9E
3CD3
3C94
BC37
3BE7
3B99
BB92
3D03
BC3D
3C11
BCC5
BCED
3CD2
BD02
BD35
BD0C
BC8A
3CD7
BCBD
3D53
BC1F
BDB4
3BBD
3BE6
39EC
BBE7
3D34
3CAC
3CA5
BBA0
3B57
BC86
3D57
BC10
3BB2
3CC5
3AF3
BBE8
BB33
BD85
BBE7
3D37
3C4A
BCDE
BCCA
BB85
3D9E
BD0D
BAA5
3CFF
BCFD
BD52
BD50
3C96
3C99
3C47
BC2A
BBCE
BBB5
3CB7
3A6F
3C53
BCFF
3C8B
BC78
BD2A
BAD2
3C7B
BCA0
3D82
3CA4
3D18
3C6E
3D27
BC4E
BB0C
BCAD
BD83
3CEA
3C78
BC9A
BC2A
39D8
3D19
3BEF
BCCB
BAFB
3D04
BBC6
BC0C
3D97
BD83
BD67
3BD7
BB84
BC86
BB97
3D52
BDA9
BC8E
BC81
3CDE
3CF3
3B56
3D0F
BC52
BD7A
3CFA
BC23
BC34
BC92
BC1D
BC0E
3BFB
3CE5
3DAB
BD13
BC93
BBCD
3C7D
BCA2
3C2E
BC88
3CCB
3DA3
3D81
3BA7
BC9B
BD17
BB65
BCA8
BD2C
3CB7
3D83
3BDC
BCAA
3D7C
3C9F
BD22
BC42
BB76
3C7E
BBB3
BBD0
39DD
BD29
3C5E
BC09
3CBC
3CA2
3CB4
3CAB
3CEA
3CC2
3C30
BC4D
3BB2
BD3F
3D2B
BCBA
3CB6
BC8C
BD43
3D57
3D07
BB1F
BBF2
BC42
BBEE
BCEA
BD53
BB28
3C00
3BBA
BD8D
BCD0
BB6D
3CBA
3CA0
3D59
BD35
BAC7
3D02
3D2C
BCEB
BCF7
BD5B
3D83
BD37
3B45
BCC9
BCD0
3D16
3ADD
3A47
3B73
3D5A
3D04
BBAD
BCF9
BC56
BC76
BC3C
3BE7
BCD7
BC6D
BC23
BBA3
3CA4
BBCE
BC8F
3D1B
3D83
BCC8
BC15
3D15
3D67
BD27
3CA8
BC3F
BD2A
3CFB
3BAA
BCB6
3CA2
3D7F
BBFE
BBAC
3DA9
BCEB
BBB0
BCD0
BCE0
BAF7
BAD8
BC11
BD10
3AB1
BC5E
3D5E
BCED
BD01
BD25
BD14
3A38
BD07
3C2D
3AFA
BCF1
3D8B
3D06
BB17
BC1E
BCC5
BD10
BAC2
BC3E
BAC3
3C16
BD92
BC92
BCA8
3C99
BC03
BC0D
BCA5
3B57
3B85
3C54
3C1D
3C1E
BBB7
3C0A
3B12
BB8C
BB58
B924
3CB2
BC79
3CDD
BA80
3CC8
BC60
3BAF
BBDE
BD4F
3D21
3BB3
3BE5
BCDD
3CE9
3D4C
3C47
BC30
BC85
BC2D
BAC9
3CAE
3C87
BD35
BC7A
3D12
3CA2
3CE1
3C71
BBBC
BD83
BC80
BD52
3CF2
BCCC
BC45
3C9B
3D97
BA95
BCCC
3C97
BD2A
3B80
3B87
BCEB
BC73
3C4C
3C7E
3CE4
3D0F
3C46
3B00
3D02
3D19
BCF5
3BA6
3BE6
BD0E
3D42
BCA6
BC88
BC85
BBF2
3D75
BBD3
BD3A
BD1B
3CE9
BCEA
BD57
3D1D
BD2B
BD3A
3D3F
BD8E
BC9A
BCF8
3D04
3CE8
BCDF
3C16
3B74
3CBB
3CB7
3BB4
BCDD
BCCC
3C0D
BC41
BC37
BCB3
BC75
39C4
BB92
BA52
3D25
BC8D
BC61
3ADC
BC90
BC34
3D39
3B85
3C74
3BAF
3C62
BBFE
BC92
BBB5
3C46
BC1E
BBBE
3C09
3D17
3AE2
BD0D
3D20
BD36
BCAA
BC28
BC74
3D16
3C08
3BA8
BC85
BD04
3CA6
BBA9
BC0A
3CE8
3BCE
3CC6
BC4A
BB2C
3B82
BBC8
BD38
BCA3
3C64
3C35
BB4E
BCC9
3BE7
3CC4
3D07
BBE3
BB36
BC8C
BCFA
3AD0
BA98
3C89
BC8F
BCE9
BD17
BCEA
3D22
3CDA
BC0F
3CEC
3C8A
3AFC
3AA2
3C83
BC9E
BD17
BD06
BC8C
BC34
3CC0
BC01
BD17
BD19
B967
3C60
BB98
BB56
BCEE
BCA6
BB54
BCF2
BCF7
3CA4
3C07
3B94
3C82
BC8D
3C58
3AF2
BC55
BC0E
BC2F
3C97
BBE0
3C9A
3CAA
3C35
3C15
3CA3
BD06
3D81
3BF3
3C81
3CA1
3C2A
BBFA
3D87
3C25
BC9F
3D77
3D5B
3C31
BCF4
BCBA
3D28
BD60
BC70
BD1F
3D3C
BC2F
BBB9
3C24
BDCB
BD42
3D47
3D83
3B61
3D7B
3D26
BCE6
3CFF
BCB4
3AEB
BDC1
3DAB
BD34
BCC1
BAD8
BCF7
BB21
BD1A
BC93
3D2E
3D18
3B92
3BDB
3C45
BCAA
BCF5
BCA3
3C40
382C
BD31
3C39
BCED
BB7D
3CBF
BB74
BD58
BD04
3C13
3C83
3C4B
BB04
3C3B
BC9E
BC0E
3C90
BC30
BC9B
BCEC
BD09
BBE0
3C2A
3C30
3D6A
3D4D
BD88
3AAF
3C16
3C3F
3C74
BD39
3DA9
BD5E
BD14
3CC9
BC5F
BCD2
BCA4
BD52
BD77
3D93
BD07
3C7A
3D6E
3C37
BD94
3D24
BCCD
BD1E
BCD4
BB3A
3AFC
BB62
BC66
BB9F
3C3C
3C89
BC9B
3BF0
3B2D
BD06
3A17
BCD1
BC06
BBE6
3B53
BC3C
BC9E
BC38
BB5D
3C02
BC8F
BD18
B972
BBC5
3D2F
3CC0
BC96
BB47
3C4F
BD03
BBDE
BDA3
3C4A
BBB0
3CBD
3CAF
BC4A
3D33
BCAF
BC7F
3CE2
BC61
BCA3
BC4A
3CE2
3D41
3C3E
3D7C
3C90
BC49
3B93
BD1E
BD1C
39E4
BD78
3B76
3B12
BD41
3A0B
3C57
BB82
3C50
3BC8
BCE9
BC82
3AB5
BB5F
BC7F
BA14
BC42
BB90
BC84
3CBA
3C41
3B5A
BC1F
BC03
BB47
3B9B
BC1E
3B41
B9F3
3C52
BC9C
BC02
3BAC
BCBC
BD04
3C9B
BC2D
3D48
3B92
BB01
3C3B
BB87
3B8F
3CF7
BC81
BC55
BC73
BD1D
BD1A
BCFE
BD73
BD4C
BB87
BC22
BD1A
BBEC
3B80
3D49
3C39
3CE7
BD0C
3C4E
BC26
BA48
BD46
BD3D
BBF4
BCDC
BC5B
3CC0
3D5A
BC52
BD05
3C53
BD01
BCA5
BD19
3C9A
3CD8
BC94
3CFA
3C25
BCBB
BCDE
BC11
3CB4
BBBD
BA99
BD33
3C37
BD19
3C2D
BC4B
BC0E
BCE7
3CB7
3B70
3C96
BC33
BC7D
BD14
3C21
BB47
BCA3
3BCA
3C08
BD38
3C2D
3C19
3CF5
3C61
BBDA
3D85
3D17
BBC4
3CFA
BC11
BCAE
BD02
BD09
3CC3
3D9C
BD12
BCA3
3AC1
3BCF
3CD5
BBE5
3B67
BD48
BC6B
3BDF
BD82
3C6C
BBE9
3C23
3CC6
3CA5
3CB2
3D19
3D33
3967
BCA7
BCED
BC0C
3D74
3C4C
3D0E
3D1E
3D0D
3C8F
3CBE
3C97
BC9D
3C69
BD08
BB6E
3C3D
3C70
3C2A
BBC5
BA31
3BD5
3CBE
3A87
3BFE
BD14
BD10
3CE3
3CAF
3B7F
3D88
3C0F
BCB8
BC91
BCE4
BCBB
BBAF
BCFA
3CEC
3CDF
3C6E
3D19
BBFE
3D34
3CE5
3CE8
3CBB
BCC0
BBCF
3C1C
3CB2
BCA3
BD30
BC06
BD60
BCEB
3D4A
3CCA
BCDC
BD17
BCEB
BC54
BC67
BD09
3CC6
3D13
BB31
3A2D
BC24
BC18
3C7A
BCCC
B9ED
3CC1
3C86
3AD5
BD4E
BCBB
3CB9
3D4C
3CF2
BC7F
BD4C
3A90
BC0F
3CDF
BC46
BD7B
BD17
BCF0
3BDB
3C1C
3BE9
BBB6
BCD0
3D2E
BC9D
BC19
3C9F
3D2E
BC25
BB0B
3CE1
BC8B
BC1D
3D0B
3C75
3D26
BD30
3D14
3C70
BC45
3CA1
BCD5
BD1A
3C1A
3CF4
BD3F
3CD1
3D14
3BDD
3D61
BC99
BC97
3CEF
3CAD
BC15
3D52
3D42
BD2E
BB8A
BC2C
3C64
3BD8
3CC2
BCC3
3CF1
3CAF
3C68
BC00
BB93
3C42
BD23
3BAF
3D0B
BC04
3D85
3D0C
3D48
BD1E
BA9F
BAFD
3CE5
3C1B
3CB4
BD48
BCB3
3C52
3D7B
B90C
3C8F
3C9A
3C62
BD26
BCC7
BBF3
3D56
BCF1
BCD4
BD7E
BC8C
BC06
3CF1
3CC6
3C63
3D3E
3C21
BA50
BC4B
3CD2
BD86
BD0A
3D2A
BD21
3CBB
3B78
3BD0
BACF
BBA7
BCD3
BB23
BC2E
BBBF
3CB1
BB88
3C74
BB2A
BC60
BC20
3C28
3BCA
BD31
BD6F
3C51
BB6D
BC61
BC2C
3D36
BCA0
3CF6
BD1D
3C35
BC36
BC88
BC64
3D62
BC77
BC0D
BCC6
BD96
3DA7
BD0E
3C6B
BD8C
3CE1
3B5E
BC10
3CAA
BC5A
BC84
3B92
BC40
BBEF
BD0E
BA93
3BC9
3C5E
3D46
3BDA
BC9F
BD1C
BD80
BD08
BCC3
3BF1
3C37
3C05
BD1B
3D49
3BE0
BA73
3C9C
BC2C
BC78
3C9F
3CAA
BCA2
BC16
BCAD
BD32
3C92
3BE4
BD42
3C59
3C35
BCC9
B6B9
BCA5
3CFE
BD4B
BBF2
BC5F
BC44
BD83
3D2E
BCBE
3C3D
3D35
3B4D
3C23
BC15
3BEE
BC9C
BC79
3BA1
3CF8
BD83
BB43
BC78
BCA3
3B85
3CE8
3BDE
BD14
BC25
3C62
BCC2
3CF6
BD55
3C44
3D5C
BBC3
BC06
3B10
BBFA
BC95
BB28
BCAC
BD83
BCCD
BD3D
3C59
3D72
B8B7
3D8A
BC05
BD05
BADE
3CE6
BD04
BB5E
3D04
BC01
3BC1
3C36
BBEB
BCC1
BB09
3CC8
3B8D
3BB4
BBAA
3D2F
3BC6
BB54
BD98
BCD9
3B56
BDC4
BD44
BCA2
3C73
3D2C
3CFD
BADE
3C09
3B85
BCCD
BD2B
BD8D
BC07
BCAF
BC99
BC9F
3C9F
3D0C
3C18
BC8C
3CF2
3AC3
BCDA
BD04
BBDC
BC01
3A0C
3BA0
3C3E
BB7D
BC92
3CC1
BBC0
BBD4
BAC6
3C81
BB2F
BCC4
3BAF
3CD3
BC2D
BC98
BCF9
BAA4
3D93
3D67
3D77
BD06
BCDA
3C5B
BC8F
3D09
BC14
BC08
B9AF
3C8B
BC0C
BD24
BD24
BBCC
3B97
3BB1
BBF7
3C82
BC36
BC7D
BCE7
3C9D
BC9C
BD2C
3C27
BD88
3C98
3D2F
3C61
BD05
BD2F
3CED
BC29
BBC7
BC4C
BB5C
3A2B
BD1A
BC3B
BBB6
BC6B
3C49
BC27
3C7D
3CC7
3C44
3CAB
BBE9
3BA7
BC0D
3C94
BCFE
3CBC
BAE5
BD68
3B10
BB9F
3D03
3C3F
BD7D
BB94
BC00
BBF7
BCBD
3C44
3C56
BC90
3D19
BC0F
BC1D
BCDD
3C49
3CB9
3BE9
BC64
3B89
3BAF
BC9D
BCBF
3B53
3C60
3AEB
BCD7
BBF8
BBFA
3BA7
BD2A
BB78
BC00
BCE0
3C02
BC78
3D28
3C3A
3B11
3CF6
BD8C
BD39
BC38
3CBB
3C5E
3C29
BB1B
BBD5
BC01
BC2C
3CCE
BC38
BBB3
3BDA
3D6F
BCEA
BDB8
BCBB
BC1E
BD20
3DC4
3CD1
BBDB
3C37
3D67
3CAA
3C11
3C5F
3D13
BC44
3D25
3C26
BBA0
BD5E
3B6C
3D07
BCF1
3C6F
3D6B
3C61
3C57
3CC2
3C57
BD22
3B1C
BC37
BCAE
BC3B
BC9F
BD4C
3B43
3B16
3CE7
3D51
3BC5
3D2B
3D24
3AA5
3BA8
BD24
3D9D
3D1B
BA77
BCCA
3B84
BB77
BC3E
BDA5
3D5C
3D40
3B92
BB80
3B2A
BCAA
BD70
BD66
3DBD
BD3C
3C23
BD83
3BA5
BC90
3B1D
BD9B
3D23
BC9B
3C03
BBF3
3C2B
BD1D
3B00
3D88
3BE5
3C82
3C89
3C78
BD0F
BCE9
3C85
BD0C
3BE7
3C0E
BCC6
3C8C
BC70
BC86
BAE0
3C7A
3CB5
BBFD
BC18
3CF8
BB25
3CCC
BBAD
BA69
BC4E
3C6A
3C05
3C53
BCBB
3CE4
BC94
3DD9
3CAF
3D0E
B9F1
BACB
BCC2
BD0C
BC85
BD20
3C0E
3C7E
BC29
BD3A
BBA6
BD49
BBCD
BCDB
3CBF
BD84
BCBC
BBB0
3C4C
3DCE
3CB9
BC8F
BB19
3CF2
3C6C
BD54
BD58
BA23
BB77
BC95
BD39
3B45
BCCA
BCDF
BB64
3D16
3CC0
BC8F
3BDB
3C1A
BB97
BCDB
3C72
3BE2
3C85
BAD2
3C53
BCE1
BC94
3BB6
3BF3
BCAB
3CFA
3C54
3CA8
3C81
3C73
3C2A
BCCF
BD24
BB90
3D21
BC86
BBC8
BD97
3C8D
BC26
BBDA
3CF4
3D2A
B93A
3B14
BCFD
BC9F
3D1A
3CB2
3D17
3DC6
BD52
BD0B
BB95
3CF2
3C96
BD09
BBB9
3C64
3C97
B9F7
BD3C
3CAB
BDA8
BCD1
3C89
BD0A
BD44
BA10
3C62
3CB1
3C70
BB9E
BCBA
BC3A
3C3F
BB64
3CDE
BA14
3D24
BB53
BBB2
BBEA
BD08
3C48
BC7A
BB2C
BB79
3CCE
BCAA
BCF8
3C80
BC22
3D1F
3C99
BC83
3CD6
BC3C
3D42
BCA5
BD87
BBB5
BB16
3B9A
3C80
B9E1
BD30
BBEF
3B0A
3D00
BCF9
3C66
3BCC
BBD2
BBD2
BD62
BCDF
BD2D
3C8A
3D41
3CD3
BBEC
3B55
BC7C
BC49
3C99
3C50
BD13
3CD5
BD1D
BCCD
3CCA
BC69
BD16
3C1F
3C47
3CAA
3B1B
BCAD
BD0B
3CFC
BC9A
BD28
BB9B
BD04
BCD9
3C13
3CCD
BCC3
BD16
3C2D
BC27
3C8C
3C3D
3AA0
BBAC
BC6D
3D4B
3B92
3C91
3C62
3B25
3CCE
BCA6
BCE0
BD72
3B9E
BC45
BC52
3C99
3DCA
BD11
BD0C
3BAE
BD34
3CC6
BCBA
3D08
BC81
BD15
3D26
BD34
3CF6
3C96
BCD3
BC92
3D63
BD0A
BC90
3CA0
BB06
BD4F
BC39
3CA2
3D51
3C9A
BAFE
BCBE
BA04
BCE1
3C72
BADF
BD5A
3CAF
BB9D
BD60
3CD9
3BF9
BC80
BC85
3C0F
3C6E
3BA1
3CC8
BB89
BC8C
3C78
BCAB
BCAE
BD04
BB69
3D28
BB55
3CB0
BCCA
BCB7
3C9D
3D01
3D27
BAB8
3CD2
BD15
BD0C
BCA8
BD49
BC2C
BCD2
BA96
BBB0
3D2E
BD18
BD13
BCAB
3D19
BCE1
3C89
3BEE
3C23
B92B
3C19
BBA2
BDB4
3B36
3C2D
3CB0
BC2B
BD1C
3CD5
3B38
BCCD
3CA9
3CC1
3ABC
BC9D
BC93
BC44
BD0C
BD57
3CA3
3D07
BCB3
3C25
3C96
3D0E
3CB1
3BA1
BC4A
BC33
BBDE
BC9F
3C91
3CE8
BCA8
BC39
3D4E
3CBF
3C43
BD78
3CC2
3C1F
3D69
BD36
3D3E
BCB0
3D06
BC9D
BC7F
3D09
BCB3
3CB1
3D41
BD98
3C29
3CEB
BA3F
BBF0
3CEB
BCCC
BCCF
3CA8
BC26
BC4A
3CEB
3CE1
3CE4
BBDF
3CB5
BA09
3C9B
3CF2
BCBC
3CBE
3D49
3C8D
BCA3
BD09
BCDF
3CC7
3C90
BBCF
3CE5
3AD2
BC97
BC13
39C1
B99F
3C18
3CA3
3AED
3C37
3B67
B820
BC95
3C81
BB95
3C10
BC10
3C40
BCAC
3CA4
BCF6
BCB5
3CE6
3CAA
3CD0
BCAE
BD38
BC46
BCB0
3B8C
BCA0
BBAA
3D04
3CF1
3BBF
BC49
3CF8
3D4E
BCE0
BD03
3B57
3D8E
3C3B
3D3E
BBDC
BD21
3C58
3D26
BC59
BC21
3CFD
BD10
BD4B
3D1C
BD6A
3D07
3AE5
3BEF
3D15
BBDD
3BA4
3C09
BC5C
BC32
BAE4
3C21
BC6A
3CEF
3C6B
3CB6
BBE1
3C8E
3CC5
3C81
3CA3
BC10
3B2F
3CC2
3C9E
BBE6
3C87
3CC8
BD15
BB71
3D04
3C51
3C03
3CE1
3A27
3D0C
3C35
3B62
BC95
3C6B
3C66
BD3F
3A78
3D22
3D14
3C81
3D30
3C41
3D2C
BCFC
3B9D
3C48
BD6B
BD15
BCB0
BC82
3C33
3BA0
BD1E
BCA9
3CFA
3C73
3C66
3C8F
3C0C
BC93
BBE6
BB50
BA6E
BCF7
BD13
BCB7
BC03
BB6E
BC23
3BBC
3BA8
BC95
3C33
BBE1
3BF6
BB0A
3D0B
3D2E
BC10
3B23
B90A
3C7E
3BA5
BC65
3C2E
3C87
BCE2
3CC3
BC99
BD7E
BC2D
3BC5
BBDE
BD8B
3D6E
BBED
3DB5
BD19
BD03
3C87
3B9D
3D2E
3D68
BD2C
3D52
3D06
3D3B
BD1B
3D22
3B95
3C0E
BCD6
3CC2
3C85
BBD2
BA1D
3C48
3CA1
BC0E
BCE2
3D80
BA35
3D19
3AA7
BCA5
3B20
3CF6
3C5D
3BD7
3C84
BD16
3D25
3C26
3CDB
3D03
BB86
BA98
3C4F
3C84
3CF2
3C91
BC32
BB62
BD3A
BCDF
3C95
3BF9
3C8B
BB19
3D80
BCD3
BCCA
BC5B
3C34
BC1B
3CF1
BCCF
3CB5
3B3C
3D70
BCB1
3C5E
3C8E
3C85
3B7E
3D29
3DB4
3DA9
3CAB
3C0C
3D67
3C4E
BD64
BD0C
BC68
BD95
3D35
3B60
3C92
BCC6
3D70
3B04
3D21
3D45
BB7A
3CF8
3B33
3BA9
3D84
3C8C
3D14
3C43
3CB8
BC91
BC22
BBF2
BD21
BC33
3D1E
BBA8
3CF9
BCBF
3C84
BCE1
BC9B
3D6C
3D2D
3B0C
3CA4
3CA7
3CA8
BD29
BD19
BB1E
3C25
3DB9
3C6A
BCD3
BC9E
3CA6
3CA4
BDB0
BD33
3C07
3D23
BD43
BD4E
3B27
BCC1
3C58
3D15
3CDC
BD81
3D82
BDD0
BD1A
3C66
3AE7
BD43
3D39
3C6C
BC13
3C78
BCEA
BC0E
BD76
BCA0
3CA4
3C04
BC19
BCF0
3C1F
BA1D
BD4E
3D31
3CC7
3CB9
BCCD
BD0D
3CA4
BD48
3C33
3A6A
BD47
3CA1
BD28
BC40
3BCD
3B1D
3CB0
BB09
3CA9
BAAA
3B0E
3CC9
3D00
BC86
BCD3
BCBF
BC9B
BCA4
3CE9
BD08
3D10
3CA2
BD3B
3D0E
3CFF
BC92
3C74
3CAC
3D8D
BACA
3D86
3D58
BD9D
BD38
BD63
BCB1
BC3F
3B24
3B61
BD8A
3D4C
3DD9
3CE3
3D38
3D98
BD2C
BC42
3C82
3B85
BCDC
3D26
3C8D
BB80
BD08
3B33
BC49
BB48
3B9A
BC40
3B0C
BCDA
BAB7
3B3E
BB80
BBDB
3CA4
3CF8
3BD8
BCA6
BB48
BC0E
3AD7
3BAB
3D04
BC83
BBEA
3D2E
3CA1
B980
BD18
3D0B
3D8D
3D46
3D08
BC95
BD9A
BD26
3D7F
3C92
BC28
BBEC
BC2A
3CBA
BD14
BCB9
B7FB
BBAD
3C60
3C2A
BB1B
3BAC
3B75
BB90
BC63
3C49
3CD5
3CDC
BCAB
BC9D
3B8B
BBE3
3D21
BC2E
3D47
3C53
BBB5
3C03
3CBD
3CA7
BC49
3CB1
B9F0
BB31
3BE2
BA9E
3B8A
BD2A
3C3C
BCA5
BC87
BC0F
3C7F
BBF2
BC19
3C7E
3C15
3C73
3CA1
3CB7
3B0A
3C69
BCF5
BD82
3BB4
BB31
BCDB
BBE1
BD0B
3C03
3D29
BB81
3B74
BCB3
3C21
BC93
BC8C
3D7F
BB98
BCD9
BC23
3BD8
3B3B
BBE3
BD14
3C73
BD6F
3C6E
BC0B
BCE5
BCE4
3C21
BD1A
BCD2
BD1B
BDB7
3A86
BA24
3C04
BBF9
3C77
BC94
BD08
BC15
3C7A
BA52
3C94
3CC7
BC58
BA90
BCBE
B8F7
3C97
3CB8
BC6B
B993
BC93
3D1B
BC9E
BCC7
3B8B
BC2B
BD71
3B7F
BC1F
BCE2
3D8A
3BC2
3D3D
BC96
3BF9
3C6D
3CD9
3C39
3BCF
BCAA
3D2F
BCF5
3A48
3BC9
BAC0
3BD4
3BC2
3C3C
BB81
3CD8
3899
3D09
BA28
BCA7
BBE8
BD1B
3CD8
3C7F
BCCB
BD0B
3C71
BC82
BC9D
3D3F
BD01
3C38
3D82
3C42
3CD1
BCE3
3BBB
3C05
BBF6
BC6B
3C35
3C0A
BD0B
3CE3
3CB5
BC8A
3A40
BD19
BCD9
BCB6
3B22
BC84
BC90
BD0B
3BE4
3D8E
3D19
BB02
BC54
BC8D
3B88
BBDF
BC44
BD08
BB7C
BC41
3C8B
BBB5
BB87
3C64
BD5D
BC65
BBF8
3C8C
3C72
BB89
3BDA
3C53
BC67
3D30
BB9A
BC8D
BD10
BD12
BC9B
3C35
3CE5
BCFE
BBE8
BC1B
3C2D
3C26
B9F9
3C32
BC8A
3CB9
BB48
3D27
3AE6
BBFC
BCA5
BC3D
3C91
3C91
3C90
3D32
3B8B
BB28
3BF1
3D88
BCA4
BCAA
3D98
BCE1
BC12
BD2C
BCB7
3CF0
BC3E
3D2B
3C80
BD95
3CA4
3D62
BC9A
BD75
3C8E
3D85
BA6A
3D2B
BD2F
BD4C
3D14
3CB2
3CDA
3D4B
3D19
BD19
BC5E
BD51
BD85
BD3B
BCEB
3CB3
BD07
3D37
BD9C
3C9E
3D5F
BD28
3CE7
3DAD
BD09
BD56
BD5E
BD22
BD6F
3D18
3C02
3CA8
3C99
3D85
BBB5
BB0F
BB71
3C6B
BCB5
BC4B
BBFF
3BE8
3CF5
BBC2
BC0B
BAB7
BCE3
BD2A
3CE6
3C7F
BCB9
3CF3
3C30
3D00
BCCD
BD01
BD3B
BBDA
3B80
BB16
BCC6
3B81
3D3A
3CB9
3C15
BD6A
BCCF
3D02
3D33
BCE6
3D13
3D41
3D23
BD19
BD3C
BC1A
BC0C
3D62
3D47
BD78
BD5A
BBF1
BC9C
BD0A
BCE3
3CFC
BD8A
3C08
3CCD
3DB6
3D2D
3D62
BCC1
BC36
BD05
3D05
BD4A
3D3C
BCC0
3BDA
BCFF
3CA6
BC5F
BC94
BCA2
BC51
BBD7
BC8D
3C9D
BC67
BCC3
BAE4
3CBA
3D06
BD42
3B22
3CF1
BAAF
BC5F
BB93
BD4A
BCAE
3C86
3B42
BC52
B996
BC46
3DB3
3CE6
BD56
BD2E
3C91
BCE3
BD27
BC82
BB17
3C2F
BD0E
BC85
3C1F
3D82
3B72
BD04
3CA3
3BF4
BCE2
3C8E
BC81
39F4
3C43
BB7A
3C31
3B2D
BC7D
3C88
BCF7
3B79
BB58
BCE9
BB77
3CF7
3B8D
BC50
BB98
3C9C
3CD5
3B5D
3CC7
3C08
BC98
BD23
BB88
BC93
BCC5
3D0E
3D51
BC9A
3D63
3C3B
3D3A
3D5D
BB37
BCA0
BD3C
BD3A
3CD3
BC91
BCA8
3AE8
3D4F
BC48
3C8A
3C33
BC34
3D94
3CD0
BBBB
3D4E
BC31
BD1B
BB8E
39E9
B9C1
BC49
BBE6
BC8C
3A94
BCB5
3C70
BCCC
BD51
BD1E
BD13
3D68
3D26
BCD7
BD78
BD12
BC98
3BD0
BCD1
BC52
BC5D
3BE0
BC87
3D30
BC24
BCAA
BD31
BD16
3CFE
3CFC
3D10
3D1C
BD4E
BCD3
BCBB
3C6B
BBE2
3D02
BD2B
BC24
3C8D
3C5A
BC49
BD2A
3CD7
3C9D
BC05
BBAF
3C35
3D0E
3C13
BCAE
3C97
3D0A
3C90
3CC8
BD4B
3C9D
3CD5
3CA2
3D20
3C28
3AA0
3C1C
3C9E
BB95
BD8C
BC93
BCDC
BCF4
3D14
3CBB
3C24
3CBE
BBCA
BAE3
BD93
BC62
BBC4
BD5E
BDE9
BCFD
BD3B
BD1F
BCDA
3C77
BCAC
3CF0
3D50
BD38
BD27
3B08
BD38
BD0E
BC82
3CC1
3B84
BA0B
3D26
3B39
BC93
BA74
BD0E
3C33
BC1C
3A9C
3CEA
BD10
3C18
BCAD
BCA7
B949
3BA2
BCDD
3C79
BC73
BC61
BCDE
3CDD
BC62
3D9F
3CA1
BD03
3C86
3CB3
3D09
3B91
3C22
3C2A
BB73
3C6F
BC93
BC54
BC37
BCA2
BD6F
BC9F
BC44
BDBC
3D0D
3CAE
3A0D
B9E9
3C8D
3CD8
3C20
BCB9
BC86
BCB9
3DAF
BCC9
3914
3C8C
3C39
3BE6
3BE2
3CB8
BAFA
3AB4
BAAA
BCB2
3CEB
BB64
BCA9
3C6F
3C93
BCB9
BCF8
3C94
BC96
BC3A
3CD5
3B47
BC1E
3D34
3B6B
3B50
BC2D
3C84
3D07
BD08
BC61
BC85
3BD2
BB3F
3CD9
3B44
BAE1
3B4D
3CEA
BB8B
3DA5
3DA5
BC3C
BCD2
3BC1
BB24
BCDD
3BF8
BD32
3D53
3D31
3BFC
3B82
BBB5
BCD0
BC25
3D54
3C2A
3D1F
3BFE
3C49
3C1B
3CF9
3CA4
BC4A
3D11
BB40
BCDD
BCCE
3CDF
3CD2
3B82
3CB2
BC07
3C9F
3BC6
3CF1
BC0A
BD3F
3C47
BCB4
BB41
BC78
BD72
3B81
3BE6
3CA0
BC8C
BD0D
3C89
BCCE
BB5D
3C33
3C51
3C38
3D17
3CA7
BCBA
BBD1
3B9A
3C61
3C93
3D11
BCA9
B9AA
BB99
BC5A
3C68
BD4B
BCD0
3D3A
BC9B
3D47
3BE5
3D79
BC80
BD23
3BFA
BC48
3CA3
B841
BC55
BD13
3D81
3CB9
BCC4
3D72
BA64
BD5F
3C7E
3CDD
3B28
3CF4
BC26
B923
BCA8
BCB1
3C31
BB18
BB0C
3BA3
3C97
BD32
3D03
BBBF
3B8F
BD3B
BD01
3D4C
BC1C
3C96
BCAC
BD1C
3C28
BD7F
BD19
BCD0
3B97
3C2B
BCF9
3D13
3B33
396B
3D65
3D7C
BCAB
BB43
3D2C
BDB7
BDA8
BC56
3B4D
3CC9
3C9B
3BC0
3C7E
3D8C
BCE8
BC91
3C29
3D96
BD4C
3D0F
3AA9
BCCE
3BA2
3D00
BC9E
BD1C
BBE6
BC23
BD40
3C2D
BD47
3CDF
3D3F
BBE4
BB25
3CED
BC15
BCA3
3C2D
3CE1
BD01
3CA1
3C0C
BCDF
3D40
BCC7
3CD9
3BA4
BD22
3D06
BB94
3C46
BCE4
BD0E
3C4A
3B49
BD42
3C8E
3D72
3D01
3C89
3AB3
BDA2
3D4E
3CD5
3D79
3D42
3C1A
3C16
BC86
BC66
3B99
BCB6
3D52
3D94
3C6F
BBB5
BC0F
3C3F
BAB3
3D1B
BC58
BD9A
3CED
BC0D
3CBA
3CFC
3C78
38D4
BD40
3C08
3D73
BCE4
3BC2
BCD7
3D57
BC2B
BCE1
3C76
3BAC
3C10
3D41
3C29
3B81
BCB8
3D3D
BCFC
BB00
3C3E
BD18
B9BC
39D7
BB8F
BC0E
3B9E
3D3B
BDB5
BC9D
3A8D
BD46
3C56
BCBE
BC12
BCFE
BCA9
3AB8
3C29
3AD0
3C0E
BD72
3D5F
3C70
3CC0
BC3E
BB38
3B99
BA88
3CF8
3C8D
BD44
3BE4
3C18
BC97
BCEE
3C7C
3CCD
3CCC
3CB5
3C43
3CFA
3CD7
3CFD
3CB2
BD00
3CEE
BBC1
3C68
3CC7
BC94
BC03
BC35
BC82
BCB2
BCBA
3CA9
3D16
BB5C
BCD1
3D00
BCB9
BD01
BD95
3C01
3CA6
BB07
BC5C
3B7A
BD15
BC61
BC5D
3C5C
BBD0
3C7F
BCC5
3C21
3D2A
BCC5
BD16
BBF3
BD1F
BCC0
3D0A
3BB1
3C69
BCBD
3D2E
BCBF
3CA0
3C8C
3CB9
3C0F
3D3D
3C58
B942
3CCE
3C4E
3D69
BC23
3CC4
BC8D
BCBD
BBBE
3CDC
BC8E
3C98
3C63
3C20
BD42
3CE2
BC2D
3C67
BBDA
BBA0
3CDA
3C1E
BC0A
3BDB
3C94
BC89
BD26
3C58
3AD9
BCBC
3C04
BC3D
BC94
3D07
BCA3
3CA0
3920
BCCC
3CFF
3AE5
3CEE
BCD7
BC25
BC32
3B62
BDD0
3BC2
3D26
3D01
BCCD
BCA3
3D67
3CD9
BC9C
BD87
BD58
BA28
3D99
BD27
BBE7
3C92
3C74
BB5E
3CB9
3CAE
3CBD
BD21
3B9B
BB52
3AB4
3CFD
3CA6
3D93
BC66
3BD3
BBB1
3CDE
3C2D
3C7C
3CCF
BCAB
3CF9
3AEA
BC3F
3A92
BC09
BCDB
BD02
3C83
BCD3
3B8E
3D0F
BC2F
3BC2
3C92
39B0
BC56
BA01
3B23
3D19
3CA2
3BC2
BCEE
3BA7
BC51
BBAC
3CE8
3C56
BCF5
BCF3
BB95
BC86
BC75
BC2E
3BBB
BCE4
3D94
3D0C
3C01
BC37
BCA0
BC31
3C80
3C62
BB0D
BD6F
BD31
3870
3BAA
3C8D
3BAD
BD18
3CB0
BCE5
3C4C
BC2C
3C64
BC5C
3ACE
BCCF
BC78
BD2C
BC24
3AC0
3C25
BACA
BCFA
3CBD
3D1B
3CAC
3C94
BC96
BD27
BCE9
3CDE
3D34
BC84
BC17
3C8F
3AE4
BD33
3CDE
3BF5
BC31
3945
BC43
3D0F
BB35
3C9A
3C0B
BD20
3C0D
BC6C
3B19
BCD0
BC23
3C93
3C93
3D82
3C9D
BCF7
3C0A
3CAD
BC38
3C99
BC91
BCA5
BCC6
BD0D
3CAA
BD14
BCF1
3D31
BD09
3D1D
BD2F
BC58
BC31
3CA8
BCB3
3D5A
3BB3
BC8D
BCE8
3C9F
BBF1
BCEE
BD07
BA34
3CFB
BC26
BD90
3D72
3CE4
3C76
3CD1
3D06
3D22
BCEE
BD7A
BCA5
BC83
BC42
BAB7
3D0B
3CD1
BC68
BBB7
3CA1
3C70
3C9E
BC15
3CD6
3CB3
3CB6
BBB5
3C02
BC40
BC04
3D16
BC22
3C01
BCEB
3CD7
BCF5
3CEF
BD07
3CCA
3D17
3C74
BCCB
BCEB
3C9C
BC0A
3C70
3D47
BD76
3C81
BB72
BD1F
BBAC
BCBE
3A09
BD22
3D93
BBD4
BB0B
3D70
3D47
BC2C
3CB5
3BA9
3D89
BCD7
3D58
3D2A
3D16
3BBE
3D1A
BCE8
BCC3
BD54
BD04
3C3F
BC3E
3D09
BCDB
BC0B
3C5B
BCA8
3CE6
BA84
BB6C
BD0B
BC3E
BC38
3B69
3D99
3C8D
BC8E
3C37
3B95
3CE1
3CC2
BC5C
BC82
3B13
3C49
3C81
BD4F
3C61
BD7B
3BB2
3D71
BC4F
BC5C
3B1A
3C9A
3CF2
3B99
3D88
BD31
3CBE
3C02
BC43
BCB3
BD37
BD28
BDBE
3D0B
3DA7
3AC0
BCF6
3D3E
BC74
BD8E
3CD4
3D21
BD65
BD35
3D51
3D2F
3C6F
3D13
3DA6
3C38
BCF8
BCF0
3BC1
3B85
3D85
3C51
3B72
3D8C
BBEA
3CDB
BC97
BB0E
3CE2
3C37
3C11
3C86
3D04
BB1D
3BD6
BC9D
BCD2
BCAC
3D21
3D27
3D1F
BCFA
3ADC
BBED
BC45
3BF8
3B3B
BCB5
BB6F
BBB6
3D8F
BBD0
3C5F
BBE5
3D98
3B47
3CB1
BD36
3C12
BCB0
BC32
3D42
3CF8
3BCE
BD06
BC68
BC08
3D52
3C1C
BB31
BC96
BCEE
3BCB
3C89
BC85
BB52
3D05
BC9F
BCA0
BD13
BD26
3A3A
BCBF
3D0F
BC2C
BCE7
BD48
3D0B
3CBD
BD75
BD84
3BCC
3D9E
BD2C
3D3B
BB57
BD88
3BC0
BCFA
BC98
BC64
BB05
3D9F
3C94
BC86
BB51
BD0A
3D2E
3D1C
BD4D
BAAD
3D00
BD1D
BC6C
BCE1
3C3E
BA19
BCE0
3C6C
BB06
3B01
BC48
3D73
BBCF
3B8F
BD38
BCDC
BCD5
BC9D
3C12
BCDF
BD03
3D23
BD08
3D08
3C71
BBC6
3B5D
3CFB
3D24
3B6E
3BB3
3C9A
BD15
BCF7
3B70
BCA4
BD1C
3D50
3D10
3C0F
3D16
3D2D
3D30
3CD5
3B3D
3C89
BCDE
BC9D
BCB9
3D08
BC9F
3D03
BD50
3D38
3CD2
3D03
3BB9
BCAA
BC0F
3C6A
3CCE
3B8F
3C95
BCF5
3CD1
BCFC
BD0E
BD0D
BCC8
3CCD
3C72
3CBA
BC0F
3C1A
3C9E
3C0F
3C94
BBD2
BD01
3C82
3CCF
BB9A
3C34
3B4E
3C7A
3D91
BCCC
3C17
BCA7
3B7B
BC83
3D2C
3AD6
BCE9
3CE4
3D06
3D03
BCB8
3B65
BBCC
BC96
BBC6
BC96
3A21
3CAB
3CD7
BD1D
3B9F
3D1A
3C3A
BD05
3C8E
BD32
BD08
3C95
BD2F
BCF3
BD5A
3CB3
3BFC
BC91
3CE0
BCBF
BCF4
3D70
BB6A
3D98
3D3D
3CEB
3B8A
3CCC
BC86
BD85
BBD6
3B2E
B8A1
BCCB
BC7C
BD77
3C20
3D66
BC7B
BCD3
3BD0
BC7F
BBD5
BD08
BC52
BD29
BB54
3ABA
3CBE
3C78
3D1A
3CB8
BD00
BCBD
BC9E
3C31
3D81
3D1C
3C23
BD1D
BCF2
BC2D
BCC6
3CB5
3AC0
BC51
3CC7
3C77
3BCC
BD02
BC75
BD41
BD31
BBEA
3BB8
BD08
3BB9
3C18
3CDE
3D33
BD2A
3B7D
BD10
BA8F
BBA0
BB1A
3D18
BC66
3D88
3C99
BCF2
BD07
BCF8
3D14
3C59
3C2F
3CC7
BC70
3B85
3C13
3C42
BD77
BA20
3B73
BD3C
BC55
3D4E
3B84
3C1B
3D08
BD6B
BCD8
3D20
BD52
BBE0
3C94
3C0B
BD44
BCD0
3CCB
3C71
3CA0
3D27
BBF6
BD0F
BB52
BC0E
BD0B
3C7D
BCA9
3CCB
3C82
3C45
3C30
BCD3
B9CC
BBEE
3BF3
3B4A
3CAA
3B3E
BCC0
BC3E
3C80
BCD4
3CF2
3D12
BC9D
3C9E
3BA8
BD15
BD29
3CA5
BB9F
BC6D
BC34
BC54
3C02
3BA3
BC7E
3D23
BD0D
3C2F
BD85
BD3A
3D1E
BD27
3C0B
3D35
3CAF
BBCC
3C86
BD41
399B
3CE4
3C8A
BC48
BB23
3D10
3C9E
BC9B
3BCB
3C11
BC3E
BB27
3B63
3C55
BD3E
BCDA
3D20
BCCA
3CC8
BCB5
3B57
3C4C
3BED
BCCD
BD43
BC8F
BC4B
BB42
3D0B
3D19
BB64
BCF0
3C98
BBB5
BD45
BC61
3D18
3CC3
BCCC
B9BC
BC14
BC73
3D17
BD00
BC61
39AC
BB72
3D63
3D31
3D7A
BCD6
BCE3
BC1D
BB92
3B83
BCE0
BCAE
3D1C
BBC4
BD03
3D0A
3D07
3C96
3D72
BD7F
BCFF
BC8D
BD86
BD07
3D24
3CD5
BD7C
BD1B
BC87
BCBC
BBEE
BD0D
BCEB
BD0C
BCB4
BD05
BD65
3D0E
BBD4
BC7D
BA8C
BA0C
BCF1
BD3C
3CFF
BC1B
BCD7
3DE6
3D05
BD35
3D08
3D3F
3D60
BC34
BD0D
BB19
BC07
BB9B
BB4B
BD87
3D78
BC32
3C6B
BD1F
3D26
3CA2
3CC4
BB8C
B922
3A45
BD1F
3D36
3C78
3D53
3D1D
BCD0
3C98
BD13
BDCD
3C55
BC9D
BD8B
BCB8
BC77
3B32
BA39
3BFB
3C49
BCF8
3D0F
3A6D
3B41
3C79
BD31
BC90
BCE7
BCBE
3CBD
3D3D
BD2A
3CAF
3D4F
BCB3
BCEB
BCDA
3C8B
BB83
BD2D
3C56
3CCC
3D39
BBAA
BCCE
BC8D
3BFE
3C4C
3C96
3C83
3C99
3B37
3CB3
3D4C
BCDD
BC86
3BB0
3BF4
3D73
BAF3
3C21
3C77
3CA9
BD60
BD7F
BCEB
BCCA
3C3F
3C9C
3D97
3D59
3D00
BD3A
BD0B
3C56
BCE6
BC5E
BC8E
BD3D
3D3B
3CAD
3B51
BB86
3CDD
BC7E
3B8F
3D07
3D3E
3C28
BC8A
BC2B
BCC3
3B7E
3D02
3D0A
3CBD
3B6E
3B70
BB99
3CE0
BC90
3C23
3B8F
3BD2
3CBB
3D2E
3CD7
3C3D
3AE3
3C69
BCA2
3D83
BCB2
BCB2
3D2D
BA06
3D05
BC01
BCB2
BD0A
3B26
3BAA
3D0D
BB49
3C1B
3B05
BC90
3AB8
3B5D
BC2E
3B91
3C41
3DA1
BD5F
3B8F
3C20
3CCA
3C04
BBF6
BC77
BD34
BCDA
BC1C
BD2D
BCA3
BC2B
3B8D
BCA1
3CC8
BD8C
3D24
3C91
BA01
3D44
3D46
3D3A
3C1A
BC3A
BC60
BC99
3D06
BC89
3C55
3D0C
BC18
BB9B
BBD6
3D2A
3D05
B9E4
3CEA
3B18
BCBF
3CCC
BACB
BCBE
BC96
3C64
3BC9
BB98
BD4C
BD4E
BC6D
3CA4
BC5D
3D0A
3C78
3BD0
BC0E
BC35
BCE9
3C50
3DA3
3C9F
BCCD
3C1C
B967
3D9A
BD1A
3C90
BC80
BD6C
BC2D
3CEF
3C87
3D36
3CE0
BADA
BC8A
3C38
3C52
BA68
3D1D
3C58
3C6C
3CE2
3C2B
BC70
BCC9
BC95
BA9D
3B48
BD4C
3C87
BC32
BD3A
BC9F
3D14
3D21
BB03
BCCE
3C60
3D80
BCBE
BB45
BCC6
BCD2
BC85
BCA4
BB36
3BA6
3C32
3CF6
3D81
3D1D
3C52
3C95
BDCD
BCC4
3DE7
BBD2
BD13
BCE2
BD06
3C84
3C2C
3C71
3D45
BBE0
BC9C
3C8B
BB10
BD3E
3C14
BB91
3D19
3C79
3CEC
3D40
3C8C
3C9B
3D44
3CC2
3CD7
BCF3
3CE8
BB9C
BD5E
3D42
3CB6
3ADB
3C00
3C71
3C8D
BC93
BC75
BC73
BC15
BB35
3D2E
BC84
3D25
3CC6
3CEC
BB1E
BD14
3D48
BC2E
3BC3
BC4D
3D41
BCE6
BC35
BBF6
3CBE
3C64
3CAA
BCBC
3D25
3C3C
3D1D
3C35
BCC3
BD17
BCDD
BC34
3B68
3BD9
3D25
3B01
3D14
3DB7
3D66
3CA9
BB41
BC91
BC88
BD6C
3BF6
BCBD
3BD9
3D80
BD08
3C99
BB33
3C7E
BC47
3D36
BC98
3C44
3C16
BD7A
BB04
3BBA
BD3E
3CFE
3CED
3C9C
3D47
3C66
3BAA
BD43
3C38
3C56
3D0B
BD19
BD06
3D24
3D09
BD14
BD7C
BCBD
3C1A
BC68
3C1E
BC61
3BD8
3B4B
3C40
3C99
BBA7
BBC7
BD34
3CB2
3D1F
3CD5
3C5C
BC57
BD22
3C13
BC7A
BC8D
3CF4
3D66
BCD6
3C7F
BCDB
BB75
BD96
3D84
3CA0
BC68
3C24
3D00
BC84
BC98
3C1F
3CDF
3C50
3C7F
3C15
3C15
3B8D
BC13
BCC0
3D9C
BD7E
BD91
BC9E
3C23
BD27
3C49
3D82
BAB8
BC81
3D0E
BB2D
BC71
BB90
BA07
BCDE
3CA4
BD02
BD22
BCFA
3BA9
3BCF
3C87
3B6E
BBCE
39E9
3D10
3CF5
BCCA
BD09
BCDD
3D29
BBA3
3BEC
BCFB
3C11
BC33
BCAB
BCCA
3D15
3D10
3CD9
3C91
BD00
BCDC
BC2C
BC53
3A50
BCA1
3AE6
3C17
3C9A
3D91
3D18
3CD7
BB52
BD24
BD12
BC8B
3CE1
BC6A
BC7A
3CC4
BD7E
BD0D
3CD8
3C23
BB14
3B4F
3C75
BC0F
BAC5
BC9E
BBD8
BA7F
3B87
BB98
3C20
BB87
3C1F
BB25
3C7A
BC23
BC88
BCC4
3BD6
BC30
BCCA
BB8A
3D5D
BD00
BD17
3CEF
3CB9
BC08
3CAF
3B78
BC02
3D60
BC9B
BC76
BCA9
3D42
BD40
BCC1
BBCD
B880
BBEA
BCE6
3AAE
BCEA
BD1B
BCA3
3CAC
3AD0
3B5F
BBA0
3CEC
BC5B
BC54
3BDB
3B6D
BCC6
3D59
3D15
3C4F
BB50
3C3B
BC83
BC6F
BC54
3AE8
BC6C
BBD5
BC80
3C42
BA72
3B70
3D0C
3C98
3C24
3D3F
BC88
3C36
3BE9
3CCA
BBC8
BC10
3B97
3B0B
BC22
3CB6
BB18
3C73
3C87
BC0C
BA27
BC9B
BC0B
BCEB
3D8C
3CE5
BC01
BBD4
3B50
BD88
3CC8
BBEE
BC07
3C2B
3CF7
BCB2
BCA9
3B97
3C61
3D04
BC6A
3C67
3998
3CAF
BBC9
BCB7
BCAC
3B95
BCDF
BC32
BCEB
3CF0
BD02
BCD7
3CA2
BB24
3CB1
BD8C
3D0C
3D4A
BCD4
BCCE
BCAC
3C38
3CB2
BA4C
BCA6
3CA5
3C19
BC23
3D13
3B11
3C6E
BCF2
BC82
3D07
3BF6
BCAE
3D1F
BBE0
3CE9
BD37
BCFF
3C42
3A02
BC84
BCB9
3C40
3AF6
BC92
3DBD
3D39
BCE7
3CD0
BBC7
3C8F
3D02
BD4D
BC65
BD18
BBC6
3C70
BCFA
BD4F
3BCA
3CFB
3D35
BCB1
BC20
3C9A
BD37
BBEC
BD96
BBE2
BC9D
3B0C
BD49
3D45
3C55
BB01
3CD7
BA07
3C80
BBFF
3D34
BD86
3C2F
BD13
BC01
3BCB
BD06
3D4C
3CFB
BCC5
3C08
BBE7
BC2A
3C98
3C8F
BC07
BAA5
BC64
BCDF
BD64
BA29
3C0C
BC44
BB5A
3D61
BAC9
3D1E
3C42
BCC9
BC34
BC43
BD4A
3D25
3DB0
3AA6
BCC0
BCFA
BD19
3D12
BCA9
BC1C
BC83
BCCF
BC17
BCA1
3CC9
BC58
BCA6
3CFC
3CB4
3D48
3C9D
3D31
3C55
3D5C
3C6F
BD12
3D9A
BD3F
BA01
3CAD
3C7A
BD8B
BD27
3CEF
3C47
BAC4
BCF1
BC59
3BBB
BA12
BD08
3CC8
3CA2
BD4E
3BD7
3C6E
3B71
BCC8
BD3D
3D06
3AF6
BD01
3CB1
BC89
BD58
3ACC
3C2F
BD2D
BB08
3CBE
BCB7
3CFD
3CCE
BCE2
BC8D
BCF1
BC47
BD05
3D44
3B25
3CF5
BC11
3C41
3CDA
BD94
3D51
3CF9
3D74
BC84
BCD1
3D22
BCB5
BD52
3D4E
3CAC
3C6E
3D49
3CCD
BDAA
3D23
BD59
BDC7
BD86
3D37
BCA8
BCA1
3BA9
BD65
3D0C
BD15
3C9A
3C9B
BABD
3CBD
BCE4
BC78
BC52
BC83
BD09
3B5E
BD1F
BCA5
BBDC
3CF0
3D0B
3CF6
BA56
3CA3
BCA3
BBB8
BD7C
BD7B
BD1B
BCB4
3CDC
3C6E
BCB7
BCFE
3C65
3CAB
BDBA
BCAE
3CBD
3CEA
372F
3BFD
BB8C
BC81
3CD5
3C70
BBF6
3C96
3CC5
B9DB
BBEB
BB26
BD55
3C5A
BCCE
BD7E
BD9D
3CCC
BD3F
3D43
3C1B
3D7F
BCB3
BA6A
3D87
3C90
BBBA
3C44
3C31
3C70
BC98
BC77
BBEE
3C9D
BC8D
3BD9
3C27
3C3B
BB76
BC3F
3CAB
3C70
3CA5
3C37
BB05
BD69
BBF6
BCA2
3BDD
BD41
BC5E
3CE4
3CCD
B8F9
3D1F
38E2
3BBB
B98F
3CA1
BD2F
BB82
3D39
BD6E
BD22
BCBD
3D0E
BCED
BC39
3C1D
3C27
3B32
3C18
BC1D
3C0F
3D06
3D79
3DB6
BD0E
BD5A
BCB3
3CAC
BC6E
3BAB
BBCB
BCFE
BCC3
3D26
BD4D
3C92
3AB3
39B4
BA90
3D71
BC14
BB7A
BC70
BA03
3C70
BCC8
BCEE
3CBB
BB83
BC9B
3B8A
3B1E
3BF0
BC4A
3C57
3CAF
3CCF
3CE5
3C02
BC06
3A82
BCA1
BC76
BC65
BCCB
BCA6
3D1A
3BE4
3D28
BA96
BC81
3B46
3C55
3BEB
3B2C
BD47
BD31
3CA4
3D88
BCF7
3C6E
BCC1
BD1A
BD31
BCCB
3D32
BC87
3CDB
BD64
3C02
3CBE
3C86
BD72
BB28
BC0F
3D1F
BC85
3C78
BCFF
BD2B
3D1B
3CE4
3B4B
BBEE
3CDD
3CD4
3B3A
3C93
BC82
3D38
3BA1
BC2E
3D13
BCF4
BBBB
BD44
3C31
BC1A
3CAF
3D5B
3C06
BD41
3C61
3D41
BD8A
BD71
BA5E
3D5C
BD51
3C95
BD98
BD58
3D3E
BDC6
3D66
BD1E
BC83
BCE3
BC56
BCB0
BC47
BBB4
BD62
3C94
BD0D
3C83
BD22
3C9D
BC3C
BCA8
BB02
3D37
BD19
BD4A
3CC3
BD13
BD31
3D03
BCA8
3D28
BB39
3D67
BCA9
3BCD
3A44
BC04
38B0
BD7C
BD09
BCA2
3BF5
BB3C
BCFD
BD31
BCE5
BC97
BBF6
3C2C
BD06
3C2C
3D11
3C14
BC30
BC81
BD57
BD3B
3CAC
3B8E
BD84
BCBB
3D30
3CC6
BCBF
BD1E
3D1B
3CEE
3D1D
39AB
3C5F
BCDA
3D4D
BD61
BD3B
BD29
3D41
3D3E
3D27
BC54
BD2F
BCD6
BD06
BD23
3D40
3CC4
BA1A
3C8B
BC99
3C69
3CF9
3D6D
BD8B
3D5B
BD0A
BBC0
BB98
3D07
3D51
BD2F
BD86
BCA1
B99F
BC0E
BC7C
3BAC
BC4B
3C86
3CB0
BCDE
3D11
3C12
BD2B
BCB3
3D54
BC9F
BCD4
BD69
3CCE
BCA3
3D32
3D08
BCCE
BC4B
3D52
3CD8
BC56
BD14
BD59
BC18
BCF1
3CD7
BD77
3C95
BB82
BC96
3C34
3CAD
3C1B
3BB7
3C13
3CEF
3C11
BCEE
3CDD
3BAA
3D20
3C42
3608
3D30
BBBF
BD10
BC6B
BCC8
3C82
BC4D
BC3A
BD31
BC6A
3CA5
BCDD
3C87
3CA3
BC4D
3C72
3D2B
BCAA
BD17
BCCC
3CA9
3CBC
3C29
3C27
BC26
BCB5
3C4F
BD04
BC65
BCD2
BCEE
BC34
3BC2
3D3E
3C9A
BC97
BD35
3D15
3BEF
3D12
3B80
BD3D
3CDF
3CB5
3CCB
3DA7
BC14
BCEC
3C9A
3CE9
3D50
BCDF
3CB3
3CC8
BD3F
BD82
BC5D
BCB4
BB82
BC84
3C26
3C7A
BC48
3D6E
3C21
3C84
3C6A
BD03
BC93
3C7D
BAE8
3C85
3C8D
3BFF
BACB
3BE9
3B29
3B56
BBB8
BD8F
BD0E
3C98
3CF5
BBBA
BC26
BCA7
BC38
3CA6
3CEE
BC1D
3B58
3BC6
3CE5
3B69
BC5D
3CD4
BB2E
BC9A
BCDD
3CC4
BAA5
3C0C
BC91
3C89
BC52
BBEA
BD26
3C9A
3CAD
BBC2
BC95
BD3F
3D4C
3D3D
BB6E
BDF2
3D9D
3D95
BD14
BCB4
BD19
BD1B
BC30
BD26
BD99
BCE6
3B32
3C96
BC1B
BB1C
3CF7
BC0C
BCA8
BC34
BC89
3B08
3DC5
3D16
BB43
3C86
3C00
3DA0
BD3D
BCC4
BB97
BD55
3C4C
3B81
3CF7
3D05
3C03
3CE5
3C23
3D44
BCF1
BC20
3CF1
3BBB
3C5C
BD14
BC8B
BC4D
BCAB
3C26
BC7D
BC7E
3C56
3CB0
BC2C
3D1D
3C1B
39AA
BC29
3C7A
BD9A
3CEF
BB3B
3C48
B9A0
3D22
BCF8
BD07
3BA7
BBDB
BDB4
BD1B
BC81
3C62
BA89
BD13
3C4E
3CD8
3D07
BC7A
3CB1
BD42
BB88
BC27
3C85
3C6D
3D2F
BC51
BD74
BC0E
3D04
3CBF
BCB0
BAAB
3D02
BD18
BCD2
BBC0
BD0F
BBDF
BCE6
3C81
BCB3
BAAA
BD01
3BF3
3D15
BD5A
BC86
3C99
BBCD
BCE8
BC06
3CD9
BC33
BB3A
3D07
BBD3
3CB1
3CA7
BDA4
BC2E
BCDC
3BE2
BB9D
BC94
3D3D
BCDF
3C0E
3BBE
BCBE
BCFD
BC75
3D27
BB8A
3D21
BCBC
BC7D
B98A
3CF7
BD2D
BBBB
BC0F
3BBB
BCBB
3C5A
BD43
BC46
BB9D
3C98
3DA2
BBA1
BD61
BC29
BC90
BC81
3D01
3D56
3D1E
3C1C
3CA0
BCAF
BD3B
3B87
3C8A
BCB2
BB81
3D0F
3CDC
3BF4
3C99
3CDB
3C61
3B7D
3C3B
BC32
3B07
BB22
3D02
BD6B
BBBF
BD05
3D52
BBF6
3BDC
3D12
39D8
3CB5
3D48
BD1F
3CEC
BB39
BC96
BCDF
3B25
BA9A
3C46
3B8A
3C0E
3D83
3C7F
3D13
BC76
BBBB
BD0F
BD18
3CDF
BC91
BB59
3CB3
BC9E
BCD8
BCB1
BC5E
3C8E
3CD3
BCB7
3A7B
BC09
3D02
BD58
BD65
BC80
BC9D
BBF0
BCAA
3CAD
3C3E
BA52
3CD1
3B9A
3CA4
BCE9
BAE7
3C94
BCEB
3AD2
3C7B
3CAB
BC03
BD10
BC9C
3B29
3C11
3CD3
3CB4
3CBA
3D05
BD66
3CD3
3C56
3BDF
BCBC
BCE8
3D09
BC94
3C78
BD87
3D33
3C8E
393D
3CFF
BC75
BC93
3B0E
3CAA
3BDD
BCAC
BCA6
3C78
3C94
3CC7
3D52
3B07
BD47
3D42
3C92
BCA3
3DA5
3D40
BD2F
3D03
BC04
3D10
BC66
3A75
3D22
BD39
BD0F
BCAF
BB33
3C5E
BADA
3C30
BCA9
3CC3
3C29
BD25
BC52
3B24
3C62
BC47
BC2C
3BD3
3D09
3CAF
BC11
3BF5
BAB5
BC29
BC7F
3C61
BBBD
BC21
BB31
3CED
BD12
3C9A
3C4D
BD78
BD17
3D15
BC4E
BBD9
3C03
3BF6
BCAD
BD2A
BCCB
3D2C
BC05
3CC5
3D11
3D4D
BD00
BDB8
BD10
BD93
3C96
3B3B
3C1D
B9F6
3CEB
3AC9
BC32
3B85
3D20
BCE1
3D20
3D3A
3C8F
3C05
BB74
399D
BCE8
BC8B
BCF6
BB3C
BC28
BCF5
BB9E
3CEF
3D2F
BC81
3C00
3D40
BC9C
BCA7
BD2B
BC14
BB07
3C90
3CD7
BCBA
3B94
BB2C
3CEB
3D5F
BD06
3C0F
3CA9
3C06
BD22
3D4C
BC46
BB1B
BD85
BD4C
3CB4
BCA8
3CDF
3D5E
BCB6
BC9E
3D19
BD40
BD2D
BD02
BD03
BC76
BC5B
3D3A
BBA4
3CE8
3C5D
3C82
3D54
3D58
BD0A
BD08
3CFB
BD93
3D12
3C43
BC64
BC4A
3CE9
BD0F
BC6A
3CAB
3C0E
BC5C
BD2C
3C27
3C51
3B55
3D26
BB88
3C43
3AEB
3D32
BCCC
BD4C
3CC2
3D14
BCD0
BC38
3CD3
3BAB
BC8D
3C3F
BBAA
3BCD
BC0C
3CF3
BC7E
3C3A
BD26
BD5F
BCF0
3D10
3CF2
3D72
3DC3
3DC1
3D9D
3D0A
BB00
BC72
3D20
BD6E
BD89
3D50
BCDB
BD38
3D6B
BBF0
BC55
3B10
BCD4
BAF6
3D02
BD3C
3D19
BC99
BC22
3D61
3B62
3B87
3C08
BC18
3BE2
3C06
3D0C
BA43
3CE8
BCBA
BC38
3C9F
BCD5
3CAD
BC58
3D4E
3C8A
BC9F
3BB4
3C18
BCCD
3AA3
BCBF
BC37
3D0A
BB9D
3BB5
3CD8
BB10
3CB4
3D39
BCC3
BCA7
BD56
3C01
BD1A
B93D
3BEC
BB27
BBE1
BC98
3C2D
BCAB
BCBD
BBE8
3D1C
BBD5
BC68
BCF9
BCB6
B94B
BD16
3BFE
BD0D
3D7B
BCD4
BC98
BCC5
3BAE
BC7F
BD8F
3CCA
BC66
BBF6
3C86
3B6D
3D24
3D50
3D19
3AAC
BD27
BC91
3C88
BC56
BC06
3CF0
3CAC
BCA3
3C91
BCDA
3A3F
3A6F
3C88
3C8D
3CEB
3D14
3D44
BAC9
BB93
BC23
BD66
3CD9
BD1F
BD07
BCB8
BC6B
3D26
BC95
BD85
3BB9
3CA1
BC28
BBB3
BD35
3D37
3D28
BCD4
3C69
BD01
BB9F
BD05
BD71
BC1B
3D66
3CBC
BD42
BCA2
3C49
BD32
BB55
BD55
BC40
3BB9
BC86
3C5C
BD08
3C53
BB10
3CC9
3B6A
BB97
3A5B
BC4F
BBA0
BBBD
BC9F
3B5E
BD21
BBEB
3CE6
BD07
3C43
BCBF
3C8F
3CA1
3C69
3C81
BADB
3CFF
3C38
3CAF
BD3C
3D2B
BC48
3B80
3CC7
3D11
3D09
3CBE
BD08
3CB5
BD88
3DB0
BC03
3B25
BCF6
BC9D
BCEE
BC65
BCF7
BC58
BB0A
3C3D
3C5F
3C34
3CB6
BAF7
3B5B
3D3B
3CCC
BC90
3BEF
3CEF
3BDC
3B8B
3C2A
3C51
3BE1
BC0E
BAA5
BD1B
3D10
3C5F
BC38
BC77
BC35
BC09
BC1D
3BD1
BCC1
3C87
3AC2
3CE6
BC0D
3C95
BCF1
3BE9
BD7F
3BF9
3CBC
BC84
3D4B
3CCE
BA86
BC09
3C8A
BC98
BD32
BC7D
BB50
BAFD
BCB1
BC8A
BCF7
3D11
BCC5
BC6A
BD2C
3CB1
BD16
BD23
3C3D
BC96
3D7B
3CF2
3BE8
BB2B
3CD7
3C17
BC74
3D2E
BC1B
BB2D
BB15
3BA1
3B51
BBF1
BC5D
BC14
BAE8
3B81
BC92
3CE8
BB76
BBDC
BD34
BCB8
3C20
BBFF
BCB6
3CF7
3C8E
3C0C
BC10
3AAF
BCF0
3BE1
BC14
BCA7
3BDE
BBA3
BCAD
3CA2
BCF6
3C5B
BB98
3CFD
3AB9
3C43
BC69
BB73
BC02
BCB5
BBE5
3C4E
3BC9
BCF4
BBDD
BD8A
BD09
3D62
3D06
3CD1
3D78
3D2F
3BD8
3C15
BC50
3C55
3B2D
3A73
BD0D
3CA5
3ACF
3D0A
3CDC
3CA9
3C8B
BC91
BB97
3C25
BBD7
BC87
3CCF
3D06
BB83
BC45
BD2A
BAAE
BC74
3C2E
3D02
39C2
BD2A
BCDD
BC9F
BC99
3B5A
BC7A
BD6B
3CA9
BC6C
BCF2
3B07
BD07
3A51
BCBE
3C99
BC07
BC0C
3C2D
BC9B
BC0C
BAB1
3B02
BCF5
3BCC
BCE1
3BC4
BCD4
3B98
BCA1
BB3E
BCB5
3C99
BCEC
3C2B
BC67
BC0F
3AE6
BD84
BCEF
BD1D
3B86
BC2B
3C90
3C6A
3D43
3D28
BC20
BCFD
BC54
3C8D
3CEF
BD1B
BD0A
3D27
BD1F
BC7C
BD12
3B95
3CDD
3C99
3C81
BDA4
BD91
3C7A
3C35
BD09
3C73
3B8B
3C55
3C0A
BD1E
BB2C
3CEE
BCF4
B930
3D00
3CFD
BD06
BC76
3CC3
BC67
BC8A
3D09
BC96
BD35
3D1B
3C8A
BC19
BD08
BB7E
BC63
BC27
3D7E
BDDA
3D3C
3BAA
3C18
BD95
3D8F
3D35
3D2B
3CFD
BC33
3C44
3B87
BC17
BD58
3D43
BD00
3C66
BC9E
BB85
BDA9
3D13
3CA3
BB41
BCFD
3D51
BC80
BBE7
BCEE
BC81
BDD8
3D88
BD41
BCEB
3CF1
BD4A
3D2B
3CC0
3D5C
BC6C
BC21
3D10
3BD8
BC82
BC4A
BCAC
BC67
BC24
BD45
BD35
BC99
3C0B
3D01
3C8F
BC64
3B3E
BD3A
3DA3
3A0E
BD31
BD1D
BC70
3D4D
BCA5
BD40
BCC4
3CF2
3A15
BC0D
BC8E
3D1C
3D30
3C86
BD75
BDC9
BDF8
BCA7
3C09
BD23
BCE8
3CC8
3CB0
3C39
3D76
3CC7
BC73
BD03
BD67
BCFD
3D36
BCA1
3C9F
BDAA
3BA5
3C96
3D45
3D22
BCD1
BCD2
3B9D
3C8B
BD14
BD65
BCA7
BCF4
BBBB
BD1B
BBBC
3CFF
BD12
3D3A
BD25
3CB7
BC87
BD3D
BCB3
BBD1
3BC5
3C10
B98C
BCDE
3D8A
3B3C
BC35
BD57
3C5E
BC59
BC70
3AEA
3C9A
3B8A
BD12
3D36
BCFE
3D43
3D1A
BC85
BC62
3B5D
39EC
3CA5
B8BE
BCDF
BC64
BC67
3CAC
3BB3
3CC7
3D23
3BB1
3D08
3C8B
3CB7
3CA1
3D2E
3BBC
BC7D
3D6E
BBE2
BBB8
3CA9
3B7E
BC1E
BD5F
3D64
BCF1
3C42
3C14
3BD3
3D3C
3C1A
3C1C
3CAC
BC42
3BC7
3BBD
BD26
BC93
BC8A
BC91
3CAC
3C49
BCFA
BD5A
BC8D
3CA4
3BEB
3C62
BAC9
3D37
BAFD
BCAF
BD7D
BCEC
3D38
3D19
BCC3
BC47
BC51
BCA5
3D2D
BCFA
BC4E
3B7B
3CDA
3D0C
3D2F
3C9B
3D1B
BCDE
BD25
BC85
3C8D
3D8A
3CAE
3C7B
3C61
3C35
3D10
BC58
BC20
BD0C
3A28
3C81
3C16
BD0B
3BD3
B83A
BB49
3B94
BCB8
3C0D
BAF6
3C9C
3BA5
3CDE
BBCF
3C64
3CDC
BCAB
BCE4
BC92
3CCF
BB94
BCA2
BC46
BC00
3BCA
BCCB
BD13
3CE2
BC1D
BC10
3D3D
3CF0
BCD8
BC72
3CA1
3DB4
BC63
3C97
BD60
3D06
3CE9
BC66
BC41
BD1C
BD21
3C31
3C61
BB24
3B59
3C8C
3D11
3CFB
3D57
BBE0
3B76
3C83
BCB2
3D18
3C78
3BED
3C06
BC57
BC82
BD44
3C74
BBE1
3BDD
3AAF
3C51
3DA0
3CB7
BC08
BCA5
3CE4
BCDB
3C07
3CC9
BB34
3D09
BD2A
BA3F
BBB9
BC60
3D24
3932
3C75
BBED
BD0A
3A9D
3D01
BD0D
BD21
3D6A
3D48
3C8D
3BAF
BD2F
BCBE
3B80
3D0F
3BD1
BD04
3CBD
BD0D
BCFC
3BB3
3CAE
BD27
BD3A
3B9D
3CD5
3B91
3B36
3D70
3D22
BD48
BC05
3D4B
3C24
3BCB
3CB9
B917
3D0D
3D17
BBB9
3C42
BB72
3D17
BC11
BCEC
BCF6
BD09
3D22
3CF5
3D2A
3D27
BC63
3B0A
BB64
3CD2
3C9B
3B98
BC01
3BC8
BCA7
3C72
3943
BCEC
BCC1
3C9B
39FD
BCBF
BC80
3BCB
3CEB
BC6F
3BBC
BCFE
BC9E
3C6A
BD99
BD54
3D72
BB2A
3CAF
BCB2
BD3E
3D34
3D1D
BB95
BD20
BCCF
BD7A
3C1B
3BE0
3C89
BB2F
3CC3
3C83
3C0B
BCFE
3D73
BD93
BD96
BBFA
BD07
BDB3
3BE5
BC9C
3D50
BD36
3D8B
3D6C
BD09
BD1D
BB46
BCD0
BD2D
BC28
3C75
BB6D
3C09
3D25
BD18
BBAB
BBA8
BCDF
BC6F
BC5A
BB54
BC8E
BB4A
BB91
3CCD
BCE0
BD78
BCBD
3CE3
BC30
3C4A
3D7D
3D22
3B69
BD50
BCD9
BDA0
BCFC
3CC4
38A3
3CF2
3D3F
BCFA
BC81
BD69
3C1D
BD8B
BD88
3C67
BD8E
3CB6
BBEC
BC21
3D90
3A86
3AA0
BC01
3CCE
3D91
BBB5
3C9F
BD3D
BD97
BDAF
3D23
BD1B
BC6D
BC1A
BD91
3C28
BCDB
3C7C
BBB0
3D4A
3D16
3B96
BC2A
BD00
3CAB
BC4D
3C7F
3BB8
BC92
3CE6
BC3A
BCDC
BC82
3C2E
3C28
3B4E
3CC4
BCC2
BD44
3CB3
3C9A
BCB7
BD51
BD13
BC92
3B5A
BB32
BD05
BD55
3CA4
3B67
BD20
3DE5
3DC0
3C63
3CB8
3CB7
BB89
3CFE
BC27
BB1F
3BD9
BC73
3B23
BD4C
3D40
3D0E
3C90
3D2B
3CE2
3B81
3CA2
3CA1
BBFA
BC99
3D4C
3C20
3D54
BD25
BCF0
BB16
BA95
BDC9
BBEC
BBF8
BAD9
BC27
3B25
3A11
BB43
BDA2
BC7B
BC2C
BB21
BC56
BC30
BC4F
3CB4
BB48
BCA6
BC5D
3BBB
3B45
BBC9
BA5D
3A07
BCEE
BB84
3D3F
3B11
BD4E
BD71
3BCE
3C12
3D6F
BCC6
3B73
3B6A
BD0C
BCE9
BB35
BD27
3D79
BB83
3AE3
BD6B
BC0F
BD62
3CFC
3B9A
BD1C
3C90
3B2E
BCEE
BB82
BD06
BCF8
BBA6
3CC7
BCBA
3CC1
3CB6
3CD3
3D17
3D2A
BD5F
BCB4
BD86
BCD9
3D0D
3C93
3D42
3B45
BC0B
BD83
3CE2
3B8D
BD6D
BD1B
BC31
3D33
BD0B
3D55
3CBD
BD2D
BBB3
BD88
BC3B
BD1E
3D50
3D3C
3CE3
3C38
BB47
BDB8
3AB6
BD42
3D49
BC9D
3C7F
BD5C
BD10
BCBC
3D50
BD06
BCEC
3C92
BD23
BCDF
BCF2
BBA4
3B5A
3D98
BD37
3DCF
BD78
BD1C
3C9F
BC3E
BD07
3B89
BC85
3CF4
BC44
3D5F
BC85
3D3D
3CF7
BB10
3D16
3D89
3D82
BCD3
BCB7
BC0B
BD36
3D7B
3CBB
3CEC
3D1E
3D12
3D5B
3D58
3CDC
3C91
BCB6
BD18
BCF8
3CE0
BD03
3DA7
BD96
3C95
3D7B
3D03
BD2E
BD14
3C6E
3C3B
3D7C
BCAE
BD14
BC23
3D83
BD77
BD57
BD1F
BD24
BCEF
3D89
3CDC
3B44
BC95
BDA3
BD35
3CF8
3D7A
BCB8
3D23
BD86
BC74
BBF7
3C2D
BD87
BDA6
BD35
3CF1
BD1E
3BE8
3C72
3B33
3C85
3CFE
BCEF
BC87
BCF6
BD14
3CCA
BC8A
3B1B
BCBA
3ADA
BCD7
3CB1
3D06
BCE4
BCB3
3C5F
3CE8
3C18
BD23
BC9F
3BA1
3CC5
BD79
BB31
BBCA
BC9A
3D77
3D95
BD42
3B2F
3B0F
BC9E
BD2D
BBA2
B99B
BCDE
BC8F
BCA9
BBF0
3C4F
3C66
3C51
3B21
BC96
BC98
3CBC
BD27
BD5E
BD00
BAEC
BCFA
3D27
3D63
3D5C
3CA9
3D8C
BC7B
BC12
BC7E
3C19
BCAD
BB75
3D06
3CFF
BBA8
3C44
3CFE
3BB5
BCFB
BD2A
3A23
BD6C
3ABB
3CF2
3C35
3C94
BB3B
BB9D
BB26
3BF4
3CFD
BC1F
3BD8
BB6D
BC43
BC18
BCEF
BC91
BD0D
BB4D
3B15
3BF0
3D33
BCBA
3B89
BB8E
3C0F
BBA1
BDCB
BC83
BB5C
BC0B
3D38
3BE3
3D2C
3D03
3C99
3C39
3C08
BD13
BD25
BD3C
3D17
3D5D
BB96
3D10
BD5A
BCC1
BC0A
BCBB
3CE1
3CFF
BD33
3CAD
BCDB
BC85
3D43
3BAA
BCFD
3D56
3CE9
3D1A
BB6F
BCC9
BD0D
BD17
3C2F
3C32
3CFD
BAB5
3B83
3C8D
3C98
3CBD
BC90
BC58
3BCE
BD27
3C0E
BB11
BCAF
BD52
3AEB
BC8B
BCFE
BD24
BC18
3BC1
3D26
3C75
BDAC
BC83
BBEF
3DBE
BD73
BCD5
3CD5
BD16
3D66
3D02
BCAE
3C2E
3D16
3C3F
3BA6
BAC5
BD3F
BD22
BCF2
3C4B
3C3C
3C80
BC6C
3C05
3C8D
3C54
3AA8
3BA9
BC14
3C90
BCDF
BD1C
BD33
BB79
3D30
3B36
3D15
BCAE
3C0B
3D6F
BC98
3C04
BD31
3A82
BCCC
3C8E
BD00
BD29
BD2F
BC42
3CA8
3C95
3C46
BC5B
BD35
BC7F
3CA0
BC55
BD31
3A9F
3CA6
BCD4
3D39
3B5F
3D33
3B2C
BD64
BD39
3D18
3D19
BC8D
BCB7
3D13
BCCB
3D43
BCBB
3CA7
3CA8
BAA0
3C0A
BC50
3BBB
BCA6
3CEB
BC3D
3C49
3B44
3C8A
3D3A
3CB3
BD22
3BE3
BCDD
BC68
BCB2
3CE8
3BF9
3A26
BC4E
3AC7
3B8A
BC08
3CC4
BC94
3CA4
3CD2
BC80
3C4B
BC4C
3C24
B939
BB8E
3AC3
3D41
BBFE
3D46
3C32
3CF4
3CB7
3CDF
BD0C
BC36
3C11
BA3A
3C04
3C0C
BBCE
3CC0
3CA3
3C74
3BAB
BD31
3D1F
3CBA
BCF5
BCE3
BCFF
BC7E
3CEC
BCF8
3D31
BD0A
BCF2
3B88
BC52
BCC1
3D12
3B45
3C05
3CE5
BCB1
3BD2
BCA6
BC96
BA48
3D1C
BCE3
BC25
3CE1
BC23
BAF9
BBAB
BD10
BC68
BC5D
3CFE
3B53
BBF1
BC6F
BCF6
BD15
BB92
BCAE
BD5F
BC2C
3C12
3D30
3B8E
3CBB
3CF3
BD18
3C89
3CC1
3D10
BCE5
BBD5
BB8B
3CEA
BD0A
3C24
BC75
3B66
BD2D
3D23
3BEA
BBF0
BBBD
BC67
3D10
BD33
BBD8
3C75
BD58
BCBD
3B17
BC5D
3A97
3CEE
BCD5
BD4B
3D1F
3DD0
3C94
3D0A
3D25
3B90
3BE4
3C17
BCC1
BCA0
3CD1
BD0A
BB67
BCEF
BD5F
3CEB
3C3D
3C57
3C45
BCB1
BD34
BC9A
3BD9
BD21
3C77
BCDD
3C96
BCA7
3CEE
3C5D
BD43
BD38
3BD9
BC85
BC81
3BE6
3D3D
3CDF
BC84
3D12
3AC1
3D31
BC34
3AC1
BB35
3CE6
BC40
BB45
BD28
BC85
3C99
3C3F
BB71
BB88
BCBF
BC8E
3C8A
BA6A
BC5E
3D3B
3C49
BCB0
BCD4
3D2A
BBCD
BB77
3C76
3CF8
3BC4
BC7B
3D25
3C3E
B9C5
3AB1
BC82
3D22
BCE1
BD30
BBF2
BD93
BD38
BD50
3D14
3CE8
BC84
3D32
BD86
3CCD
3CA5
BD2D
3D1C
3CDB
BBC3
BBD9
BCA9
BCD3
BCA1
3D00
3D28
BD66
3BE3
BBD1
3D15
BCF6
3C69
BC18
BC14
3D66
3B9E
BC69
BD05
BBDD
BDA7
3C5C
BC13
BBE0
BA33
3D12
BCEC
BBB9
3C1F
BD08
3D35
BCDF
3D0E
BC0A
BC94
3CB0
BD01
BC08
3D01
BCF2
BD07
3AC7
3CA1
BD05
3C83
3CEE
BD3F
BCF4
BD53
3CCE
BA60
3D35
3C83
3D66
3CD6
BC9F
BBCF
BD05
3D5C
BB0A
3B9A
3CCF
BCB6
3D40
3AC1
BC5F
BC41
BC4D
BC29
3C37
BB51
3B85
3C2C
BC7B
3C28
BC19
BD10
BC86
BD09
3C12
3BFD
3B4F
3D6E
BD44
3CEE
3D5E
BD45
BCA3
BC3A
3C2D
3C29
3D04
3C98
BBD8
BD19
3BB0
3C81
3D5A
BBC7
3D59
3D32
BD36
BD6B
BD0F
3C27
BD21
3DAE
BB01
3B5C
3CA2
3ACA
3CC3
BCFB
BCB2
BCF1
3CAB
BD81
BCCE
3C41
3CF0
BC2D
BC6E
BC34
3CB8
BD34
BD04
BC1D
BC04
3C2B
BD8B
BB53
BC0E
BC60
3BB4
BCF4
BCEA
3B7A
3C37
3D24
3D38
BCF5
3C0A
BC27
3D37
3CC6
3C19
3AF0
3CB8
3CAF
BC60
3CB9
3CB9
BD93
BB74
BD43
3BA4
BC91
BBB1
BBCC
3CE7
3D07
3D2D
BC92
BD08
BC95
BCB9
3D28
3CC2
BB05
3DAB
3CD3
BCBA
3D1D
BC8B
3D50
3C95
BD16
BBC5
3D10
BCC8
BD2C
BC8D
BD12
3CA2
BD01
3CEA
BD14
3C22
3B8D
3CFE
3D03
3CA0
BC0F
BB47
3BD1
3D1A
BD39
3D9D
3D39
3C2C
BD05
B94B
3D0B
BD63
BCAE
BB35
3CA7
B9AC
BB69
BCCF
BD0D
3D26
3CDD
BCF9
3D96
3D7D
BBCC
BD11
3C03
3C73
BCBB
BD01
3D44
BD77
3BE4
3CF7
3CDD
BDFE
BD00
3B9F
3D7B
3D0C
BCC1
3CCE
BD9C
BCF1
3D7A
3CA4
BCA3
BBFE
3D21
3CD4
3D0D
3BA8
3C35
BCF4
BD89
3BFB
3CA5
BD12
37A0
3D35
BCC0
3D07
BCDB
BCCA
BC24
BABE
3D89
3C8D
3C0E
3C07
BD36
3C9A
3C59
BC0B
BD51
3C83
3CC7
3D12
3D31
BD8F
BD01
BCEE
3D3B
3CE4
3D26
BCCE
BC9A
BCA3
3BCB
BB25
3C40
BD0D
3D1F
BC77
BC97
BB8D
3C25
3DAB
BD2A
BC1F
3CC2
3D2D
BD8A
3CE2
3CC3
3D1A
BD5B
3C8C
BC31
BD10
BCAF
3CE8
BD10
3C96
3D36
BD4D
BD45
BCCE
3B87
3CCB
BC86
3D34
BC6E
3C20
BD33
3C29
3CFE
BBD3
BCCF
3C16
3D33
3CB7
BD35
3C92
3C84
3CA6
3BB2
3D0C
3BE6
BD76
3CAB
BBCA
3C35
3D10
BBCE
3B45
3D84
3DBE
3C09
BD4E
BBE7
BB1C
BB56
BD1B
3D04
BCFA
3BFA
BBF9
3D38
BC6A
3CC7
BD40
BCD3
BD4F
BDB7
3C0C
3C26
3BDF
BC57
B993
BD7C
BCFE
3C93
BD29
BC0F
BD8A
3D97
3D2D
3D01
3D3E
3A2C
3C60
BCE4
BC5E
3B27
BD1A
3C19
3D0A
3D07
3C85
BC84
BD0E
BBD8
BCC3
3D3A
3C56
3D03
BB88
BD6C
3C85
3BD9
3CCB
BCE3
3D18
3B10
3CB8
3C9E
BD10
BD1A
BB39
3CFD
3BD2
3D87
3852
BC05
BC44
BD2D
BB7A
3CAA
BD29
3D14
BC83
3C2B
BC31
BCAC
BCC6
3CAE
3D15
3BA1
3C5D
BCCA
BC1F
3B74
3C21
3BF5
3CA2
BC65
BB07
BD0D
3B60
3C56
BCD9
BD1B
3C7F
3B1D
3B2A
3C5E
BAD9
3C98
BCCD
BD2C
3D36
3C5C
BDB9
BD25
3C57
3C7B
BCD0
BCB7
3B83
3C4E
3C96
BC09
BBC8
3C02
3D55
3AA5
3D11
BD6E
BBFC
BB90
BC31
3CBB
BC4D
BBBD
BD1D
BBFA
3CD1
3C1C
3B98
3D0B
BBB0
3BC5
3CCD
BC97
3D24
B90C
3D53
3CC7
BD06
3CBF
BD8B
BD73
3D31
3D8A
3BE4
3D04
3CE8
BCB4
3D01
BC1F
BC08
BD70
3CB2
BCC4
BCAC
BB7A
BCE3
BC0E
BCCF
3CFD
3B05
3B53
3D61
BD33
BD29
BC5F
BCA1
BD30
BC8C
BD87
BD78
BC1F
37CF
3D48
3CBE
BCF4
BC76
3C90
3CC5
3C9F
BA33
3888
3BF2
BB8E
BD5F
3CD6
BD1F
3CBB
3AF6
BD33
BCB8
3CF6
3CE6
3D7C
BC5F
BD28
BD18
3CCA
3CC2
3D7C
3D5E
3D83
3CF8
BD92
3B87
3A54
BD68
BBB1
BD29
BD78
3D67
3BAB
3C51
BC83
3CD8
BDAD
BD8D
BC82
BBAC
BD81
3D1D
3CB0
3CC8
3C84
BAC5
BC28
BCD8
3B14
BC6C
3C65
BCF3
3D5D
3BBC
3C9D
3B79
BC83
BD8C
BD5F
BBD4
3D28
BBDA
BD08
3D0D
3D24
3AA8
BBD3
3CE7
BD51
BC89
3C4C
BA1E
3BDE
3BBA
BC9F
BD92
3D8C
3D4E
3C69
3B1F
BCE0
BCF0
3C6D
3C43
BD13
3CA1
3CEA
3D34
BC4E
3D3F
3C7E
BC07
3C09
3C72
BB94
BB28
3D10
3929
3A71
3DA3
BD02
3DAA
BD99
BDA1
BCA9
BBB9
BD2F
3C35
3D6C
3B1B
BCCB
3BA5
BD0D
3CF8
3C69
BD82
3CEF
3C0C
3CC5
BD23
BB15
393F
BCDF
3A40
3A75
BD40
3D52
3CEF
3D18
3D11
BB8B
BCE5
BC52
3C9C
BD70
3C6B
3CDF
BCD9
BC16
3C4D
3B4E
3B78
BC16
3C7E
BDEA
BD90
BC5E
3BA7
BB46
BCBD
3D8A
3D14
BD6D
3B5A
BCB6
BD4C
3CC1
BC08
BC35
3D15
3C19
BCB7
3CBC
BB04
3D1E
BD47
BB99
3D45
3CC4
BBDB
BCAF
3B48
BB39
BB0B
BC14
BD01
3CD6
BCEE
BCAA
3D39
3BBD
3C22
BC93
3C08
BBC4
3CB4
3C81
BC89
BC2F
BCCF
3C72
BDCF
BB21
3B2F
BD10
BD52
BCB2
BBB6
3C70
3AD3
BCDF
BBC3
BD0A
3BB1
BD1C
BD18
3CE5
3BE2
3D00
3C0A
3D0D
3B8F
3CD4
BB90
BCCC
BB68
BCCE
3D92
3D17
3B2A
3ACC
BBC4
BB96
BB6A
3D36
3CB2
BC0D
3C61
3D1F
BD10
3BEB
3B52
BB0D
3C64
BD64
BCDD
BC8A
3D35
3C77
BC82
BA5C
3BA9
BCAD
BC75
3CB2
3C8A
3D28
3C91
3C2D
3C58
BD1D
BD16
3CD1
3D0A
3B6C
3BF3
3CEF
BCBF
3C69
BC0A
3CEB
3BAE
3DAF
BD82
3C85
3CE1
3BE1
BC1A
3CF0
3D12
3CC3
3ABE
3C13
3C8E
BC0E
BC22
3D05
3CA7
BBCD
3CA6
BC25
BCDF
BCC5
BCE0
3CE9
3B8C
3C40
BD28
BC7D
BB96
BCD2
3CAC
3C4A
BBA9
3AC0
BD1B
BD5F
3D14
3D21
3D78
3D63
BBEC
BCB1
3C35
3D42
BD2C
3CBD
3B99
3CD0
3CB2
3C3A
BB0D
BDA7
BCC7
BC22
3ABC
3B86
3BCE
3CD9
BC55
BB8B
3C35
39CB
BC63
BC14
BD0B
3B81
3D23
3D8C
BCA6
BC2E
3AEC
3D3D
3D71
3AE4
BC70
BD08
BCC8
3CB0
BD1A
BCE0
BCF3
3BC5
3CFB
BD19
3D4B
3D44
BC97
3CE9
BAAC
BD59
BCD8
BAC4
3B94
3CBD
3C50
3D2C
3D01
BD50
BCE7
3B65
BD19
BD28
3B38
3D13
3CB1
BD70
3D40
BD32
BBA9
3ABB
BD02
3D4A
BC8B
3B85
BC7D
BC9E
BB85
BD7E
3C12
3C31
BCF1
BC56
3C8D
3C1B
3BE7
3C55
3C2B
3CC9
3DAB
BD1B
3B83
BC83
BA08
BC83
3C44
BC82
BCAC
BCBD
3CF4
3C2F
BC0E
3C68
BD43
3C92
BDA3
BC77
BD69
3D38
3BE6
BD02
3D5D
3D4E
BD00
38EB
BD1F
BDBB
BD77
3C3D
BD0F
BD16
BD17
BBA9
3BE7
3C41
3C77
3B36
3CAF
3CA1
BAAF
3B30
BD09
3D10
BCD0
3BDE
3CC4
BCB8
3D05
3CB1
3B52
BD5A
BC44
3C58
3C77
3BBD
BC6D
3D32
BD06
389B
BACF
BCBE
BD26
BCF1
3D0A
3CDB
BD14
BB4E
BBE6
BC62
3D97
BD4D
BCEE
3C44
3CDD
3CBD
3CA8
BB43
BC92
BC5C
3C69
BBDA
BD01
BAB4
BCFA
BCFB
3C45
BABC
BD32
3BBE
3C6E
3BC2
BC6E
BB4B
BC9C
BCC8
BD05
BBEA
BBBE
BBBC
BC57
BD51
BCCD
BC25
3D10
BC40
3BD7
BD03
BCE5
BC4F
BCF6
3D27
3C9A
3D31
3CA7
BCA4
3C10
BD4C
BC67
3D3B
BC42
3B7E
3D01
3D55
BCEC
BB3E
BC10
BC84
3D09
3D54
3B1E
BD17
3CA4
3B68
BCBB
3D31
3D2D
BBE9
BADB
BCDB
3BB2
3B70
3CA7
BB96
BC13
BC5C
3C2E
3CA3
3CBB
3CC9
BD1B
BD12
BCA0
BCBA
3CF5
3C6D
3C40
BC3F
3C8F
BC04
BBBD
3C47
BD08
BCE8
3C1B
3A96
BC8C
3CED
3BE3
3BA3
3B10
BC7C
BC4B
3D14
BCB0
BC6C
BC2A
3C89
BC93
BCB9
BC9F
3B05
BD21
3B90
BBE6
3C3F
3D63
3BC9
BCEE
3BE0
BCA0
BBE4
BCA3
3D41
BD0F
BCE9
3D53
3C5F
BB43
3CE2
3CDC
3C7A
BC93
3C75
BBEC
BBC3
BC1A
BB85
BC54
BCDD
3C29
BD4B
3D16
3CE9
3BF5
3D8C
BCFB
BC7E
3CFA
BBB6
BC52
3B89
3DCE
BC14
3D0F
BCAD
BCBD
BAC6
BD1C
BD03
BC1F
3CDA
3B9D
BB72
3D04
3C39
BC86
BBC1
BC72
BB9E
3BF8
3AC9
3C30
BC7B
3B27
3CA6
BC1C
3C6E
BBED
BCC2
3D42
3CFF
BCD0
BD3D
3CC4
3B12
3C9B
BC9E
BD1E
3B97
3CE6
3D06
BCEF
3D10
3CEE
3CEF
3B86
BC33
BCC4
3BE8
3D05
BC81
BD29
3BBF
BD35
BCF2
BB53
BCFD
3CF9
BCD6
3CA6
3CBA
3D14
BBE4
3C51
3BDA
BC2B
3D35
BCBB
BD17
3C1D
3C2A
BC5B
BD02
3B1D
3D55
3CB7
BCC7
BCBE
3D63
BC7C
BC49
3D06
BAD6
3C88
BC4A
BC43
BD04
BB9E
3CAC
3CF2
BCBC
3C7A
3C16
3CE6
BC37
3CDC
BD04
3CF7
3C56
BD0C
BCB7
BD21
3BCC
3C72
3C8A
BD45
3D12
3C14
BBBE
BB41
BD94
BCD1
3B5B
BC43
BC31
BC80
3CB4
3C43
BD02
3C80
BCB3
3B7D
BD21
BD80
BD54
BB90
3CC7
3C74
BBEF
3C45
BCE1
BCC3
3C35
3BB6
3CDC
3C83
BD85
3BCD
BC9C
3B74
BB91
BB1E
3C31
BC06
BD10
3B16
3B89
BB6D
3C9A
3ABB
3C65
BC05
BC8B
BCA6
3CA8
BCAA
3CCC
BB93
3CC2
3CE3
BAF8
BC77
BD20
BD4E
3C08
BC59
BD4B
3D1C
BA26
3CCF
BCCA
BCD1
3D4B
BC46
BBDB
BCF3
BDD8
BB1D
BCF8
3D04
BB99
3C8B
BB3C
BC96
3CB7
3C03
3BF8
BC58
3B54
BBD3
3BD9
3C4B
BD84
3CD1
3D2C
BD0C
3D47
3D51
3C91
3C8A
3C04
3CD3
3814
BCE6
B99E
BC8B
BBD0
B86D
3D14
BBA7
BCCB
3BE2
3D25
3D39
BC73
BB3C
3BA0
BD20
3C90
BC3A
3D25
BC45
3B84
3B89
BB86
BB10
3C06
BD1D
3CA8
BCA0
BD11
BC94
BC9F
3CCB
BD0F
BCD3
3CFC
3C07
BBB3
BCC5
3C30
3D0F
3C67
3CE0
3C3D
BC6F
BC44
3C6E
3C7F
BADE
BAC3
3BA0
3AC9
BB57
3CDB
BCAF
BB4D
3D59
BCDD
BD8E
3C97
BB97
BCA9
3CBC
3BD1
BB86
3B77
BD34
3B38
3D04
BCF2
BC97
3D1A
BBA5
3B63
3D0B
BC20
3CEC
BD42
3C12
BBBE
3C6A
3D03
BBD6
BC18
3C98
BB2A
BCEC
BD18
BD02
BCA8
BB7F
3C85
BBC5
BA8C
BCA3
BD27
3B0D
3C93
3CAC
3CC4
3D2C
BB59
BC90
3CA6
3BA3
BD43
BCD2
3C5B
3B1B
BCEF
3CE9
3C5B
3C58
3B0E
BA16
BB1F
BBC0
3D60
BB19
3D26
3C3F
3CA5
BCDC
BCA0
3D5A
3D3A
BC43
BD06
3BE5
3C8D
3C8F
3B5E
3C15
3D30
3B78
BCD4
3D2F
3BDD
BBAF
BCDC
3CDB
3C1F
3C87
BCBA
BC50
3C4F
3CCA
BB91
BDB4
3BE0
3BCD
3B4A
BD0F
BD2F
BC97
3D2D
3D1F
BCD1
BBB3
BCB6
3D57
BD72
BD73
3CBB
BC58
3D53
3D35
BD1C
BCA6
3D2B
BD9C
BD45
BC43
3C44
BD49
3D12
BBE0
B996
3C19
BD07
BC44
BC96
3CDE
3AB4
BCB2
3D58
BD80
3C88
3C5E
3AC3
3D17
BD45
BBB7
BD2E
3884
3C00
BD08
BC43
3BD3
BC7B
3BA5
BADB
BD0C
3D31
3CBF
3CA4
3BC5
BBC4
BBE3
BBA6
3BF0
3A96
BAB6
BC9B
3CF3
BD1D
3C70
3CC8
BBB1
3D58
BCAF
3D04
3A3D
BD2D
BD21
3D23
3D0F
3CD2
3D42
3DCE
3D69
3D39
3B87
BD11
3C96
BDA1
BC7E
3D06
BD45
BD65
3D8F
BCDE
BC1E
3C84
BD2E
BDB7
3C89
BD14
3BFC
BC36
3B70
BD18
BB4B
3B80
3C34
3B2F
3CBB
3D0E
3CBA
BB7C
BCBC
3C9F
BC46
3B99
3C1A
BB6D
3C89
3B86
BB7E
BCC5
BCA0
BC64
3CEC
3BC8
BCC4
BCAA
3D0A
3C3D
BB8F
BD4D
BC97
3D19
3CD9
BCBE
3B94
3D5B
3D07
3BED
BE17
3E0F
3E05
BC78
BD9A
BD37
BD96
3BB8
3D0D
3C08
3C2E
3D55
BCDF
BC4E
BCFB
39E0
BCC7
3D21
BC65
3CAA
BCBE
BCC9
BCA2
3D4A
3DB4
3C94
3C76
BC8C
BC0A
BC21
3992
BD51
BC53
BB66
3B36
BC8C
3C3A
BC18
3BC3
BD42
BC28
BC66
BBB8
BD4A
BD44
3C4E
BC07
3CBE
3CBF
BD7B
BA1C
3C8A
3CEC
BB9F
3CFF
3C9B
3C95
3BCC
3B66
BDC1
BB42
BB07
BCB9
3D34
3CD8
BCDB
BD07
BD4B
BC25
BDA5
BDE1
3D01
BBD5
3D33
BD51
3CA2
3CBE
BD31
3D3F
3C76
BDA8
BBD6
3C93
BB97
3D45
BB7F
BD2C
3DBC
BCD3
BD69
3D0F
BB81
BD0A
3BC3
BB5F
3B51
3C4A
BC29
3BFD
3C10
3C92
3C40
BAC8
BCB0
3D07
3A3E
BBA1
BD55
BCBA
3C94
3A8B
3C1E
3CC4
BCE1
3C08
BB95
BD28
BC1E
3B1E
3D52
BCBE
3C98
BC53
BCAC
3CFA
BD31
BD08
3BD8
3C16
BC08
3B7A
BC14
3C1C
BC81
BC63
3D1E
BD17
3D01
BD45
BCC8
3D3C
BAD3
3C9A
3D4D
3C87
3CFF
3BC6
BC67
3CC9
BC1E
3BE6
BC63
BABE
3ACD
3A83
3CC2
3BFE
3B96
BCBC
3C9C
BC0A
BC8C
3CA6
BC15
BCA6
BA85
3A09
BD68
3D20
BC0A
BCCB
3B8E
3C75
3D26
3C10
BCCC
BC81
BC01
3D1F
3CDC
BD41
BD0B
3D02
3D5F
BC3E
BC9D
BD3D
3CD8
3C92
3BCA
3C7B
3D07
3C49
BD14
BD10
3CCC
BCE0
3C56
3D08
BC93
BBA5
3B9D
BC17
3C36
3C16
BBBB
BD90
3D43
3DAD
3C63
3D05
3D2C
BD11
BCAC
BB60
BD42
BD03
3D1D
3CFE
BC74
BD6A
BAED
3CC4
3B84
3996
BBA5
3C8D
BC4C
3CBD
BCA6
3B4F
BC4C
BC6C
3D02
BC99
BC5A
BC1D
3C77
39A5
BBE2
BCBE
3C64
BBD4
BDA0
BA86
3C6D
3C6F
BC3E
3D60
3C8A
BCEB
BB90
3B5E
3D74
BD99
3C12
BD3C
3953
BC36
BC5A
3D06
BD1F
BCB5
3D63
BCC2
BD20
3CEA
3B43
BA40
BC35
BCCD
BD30
BA81
BC0D
BC6E
BD5D
BBCD
BBF8
BCE1
3C75
BCEE
BCB1
3CDC
BC16
3D0E
BBFB
3C5E
3D8B
3D61
BA99
BD59
BC39
BCFF
3C7A
3CD5
3C55
3D52
3B06
3CCF
BC62
BD37
BB49
3BA7
3C99
38B0
3CD8
BC1E
BCEF
BCCE
BD53
3B8D
3CF4
3C49
3D0C
BD18
BCF0
3C88
BCF5
3C96
BD82
3CF7
BD20
BD08
3D09
BD2B
BD0F
BD01
BD22
BD13
3C0A
BC33
3A03
BC02
3D23
3CDA
3C9E
3BAD
3D0B
BCFA
BC41
BC12
BD82
BD46
BD42
BCBC
BACC
3CA5
BCB8
3ADB
3C73
BC49
B8EF
BC36
BB00
3B0B
3CA6
BCC2
BB3C
3CCD
3B88
B9FD
BCA8
3CC4
3CE0
BBE8
BCA5
BA17
BC93
3C90
3CFC
BBE1
BBE1
BD06
3D11
3CFE
BD81
BD3A
BC99
3C76
3D35
BD28
BD62
3D42
BC70
BBD9
3B28
3C07
3D2D
3C75
3D5B
3D10
BC3D
BC2D
BCB2
BBE3
3BFD
BCAD
3AA2
BD28
BD43
3C80
3C8D
BB66
3C63
3C86
3A1A
BB85
3CA8
BC04
BC76
3D18
BBDD
BBA5
BB20
3D08
BC61
3CC9
3C1F
BBED
3CD2
3C27
3C88
3C15
BCC4
BC5C
BD1E
3B7B
BC8E
BD15
BD3F
3C1F
3CC1
3B9E
BD44
3BE3
BCFF
3CFE
3C0A
3C74
BD10
BC8E
3D30
BC17
3CB5
BCB5
BB0A
BD3A
3D25
BCFB
3D1B
3D35
3C03
3D1E
BB97
BD36
3D83
3B49
BD32
BC6C
3C3F
BB5D
3C60
3D45
3D30
BC09
BD29
39D5
3B6E
3C40
3D79
3C2F
BAFF
39A9
BC3E
3D07
BD10
3CAB
3D03
BB32
BC5C
BBF5
BD65
BC8E
3CA9
BCE3
BCFA
3C24
3A11
3C40
BCA0
BBCE
BC79
BC6A
B986
3B92
BC05
3D48
3C86
BCCA
BC64
BC6F
3D1A
BD12
3C0E
BD2A
BC84
3D74
3B36
BC81
BCF8
BC60
3C4D
3C52
3D07
3CEE
3BF1
3C11
3D18
3CDF
BD33
3CF0
3AE9
3D7B
39AB
BD69
3C7D
BDAB
BD9C
3D32
3C95
BB9A
3C02
3D06
BDA0
BC7C
BB25
BD23
BC1C
BC97
3CD5
3CB2
BC6A
BC0E
BC96
BD78
BD11
3D41
3CE3
BD0F
3D07
B9B4
BD62
BAFE
BCA9
BB80
BC7E
3B26
3BAC
3CAE
BBBA
3CD4
BC5F
3D66
BCC5
BBA9
3C84
BD1B
BB8A
3CB2
3D22
3BA2
3C8D
BBE6
BC03
BB31
3D56
BCDD
3C63
3C20
BCA8
BDC0
3C9B
3C91
3D01
BC4C
BC58
BAEC
BCA8
BD0D
3D36
3CBB
3C3E
BCDE
BD49
BCFA
BD23
3B2C
BCCD
3D10
3C16
3C41
BD1F
3CC8
B960
BBB9
3CE7
BC3D
BC9F
3C80
3BA3
3C6A
3BB0
3D1C
BC81
3CEE
BBBD
BC96
3C82
BCF9
BC81
3C8D
3B4F
3D09
BD25
BCC1
3BBF
3CB3
3C88
3C91
3992
BD10
3C50
3D8D
BD04
BD1F
BAD5
3C60
3CA2
3D2D
3B99
3C71
BB49
BC47
BC11
BC14
BCB2
3B01
BD65
3CAB
BC8E
3CA4
3C06
BCA8
3BAA
3C3B
BD43
3C28
39D9
3D36
BC4C
3BA6
BCED
3D23
BC8C
BCF0
BBE1
BD17
3B94
3CBA
3D0B
3CAD
BB39
BC02
BCCE
BBC8
3CB2
BC78
BC26
BC38
3C0B
3C98
BCEA
BCE5
BC25
3BD7
3C19
BB6B
3CF3
3C4A
BCA4
3C31
BA8C
3B22
BD61
3B87
BCBD
3A6D
3C07
BD2B
BB9D
BD14
3CEF
BBBD
BD78
BCB8
BB95
BC1E
3D16
3D0C
3D58
39B6
BD07
3C7F
BAC1
3D47
BD45
BD2F
3D0D
3CFD
BDAD
3C2A
BBF5
BD8D
BD36
BCDA
BCDA
3CB6
BD6A
3D6C
BD20
3D05
BCF9
3B0A
3ADF
3B96
BBC6
BB96
3D04
3CA3
BC76
3BEF
3D14
BC34
BCEF
3CFF
3CB5
3D1D
3A28
BC07
3C3F
3B47
BC15
BD24
3816
3BEF
BBB4
3CE5
BC4D
BD1F
BCC2
3CB8
3D71
BCB3
BC07
BC84
3CB9
3E05
3CCD
BD85
3D8F
3D7A
BC6D
BD9F
BC8D
BBD5
BD0D
BCA4
BD0F
BC50
3D16
3D01
BD89
BB83
BD44
BBBF
BCE4
BCB5
BBDE
BD00
3D0E
3D89
3C02
BD02
3C1C
BA88
3C51
3C7D
3B56
3CAB
BAE5
3CCD
3C9B
BCE8
BCA0
3C5E
BC8C
3C98
BB68
3C7E
3B5F
3BEC
3CC4
BCCA
3C90
3C18
3C31
BD08
BC50
3B91
BCAA
3CAE
BC0B
3CFE
BD3A
3AEA
3B2D
BC17
BDA4
BCF2
3CA0
3CD4
BC28
3C19
BD04
BD03
BD4E
3D2B
BB7E
BD8D
BB19
BCE5
3D1E
3D2B
3C6A
BD53
3C67
3CB3
BDBB
BD20
3CE5
BCF9
BCB6
3D7F
3CB2
BBB8
BD01
3CF0
BBE6
3CE8
3CF7
3CC9
3D20
BD23
BC90
BCC7
3C61
3D74
BCD3
3B3F
3D19
BCA6
BDA0
3CF4
3D06
BCF9
BD46
BBA5
BB8C
BC26
3BF0
BD33
BD3A
3CAB
BD1D
BD8B
BBDD
BB12
3C39
BC8E
3CDD
BCB2
BCA7
BBB1
BC66
3CA7
3D05
3D5C
BDA0
BD8C
BC33
3C91
3D1A
3CB2
3B42
BB31
3C1D
BCFD
BD33
BBE7
3C7D
3D12
3CCA
3CA8
3BFF
BBE2
3C37
3CE6
BBCE
3C05
BC30
BC16
3D80
BD7E
3D3A
3D6B
3BAE
383A
3B99
3C04
BCB4
BC85
BCA7
BD22
BD04
3C94
3BB7
BC76
3D2D
3BAC
3D0C
3CB9
3BEE
BBA9
BD3F
BCCD
3CB4
3CF8
3B91
BD18
3B8C
3A40
3CE8
3D34
BBF7
BBC9
3D96
BB18
BBBD
3D07
3C2C
BC81
BC1F
BC4F
3D4F
BCC4
3DC7
3D8F
3C89
3CC3
BC9B
3B16
BD80
BC47
3D70
BCC3
3CA5
BC82
BD03
3C84
3CD7
BD65
BD54
3C79
BCAD
BB54
3D33
BD06
3CBC
3CBC
3C37
BC6F
BC9F
BC64
3C2C
BB05
BBFD
BCBD
BB46
BB56
BB07
3CFC
BBFC
BCD8
BD14
BB08
BC69
3BF8
3A6B
BBAA
BCF7
3CC8
BAD1
BC90
BD20
3C23
3D08
3C88
3D29
BB82
BD02
3CEF
BC64
3D4F
39B7
BB94
BD30
BC8A
BCC5
BD17
BCFE
BD06
BC64
BCE5
BB82
BAAA
3D04
BD06
BD5E
BCD3
BB9E
3C50
3D2C
3CED
BCA8
3CB3
3BCC
BC94
3C9E
3D8C
BB48
BCED
BA83
3BC3
3B67
BC62
BD40
BC05
BCE4
3CB2
3C4B
BB55
BCB1
BC6C
BD17
BC90
BBA9
BB9C
3C81
BC92
3C97
BC4E
3CEB
B843
3B89
3BC9
3C8A
BCBC
BD1B
3B79
BB98
3B5E
3A00
3CD8
3CF0
BCA1
3C36
3C8D
BD42
3BE4
BCAF
BCE6
3D5B
3D17
3D32
3C1B
BCAF
BA1F
36C1
BD3E
BCC4
BC9E
BBCC
3C92
BC0F
3C37
BCD5
3B8D
3C80
BCA1
3D0A
3B7E
BC0C
3BCD
BD13
BCF2
3D01
3CF5
BB88
3C06
3C33
BC7C
BC9D
BD00
3CFA
BA84
BC11
3C7B
BC1C
3BA9
BC2A
BC7D
BC23
BB07
3D31
3BF4
BB6F
BCE9
BCB2
3BFB
3B4D
BCAD
3A1D
BC19
3D76
3C4E
BBCE
3D8E
3C34
3CDD
BCCA
3C5E
BCEF
BD03
BCDB
BCA8
BC91
BD2D
BC17
BC1E
BCF0
BB9C
3C9B
BCCE
BB99
BD0E
BCB9
BD74
BC97
3CB8
3BF6
BC1F
BBCF
BBB4
BD30
3D00
BC26
BC0E
3CDF
BC8C
BB07
BC74
BC98
BC9A
3C4F
BC87
3C22
3D02
3BEC
BCA3
3C23
BC7F
BC5C
BB69
BB75
BC89
BC2D
3C1C
3B85
3C0A
3C32
3C63
3C43
3C98
BB68
BA4C
BCE4
BCE7
BCDB
BCF2
3ACE
3D4C
3C9E
3D6B
BCA7
BCB4
BD10
3C04
3C32
3B34
BCCC
3D9E
3CEA
3C2B
BD3B
3CCA
3C89
3BDD
BD23
BD98
3CEB
3C5F
BDC7
BE08
BD00
BC9F
BC53
39C6
BC31
3CF1
BC90
3D18
BC93
BBB1
BC07
BCCB
BD10
3CA8
3BC7
BAEF
3C15
BC41
3D01
BC20
BB7A
3C9E
BC92
BCE2
BCD4
BC55
BAF2
3B78
3D6A
BB1C
BB6D
BCAF
BD15
3AC4
3C81
BAD5
BC4C
3B9A
3D11
3C90
BB9A
BC58
3C3A
BB06
3D4C
BC05
3C43
BD27
3BC5
3BB7
BC42
BC5B
BD1A
BD2D
3CF5
BCAC
BA78
3C38
3B2C
3C2D
BD25
3C54
3B26
3BA0
3D30
BC60
BCF2
3CCF
BCB1
BD1F
3C1F
3D61
BD50
3C8A
BC88
BCE2
BC20
BD33
3B36
BBA6
3CA9
BB43
BBC8
3C07
BACE
BCD8
3AAF
3BED
BCA9
BC94
BC1C
BC17
3BD0
BC20
3C8E
3B4D
3C54
3B39
3D69
3C93
3A38
3CFB
BC67
BBE0
BD02
BD4B
3B77
BAE4
3952
3C68
3C22
3CBF
BC5E
BC80
3CFE
BBA3
BDA2
BCEC
BBA7
BC7F
BCD5
BD87
3CBF
BAA2
BCBB
3CEA
3D48
3D8B
3C97
3C0F
3C26
3C8B
3C13
BC2F
BAB4
BCC9
3CAD
3BDC
3C8E
3C76
BCC1
3CBB
3C13
3C2A
3BA9
3C42
3BFE
BB92
BC21
3D11
BC41
BC53
3BAB
38D7
3C62
3BA8
3BE3
BBB3
BCBB
BD33
393D
3C9D
B954
3CA4
BB49
3CBD
3C03
3D4C
BD2A
BC97
BB1D
3CDA
3984
3D08
BB25
BD5B
3BF8
3A98
3CC9
3D18
3B9E
3D06
3C57
3C4B
BCC3
BC80
3C18
3AA0
3D5D
3C17
3D09
3BA7
3B73
3CC8
3D1A
BC6E
3B36
3CC5
3B27
3C96
BA7C
BB19
BC99
BCBA
BC9B
3C34
3CC2
3C78
3D18
BCE8
BB78
3A29
BD49
3BD3
3D60
BD1A
BB87
3BB1
3BC3
BA53
BC04
BC2A
3C4F
3B0D
BC98
BCE2
3D12
3C5F
3C55
3D24
3B0E
BCE0
BC3E
3CD3
3C2D
3BED
3C46
BD24
BD7A
BC58
3C63
3C2E
3C68
3C90
BC8D
3C98
BC0A
3C62
BCC3
3C10
3CE1
3C05
BAE1
BC30
BB81
BDC7
3C53
BC5D
BCB3
3B8E
BD2F
BC8A
3D54
3C1A
BB0E
3D39
3AB3
BD61
BC29
BD03
3C79
BD26
BA86
BC34
BC8B
3C32
BCE1
3C04
3CC3
BCB1
3C4A
BCDA
3C84
3B1A
39FC
BC93
BC8F
3CD8
BC11
3C5F
3CE5
3D03
3BD9
BC89
3CF7
3C50
BCE8
3C4D
3CFE
3CAA
BD32
BD5A
3CA1
3B99
3D82
3D4E
BCAD
BCE7
3C06
BAE7
BC15
3CA2
3C2A
3C71
3D3F
BB3D
3A81
BD28
BD08
BC35
3D45
BB81
BCBA
BBBB
BCF0
BCB3
3D00
B989
3C0C
3B09
3C99
3C90
3CA6
BD5B
3C47
BB13
B9FD
BC11
3BDD
3CC2
3A50
BA39
BCE0
BAFC
3B13
BD07
BCCD
3C5E
3B03
BCC9
3AAD
3C3E
BB1B
BCAC
BCF8
3CE7
3C76
BC91
BCD3
3D04
3BD8
BCCD
BC55
BBE8
3A83
3C54
BC24
BCE8
B918
BC13
BC79
3C55
BBDF
BD28
3D54
3B1C
3D3F
3CC5
3C63
BCC8
BD12
3CAB
BCB9
3CA0
3B77
3C32
BC4C
3CDB
3C86
BC41
3C35
BC79
BD4E
39CF
3D36
3B28
BB9E
BC92
B9AB
BD98
BD69
BB80
3B16
3C5D
BD44
3C76
BC60
BD09
BA28
BD44
3C01
BC4D
3D75
BC0F
3C8E
BD03
BCC8
B9BE
BD66
3CC0
BC0C
3C25
BCF1
3CC5
3A1B
3D58
BBE3
3D1F
BC83
BD89
BBAE
3CE2
BCFE
BCD9
3D02
3D82
3CAE
3C13
3CCF
3D44
BCDC
3CB6
BD02
BC9A
3D85
BD50
BC74
3D23
3D4C
BC0C
3D18
3D33
BD2F
3CB9
BCCA
BD0D
BCDB
3C27
3C94
3BF8
BD1D
BD12
3DC1
3C4A
3C90
B99C
3C4C
BB0F
3D75
3C7C
3CF5
3D06
BBE4
3D19
BCE2
BC3F
BD27
BB93
3D40
3C80
BC8F
BBCF
BD01
BBCB
3C8A
3CA5
BD14
BC2F
BB39
BDB9
3C81
3C32
3BC4
3BEA
BCE0
BBA7
3BC0
3BE9
3D82
BD52
BC6E
BC78
3CDF
3D7D
3D21
3DA1
3C83
BC67
BB0D
3D11
3B96
BCC7
BD18
BCA0
BCEE
3CB4
BD58
3C87
BD4B
3C52
3BF9
BD23
3CF6
BBF5
BBEB
3B9C
3C83
BB8B
BC5C
3C93
BBED
BC61
3B0D
BCEA
BC16
BA92
3C17
BD82
BBA3
3B2F
3C97
BD65
3AAE
BC90
BD0E
BBF4
39CD
3C8E
BC21
3D0C
BC32
3CFF
3C44
BD0A
BC3E
BCA5
3DCD
BCD5
BCEC
BCFC
3BD9
BCD6
3CE0
3D7D
3B88
BD00
BC9C
BC54
BAB9
3BE3
BC73
BCC8
3C02
3D91
BD52
3CB4
BD1E
BD3D
3C83
3B38
3B9F
3CBB
BD41
BDD6
BCFF
BA3D
BCB3
3C85
BC86
BCF8
3CA3
3A79
BBAC
3BB0
BD18
BC33
BBC9
3B5C
3BED
39D9
3C4E
3CB7
3C04
BD20
BB55
BD03
3C23
BCDB
3CEE
BD62
BCD7
BBE3
3CFD
3C9F
3C91
BCCC
BBD9
3C2E
3C48
BCD5
3C14
BC91
BD5A
3CC9
3993
3C15
3B03
3D6C
3C0E
BD11
BC55
3D1C
BCB7
3B82
BCB4
3C08
3D2B
BB0F
3BCB
BCFC
BC94
BD6D
BD0E
BCA2
3BF5
3C50
BD10
3D50
3D18
BA13
BD13
3CB8
BC2A
BC0A
BD04
BC8A
3D26
3B88
3AA3
3BD9
3C35
BC1E
3C77
BCF3
BD04
3CBD
BB88
BC4A
BD22
3C7C
BC00
BD2C
3CB0
BC7C
3D8E
3CC6
3D33
BC2A
BCDA
BD45
BCE6
BD16
3D0B
BD05
3C90
BB90
3B4F
3CAD
BC5E
BCA4
3D00
3D34
3D3B
3C91
BCC9
3C3E
3CB2
3C1E
3B7B
BC4E
BCDF
3D21
BCF5
BC11
BCA0
3CB7
BC5D
BB92
3C34
BC60
3BD8
3C3B
3D0A
BCA0
3C1A
BC82
3CCA
BCA3
BDBA
BD2B
3CF1
3D0D
BBFE
3D01
BC92
BD24
BC29
BC9E
3C97
BCBD
BBF5
3C96
BAEC
3D0F
3C17
BD0E
BA41
3CA9
BC82
3C9C
3CEE
BD2E
BC68
3BF8
3D70
3D55
BA0E
BD0A
3CAB
BCE2
3D4A
BCF2
3D15
3D28
BC80
3CDF
3D34
BCB3
3D06
BBC6
BD1E
3CAA
BD1E
BB80
3C5E
3C3F
BD02
3C8D
BCC1
3C47
3C13
BCFD
3C70
3BD5
3C62
3C37
BB0C
BAEE
BBA1
BC52
3BED
BC08
BA1C
3C45
BD16
BD08
BCBB
BC33
BD2E
3BE5
3D3B
BCCA
3C8E
3B15
3C9C
3C6C
BD26
BBE9
BC86
3D68
3CD5
BC1E
BBF8
3D73
3B20
BB7D
BDA3
BC93
3D13
3CC1
3CE7
BD17
3D0E
3D90
3CE0
BC71
3D25
3D04
3CA5
BD8B
3CB3
3D2C
BD3F
3C17
3C86
BD12
3CAD
BCA2
BD13
BD25
BD6A
3D02
3D0E
BC9A
3C87
3BB9
3C69
3D1C
BC40
3CDA
BBDF
BC27
3C66
3C6C
BBFF
BD0D
3AFF
BD06
BCBB
3C9D
3D0E
3C6D
BD23
3CF0
BD1B
BC9A
BCA1
BC47
BD55
BD69
BB52
BB83
3CFD
3D46
BCB2
BCBE
BCC4
3D0D
BC98
BCD3
BD03
3CB5
3C35
BCF9
3CA1
BD52
3C19
BC45
3D8B
BD1B
3D28
3D0D
3CAF
3D6A
3C69
BD95
3D12
3CD0
BC81
3BCD
3C95
BD3C
BCDE
BCDD
BD1F
BD1B
3B47
3AFD
BB8A
3D4B
3C0E
3CFC
3CA4
3B88
BD21
3D09
BC26
BD83
3B14
BD17
BC96
BC67
3D10
3D2B
BC0E
3D5C
BA8F
BD08
BC99
3C6C
3BB2
3BC8
BC0A
BB71
BBD5
3B44
3BD4
BC98
3C1F
BBD5
3BC2
3C69
BC74
BCEC
B6CC
BC40
BCAB
3CBF
BC7D
BB94
3CCE
3A53
3C10
3D79
BCDD
BD0C
39A7
BC49
3C3D
3D23
B960
3D2A
BCC7
3BF4
BC9B
3D11
3BB2
3DAC
BACC
3C39
3B69
B3AC
BBE8
3C04
3C82
3D08
BD3C
BCE7
3C80
BD0F
3CB0
3D26
3D67
BCC5
BC53
3BCA
BC8B
3A8E
BD38
BC17
BCE0
3B86
3D28
3CBD
3CD0
3C5C
3CE4
3BB3
3C87
3C8C
BCCD
3A0A
3D43
3D09
3C4E
BC54
BB87
BD84
39B0
3B98
3BB8
BCD3
3D0E
BD14
3CC9
3CDF
3CD9
BCE9
BA88
BA70
3C5B
BC75
3CEE
3CA6
3C1F
3CFE
3C7A
3D5D
3BD0
BCE8
3C04
BBCE
BD96
BB82
3D12
BCE6
BCC5
3C1F
BC9A
3CBF
BD43
3C91
3CEB
BC5F
3BAC
3CD0
3D30
BCDB
BD1F
BB8A
3CC3
3CCE
BB92
3CFF
3CC6
BC3A
BCDE
3BCA
3B9D
3C02
BB15
3C6C
3C97
BCC4
BB17
BD6E
BC9E
BCD2
3BE9
BBB8
BC72
3D34
3C11
BD1C
3D1F
BCBB
BCCE
BC68
3E00
3D19
BBCE
BD60
BD03
BCBA
BC1B
3C14
BC9B
BD81
BCE4
3C3A
3C85
3C5F
3CA3
BD06
BC81
3CF0
3A41
BD1D
BD54
BC7A
BC34
BD1A
3B53
BCF9
3C8F
3CE4
3D68
BD9C
3D33
3CC7
3D1B
3D79
BC18
3C88
3BA7
BD31
BB8D
39F2
BD0F
3C60
3D40
3BA5
3CAD
3C82
3D22
3AC0
BCAC
3CB7
BC71
BC9B
3C0A
3C3B
3B78
3B58
3C2D
3C9C
3C19
3A05
BC08
3D8C
3B2D
3D0A
3BBE
BD70
3CFB
3D5C
BC63
BC1C
BD5C
3A90
3CCC
BC3D
3BE2
BBB8
BCDA
BD79
BD92
BBEB
3D12
3C4B
3BC5
BDC4
BC48
3C43
3BBE
BC9A
BB5A
BCDB
3D91
BC56
BCD8
3C4B
BCFF
BD14
3D30
BD1E
BD26
BC5F
BC2F
BC25
BC88
3C84
BC8E
3C97
BB46
3BD3
3BDA
BC4E
BD03
BC6F
3C7E
3CAF
3C2B
3CC7
3C9C
3BEB
BCA4
BC15
BA44
BCD1
BBF7
B870
3B2D
3CDE
3BFD
3D1C
3D66
3CE1
BB0B
3C4D
BD75
BD36
BCE5
BC38
3C50
3D2A
3BCF
BB80
3CD6
BCFD
BCF9
BB6B
3D0A
BC8E
3D18
BC85
3D0F
3C82
3C43
3C46
3C1C
BCF2
3C29
3D2E
BC07
BCFB
3D1F
3D6D
3D14
BC98
BBB7
BC7D
BD71
BA37
3D0A
BCD0
3B30
3D02
BCE9
3C90
BCC4
BC6D
BCD0
3B19
3D0E
3BE8
3C2D
3CC8
BC64
3C6E
3CDB
BC9E
BCEC
BBD5
3C1D
3C81
3D01
BC50
3C85
BBF9
3D01
3D36
39CD
BCEF
3B94
3A6A
3CC9
3CAF
3D22
3DB7
B990
3D0F
BBD8
3D01
3B5B
3D29
BD8D
BD2C
3CCC
3CDC
BCA8
3D9E
3D2D
3D40
3D12
3C7E
3B29
BCA6
3AF5
BD2A
BB64
3CB8
BBFE
3AB4
BB42
3C20
3D2B
3CA8
BC45
BC96
3C91
3B9D
BCC7
3BE2
3BF5
BC10
3CDE
3CE2
BCC1
BC0D
BC08
3D11
BBAB
BC62
3DA6
BC44
BC16
3A8F
BD6F
BCBE
3B8E
3C6B
3BFA
BD66
3C3A
BD86
BC41
3D50
BC8C
BCA6
3C15
BA40
3BD2
BB9F
3C9F
3D19
3D46
BBD3
BD1F
BC61
3C50
3CC2
3D2B
3CB8
3C92
BD19
3C39
3CA9
BC81
3BE9
BD3D
3C85
BAC8
BCD6
BBA5
BB34
BC5A
BD36
BD6D
BD0C
BCF2
3CB7
BC6A
3C1B
BD97
3AF0
3B0B
BC0D
BC50
BC18
3C7A
BC7A
3C5A
BC27
3CF3
3CFB
3C16
BC99
3A8A
3CF3
BCB8
3C25
BB4F
3B02
BCD3
BC60
3CCF
BCAD
3C3C
3C67
BCB0
BC92
3C70
3C3A
3CC5
3AEB
3C5D
3C8E
B9B6
3D42
3A2B
3C18
BC85
BD06
BCEF
BC4F
3B38
BCB2
3BF5
3CA7
3C6B
3C2A
3CCC
3D2A
BC08
3C23
3D0A
3B2A
3C49
BD24
BD0C
3CC4
3C1F
3CAD
3D1C
BC04
BCE8
BC89
3C99
BBCC
3CA5
BC51
3AED
B996
3CF9
3C39
BCAD
BC18
3A9A
BB38
3BE4
3AFA
3D6C
3B3A
BCBF
3C3F
BD69
BB34
B8E4
BDA5
3B87
BC22
3D4D
BD33
3CB9
3CFE
3C81
BB9A
3C1D
3CCA
BACF
383C
3B9A
3D55
3CAF
3CD6
BD28
3D30
3D3C
3D36
3D0D
BC96
BD5B
BCFF
388B
BC6D
BD48
BD2F
BC3C
3BC9
3B42
3CB6
BC3D
BC96
3BC8
BD30
BC09
BB57
3C64
39B3
BC25
3D66
BD04
BB61
BA84
BBEC
BBB5
BB2D
BCCD
BCD9
BD0F
BC82
3C0D
3C7B
BCBB
BC9F
BABD
3CFC
3D09
3C99
BB8D
3D13
BD2C
BCDD
3B09
BC67
3C1C
3CE8
3D35
BC7D
3C49
3C77
BC4A
BDB8
BABE
BB9D
BD4E
BBB3
BD06
3AF5
BBC1
3D7D
BCD3
3CFE
3D5F
BD17
3CC3
3D15
3CD3
BB3F
BCD2
3BA9
3D3D
BD0C
3D38
3C5A
BB98
BCFB
BCE6
BB5A
3ADC
3CB3
3D76
3D40
3C97
3CA8
3CFB
BC98
BD02
3D6B
BD05
3D10
BCF9
BC57
3BC8
3CEB
BB93
BCF1
BC3F
BB97
3D3F
BD23
BC65
3C61
3C03
BCA0
3D57
BCBC
BBD2
BD71
BCC5
BD83
BC42
3D4D
BD12
BCE7
BC62
3C92
3ABD
BCD4
3D59
BD7D
3C82
BDCE
BCF6
3D02
BAED
3D96
3D52
BD4F
BDA5
3C4C
BD85
BD40
BBE7
3BD7
3D12
BD48
3D43
BC49
BC44
3BFB
3D2D
BCE1
BD05
BB84
3B06
3BBD
BD0C
BC64
BD88
BD3A
BCC5
BC92
3A45
BCA7
3CE5
3B5D
3B79
3C9A
3C2D
3C62
3BDD
3D1B
BB0C
3B4C
BD3C
BC82
3D0F
BBC5
3BA1
3C8C
3C75
3D8F
BCAB
3C8C
BC69
3C83
BC05
BB73
BCAC
BD7A
3D78
BD5A
BDCC
BD39
BBC7
3B36
BD6A
3DE1
3D8A
BC83
3D23
3CB3
3C3F
BAE4
3D84
BDC5
BD22
BD1C
BDFC
3C24
3DA2
3B96
BD40
BC04
BC1C
BAE9
3CE6
3BEB
BAEE
BA5D
3D42
3B91
39E6
3B84
BCAF
BBF6
BC52
3C90
BD1E
BCC5
3C46
3D0D
BC4A
BD15
3B73
3AF4
BDE3
BD43
3B58
BCA9
3D07
BA85
BC0F
3902
BBF7
3CCA
BAB1
BD5D
3CB2
BD08
BCB1
BCEA
BC99
BC7F
BD17
BCB4
BD0B
BD0F
BCA6
BBC2
3D13
BCB7
BD0C
BD00
BD1B
BC32
BD60
BD3C
BD81
BBD0
BD40
BCBB
3C17
BD5F
BCBD
3D9A
BD07
BBC6
BBDE
BBD4
BD35
BBA7
3BCA
3CCA
BC81
BD11
3CE4
BCBD
BD1C
B98E
BB08
BD26
3C33
3C12
BC62
3BE1
39B6
BD15
BD0D
BC1D
BA87
BC6F
BD09
3CCC
BD0D
BCC1
3C40
BD16
3C3B
3B94
BC30
3C8F
3D23
3BEB
BBDB
BBC5
BB80
BD21
BD24
BD1A
BDC4
BD2E
BD8A
BD27
BCBF
3CB9
3D0E
BBE5
3DA0
3D83
3BDD
BCD1
3C4F
BD99
3C4F
3B7E
BD4D
BBDE
BD1F
BD5E
BCD2
3C83
3C17
BB82
BBDC
3D0C
3DCF
3D90
BD20
3D00
3D9E
BAF6
BC1E
3D7D
3B47
3D56
BC22
3CED
3C3A
BB38
BC83
BCAD
3C58
BC8F
3D3B
BD85
3CC2
BBD0
BD17
BD3E
BC41
BCF2
3C2D
BC23
3CE5
3D55
3C17
3D6D
BD8A
BD15
3D06
3CE2
3D0F
3D1A
3AEE
BCCD
BD51
BCBF
3B29
3CE6
BCD8
3D24
3C23
BCD2
3C86
3D06
3C65
3C28
3D8D
3A3F
3CD4
3D5A
3D41
3BCA
BD09
BC93
3C6C
3D8D
BD30
3DA0
3CA8
BCF1
3B79
BC8D
3B9F
3CD8
BC12
3D47
3C15
3CB9
3D48
BD20
3BED
3CD6
BD23
BD4E
BCBB
3D05
3B82
BCCA
3CC9
3D35
BC84
BC8A
3D61
BD3F
3C3A
BD02
3D6B
BCF2
3D8C
BC7D
3C66
3CA9
BBB5
3D05
3C47
3C8B
3D47
BB5D
BAE3
3CA9
BC3B
3B4C
3B2F
3CF0
BC3A
3C43
BC2A
3C8A
3CA9
3C3D
3A18
BC9A
BB85
BC92
BBC9
BC81
3D13
BBF7
BD31
3C98
3D1B
BC86
3D01
3CC5
3D3D
3C83
3C8A
BCD1
3C13
3C82
BD0F
3C7D
3B39
BC7C
BB26
BC82
3D11
BD38
BCF6
BC3F
BBD3
BD08
BCD5
3D4B
3D9E
3CA3
3C84
BCF7
BC5F
BCBE
BD1C
BCC7
BB83
3CF3
BC17
3A80
3C89
3C86
BCD6
BBD7
3DBE
BC93
3C8E
BD5F
BD02
3D3D
BC12
3CC8
3D67
BCAE
3C7D
3B6C
BD6E
BB6C
BC98
BD82
3C94
3D77
BBCC
3C2F
BCD7
BC95
BC42
BCA0
3CA4
3D2C
3D2A
BC6C
BD55
3C15
3B62
BD37
3CBF
BCA2
3D11
3B8A
3CA6
3CEB
BBED
BB60
BD02
BC36
3D15
BC13
3D77
BC93
3C9B
BC44
3C6C
BD08
BCD6
BD4E
3D09
3C4B
BD11
BCFB
3C61
3CA7
BBC2
BB2E
3CE3
3C3E
BBA9
BC8E
BCB2
BC9A
BD95
BD3E
BC39
3BA5
BC63
3D19
3D35
3D90
3CBB
3D2A
3D83
BCB2
BD83
BD05
3B96
BD82
3D7C
BCAB
3DA8
BC4B
BD19
3CE8
3CA7
BB87
BB26
BB92
3CB9
BA84
BB68
BCB8
BCC6
3D01
BCE8
391A
BCAF
3435
3D73
BCF6
3CAC
BCD7
BCF0
BC3D
3C89
3D2B
BCBD
3CA6
3D6B
BBD1
3D81
3C78
3CC4
3CA4
BC0D
3DB9
BB74
3C8E
BC6E
BC51
3B3C
BCDA
3C6B
3B88
BCAF
BD03
3D40
BD0B
3CF1
BCB2
3CD3
BDB9
BD36
3C49
BCC6
3C7D
3CCF
BD20
BBDC
3CA0
3CBD
BB59
BD50
BBD4
BCA2
BD0A
BB89
BC5A
3D5D
3BAB
3D30
BBC9
BC0C
3C90
BCF1
BD06
BC04
3C07
3CA7
3C30
3CF7
BB1E
BC2B
BC3A
BCB2
BBC9
3D2B
BC1D
BC93
3C75
3D54
BCAF
BCE1
BCB2
BCEB
3CEB
3CA3
3C89
BC02
BB02
3C36
BBAE
3C8F
3CA0
3CDF
3BA7
3CC4
BB46
BC7E
BC7F
3CDE
3CAD
3D36
3B89
BC48
BD83
3CB4
3D04
BA06
3BB3
3818
3D0A
3D31
B965
3CED
3CB1
BB2B
BCB5
3A6A
BCED
3BA7
3C3A
3B05
3CAD
3CB7
BC69
3B61
3CBF
3C90
3C50
3B62
3BE0
BC9D
3C52
BC2F
3C30
BD16
3D20
3B36
BC2C
BB8F
3B2B
BB9E
BD6E
BBBA
3C5A
3C90
BD5C
3C2D
BCA4
BCC6
3D6D
3D5C
BD0F
BD1C
BC75
BB7D
3BE2
3BA2
BC3F
BCA3
BCEE
BCE9
3B90
BCE2
3D19
3CB6
BD92
BC58
BCB8
BC6B
BC07
3C84
3D62
3C6F
BC84
BC57
3BEF
3D01
3C4D
3CE6
3C0A
BC1E
BBC3
3C77
BD12
BC61
BD01
BCA9
3CC2
3C0A
3B56
BD0C
BCBE
BC96
BC8B
BB0C
BD40
BB7C
3C72
BCAF
3C58
3BB1
3C31
BC06
3BFE
BCE8
BD19
BCF2
BB4F
3B12
BC0E
BB77
3DA2
BCB5
3BFE
BC5B
BC5D
BD14
3D52
BCDC
BCC7
3CA0
3C2C
3CC8
3C5F
3BCE
BD31
3D57
BCEE
BC13
BCA4
3BFB
3C96
BC31
3D34
3C25
BD11
BCCC
BCF2
BC6F
BD49
3CE8
3C8A
BDD3
3CF8
BCD7
BC7E
BC28
BCAC
3B58
BD77
BD0C
BD0F
3A1F
3D6D
BD35
3D52
3C67
BCA8
3BE2
BC7A
3A3B
3C1A
3C1E
3CD0
BD36
3DA0
3CC3
3B3A
BCE0
BC8B
3D8F
BCD2
3D4C
BB35
BD3E
3D5C
3D0F
3C43
BD27
BDEF
BC9F
BD34
3D70
3D2E
3C0C
3CEF
3C82
3B0C
3C7E
BB1C
BC15
BC91
BB33
3CE4
B8F1
BC07
3D0E
BC9E
BBF8
BCB4
BD22
BBD3
BC8F
BD02
3C82
BCBA
3C90
3D15
3C88
BBDC
3BCD
BCA7
3C81
BC1E
BCE6
3CDD
3D6E
BC92
3DB2
3CB2
3CBA
3C99
BD33
BD26
BCDE
3D4E
3D02
3C81
3D1A
3CF0
BCD7
3CAE
3D13
3BEA
BD73
BC2B
3C6E
BB21
3D2B
3C27
BD1E
398F
3C08
3BDA
3CD0
BC1E
3C87
3C98
BD53
BB5A
BCD4
BC93
3C85
BC1B
BCFC
BC8E
BBCF
3CE8
3BB8
BAE8
BB57
3D1D
BC5D
3C1E
3C70
BD2A
BCAC
BC27
BC4F
BCC2
3CEA
3C29
BAAB
38D5
3BB6
BC94
BA7C
BCA2
BC8A
BC73
BB95
BAA4
BCBE
3D1D
3BF8
BC9A
3C2D
BCF9
3B98
3B57
3C3E
BC2C
BD2C
3D6D
3C72
3CDE
3CE3
3D63
3C95
3C20
BD74
3D8F
BC6F
3CC3
3C3E
3CE6
3B2F
3BDE
BD24
BCE6
BC0E
BC9C
3C99
3D8F
3D08
3AE0
3BFA
3D3A
3D0E
3D69
BD23
BD7C
3D4F
BD8F
BD89
3CDF
3DB8
3D26
3C03
3D7C
BD1D
BD7D
3CB1
3CC3
BD3F
3ACB
3C89
3BAA
3A6C
BC02
3C8A
BC1B
BB87
3D1E
3D2F
3B39
3D1A
B90E
BCD5
3A15
BD12
BCA8
BD02
BD00
3CD1
BD08
3D4B
3CB5
BD5D
BD2A
BCCA
3CC8
3B0F
3D18
BB35
3CDA
3D11
BD21
BBFD
BC42
BAB3
BC9A
BD8B
BC34
3CAD
3CC3
3DC3
BC3C
3CC4
3C94
3DB0
3D42
3610
3D5C
BBFB
3D81
BD4C
3D89
3D86
3D1F
BDBF
3D1A
3A32
3D14
3CC5
3C90
BD13
3C46
BC85
3D02
3CA7
BD68
BCBB
3A07
3C18
BD07
BC98
BCD0
BD62
3D1E
BD72
BC4A
3CCF
BDBA
3D43
3BDB
3D4A
3C18
BCF8
BD14
BCB0
3CAB
3D7C
3A97
BD36
3D91
3D32
BB4B
BD68
3CED
BD3C
BA83
3D12
BC4C
3D08
BB1F
BB3B
BD70
3DAE
3D58
3D09
3D13
3CDE
3CC0
3CBE
3D07
BD00
3C49
BBED
3CFF
3CC8
3C46
BBEE
3CDF
3CCC
3D4D
3C81
3C92
3D59
3CB0
BCD4
3CED
BD30
3C3C
BBA4
3C4A
3C57
BD15
3D2C
3B00
3C95
BD10
3B1C
3D11
BC97
3D6B
3D85
BCF4
3D4D
3CF3
BC98
BCF9
BCF4
3C32
BCCA
3D24
3D12
BD32
3BFE
3D50
3D65
BD5C
BCC6
3C71
3D18
BBEE
BD71
BD70
3D08
BBCF
3B58
BCF1
3CD0
3CD3
3CD1
BC93
BD5D
BD70
3D40
3D04
BB85
3D2C
3D6A
3CF0
BCE6
BAA1
BD18
BCB4
BA4D
BBF6
BC86
3DA0
3B75
3BE7
BC49
BBC9
3D65
BD11
3D3D
3BF1
BCC3
3CAA
3B5E
BA69
BB9F
BC1B
BD84
BD02
BBFB
BD0F
3CC5
BD1A
3D33
3D1A
3D44
B9EB
BC4E
3A73
3BB5
3C46
3C22
BC1D
3CA3
3BA2
3BCF
3C28
BD8E
3CE5
3CE9
3B3F
BBC2
BD14
3D0B
3C35
BB16
BD02
3D13
3CE9
3A83
BB39
BD58
3CA3
BD33
BB4F
BD83
3D95
BC58
3B41
3C0A
BD18
BCFF
3C1D
BC1F
BD60
3CDB
3CEC
3D08
3CCE
BCD6
BD11
BD84
3C9C
BCC2
BD13
BC8D
3B9F
3CD6
3A89
3D1D
BCD5
BCBE
3D3F
BC80
3D72
3D6F
BD03
3CBD
3D6A
BA6C
BCAC
BD60
3C7D
BBD4
3C85
3D1F
3A9B
BA37
3B99
B978
BD04
BB23
BC14
3C1A
BC20
BCD4
BCAD
BB82
3BCB
BCFB
3CB4
BBF0
BBC8
3C3F
BCC3
BDCE
3C46
BC4A
3C66
BBF9
BC12
3D24
3B4B
BB80
3CC9
3C8A
3CD3
BCC8
BD6A
BD8C
3CBA
BCCE
3C00
BC89
3CCF
BD4E
3CB4
3D22
BD8C
BCF0
BC91
BB07
BD67
BCCC
3C6F
3CD6
3D2F
BD55
3CB3
3C08
BD30
3C04
BBA0
3CC5
BA96
BC8E
3C5B
BC94
BBC1
3CC7
3AB9
BCED
3CFF
3C27
BC48
BC68
BC6F
BB62
3D2A
BAC4
BC6A
3CFE
BD4D
3C7B
3C9A
3CC5
3B6C
3BAF
3C37
3C0E
3CE9
BC93
3A38
BD59
3BAA
BC73
BD34
3D8A
BD5C
BCE5
BA55
3CC6
3D68
3D18
3C8C
BD83
3B98
3BDE
3B64
BCE4
BC05
BB61
3BD1
3D03
BCF9
3D54
3C28
3C98
3B6F
3C95
3C8C
3CC0
BB8D
3D09
3CAC
BC8E
3CA9
BCE8
3C9B
BC93
3D01
3C47
3D3F
3A84
3D32
3C40
3D05
BD31
BD61
BD04
3A69
BD3C
BC57
BC95
3B90
3C38
BC15
BCA8
BCC1
3B03
BBB6
3D0C
3BE0
BC04
BCAC
3B81
3CA0
3C08
BC03
B85C
BCEA
3CEF
3D71
3B80
3D30
BCFE
BD57
BCFF
3C77
BCA6
3B68
BBFD
3C09
BD35
BCD9
3D6E
BDA4
BD86
3CCF
3D11
BCB2
BD37
BD81
BC11
BA40
BD51
3CD2
3D21
BD12
3CCC
BB92
3D78
BD19
BB65
BD14
BC8C
BCE4
3D0B
BD4B
BBDD
3DA1
3CA6
BD8E
3CA3
3D57
3C38
3DB0
3D1C
BD1B
BCE5
3D02
BC9A
BD0D
3D38
3B18
3D65
BD45
3C8D
3D5B
BD8E
3D9B
3C54
3D24
BD2F
3BBF
3CE4
BC7E
BD6D
3D55
BA99
BD0C
3D22
3CBD
BDA8
3D96
BD89
BD8F
BD03
3CD0
BCA7
BCF7
B9CD
BDD3
3D30
BD37
3CC8
3CDD
3D0A
3D5B
BB18
3BA6
3C98
BC85
BD05
3CE2
BCA1
BCFA
BCEB
3D07
3D8D
3BA4
3B34
BD1B
BD93
3D24
BD2B
BD8D
BD96
BD91
3C5D
BD13
BD33
BD28
3D44
3A9D
B9FF
BD00
3D18
3D2A
3B26
BC5D
BD20
BC88
BBF5
3D22
3BD2
3DA9
3C9B
BD5A
BA45
3CBC
BDDB
BBED
BC9C
BD8E
BD9F
3D23
BDB9
3D91
BD31
3DA6
3C6A
BAED
3D14
3C63
BC95
3C1F
3CDF
B9C4
3A33
BCD6
3C92
BC5F
3D2D
BC03
3C8E
3CBD
BBD3
BC0F
3D12
3D0B
3B1C
BC7A
3C95
BC98
BC55
3C81
3D24
BD45
BC97
3D31
3D31
BCA6
BC8A
BC3D
3B26
3D2E
BCA0
BCCC
BD03
3D63
BD2E
BD19
BC10
3C75
BD01
3B41
BC79
3C57
3BC7
BC3C
BB26
3D57
BB98
3D31
3D3A
BCA8
BD2F
BD90
BD3A
BD22
3C81
3BF5
3B85
3D08
3D27
BC93
BC45
BCC1
BB0C
3B7A
3CCC
3CA9
3C5C
BBA2
3C1D
3D0E
3CA5
BD1E
3D23
BC77
3C7C
3C73
3D02
3CEC
BD22
BC8D
BB4E
BC8B
3D44
BC2F
3CCA
BB76
3D0A
BBD3
BC49
BD26
BCC6
3D82
3D92
3A44
BC23
BBB5
3CA2
3CA6
3B51
3AD4
BC8E
3C22
3C1E
3D81
BD17
3B9D
BC8C
BAC5
BD11
BCE5
3CC0
BD04
BD95
BD33
3CCD
3AEE
BC8D
B9E0
BD41
BBBF
3D12
3C68
3D77
3CBF
BC32
BD32
BCC7
3C67
BC15
3CDF
3CE9
3D1E
3C62
BC22
3C20
3C4B
BCA3
3CBA
3B9D
3B5D
BC93
BB5E
3AC3
3D14
BD1B
BD60
3C60
3C7A
BC4C
BC1B
3C74
BD6E
3C41
BB99
BC69
3D05
3D11
BD41
BD3A
BCA4
3CDF
3D82
BC86
BC32
BC20
BDA7
3D62
3D59
BCF3
BCB6
3D81
BCD4
BBF2
3CC0
BCC8
3B13
BD2C
39CD
BD78
BD21
BC8D
BC83
BC81
BBD4
3B9F
BD30
3ADE
3CB4
BCFD
BBA7
3CF2
BB53
BC7A
3C88
BC6F
BCEA
BCF3
BC2D
BD36
BCD9
BCC3
BC31
BD72
BC9E
3CDD
BC86
3C31
3C7B
3CD8
3BA5
BC19
3D28
BCC9
3CD5
BC0C
BC8B
BCA6
3CA9
3CB2
BCE0
3C5A
3CBF
3D95
3B1A
3D1D
BD70
3CFB
3CCF
BCB5
BB4C
3D54
3A4D
BC5D
BD0D
BD81
3CB6
BCCB
BA54
3C91
BB56
BBF1
3CF1
3C36
3B2C
3C31
3B27
3C83
3D0C
BC86
3C26
3D0A
3CC2
3C1F
BC9C
BD1F
3C0A
3CCE
3C07
BCD2
BCF0
BCBF
BB97
BD18
BBD5
3B76
BD2D
3CD5
BD06
BC6A
BC10
BD00
BC0D
BC8C
3C48
3C1B
39FB
BCE5
3D31
3C95
BD43
BCEC
3C42
BD61
3B7D
3C6D
3C85
BC82
BD06
BCA0
BD8A
3D4D
3D20
3C00
BCBD
3C37
BC78
BD41
3CBF
BD05
3D64
3C58
BD8D
BC0C
BD48
BD80
3CF0
3D10
3D32
3C01
3D04
BC56
BB72
BB00
BC1F
BA56
3C3A
B9FE
BC72
BC26
BD8F
BC8B
BD5E
BB84
3D23
BC82
3CC1
BCCF
3C15
3C2F
BCB6
3C4A
BC54
BD25
BC2B
3B1D
3B07
3955
3C19
BC14
BC37
BCAB
3C15
3C06
BCAD
3B13
3C16
3C8E
BCD5
BD20
BD3E
3D6E
BBD7
BC80
BCA0
3C75
3C41
3CC3
3D00
BD49
BD30
3CA2
3AA5
3C57
BAAF
BC2E
BCE7
3B60
3D82
BB85
3BFF
BCBA
BD0B
BCA9
BCD6
3D14
3BD8
BC66
3C99
BDA8
3CC0
BD09
BCBE
3C27
BBD3
BBE8
3C2E
BD30
3C90
3C2D
BB19
BC2F
BC8B
BB1D
3C99
3C02
BCC1
BD0A
BC1A
3A1C
3C1C
3BCB
3D32
3B36
BC22
BD81
BD1B
3C0D
3B28
BD07
BD3D
3CF8
BBA7
BB0A
BD59
BD08
BD99
BB93
3CE8
BC6E
BC0A
3B5B
3D8C
3D4C
BB8D
3D77
393B
BC05
BC0F
BD2E
BB3D
3CA8
3D81
3D2B
BB99
3CC7
3C68
BA64
3C9A
3C83
BD10
3989
3D02
3CE5
3C95
3A5D
3CF9
3B85
3ADF
3C96
3C22
BD13
3C57
BD11
BD40
3CE3
3B96
BD0F
3CEB
BBB2
3C42
BCBE
3C9C
3BEB
3BAD
3C90
3D2D
3CC7
3C10
3C13
BD18
BD17
BC5E
3C86
BAD7
3D07
3C2E
3C59
3AB4
3CFE
3CE1
3D1E
BC76
3BBC
3BDE
BB96
BC8C
3D07
3CB1
3D2E
3CE6
3B05
3C83
BBE7
3D0E
BC22
BC55
3C88
3D0A
BBDA
3D10
3D20
BCC2
BC11
BC2B
BC93
BCA9
3D67
3C86
3CF8
3D75
3B80
3D19
3C2A
3C85
BB45
3C84
3C5D
BC4F
BC53
BC83
3C33
BD22
BC92
BC40
3BCF
3C92
BD30
3C84
BD03
BC66
BD38
3D46
3CAF
BBCD
BCD2
3CDB
3CC4
3C24
3BF1
BBE1
3D13
3C69
3D0A
3C17
BC86
3BE6
BC61
3C0B
BAA9
3CE4
3CDF
BCAE
BBFD
3C1A
3C3E
3D0F
BBFA
3C31
3CBD
BBA2
BCCD
3C36
3CAD
3C8C
3CB8
BC32
3C23
BC98
BC9E
BBF4
3C6E
3DAD
3C92
BC14
3C63
BBC1
3D26
3B97
BB1C
3CF0
BBBE
BCAB
3C58
BD43
3C17
3CDD
3CB1
BC76
BC70
BB67
3D38
3D46
BC94
3B2E
BC9C
3B32
3C5B
3D1C
3C9D
3C0A
BC76
BCE0
BB96
BD06
3C63
BC81
3BD7
BC1C
BCAB
3C72
3DCE
3CDB
3D35
3D02
3D17
3CF8
3CE2
BC34
BBE2
3C91
BC51
BCC9
BD18
3C49
3C71
BB16
3C24
B976
3C1B
3C2F
3C3E
BB16
BBC4
3C3D
BCC5
3CE3
3D7B
BCB2
BC13
3C54
BBD1
3C86
BCEF
BD3C
3B80
BC8E
3C8D
BB47
BC3C
3D11
3C6E
BC27
BC59
BC53
3D17
BCF8
3BD6
3CA9
3B68
BCA1
3C57
3B11
3BB3
BD4A
3C41
BA30
BC7B
3BDF
BC90
3BF0
3CA3
BD7F
3CC8
BC23
BBD5
BC97
BBCD
3C75
3BB4
3C25
BD33
BD0F
BCC0
BCA9
39E5
3BFF
3C79
3D03
BBEF
BD20
3C80
3CC2
3D09
BD4E
3BD3
B9D9
BBBD
3BEC
3C7F
3D3D
BD5B
BD19
BC34
BCEB
3B85
BCDE
3C27
BC1B
BD70
BC16
BD06
3CB0
3B90
3CC2
BABB
3C66
3CF4
3B8F
BC37
BC7F
3CEB
3C24
3CD3
BC84
3C3C
BCC0
BB86
BCCD
BA8F
BC9D
3CB4
3BD6
3B20
3D39
3CA4
BC7E
3C54
BC37
BD10
3D00
BC6C
3A9F
BA53
3B15
3D06
BD57
BD1E
3B40
3C10
BCD1
3BDC
BC9A
3B1D
3C85
3D11
3B69
3860
BBEF
BC3F
BC0E
3CC5
3C84
3BCA
BDBD
BCB2
3C9C
BD11
BC3D
BC75
3B9A
BCCC
3C57
BD32
3C83
3C46
BA3B
3C8A
BC3B
BD30
3C0B
BA98
3C0B
BC9A
BCFC
BB9B
BB4E
3B8E
3D3B
3B8C
BA28
BD29
BBFA
3C93
BD09
3CD0
BC8E
BC07
BCF4
3D21
BC88
BC2D
BC81
BC41
3B32
3C63
3D1D
3C49
3D07
BA92
BCB2
BC8C
3CFC
BC91
BC82
3C6D
3C2E
3D1E
3C3C
3D67
3D2D
BC95
BC68
3D70
3C94
3CCB
3D3E
3D5D
BCBA
3DA4
3D21
3CC8
3CA5
3A95
BBEE
BBED
3CC4
3C2A
BCBD
BC44
3B57
3C62
BCA7
3CBB
3CC4
3C8F
3CC8
BBBC
3D5A
3C59
BC52
BCD3
3C45
BA40
BCDF
3C9C
3D02
BD53
BD61
3CC7
BD2A
3C97
3C68
3BFE
3D18
3C81
BC92
3DEB
3C04
3DE9
BC75
3D92
BD3C
3D3D
3D11
BD36
BC24
3CB1
BD2E
BBE0
3C3E
3D20
3D47
BBC5
3C9A
BD20
BB6A
3CF2
3C53
BD20
3B30
BD0F
3B1B
3B28
3C5B
BC22
3C93
3C91
BD07
BCC6
3C11
BC02
3CEC
3C65
BB11
BC16
3C3E
BC3A
3CFD
BD3F
BD0D
BB4E
BCAF
3C7D
3D11
3ABF
BC24
BBAB
3C96
3CD6
3B53
BC0B
3C72
BCA6
3C88
3C32
3D48
BB58
3D2D
BC8D
3C97
3C9B
3CD0
3C66
BBCD
3D08
BCCE
3B97
3D03
3CC3
BAB8
BCEE
3D20
BBB8
BD08
BD2C
3CC7
BD04
BC4E
3C5E
3C83
BC81
BD27
BCA7
BCFA
BC70
3C81
BC43
3CE3
3D8E
3C81
BC8E
3CAB
3BEA
BC9D
3C43
3C8F
3C01
3C97
BCB7
BBD0
3B96
3BF6
3C71
3B91
BB85
BCC2
3B41
3D26
BC85
3C13
BB8D
BD08
3C1E
BC9E
3D3B
3C84
BAEF
3D6B
BC05
BC3B
BC20
BD14
3AFD
BA05
BD10
BCD7
BC6C
3C97
BC61
3D64
BD02
BCCF
3CFF
BB2B
BCC6
3CB5
BCA6
3C57
BC08
BCF7
BC7C
BD5E
3A31
3B3E
BBB4
3CC4
BC1F
BBB5
3BA2
BD07
3C45
3D2A
3928
3C69
BD28
BD03
BBC3
3CDC
3C59
3C33
BC9B
BCE6
3CBE
BC68
BD10
BC90
BC0A
3CB1
BCF1
BC09
BC8E
BC8A
BB50
3D01
3C9C
BBAF
BC91
3C85
3C1A
3CD1
3B56
3AF9
3CAE
BD17
3CD0
BD15
BCB1
BCCD
BCAA
3BB3
BC81
3CCE
BCDB
3D32
BC3C
BCE1
3BBA
3CCF
3BCF
BC51
3C04
3C7D
3D66
3A67
3CC6
3B2D
BC39
BBDF
3D0A
3D54
3C9C
3D78
3C26
3CF7
3D7A
3D16
3CE9
3D15
B8BD
3C45
BD19
BAFF
BCF6
3B9E
3C9A
BC0F
3C81
3C53
3C24
BBD9
BCD8
BA74
3C3C
3D05
3C90
3A3A
BCF0
3C4C
3CB3
3C90
3BEF
3D48
BC4E
BCF5
BC05
BC82
3C81
BC1E
BBE9
3BE2
BC1F
BCF3
3D25
BC24
3C9F
BC5B
3AC4
BD64
3BE6
3CAE
BAD2
BC19
BA6C
BD1B
3B84
BC28
3BAE
3D1B
BC29
3C85
BD45
3C75
3C06
3B5E
BC16
BA98
BD05
BB86
BCED
3C3C
3C23
3C43
3C1D
BB4C
3C7C
3C3F
3BC3
BB6B
39B0
BB32
BB9E
BC5F
BC98
3CE4
BC37
BC7C
BC77
3C90
BC4C
3B37
BC19
3BFC
BC65
3CBD
BB93
BAA5
BAD2
3C29
BB0E
BBF3
3C33
3CD3
BBB1
3AC6
BD43
3C1A
3CB9
3BD9
3CDD
3C5E
3C8F
3CA3
BD0E
BB8B
3B91
3D68
BC9D
3CEE
3C8C
BC21
BB72
3C8F
3C33
3C5A
3A0B
BCC6
3C7F
BC61
BAF4
BBA9
3C46
BD15
3CA0
3CC2
BC1E
BAF1
3B86
3CCF
3B03
3CFE
3CE2
3D16
3C39
BC99
BC1C
BC34
3B9C
3C15
BC44
3C93
3B8E
3B84
BD0F
3A1E
BC3D
3C4F
3C7B
BCA3
3A85
BB8D
3D56
BBD0
3CA4
BC1C
BCA8
BD14
BC28
BD33
3BFF
BD3B
3C01
3C01
3CA0
3CCB
3C82
3C84
3B9D
B86D
BB9D
BB2A
3C19
BCEB
BD01
3AB2
3CCB
BBDE
3C2E
BBF9
BC41
3CFC
3D0B
3CF3
BCF1
BC72
BCFD
3CEC
3C1F
3C7C
BA8B
3CE8
3B99
3BF5
BC92
3C31
BD02
BA32
3BC2
BC06
B9D0
3C5D
BBD1
3B79
BD03
3C94
3B2E
BCB9
39C5
3CBF
3CBB
3C8E
3A49
BACB
BCA4
B878
3C14
BB8F
3BED
BC85
BC14
BCB5
3CAA
BCCC
BCCC
BD2F
BCAE
3C30
BCCD
3BE2
BD1C
3C47
BCCE
BBB1
BCA9
3CDF
3C50
BC8E
BB82
3C2C
3CE5
BC9E
3C2B
3C6B
BC8D
BCC2
3C9C
3CE0
3AF1
3CD8
3C75
3D7A
3BFF
BC0F
BC63
3BFA
3BA4
3CCF
B8CA
BC30
3CA8
3C49
3C95
BC22
BC84
BB0F
BCE8
BB82
3C37
BA8A
BBBF
3BA7
BC59
3C38
BC7F
3D14
3BAB
3C5A
BD28
3D09
BC16
BCBC
BC12
BD24
3CA2
3AB1
3B36
3D22
BBA8
BC92
3A03
3BD7
BC12
3BA0
BBD1
BD56
3CC8
3D3B
BD0C
3B79
3D06
BD3C
3B93
BC0F
3CEE
3BF8
3C44
3CD2
BC6A
3C21
3B94
3BAE
3A83
BC61
BCD0
3BC6
3CB1
3D34
BC98
3C3C
3C35
3C19
3BB6
BC7C
BA56
BBA7
3B4D
BBDB
BC44
3C99
3C39
BB6D
3BAA
BBF3
BC39
B9F3
3C6A
BD44
3C96
BC9C
3AB2
3C30
3CCF
3C82
BD14
BB3E
BCE4
BC4D
3BAD
BABF
3D65
B91F
3B82
3C92
3D1D
3D2C
3C82
BCAA
BA74
3BAE
3D59
BB02
BBCC
BD23
3D16
BCDC
BC0B
3C07
3C09
3CCC
3C02
BD38
3B56
3D2C
BC26
3C87
BC33
3C1B
BD12
3CBD
BBE9
3922
3CFB
BBC7
3CBA
BC76
3C2A
BBA7
BC23
3A98
BC55
3CE4
3C20
BCB1
BCC3
3D03
BCC5
3C36
BC83
BC94
3C86
3BD6
3CC0
B8B2
BC85
3D2C
3D0F
3B41
BD62
3BE3
BD0C
3C84
BD08
38DB
BD44
3BD1
3C8D
3C02
BD98
BD0A
BD97
BC30
BD51
BB3E
BD47
3B95
3C3E
3CA8
BD11
3D00
3D78
3D01
BD25
BC1B
BD4A
3B72
3B11
BCFC
BC37
BC82
3C04
3A54
3CB4
3D1B
3C93
BC26
BCD2
3CD3
3C63
3D90
BCFE
BD23
BC0F
BD87
3D42
BBE3
3C80
BBCC
3BE8
BBE8
3BAE
BB2F
BC10
BCDF
BD2B
BCA1
BC4E
3BFE
BC65
B9D9
3C99
BD0A
3CB7
BCA1
3C85
3D26
BCE6
3B17
3BB8
BCB2
3B5F
3C70
BC9A
BAD0
BCB3
BC39
BCFF
3D2A
BC35
BCD9
BBB3
3C1E
3D27
3C25
3C4C
3B99
3C93
BC53
3C4F
BCA6
BC92
B965
BCBC
3C96
3B9C
3C82
BCE3
BBB2
BCE5
BCFD
BD23
BD1B
3BBD
BD62
BB9E
3D41
BCC0
BD34
3C57
BCB3
BB04
3C03
BC5E
BC74
BCFA
BCB1
BBDB
3C68
3B41
3B90
3C8C
BC90
3BDF
BC96
3CC8
BC11
BC08
3C7C
3C82
3B40
3CBB
3BF2
BCB4
BC2F
BCB0
BC2D
BCB1
BC8B
BC41
3B9A
BC5A
BBEB
BD0A
3D78
BB59
BA9D
3B2E
BB88
3CE3
BCB5
BC36
BA36
BB39
3D35
3D35
3C8C
3C22
3A36
3BCA
BB59
3C1E
3D5E
BCA4
39D7
3CA1
BBCA
3CA1
3C4C
3B80
3CA2
BC43
3B5C
3C9A
3B8B
BD0D
BB1F
BC68
3D13
BD07
BCFC
BBE1
BCA3
B9D3
3D88
BC75
BBD9
BC50
3BF3
3AD6
BC78
BAE0
3CD5
BB1A
BC0D
BC81
BC70
BDBA
3C64
BD55
BB9A
3CDC
BCD7
3D0C
BC8E
3CBA
BD03
BCE9
3D4B
BD40
3CE9
BCED
3D4C
B9BB
BD73
BD1F
3C28
BC8A
3D48
BCBF
BCDB
3C2F
BD6D
BC37
BDA8
3D18
BCE9
BD40
BCC6
3BE0
BCA3
BCD6
3AD7
3B71
3C60
3C87
3C2D
BBC5
BC74
BCD0
3BCC
BCB4
3AF9
BC1B
3CE5
3C82
BBB5
BD6C
3C96
BC81
3D03
3C96
BD4D
BDB1
BCE0
3D30
3BFF
3CE0
BD45
BB0A
BCC3
BBDE
BCCE
3CE9
BB2B
3D11
BC02
3D6A
3CC9
3D22
3D13
3CAE
3D12
BD83
3C80
3D83
BC82
BD1F
3CC2
3D7E
BD87
3CB5
BCF2
3CC1
3B55
3D16
3D75
BD34
BD64
BC47
3C85
3C63
BD1B
3BAD
BB8E
BCA2
3C05
BC2B
BB9F
3C61
BD08
3BAE
3C51
3C21
BC95
BC90
3C5F
BB83
BBE1
BB8A
3CB3
BCEB
3C3C
BD14
3BB0
3CBB
3B4A
3C12
3C8D
3C6D
3D07
BC51
3C6A
3D1B
BB9D
3CB5
BC96
3BB2
3B42
BB4A
BBD5
3C71
3C82
3D0F
BCB9
3BF2
3CC2
3C3B
B79F
BC67
3CD9
3CA1
BCAB
BD0F
3CDE
BA91
3C4D
3CDA
3C0C
3C3E
BD12
BCD2
BC47
3BCD
3BF1
BD02
BB6B
BD01
BB6B
BC22
BC9B
BC21
3C50
BC23
BC97
B952
BBE4
3C18
3CA4
3D42
3C33
BC7A
BC5D
3D5C
BB12
BAF7
3D10
BC63
BCF8
3D16
BC22
3C0B
BC9E
3CD7
3BE4
BCB4
3B3D
3A5A
BCA9
BB4B
BD32
3CCD
3C74
3D32
BCD5
3D23
3C4A
3CA1
3D3A
BB62
BD09
3C54
3C32
BC34
3BAA
BBC9
3C33
BC74
BBA0
BC9A
BD11
BCB4
BB1F
3C3F
3CB1
BCA6
3C3E
BC2A
BD79
BBD4
3C66
BB48
BD1A
BD0B
BBF2
3CB9
BCB7
3C8C
BC9F
3B18
3B5A
BC51
BB9E
BC6F
3C64
3BB4
BB18
BC36
3CCE
BBBB
BCB4
BCFD
3C17
3CBF
3C0A
3C0B
3D8E
BB62
3BB2
BC25
BB5C
3D68
BC29
3D9D
3CE0
BCC8
3D2E
3C8F
3D96
3C82
BBED
3D89
BD3C
3D0B
3C87
3D29
BD21
BCC6
3C30
3B94
3BC6
BD37
3D07
3CC3
BC12
3D2F
3CAF
BA5D
BD24
BCC7
BBCC
BB40
BD07
3D37
3C8A
3CA1
BB11
BC78
BCA4
BBA0
3C8E
BC57
3B63
BCD3
BCB3
3C2E
3CA6
3C25
3C8B
BC29
3C11
3CDF
3C5D
3BFE
3C47
BADB
BC1F
BBEC
3CA4
3C8F
3A3C
3B91
3C58
BDA4
BBD9
BC3C
BC62
BCE2
3B76
3C00
3D9E
3DF1
BBC3
3D9B
3C07
3D61
3D43
BB78
BD55
3A88
3C53
BD8B
3D18
BCB2
3D11
BB23
3BBA
BCE7
BD20
3C65
BD2B
BC4F
3BB0
B9A4
3D59
3C9B
3DB9
BC87
BD79
3D68
BD82
3BFD
3CA1
3D4C
BD06
3CF3
BD87
3C9A
3CFF
BB8B
BC45
3C88
3C97
3D18
BB6C
BC59
3D35
3C22
BD6D
3C29
3CB9
BD0F
BA2C
BC6E
3D91
BB47
BCD3
3C8F
3BDE
3C40
BCB4
3C81
3D39
3D02
3D0A
BB6F
BC1C
3B82
BD4A
3B84
BC1C
3D3C
3BB5
3D3D
BC72
BB6A
BC7D
BD2A
B998
BC06
3B0F
BCFE
BCE7
BD08
3D3D
BD35
BC4F
3CB9
BBB1
BC8C
BC26
BD77
BD5D
BD91
BD76
BC98
BD56
3CF1
3CBA
3BBA
BC8C
BD18
BBCC
BC13
BC54
3A46
3C9D
BD1C
3CE0
3C1F
3C23
BD82
BCBC
BCB2
BB43
3BC9
BCBD
3D31
3C1E
3C52
3CD0
BC8B
3D6D
BA96
BC48
3C1E
3C9E
BCB5
3D80
3D22
BC30
39F1
BCDD
BC04
3C89
BD15
3CF8
3D5B
BC51
BB31
3D27
BC07
BC27
3C34
3CBD
BCDF
3C44
3D59
BD05
BD19
BB42
3C81
3D2D
3D52
3ADF
3B3D
3CCD
3C37
BB35
3CF2
3D12
3C86
BC87
BC13
BC86
3A22
3C58
BA56
3C0D
3CC5
3C95
BB89
3861
3997
3D18
BBF1
BD42
BBE4
3BC0
BC9F
3C1A
3CCB
3C5A
BC8B
BCBB
BB36
BC15
BC5E
3C56
BD32
3D23
3D37
3D44
3C9E
3BCA
3CB1
BD5C
BBE0
3C7E
3D42
3BD3
3BED
BCA6
3CD5
BCE9
BD37
3BF6
3C76
BB0D
BD28
BD57
BD4A
3D5A
BD1A
3C5C
3D03
BA88
BD2A
3C9D
BBEA
BCD6
3CDD
BCFC
3C67
BC14
3D2B
3C7C
3D56
BB6A
3CD9
3B99
BD28
BD20
BCA2
BB1D
BD1A
BB91
BCB2
BC7C
BD22
3BC9
3C9F
BC5D
BCF1
3C67
3D08
BC0F
BD00
3AD1
3B9F
B99E
BCE2
BAEF
BB70
3CFD
BCBD
3D02
3CCC
BCA2
BCA6
BB38
BD59
3B82
BD70
3CEB
3D69
BC47
BCC0
3D57
3D33
3A5C
BD6C
BC27
BD06
3CD0
3CF2
BB11
BCEF
BD3D
3C4A
BB8F
3D36
3D61
BC76
BD43
3C99
BD03
3C8E
BBC5
3CF8
BC37
BC54
3CC2
3C00
3CF2
BCB9
3CD7
3C9C
3C6E
3AC8
3C2C
3D04
BC36
3CD0
BD2A
3C40
3C9B
3AD2
3C91
BCAC
3D95
BBDE
BC34
3C62
BD11
3C8D
3D22
BA6C
BBDB
3C19
BC86
3B90
3D43
3CC3
BB5C
3CC7
BB22
3D02
BC2B
BD2D
39FD
3CA5
BCE7
BC63
3C83
3C1B
BB6D
BC97
BD05
BB38
3C58
3BB7
3BE8
BB9E
3C1F
BCBB
BC3E
BD80
BC77
BC6E
BBAF
BD11
3B74
3CEF
BC0E
3CE1
3B1E
BD06
3CBF
3A3D
BCD4
BB8F
BB5E
3B95
3CC3
BC98
3A35
BCCB
BCA1
3B9B
3D1C
3D08
3B84
3CCE
3CD8
3C63
3CB3
BD1F
3D15
3B88
BC37
3BBD
3CD1
3C7A
3D0D
3D75
BBFB
3CAF
3D00
BD26
3ABE
BC27
BCCD
3C94
3BD0
3C31
3C14
3D38
3C13
BCA4
BC0A
BC92
BC29
BCF2
3A2C
BC26
BB9F
38BF
BCC3
3C05
BCBF
BBD6
BC7F
BC21
3BB0
BAA5
3C3D
BABC
BA19
3C09
3C24
3BE2
BCA3
3C17
BA69
BAB4
BCBB
3C0B
3C2C
3C09
BCF7
BBC1
B81D
3BC7
38C0
3BBD
BCA8
BB4A
BD16
3C59
BB7B
3CF2
3CB5
3CE5
3C3A
3D9C
BD4B
3C27
3B8D
BCCD
3CF8
BC91
3B6D
BBEF
3D06
3C30
BD0B
3BCA
BC26
3C87
BC2F
BB9F
3CAB
3CCE
B8F3
3CB8
BC99
BC33
3B70
BAAD
3CCD
3C3A
3D3B
BC05
BD03
3CA8
3A04
BC14
3BB9
BCB5
3B96
BC87
BAB3
BCE2
BCF5
BC39
BC3B
3B8C
3CFD
3C2A
BB5E
3B50
BC72
BBCE
3CA5
3D1C
BB27
BBC7
3BAE
3B4D
BBD8
3C98
3CE2
BD12
BBA3
BBD2
3C8F
3CCD
39DA
BC19
BBF4
BBFE
3D0B
3D53
3AB8
3CFD
BCE2
3C78
BCFC
3C1F
3CB9
3BFC
BC1B
BC4E
BC11
3C08
BB8C
3C42
3D1B
BC42
3CB8
3C1A
BC4F
BCBC
3B6F
3C42
3CE2
3C90
3D11
BB9A
BD1C
3CB7
BCFF
3D08
BC7B
3C97
3A9F
3B16
BC4F
3BCB
3CFC
BD04
3AF9
BC28
3BE5
BBD8
3CB5
3B3D
BB5C
3C75
BC4A
3CF4
3CBC
BC46
3C03
BCD8
3D10
BC88
BCEC
BC42
BD0F
3B98
BD45
BB1F
3C2E
3D14
3C9A
3CCD
BCEA
3C54
BC7B
398D
BC78
3CC3
3BE0
BC44
BD27
3CC4
BD51
3AFA
3D15
BB7A
BCDD
3B8D
3B98
3CAD
3C13
3B93
3BB7
BB5D
BBA9
3B83
BB03
BD49
BCC5
BC1B
BC0C
BC21
3A8B
3CC5
BCD2
3CD6
3C32
BB56
3AEB
BC09
BCAA
BC57
BC16
3D19
3C2F
BCC1
3CBB
BC8D
BC93
3B5B
3BFF
3B8A
3D6B
3CCA
3C58
BD6A
BCA8
BCB1
3BB8
BCCD
3CB8
BC15
3D0D
3BC2
BB14
3C03
3B5F
BC91
3B41
BC82
BC0B
BAE1
BD13
BC3E
3CF9
BBD6
3C87
3D56
3BB6
BD48
3B1F
BA47
3C89
BBB0
BCCB
BCD1
BD50
3CD3
3BDD
3CDC
BD82
3CCD
3D11
BCCA
3D0D
BC18
3B65
BC38
3CCC
3CCD
3CD0
BC07
BB83
3C4F
BC35
3B68
BCD2
3C18
3BC3
3C1E
BBE1
BC85
BB75
3ACD
3A7F
39BD
3BE7
3CD4
3B39
BA86
3BD1
BD1C
3C0C
3D22
3A9B
3D4A
BCF2
BD51
3C08
3CEB
3C91
3D05
3B1F
3D3F
3BFD
3BE9
BC5C
3C33
BC58
BCDD
3D45
3C1C
BD12
BC63
3D1A
3CDB
3CF3
3C93
BC18
3D11
BCE0
3B91
BB2E
3CD2
3C81
3D02
3CCF
3CE0
3CA0
3C4C
3BB2
BBB6
BBEA
BBAE
BCDD
BB39
BC5C
3CCC
3CCB
3D05
BC27
3AA5
BCAB
3A99
3AF1
3C82
3C98
3C12
BD01
BAAD
BABB
3D0F
BD00
B8D8
3CAD
BCB8
BC81
BC67
BB2E
BD04
BD1C
3D56
BC77
3C73
BC5C
3D60
BCDC
3D69
3CA7
3C33
BC94
BD4C
BC1E
BC32
3C4A
BCBB
3C44
3CD6
3CBF
BBAF
BD73
BD0F
BC5D
3CD8
3D80
BD3E
3BB0
BC5B
3DB9
3D24
3CBA
3D16
3CEB
3C38
3BB6
3A5E
BB59
3C8A
BCA0
3CE1
3D0A
BC91
BC6E
3C34
3CA7
BC84
39EF
BC1B
BCC6
BC12
3D09
3B2B
BA6B
BC7B
BCC7
3B34
3BF5
3A5A
BB91
3CB6
3CBD
BCF9
BC46
BD43
BBFB
3D5B
3BC1
BCB0
BCAA
BC7C
BC19
BCBC
BA58
3CAE
BC73
BC53
3B87
3D00
BC9D
3A6C
3C1F
3C92
BCDB
BC48
BCF9
BC55
3CA9
BD30
3D01
3C24
BB96
BD0C
3D82
BD66
BD23
BA25
BCBD
3C0D
BB13
3CC1
BBE0
3BF4
3C30
3A86
BB52
BB86
BBA9
BCCE
BCF9
3C94
3CC3
BAC3
BC96
BD48
BBB4
BC2A
3CF9
3D15
BD0A
BD1E
373A
3D10
3CF5
3D25
3C8D
3C21
BCE8
3C7A
3C79
BD33
3C84
3A8B
3991
BCCF
3BE7
BCFA
BC72
BC06
3CEB
3D0E
BB99
BC3E
3C31
3C25
BD06
BCC6
BC13
3BD0
3D18
3D2B
3CEF
BA82
BD12
3CF2
BBD1
3C97
BDE2
3C35
3D84
BD7A
3D0C
BD83
3D2A
BD56
BC88
BB43
BB10
BC25
BD8C
3D1B
3C85
BD14
BD5B
3C3A
3C1B
BCA7
3D56
BC47
BCF8
BD20
3C25
3C7A
BBA5
3C68
BC26
3C2D
BD40
3C41
3CB5
BB99
BD26
BC48
BD85
3CB4
3CC8
BBA5
BD38
3B4D
BCA7
3995
BC6E
BCA4
3C2A
BCC4
BD00
B824
BC6D
3CB3
3C8C
BC8C
BCA5
3C42
3CCF
3CCD
BCB4
3CFF
BC4C
BCAE
3C2E
3CB4
BB4B
3DD1
3D39
3BA1
3D1F
3CDD
BCFA
BD8B
3C78
BD96
BD2C
3CEE
BCCF
3D53
3D1B
3D87
3BE2
3C12
BD91
3CE3
3D25
3D8A
BB82
3C19
BD9A
BD89
3C8D
3D6E
BC43
BD90
BD39
3CA9
BCAC
BC09
3CCE
3C72
3BB5
BC75
BC82
3D54
3C58
3D4B
3C75
3D43
BC0B
3CAA
BCAD
BCC8
3CA9
3C51
BC2A
3CF6
3C59
BCEF
3BB7
3C88
3963
BD15
BC08
3C8E
BC55
BC34
3AB5
BC43
3D14
BC39
BC14
3C07
BCE8
BCC2
3D34
3C83
BCCE
3BBD
BCD3
3D18
3CD2
3B14
BCAF
BA17
3CC4
3C92
BC69
BC7B
BD03
BCA6
3C55
BBFD
3C97
BC34
BC64
BCCF
BD15
3CAD
BD1A
3CB1
3BEB
BBFB
3B9C
BBFE
BCE2
BB28
BC41
BCBE
BBFD
BC50
3C0B
BCC7
3CF8
BCA2
BC1B
BD09
3C9D
3CA9
BB96
3B9B
3C3F
3C9E
BCCA
BA3C
3AA1
BC93
BC2A
3B97
3C87
3B6E
3B65
3AEC
3C2F
BC75
BBB6
BD1D
BCFB
BC9C
BCCE
BB5B
3D39
BC48
BD29
BC99
BCCD
3C3F
BBFB
BB1B
BC45
3C39
3CEF
3B96
3C61
BC5F
BCA0
BCC8
3C91
BBC0
BBF9
3CE0
3C8E
BD0B
BD0E
3C98
BC3E
3CDF
3CA8
3CE4
3C99
BB07
BC48
3CBA
3BB7
3C1F
3C01
BC76
BCA0
3BC3
3CC8
3B25
39F0
3C97
BCCC
3CC4
BBA6
BC0E
BC01
3C4D
3D20
3BB1
3AE4
3C8A
BC89
BB66
BCA6
BC4B
3D96
3D18
BD06
3D25
BCB8
3C02
BC1B
3C0F
BC9C
3CBA
BD38
3CE1
3C6A
BD70
BCA9
3C3D
3BFC
BC65
BD0A
BCFB
BCED
BBFC
3C71
BCCA
BC79
BC6E
3C95
3C18
3CA7
BC89
3CDD
BD18
BC46
3BFA
3D09
BCE9
3D55
BCB8
3CB3
3C36
3CC3
3C08
3C87
3CAF
BD36
BBCB
3C0D
BC64
3C9D
BB1F
3D2A
BCB9
BD37
BD1E
3C6A
BCE4
BC90
BB9F
3B85
BCE0
BCE7
BBB3
BD81
BCB7
3D60
BDB5
BD81
BC79
BD1F
3B48
BBF0
3CDA
BC39
BBF7
3BE4
BC4B
BD00
BC99
3CD2
BD6B
BCB2
BC39
3CA9
3D22
BCE7
3C72
3C6C
BC4F
3C72
BB39
3D43
BD84
BC9D
3D70
3C89
BC20
BD33
BC1D
BB16
BC09
BD09
3C5E
3CF5
BC4E
BCE4
3C36
3D1B
BC1A
3DA5
3B27
BCA1
BBD4
3C08
3B10
BA5F
BD7C
3D01
3D41
BD13
BBA6
BD09
3D22
BB89
BCB9
3D0F
3CB2
BBB1
3BAE
BD43
BBAF
3C19
BC48
3BE9
BBA4
BCF8
BB5C
3BC5
BC2B
3C59
3BF2
3C2D
BCC2
BC58
3C82
3A2F
3BF5
3C4F
BC1A
BD2C
BC07
BCF9
3B2F
3C6B
3C76
3C66
BC84
BC91
3AA4
BC0B
3C83
BBF7
BBC3
3C13
BB31
BC81
BB87
BCA9
BC87
3C73
BC75
3CC3
BC79
3C8C
BC80
BCB6
BCE6
3C90
BAA2
3C16
BB45
BB9C
3C99
BAD0
3C86
3C8B
BC17
BC96
3CBF
3C55
3C63
3BE0
3C7C
BCD0
3D0F
3CC0
3CFA
3C7C
BC07
3C41
3C2D
BBB5
BB4D
3CA2
BC59
BBD1
BCCC
3C21
BD21
BCCE
BB06
3CBA
3B42
3C2D
3B0C
BC2E
BCE3
3D1C
3BAB
3D3C
3C33
3D3D
BC23
BD47
3ADE
BCE0
3CC9
BC4B
BB34
3C3A
3C31
BA1A
3C2E
3BFC
3CF9
BC00
3CB2
BC69
3C9C
3C44
BCBB
BC34
3C5A
BC9C
BBAD
BAD8
3C00
3B91
3BB8
3B82
BC94
3C0C
3C93
3C60
BC5B
BC95
BCA3
BA5D
BBB1
3CA6
BBC8
3BF4
3C55
BCB4
BC44
BC6F
3C5E
3C0B
BB40
BCAD
BCBF
3C49
3A34
BC90
BC3A
3BEA
3A91
BC39
3C0A
BC3F
3BED
BB62
BB13
3B42
3B54
3C01
BCC7
3C62
BC3B
BC95
3CAA
BBEF
3BC1
BCBE
BBAD
3AB1
3C68
BBB6
3C24
3BA5
BCB0
3CB8
3AD6
BC5C
BC6F
3C2A
3C63
3C06
BB00
BC96
3CFC
3C5C
3BBF
BBBC
BCBC
3C03
3C92
3CF7
3C67
3C26
BB9F
BBE4
3C88
3C8E
3CCF
3CCD
BBA1
3D01
BB19
BCF7
BD35
3CC7
BBE5
3B8E
BCA5
3CC8
BD34
BC8C
3A82
3BA8
3C86
3B15
3D39
3B8A
BC56
BC12
3BAA
3D50
BC5B
3C9F
BC71
BC8D
BBDB
BD3E
BC5D
BB5F
BC89
BC2E
3D0A
BBBC
BC44
BCEC
3BD3
BC62
BBC9
BCD6
BBC8
3CCE
BC79
BBB4
BC14
BC16
3C48
3B27
3C03
3C27
BC66
3BC0
BCB0
3BF9
3CEF
3C3E
BCC9
BCD6
BCD0
3D22
BC22
BCB9
BC31
BC80
3C6E
BD1E
3C95
BC11
BC97
3C99
BC84
3C5C
BC31
3D09
BBBD
BBB1
3C83
3AD2
3D2F
BC89
3D09
BD1D
3D28
BC2D
BAD3
3CE8
BB1E
3C0D
BD01
3C03
BD3A
BC02
BCB7
BD0E
3C76
3C53
3D58
3D1B
3D10
3B38
3C51
BD37
3C87
BCD8
3D7D
3D11
3D51
BD89
3CD9
BCF6
BC1D
3C72
BCFA
3CA0
BC5B
BCFB
3BF7
3D61
BCFA
BCFB
BC8D
BBFC
BCCD
3C7B
BCC8
3CBB
3C0C
3C10
3A25
3C18
3BF6
3BE0
3AF0
3CB1
BC08
3D27
BC7F
BD3A
BD34
3D23
BD03
3C9B
BD62
BC0B
BB88
BBE7
3D0F
3C94
BBDC
BCCA
3C8E
BCA3
3C74
BBA2
BCBE
3D7C
BD0E
3CDC
BCA1
3BCC
3CD9
3D5C
BD85
BCD4
BD36
BD27
BCB1
3C72
BD38
BC0D
3D17
3CD7
BCE2
3D58
3D3C
3CD4
BCDC
3C12
BD5B
BA88
3D01
BD9A
BD2A
BC77
3C7F
3D36
3D59
3C30
BB02
3CC0
BCB7
3C1B
3C34
3B8E
BBF7
3CB5
BC81
3D12
BCEA
BBA0
3CA1
3B2D
BC2F
BCFE
3BAA
3C65
3B89
BB9F
BBAB
BC05
3CB7
3CD8
BC52
3C2C
3C9A
BB94
3C55
3C49
BC87
3BF4
3A1F
3D05
3D45
B9F1
3B23
3C3D
3B8D
3D03
3CC2
BC3D
3D9A
BCA2
3CF9
3C24
3CBD
BBEC
3C4B
BAE5
3CCE
3C8B
BD17
3D02
3C8D
BCEF
3D21
3C3A
BBA2
BD20
BD1B
3CCA
BCDB
3D07
BBB3
3B3C
3D05
BB63
3AB4
BC12
BC1E
3C8A
BAAF
BC97
3B3A
3C36
3D2A
BD06
3CB6
3C86
BC61
BCA1
BD31
3CA3
BCBA
3C8D
3BFB
BCAF
BC1B
BD88
3CF7
BD1F
3CC2
3CFF
BBD5
3D36
BB58
BD13
BCC3
BCC5
3C60
3C87
3C9E
3A5F
3BA2
3CA7
3CA4
3D2C
BBE7
BD0C
3CE1
3C69
BD02
3C8C
3B7A
3C5F
BA11
3C7A
BCAD
BCAF
3BDC
BC9C
BB28
3C65
BC2B
3D3B
3C9C
3D46
3C8C
3C08
3C9C
3C6F
BB65
B92D
3BFD
BC1B
3D07
BB89
3D08
3CFE
BD19
BC94
3C60
3D33
BC2E
BD05
BCAB
BBC4
BC73
3D3A
BC9E
BC7B
BC3A
BC53
3C55
BADF
3B64
3B23
3BCA
3BE1
BCC7
BC28
BD9D
3C7A
3CB8
BC4B
BCA9
BD1A
BCF8
3BDB
BD42
BD11
BD51
3A6E
BD72
3CBC
3CF1
3C94
3CB9
BCBA
BC08
BD30
BD22
BB25
3D03
BD23
BC9D
3BAD
BCA8
BD51
BCD7
3D2C
BC66
BB8D
3C8A
BC8C
BC5C
BCE4
3CC8
3C0E
3D20
3C14
BC3D
BA0B
BD18
BADC
BC0C
BC9B
3CF3
3CA8
3B47
BCF8
BBD1
BBC1
BC92
BC05
3BD0
BB9B
BD52
BBB6
3D39
3BCD
3CE2
BCEF
3BD8
3CE7
3C8B
3C94
BC8D
BD1E
BDDE
3CC0
BDA2
3D4D
BD7B
3BA3
3C2B
BD26
BC39
3CCB
3D5E
BC58
3AE3
BCF4
BCA7
BD5A
3D47
BBBE
BC5E
3D43
3C1D
3AB2
3D1E
BD8C
BC9A
BC91
3C48
BCDD
BC0D
BD57
BD29
BC7E
3C2F
BCB9
3C79
BC97
BBA3
3B90
BC46
BC90
BB76
BC40
3C7C
3CBA
3B51
3ABA
BBAF
3B8B
BC88
BC15
BB42
BC26
3C89
BB8E
BCAF
3CAA
BD2E
3C2B
3CE7
3B35
BC38
3D83
BD77
3C74
3CFB
3C95
3C8D
BAF2
3BD9
BCC1
3CA8
3D0E
BCE9
3CC6
3C6C
3BF8
3CF1
BCF9
BCAD
3CD6
3BCA
BCB1
3C87
3CEF
3C59
BC9A
BD16
BD49
BC98
3C39
3C81
BBD5
BC84
3C25
3C4B
BC87
BC90
3B71
BD01
392B
BC55
BCC5
BB60
3D0E
BCD2
BCBD
BC78
BCA4
3CBC
BA92
3C80
BB16
BB83
BC14
BCAA
3D04
3C86
BC96
BCC3
3C8D
BCE6
BC31
BC95
3CC6
BC8F
3B0E
3C79
BCF1
3B1F
BCE0
BC4C
3D33
BD2A
3D0B
BD26
BCB0
3C86
3D2D
BB68
3C8D
3D00
3D4F
BCE4
BD91
BCF0
BBD8
BC81
BB61
3D3A
3AC6
BCEF
BD55
BCCE
BD7C
BB87
3B59
BCBA
3B71
BBF9
3CEB
BD0A
BBA8
BC99
BBC4
3C15
BB39
3C94
3C7C
BB1B
BC8E
BC0B
BB9A
3B65
3BCF
3C64
3CC1
3C68
397E
3C07
3C7E
BAB7
BD03
BBB5
BD3A
BC17
BCC9
BD30
BD02
BC83
BC89
3BD3
BB91
3C84
BCCF
3C05
BC2E
3BCB
BCDE
BC3E
3CBC
BD73
BD21
3D07
BC8D
3CFB
3B4D
BC97
BCC3
3C72
3CDC
3D10
BD01
3C88
BC86
BCF6
BCCC
3BFA
BD96
3B07
3A5D
3B06
B8ED
BBF0
BC62
BC67
3BD2
BCD1
BD09
3A0A
3C3D
3CD6
3C6F
3CA9
3C0F
3CB8
BC8B
BC37
3CFB
3B9D
3B9E
3D34
BC9B
BD55
3CAC
BB3C
BCE0
BD83
BC14
BBB8
BC1F
BB9B
3D7E
3A8C
3D05
3C8A
BC2F
BCD6
3CAB
3C85
3BCA
BAAF
BAA3
3CE3
BCC0
BD75
3D32
3D28
BC09
3D5B
3C9F
BD0F
BC9E
3CDA
BBBA
BC88
BC8C
3C3E
BC51
BB53
BCA7
BB1E
3D55
BC9B
BCA3
3D0B
BD0E
3CE3
3D3A
3CBC
BAD5
BD0F
3CD0
BCA5
3B90
3C97
3D00
3BF8
BBD7
3CC5
BB25
3C8E
BCEC
BC31
BD02
3C67
3C0A
BAFB
3C00
3BF8
BD21
3B68
BBF3
BC4E
BC57
BCE9
3C8A
BC21
BD28
3D90
3A38
3C3A
BCA6
3CE9
BC20
BBE5
3D6F
3CD9
BD29
BC81
3AD8
3D28
BD1B
BC8A
3D00
3D45
BBD5
3C90
BCEA
BD48
3C8B
BA2D
3D1D
3D27
3D1C
BC97
BD15
BD24
BD06
BBBA
BCC3
BCAA
BC21
3C76
3CA5
3B3A
BD2C
BB6B
3D2C
3CC1
BD78
3C01
3D3E
BD11
3A3D
BD82
3B97
BC06
BAD2
3CD5
BC7D
BC9B
BCCE
3C78
BC7A
BD19
BCC3
3D2F
BC9A
BC9F
3A9B
BBED
3B1E
3C75
BB74
3B97
3B59
BC87
BD0D
BD03
BC99
BC91
3D35
3C59
BC28
3C6A
3B4B
3D04
BA1B
3BDB
3CF9
BC9B
3D70
3C62
BC2C
BBCF
BCA0
3B9D
3C3E
3CAD
BD8C
3CD2
BC2F
BC55
BCC5
BD94
BC62
3BC2
BC45
3C9E
BD13
BB6A
BCE1
3BE6
399E
BD10
BC17
BC68
3BF5
BB1E
BC6D
3CFE
3A70
BC81
3C6B
3CDD
3D1A
BC9F
3C55
BBD0
BD69
BC8E
BD63
BCC5
B850
BD76
3C6D
3C7A
BC7D
3C9B
BD30
3CBE
3D09
3BD3
BCEC
BD01
3C30
BD9C
3D3A
BC31
BD02
3D50
3C30
BC05
BC70
3D5B
3D47
3C8B
BD25
3D57
BB5B
BCC4
BC3E
3D52
BAA4
3D6E
3B97
BB85
BA78
3B9D
BC9B
BC75
BC98
BD63
3C72
BCC5
3AC6
3CCF
3D3B
3C24
3C7F
3C83
B9B9
3D5A
3CD0
3D88
3AAA
3C1E
3C63
BD0B
3BC2
BCD4
BB4B
BD05
BD61
3D1D
BD4E
BB93
3D04
3D09
3D40
3C85
BD0C
3DAC
3CFF
3D93
3D0D
3D54
BC1C
3D7C
BAC8
BD5F
3D1D
3D49
BD6E
BC92
3D02
3D14
BC23
3D10
3D34
BC8A
3C71
3D7A
BD08
BCAF
BC73
BD48
BD0D
3CA3
3C94
3C12
3C73
B9A5
3B53
3B08
BC95
BA43
3B26
3C53
3C4E
BC86
3CE2
3C27
3C10
BC26
BC53
3CE8
BC8A
3A41
3AAF
3C02
3C1A
3C01
3C9D
BBAC
BC97
BC74
BC55
BC4B
BC10
3C4D
3CAE
3C9E
BB67
BCA0
3AA0
3C5C
3CEE
3B8C
BC12
BCC6
3CA8
3C5F
BCDF
BC4E
BC93
3CF7
3CD2
BCFF
BCEA
3CA2
BC10
BCA6
BC64
BCB1
3BAA
BC24
3C8D
3CF5
BC84
BCD3
BAB4
3C32
BB96
3BF4
BC8C
BC49
BC32
3CF6
BB86
3C9B
3B92
BCC8
3CE5
BC62
3A1B
BC2F
3BE1
3C1F
3BE4
BB2D
BC0C
3CA7
3B1B
3D0D
37DF
BC38
3B80
BB26
BBCB
BC08
3CA7
3B2D
3C84
BC05
3C97
BB21
BC15
3C53
3D23
3AAE
BB2F
3928
BCED
BD0C
BBA0
BC81
3BA2
BBF9
BCA4
BA2E
3CB8
3CA3
BC1A
BCC9
BB4E
BBBD
BC8E
BB84
3B27
BC04
3CC8
3B42
BCFB
3C52
BCF6
3C8D
3C5A
3AAE
BD0C
BD32
BAD5
3B98
BC33
BB83
BCBC
3BC1
BA7B
BC3C
BB96
BC21
BBC4
3C1F
3AE4
BCA3
3CC8
BB6B
BD20
BC01
3BD2
BCAD
3C4A
3CE0
3D13
BCDB
3B85
BCA0
3C85
3CD6
3CFC
3D86
3D34
BC0E
3D34
3C9F
3D86
3B5F
BD0D
BC41
3D24
3D87
BCBB
3D72
BCB9
3D01
BCE0
BD2B
3C77
3D26
3CF1
BBA4
BD9D
BD19
3D93
BCE6
3D21
3D06
3D25
BD62
3D04
3CD8
BAF1
BA98
BB40
3CCA
BD13
3A9A
3D12
3949
3C1F
BB1E
BC50
3C15
BBED
BCC5
3B72
BD31
3B82
3C4F
3AE3
3C01
3C4C
3C1D
BCA2
BD40
3D0E
3D28
BA0B
BCA1
BB08
BC54
BB02
BCE4
BD0C
BD3E
3C17
BB3B
3C93
BC32
BD33
BD17
BD26
BD82
BCA3
BD97
3D01
3D81
BCAE
BD84
3D55
3D2F
3C47
BD0D
3D1B
BD84
3CC8
3C78
BCD6
BCF6
BCB7
3C16
3D05
3D04
3BDB
3BC5
B948
BC1B
BBB7
BD68
BD83
3BC9
3D3E
3D4D
3CE2
BD1E
3BBA
3BF5
BDAA
BD69
BC75
3C83
3CAB
BD53
BCF3
3B8C
3C45
BA2F
3C9D
3D13
BD29
BD4E
3C90
3CBD
3CF9
3D0A
BC54
3D29
BC97
3D4E
BC33
BC97
BD73
BD1B
3C07
BD64
3D48
BD2A
BC88
BD05
BC76
3BA9
3C12
BCAE
BCAF
3D0A
3C93
3C8E
BC27
3D46
3CD0
3D38
BD23
3CD1
3D12
BC6A
3CD1
3CF9
3D4E
3D37
3D2D
3D20
3D51
BCCB
3CC9
BCE5
BD0B
BC8D
3B5A
BB8A
BBA7
3D32
3CF8
3D43
BC51
3CBC
BC3B
3D17
3CD7
3D89
BD18
BD73
3CCB
3D6A
B833
BD0D
3D92
3ADE
BD7A
BC6F
BC5F
3D01
BCAB
3D05
3CFC
BC52
3C1D
3CCE
3D70
3C00
BC79
3D13
BD6D
3D98
BD08
BCEB
3C81
BC77
BD33
BD05
BBB7
3C8E
3CC9
3D18
3C0E
BD09
3C7E
3B19
BCBF
3C9F
3B95
BD13
BCF9
3B9C
3C6B
3C65
B9FC
BC5D
3C3C
3C34
3C97
3CC3
BCD5
3D00
3C7D
3CC6
BCB9
BB8B
3D17
BC24
BBE9
BD01
3C2E
BC2A
BAD5
BBE9
3C8A
BC91
BBE9
3C87
3CB0
3BEB
BCF3
3BA1
3D30
BC1B
3CB9
BB23
3D0A
BD33
3C57
BC40
3CC1
BCC6
BC1A
BCDB
3BC3
BCAE
3C07
3B7F
3D20
BCD7
3D16
3BFC
BD00
BB06
3B7C
BC6E
3B72
BC06
BB9E
3B60
BC1D
BC31
BCC0
3B33
3CBA
3CE9
3B8F
BC75
BB8B
BA9D
3B2C
BB89
3C04
3CB9
BB46
3C8E
BCBC
BCAC
3B4D
3C61
BC5A
BB90
3B3F
3BC0
3BC2
BD16
3C86
BD42
3CCE
BBB7
BD24
3C97
3B86
3CB9
3D24
3AAB
3D2F
3C2E
BC47
BB94
3AAD
BD20
BD1F
BC8D
BB7A
BC60
3CBA
399C
BBE7
BC9F
3CE2
3C0A
BBF1
3BE8
3B7B
BCB8
BB81
3C42
BD17
3B46
BB52
BB75
3CDD
3D09
3CF2
BC46
BD04
BCBB
BC81
BCBE
BC81
B9D5
BB96
BC17
BCB1
3CE9
BB87
3C9A
3CF8
BB63
3C9A
BC9A
3922
BA7C
3BB1
BBAF
BB5A
3C20
BD27
3B90
3C6D
3B39
3C0F
3BC3
3C54
BBE5
BBB6
3C2B
BCB0
BC0D
BBD8
BCA2
BB97
BD26
3CA8
3CE6
3C6F
BB76
BD06
3B99
BC9D
3C01
BD21
3C2B
3CCD
BC4C
BD04
3720
3904
BC18
BC43
BD18
BC3A
BCD9
3AF4
3C55
3BDD
BCBF
BD0D
BC0A
BD23
BA08
BD2B
3CAB
3CFA
3C58
3C06
BD3E
3CA7
BC7D
BCC0
BC6B
BBD3
BCD0
3C49
3C1C
37F8
BB83
BAD4
3C38
3C08
BC26
3B81
3D03
3A85
3AF2
3B4F
BC4E
BD2F
3B12
BC97
3B6A
BCAE
3D21
3CCE
3C0F
3CCB
3C9D
3C2E
BA2D
3C8A
3CAC
BBBE
3C2A
3C77
BBE9
3D0B
BB9F
BD16
3BC3
3C68
3CB5
3CAA
3C91
3AB5
BC65
BC73
BA96
BC84
3C82
BCD3
BCFE
BB2F
3CB9
BB63
3CFF
3C87
BCF8
BCB9
3C4E
BD0D
BCD5
3C8B
3D07
BBAD
3D4F
BC9F
3C67
BAFE
3AF2
BD6E
3C26
3C0D
3CF0
BBE0
BD20
3BFA
BD2E
3D1A
BD6C
BB70
3CE6
BD02
3C11
BD44
3C96
3D0E
3CB1
3C0B
3D5E
BD19
3C69
BD94
BD39
BC74
3936
BCE0
3C77
3CFE
3B2E
3C2B
BD29
3B21
BD39
3C73
BA97
3D74
3D11
BD4A
BB77
3C95
3C3E
3D0F
3C82
BD2F
3D17
BC8D
BC89
BCF0
3C8F
BD40
BC3D
3A69
BD23
BCAA
BCCC
BD0C
3B0F
3D73
BBD9
3BA3
BC33
BD1A
3CC2
3D2E
3D25
BD28
38D8
3CCA
3D71
3AC4
BCE5
BCC7
BC7C
BD17
3D4A
3C81
BC7D
BBFA
BCBF
3CAC
BD19
BD5F
3B9B
3BA4
3BFB
BD77
3D08
BCB6
3D8B
3B4E
3D9E
3CBC
3D45
3BEA
3D00
BC86
BD71
3C31
3CEE
BCA3
BBC3
3C4D
BB9E
BD28
3CCE
BD2E
BD33
3D04
3D78
3D6E
BD50
BD85
BD3E
3BB3
BC14
BC95
BCCA
BC05
BCB5
BC23
BCB5
3C7D
BCCE
3C9F
BBC2
BC88
3C71
3C3A
BA9E
BCA9
3BE4
3CB2
3BFF
3AF0
BAED
3CBE
3B8E
BBCB
3C00
BC91
BC57
BB8B
3B56
BC9C
3CA1
BC2A
BABA
BD2C
3CAE
BD1A
3C77
BCBA
BC7F
BB8F
BC28
3C83
BBEC
BC5D
BB8C
BC90
BC8C
BCE0
3C2E
BC9A
3AC8
3CB7
3BBD
BCE4
3C3F
3C7B
3C8C
BC89
3A5A
3C7D
3B90
3C27
3BE4
BB8C
B900
3C49
3922
3D13
3AAD
3C88
BCB9
3930
BCB2
3B6C
3B96
3BB2
3C83
3C7C
3C40
BBFA
3B31
BC3F
3B3E
3C23
3CD5
BC2D
BBB7
BC8D
BCE4
3CBB
BC1E
3C34
BD19
BCD2
B971
BD33
3C91
3CDA
3C97
3CC0
3C2C
3CE2
3CF6
3CAA
3CF4
BC98
3CCC
BCB1
3D2B
BCA9
BCCA
BB8C
3B39
BC50
3BE1
BC8D
BC1A
3CE6
3C8F
3BB1
BB27
BC69
BC0F
BC93
3C98
3C7D
3B64
3AA3
3CCA
3B7B
BB24
3CD0
3D22
BC96
BCB5
3C50
BC42
3C3B
BA20
3CC6
BCAA
BAC4
3CE1
3C2A
3C87
BB15
3BD8
BC1C
BC61
BD2B
3BE2
3A8A
BACE
BBF6
3C85
BCFD
BBEE
3D05
BCB9
3C9E
3CAC
3BFC
BC35
3C6D
BD66
3B79
3CBC
BC82
3CD6
3C25
BADE
3D08
BC56
3B53
3BAE
3C5E
BCFB
3D11
BC9F
BCCE
3C35
3C93
BCAC
3C76
BCF8
3C0D
3CB7
BBBD
3CA0
3863
3C99
3CCE
BC66
3BD5
3D00
3C3A
BC16
3D00
3CEE
BD45
3C7D
BB9C
BC5D
3CDE
BD62
BC20
BD11
3C34
BBF0
3C99
BC75
BD06
BC59
3A88
BCF4
3A2F
3C05
BB53
3D26
BB48
3C6E
3BED
B9FB
3CE4
BC78
3C91
BC92
BD20
3C86
BD70
BCDD
BD3F
3C49
BC19
BCA3
3BA7
BCEC
BA59
3C17
BCB1
3C43
3BA8
3B63
3C0C
BBFF
BBCD
BCAC
BD19
BD35
BB31
3C10
3D22
BD0B
BCED
BC69
BCDD
BC97
BCF7
BC65
BC7A
BC40
3B33
3BB7
BBC5
3C5E
BC47
BAAA
BB5B
3C34
BCA5
BC0D
BC85
3C2B
3CEB
BCB0
BC03
BCE6
BD1F
BC8C
3D37
3BA1
BB1C
BCAE
3CDA
3CB2
BC32
3CA7
3C08
3C75
BC01
3CCF
BCC9
BC87
3AB0
BCD6
3C28
BCDE
3CEA
BC45
3BF0
BCC4
BC56
3CB3
3BD6
BC0A
BC41
3D01
3CE9
3C12
BB3D
3D3F
3CD0
3D01
BCCF
3C83
3C15
BBA0
3CF6
3CBA
BCFE
3C4A
3BE9
BC6A
3AD3
BC69
BC2E
BC2F
3CCA
3C52
BC81
BCAA
BCF9
3D05
3C61
3BE9
BCD3
3B7B
3C38
3CBE
3D33
3CB9
BC50
BC03
3B40
3CCF
3C4F
3CBE
3C94
BC8F
BC64
BCA5
BCBD
3C56
BB91
39E2
3C82
BC70
BD22
3D0B
3D08
3D10
38AA
3D4F
BD24
3CB5
BAAE
BCA1
BA1F
BCA3
BCA8
BA77
BC9B
BB71
3CEB
3C82
3CC3
BB8A
3C31
3C76
BC89
BB0A
3CB6
BCAF
BD9D
BC51
BCC2
BCB4
BCAC
BCA9
BA1A
BC97
BC4F
BCA8
3CC6
BD09
BC46
3C5A
3CCE
BC89
BCA7
3C3D
3CB6
3C83
BBB0
3C19
BC05
B967
3C54
3B7D
BBE6
BD02
3C42
3C00
BCDC
3CCC
BD06
3C50
B9FD
BD0D
3C53
BCB7
BC9E
3B19
BD06
3CA5
BBB1
39C7
3C5B
BAA7
BC7E
BA62
BD04
BD52
3C91
BD25
BC98
3C8D
BB59
BBB0
3D6C
BCD3
BC64
3CD6
BBE8
3D53
BC92
3D64
BD37
3CFD
3C09
B93D
3C66
3B2B
BC0F
BC86
BC30
BCA7
BD02
BC37
3CA8
3D34
BC13
3C93
3CE9
3C0F
BCA0
BCA3
3CCC
3D33
BCB2
3C23
BC94
BB9F
3C8B
3BA4
3BD1
BD80
BCD0
3C92
3AA9
3C0F
BBBD
3D40
BB70
3C6A
3BE1
3D8C
3CAB
3D9C
BD73
3D52
3828
3CF3
BC80
BD2C
BD29
3D06
3CB1
BCC8
BC46
3C8F
3D03
3CA2
BD1F
BCD2
BCAA
BB30
3CDA
BCB8
3B8D
3C24
BD2D
BC10
BD26
BCCB
BC52
3B8B
3B9E
BC8C
BC70
BCC2
BC84
BC3A
3C35
39F6
3C8C
3C84
BBC7
BB12
BC65
3CBD
3C8E
3CCC
BCF3
3CAB
BCEE
BCD7
3D02
3C51
3C7C
BD10
3CC8
BCA2
BCE7
3D18
3C3D
3D4C
BBD1
3C0A
3BEE
3D03
3D10
3CEF
3CA5
3D67
3C82
3C86
BC3F
3D4A
BC0E
BD14
BB8C
BCB0
3C97
3AB1
3D21
3D11
BC21
BC71
3C92
3C84
3AB3
3C23
3D20
3C59
BCCA
3BAB
BB75
BC6A
3ADB
3C4C
BBF6
3C10
BBE6
BB5E
3BB8
3C8C
3C97
BC60
3B35
BCE8
3CD5
BCB3
BC09
BB9E
BCC6
3C39
3C0E
3C95
3C2B
3B10
3D3B
3C99
3C16
B9CC
3C4E
BD81
3A9D
BD0B
BD20
BD17
BC81
3D7B
3CF4
BC61
BCCA
3B8D
BD00
3CA2
3C84
3C1A
BBAA
3C46
BCA1
BD54
BC40
BD13
3CE0
3D39
3D5B
BD0D
BB06
3C35
BD4A
BCCF
3B14
BC7D
3D90
3BAD
3D9C
3B41
3C88
BB4E
3B81
3D66
3C2E
3C7C
3CC5
BCC4
3CE3
BBD0
3C26
3C19
3D05
3D06
BC1D
3BB0
3C5B
3CDD
3B6A
3BC4
BCD2
3D38
BC94
BD2D
3C43
3C19
BC19
3B8C
BD19
3ADF
3C5B
BD48
BD0E
BC52
BD7A
3D9A
3CAD
BCC5
3BE1
BC70
BD22
BB9E
3CC0
3BE1
BC94
3CDF
BCC7
3D2A
B88F
BC81
3D0F
3AE7
BD0D
BCBF
BD17
BCA2
3C3D
BD59
3B83
3C09
3C82
BD36
3D6F
BD2F
38F3
3C4E
3AA3
3D03
3CF5
3B6F
3CC3
3CE2
3BA4
3C88
3B13
BCBD
BD65
BCD1
399F
BD1A
BC00
BD8B
BC74
BD77
3AED
3CB6
3C58
BC7F
BC26
3D01
3B3C
3BF1
3C1C
BB94
3D36
BBF3
3C76
BC1D
3C10
BC8B
3D12
BDD5
BB34
BD90
BBC3
BD03
BB0C
BCBD
3CFA
3D37
BCB2
BCD2
3C70
3C9F
BD1B
BCD9
3BDB
3ACA
3D04
3D98
BCA2
BD15
BCB6
3D18
3D3A
3D44
BD9A
BBA9
3C03
3C7B
BD54
BCEB
BCD4
3CD9
3C1F
3D04
BD46
3C1B
3B23
BB2C
BD53
3C5A
3D2B
BB93
3B40
BD64
3CAB
BC98
BC24
BD4C
3D1B
3BC6
BC74
3B6B
3D57
3AB3
BD10
3CA8
3C41
3D02
3BA5
BD30
3B93
BD5D
3C9E
3AF7
BC3F
3CEF
3A84
B776
3C82
BCBE
3B66
BD68
3D2A
BD30
BC70
BB8F
3BB8
3C86
BBD9
BB34
3CF0
BCF6
BC66
3D3B
3AA8
3C37
BA6E
3D39
BD20
3CE5
3BAA
BBD5
BBDE
3885
BC2C
3C4C
3C6C
BC40
3CFE
BC4D
BD2B
BCFC
3D76
3A9E
BD3A
BC44
3D4A
3DAC
3C04
BD04
3AAF
BD84
3CAD
3BBA
3D29
3CC5
3CFB
BCE0
BC9E
BB75
BD36
BC52
BCB3
3BB1
3CBD
BCBA
BDA5
3DE1
3A83
3DA9
3D3C
3D1A
BC8C
3C13
3C2A
BCC6
BC39
3D0E
BC82
BB93
3C91
3CE3
BC82
3C81
3C34
BD46
3CDA
3D57
BB0C
BD18
BD3F
BD1C
3D97
3C63
3BD4
3D17
3B7B
3D4E
3C99
3B90
3C6E
BC9A
BD09
3C67
3C19
3B01
3C19
3CC8
3C88
3C5B
BC30
3CA8
3D2E
3BD7
B909
3B0D
3C01
BC98
3BA3
BCBC
3CB0
BB2F
BC26
3D32
BCD3
BCE4
BC38
BB38
3C65
BC83
3C16
3BF3
3CCB
3C71
3AD2
3BCB
3C8E
BBB3
BC32
3BEA
3CB7
3C41
397E
BC62
3CAC
3C90
BC07
3C69
3A8B
BD07
BBE8
BCB2
3C34
3C95
3C70
BC11
3C65
BD7F
BD40
BB76
BD06
3CCC
3C18
3D13
3A9E
3D2F
BC0D
3C52
BBC8
BCDF
BC96
BCBB
3C2D
3CA6
3CE1
3BA4
3BAD
BD86
BD01
3D39
3C23
3B9D
BA94
BCEA
BC90
3C75
3D4C
B868
BCCA
BC1D
BCF3
BB66
BBD6
BC43
3C03
3CAD
3BC5
3C70
3C5E
3CAE
BC4F
3C0C
3D6E
BC14
BCD6
BC65
BC25
BC71
BC87
3BBA
BB9D
3C1E
3D19
3D7A
3D07
3BE6
BC7B
3BF6
3CAA
3BB1
3DC7
3BF7
BD23
3D9F
BD79
3D3A
3CBC
3D62
BB99
3C0D
BD49
3D42
3D70
BCC6
BC7F
3C16
3D89
BC8A
BD2F
BC9A
B935
BC91
3D20
BC32
3C19
BC7F
3C9E
3C03
BBFA
BC1F
3C89
BC4A
3BBD
BC3E
3C67
BCCA
BC21
3C8A
3C83
3C4F
BBB4
3C36
BCAD
3C13
BC52
3C3C
3C92
BC48
3BD0
3CA4
3C86
3C14
BC89
BCBC
3BAE
BC9A
BC80
3A3F
3C34
BD03
BCCA
BC33
BD15
BCB9
BC1C
BDCE
BD95
BCD1
BD99
BCB5
BCEF
3D7C
3D38
3D95
BB06
BCAB
3BD3
BCD4
BD6D
BB5B
3C9C
BB06
3D60
BBBB
BBA4
BDA2
3CD4
BB32
BBAC
3C90
BD13
BD01
BCC8
3D3F
3CE7
3C4F
BBEC
BC58
B8E3
BC11
BD02
3BBF
BAE3
BC3F
BB40
BCEA
3D06
BB9F
3D04
BCBE
3C3A
3C42
3CA3
3B93
3C9D
3A37
3B96
395A
BD11
BBA0
BB0B
3D20
3BE5
BBCB
3C3C
3C39
BC59
3CC4
BDC7
BC9D
3D6D
BD07
3D63
BD2A
BD21
BD40
3D4F
3C7D
3D24
BD07
BD86
3C9D
BC87
BC58
BD23
BCA9
3C97
BC7E
3B80
BBBD
3C93
BC0E
3B70
3CA3
BC93
3CE8
3CC9
3BBF
3BC1
BCFA
BB9D
3D67
BC56
BB0B
3C8F
BD7F
3C64
3C8E
BC2B
3C7B
BCAA
3CD9
BD21
BA97
3D10
BB28
BD51
BD85
3D10
3BB8
BD3E
BD07
3CB9
BB33
3D6D
3CF1
BC46
3D12
BD35
BBA7
BD23
3D5B
BD30
3DBC
3D55
3D1E
3D86
3C97
3D14
BD28
BD86
BCD6
3C92
3C86
BCC4
3D22
3D6B
3D6C
BD11
3CAD
BD49
3D06
BC71
3D6F
3CB8
BCDD
BCC2
BC83
3C5B
3A2F
BCAF
BCA1
BA8D
BC89
BC6F
BB67
3B49
BACE
BBDB
3CD1
3C69
3D9E
BB9A
3DBC
BCDA
3DAE
3CCA
3CD2
BD5B
BD76
3BBD
BAAD
3D0A
BD15
3CB8
3C68
BA78
3C2A
BDC0
BD56
BCD2
3C53
3D17
BD02
BC07
BBBB
3C2C
3CF8
BC57
3C32
BC44
BD0F
BD49
3CBE
BC69
3D15
BCC8
3CA8
3B8A
BC47
BCDF
BB6A
3CD2
BC9F
BC9F
BCDF
BCD2
BBC4
3BAD
BCDA
BBEC
3CA7
BBAF
3BF4
3D0B
3B93
3D40
BC8C
3CDB
3C83
BB2D
BD3A
3CAE
3C1C
BBC6
BC8A
BBB1
BCCE
B9A1
BCA0
BD68
3C77
3D31
BC79
BC97
3CC1
3D61
BBB4
BD9A
BD26
3BB4
BD6A
BC79
3C1F
3C9C
BD49
BD10
BC88
BDC0
BD26
3D54
3C3A
3BB3
BC99
BC46
BC09
BC8F
3B08
3A01
BC50
3C8C
BA16
BBEC
BC66
3CD4
BB72
BCAD
3C2C
3CD1
3CFE
BC40
3AA1
3CA5
BCCE
3CA6
3D12
BBFB
BCE7
3B9D
3D83
BAA2
BC62
3CD4
3C97
3C1F
3BCF
BCCC
BC56
3D7D
3CD5
BC8D
3B8C
3C0A
BCFB
3D46
BCAE
BCB3
3CEC
3C45
3C1F
3D26
39BB
3B36
BD38
BD99
BC0B
BD60
3CEA
3BC3
BC55
3CF3
3CA8
BD60
3C7A
BD8C
BD75
BC40
BD55
3CC1
BB90
BD34
BCD3
3D09
385E
3D61
BD4E
BD12
3C30
BB65
BCCF
BCD6
BB03
3CAE
BB83
BC9D
BC52
BC98
3BB5
B987
3C5A
BC03
3BFF
3C94
3B08
3CEB
BB87
3C78
3D20
BC24
BCFA
BD26
BD24
BCFA
BC47
BCFC
BC81
3CAD
BCD0
3D71
BD1A
BD50
3C6B
3ADF
BD30
3BEC
BC7E
3C6A
3D51
BC21
3CAB
3D03
BC35
BCEC
3D25
3D3B
3D1E
3D0C
3D21
BDC9
3D4A
3D79
3B9B
3D48
BC52
3CD0
BCD2
BD17
3C5D
3CB5
3A46
3D04
3D1D
BA87
3998
3C59
BCCA
BC91
BB88
BC81
3D8C
3BFE
BCD4
3C99
3D2A
3BB4
BC5B
3D11
BB27
BCCA
BB85
BD04
3BED
BC30
3A1C
BC06
3C23
BD9A
BB16
3C50
BB20
BD1C
BA3D
BD38
3CBF
BCEA
BD11
BD25
BC09
BC2E
BC30
BD08
3C21
3D1A
3CA5
BB9E
BD70
3BC7
3C6F
3B11
BC49
BC39
BCE6
3C73
B9A4
3D98
BD18
3D3D
3CB2
3CA2
BCD4
BC6B
BCBC
3C4B
3C83
BCBD
BBCC
3D3F
BB98
BCF8
BCA8
3CD4
3CE4
BC19
3C2B
3C90
3D0B
3BAD
3B69
3C09
3B94
BD9C
3C96
BD16
BAA5
BB69
BD8D
3CCF
BD01
BBF6
BA88
BCF4
BCAA
3C43
BC70
3CA9
BBC6
3C24
BC9A
BC5F
BD0F
3C96
BBD8
BB32
3C83
3C8D
3C3F
BCEE
3C9F
3D1B
BB99
BCC1
3C76
3BC8
BB89
3C4E
3CDD
3D07
3CA9
3D1F
3CA6
3D02
3D16
3CA5
BC9B
3BBB
BBA4
3BA4
3C16
BC03
BC2F
BCE6
BD2C
BC28
3CCA
BCFF
BD43
3C90
BB8F
3C10
3CF9
3C65
BD3F
BD0E
BC2E
BC8E
BC33
3BE9
3D72
3C23
3CD0
3D07
3BE7
3C42
3C00
BD13
BD72
3B2C
BC01
B8F9
3C7F
BCCD
3CA1
3CEF
BCE7
BC86
3CB2
BCC8
BB5D
BC93
3C90
3B39
3C9F
3CB2
3BA4
3C3F
3D07
3A9F
BC1B
3A20
BC87
3D08
BC5B
BB8B
BD29
BC0A
BD2E
3CAE
BCED
BCAC
BCBE
BD51
3B3F
BD34
3CF1
3D0D
BCC0
BCF4
BB30
3C7F
3C6F
3D16
BC12
BCC3
BB5A
3CF0
3B41
3CBE
BCEB
3CA1
3B9F
BD4F
B92D
BD0C
BCB9
BD4C
3B88
3A87
3D25
3C6F
BB16
BB9E
3AA8
BC19
3C6E
BD0B
3CA8
3BDB
BBC8
BD24
3D3E
BCB2
3C89
3CBF
BCC3
BCDC
3C32
BC4A
3D1C
3C25
BC2A
BC1F
BCD0
BC06
BCF2
3CF7
3C73
3C89
BD74
3C68
3C9E
BD1D
BD50
3D17
BD39
BC15
3D2F
BC63
3B70
3C45
3B18
3C06
BC99
BCD6
3BD8
3D29
3CFD
BC89
3D54
BD1B
BD14
3CBE
3D0C
3B85
BD4E
BCBC
BC88
3BCE
3AAA
3D0C
3CAC
3D20
3BA9
3D37
3CAD
38D2
BB1A
3C50
BB72
3C8B
BC3A
BD29
3C3C
3CE6
BCE7
3C8B
3D3D
3BAD
BD6A
BBDF
BB8A
3C15
3C47
BCE0
BBA4
BD11
3C98
3CB2
3C90
BC97
3C8E
3BCA
BD66
3C93
BD30
BC9D
BD09
3B12
BCB1
BBAB
BD44
BD68
3CD0
3D27
3C98
BD95
3CBF
3D63
3D19
3C68
BC1B
BD60
3B37
BCC6
BB95
BC5A
3C57
3D18
3A33
BCEF
BC7F
3CB3
3A3E
BB63
3C98
BCBC
3D4D
3D08
BC81
BBB3
BCAE
BD05
BC94
3D1C
3C64
BD43
3D19
BD34
3C8A
BD34
BD22
3D84
3D05
BD07
BBD9
BD2B
BCB1
3CCE
BCA3
3D3F
3D10
3D78
BCDD
3D73
3D50
3CA6
BC8C
3CF2
3D1A
BAEB
BD37
BCCF
BD25
3C02
3D1E
BCBE
3CE7
3C8A
BCEE
BCE5
BD3B
BD80
BCC2
BC93
3D83
BC90
3CFE
BBC9
BCE3
3D7A
3D46
3C9A
BCF0
BCA9
BD0A
3C6C
BBB2
3CAF
BC88
3D10
BCD2
BBEB
BD7F
BC7E
BD84
BCF3
BD73
BCDC
BD17
BC1B
3D1D
BCDB
BD51
3CD1
3D17
BCE5
BCE9
3D5B
BC8D
3D21
3C80
BD20
BD6F
BD65
3D4E
3D69
3D2C
BD82
BC04
39B3
BC80
BBEF
BC3A
BC72
3BB1
3B2D
BA4C
3CE9
3CA2
3C96
3B50
3B60
3C05
3C9B
BC5F
BC16
3CA0
BD77
3A5C
3C1C
BB79
BC22
3C96
3C5E
BC1E
BCFD
3C54
3A59
3C34
BCED
BCC3
3CB3
BBAE
BCDD
3BFC
BD4E
BCF7
BC08
BC2D
3D92
BC64
3D25
BD2C
BCE5
BCA7
3D4D
BCC5
3CC7
BC5B
BC67
3D18
BB8D
3CC3
3D54
BCFE
BD1F
3CAE
3CDB
3D19
3C82
3D2E
BD23
3CE7
3CBA
3C82
3BF5
BC95
3BFF
3C56
3ACA
3BC3
3B55
BC80
3CAF
BBBC
3B12
3C0E
BB86
3CBD
3D01
3B8D
BB70
3D2B
3B7E
3C61
3D10
3C86
BC05
BCE4
3CB7
3CBD
BD5B
3CD9
BD3D
3CE8
BC62
3C5A
3C0A
3C91
BD03
BB83
3C29
3D2C
BC4D
3CAD
BCE9
3D6F
3D5E
BD41
BD1B
3CF5
BD86
BD52
BD03
3D4B
3CA2
3CE8
3C03
3B91
3D05
3CC2
3CB7
BCD8
BC6D
BD27
3CD1
3CB2
BCFB
3CD5
BCC2
BB9E
BC94
3D23
3C2E
3CF5
3CF0
BCAF
BC93
BC5A
BC81
BD38
BC7B
BA37
3C11
BCCD
BD66
BC85
BCCC
BBC2
BBC7
3D2E
BB3E
BC5D
3BDC
3C99
3C14
3A97
3B26
3D39
BCE5
3D7D
BD68
BB3B
BBC8
BBD8
BCC7
3A96
3D10
3B9A
3CD0
BB04
BCBB
3CF3
BC2E
BC9A
3C3D
3C86
BBE0
3A49
3CA6
3D0C
3D05
3C67
BC09
3C87
BAFC
3C88
3CB1
3D07
3BB2
BCCC
BCAF
3BF5
BC6B
BCF0
3C16
BC64
BC29
BD5F
3AA4
BD24
3C80
3D82
3CEE
3CC9
3CCF
3B09
3C3C
3C4A
3C5F
3DCD
3B71
BCB9
BBDC
3C66
3B5F
3D3C
3D09
BCE3
BDB1
BB4E
BBD3
3C62
BC4B
BABD
BCF7
3C34
3BF7
3D01
3C0F
3D33
BD8C
3D50
BA8A
3CF8
3B7E
BCBA
BC21
BC15
BC7B
BD04
BBC7
3D0E
3D6D
3A4D
BC5A
BAE5
BCBE
3A4B
3C96
BC70
3CFC
BC0C
3D83
3B97
BC53
BC45
BB6E
3B80
BBB1
3BAA
BBA9
BC3B
3C89
BBC0
BBB1
3C8B
3CB7
BC13
BD28
3CA5
3C73
3C92
3B96
3CE7
BC81
3D44
3A82
BA92
BB26
BBDF
BC84
BBF1
B880
3BA9
3C39
BCF2
BCA1
3D89
3C9D
3BB7
3B68
3AB4
3C2B
3C34
3B8D
3C77
3CB1
3CE7
BCDE
3D05
BCB6
3CCD
BC3D
BC12
3CE9
3C59
BBB4
3C2C
BC8C
BB41
3C99
BCB6
3C96
3C35
3D13
BCB6
3D4A
BCD0
39C7
3C91
39FA
3B92
3B23
BB3B
BC13
BC30
BB98
3CCF
3CBE
3C52
BCBB
3CBF
3CB2
3C55
BD08
BD69
3C8D
3805
BBD1
3C71
BBFA
BCB0
BD32
3CA5
BC9C
BC24
3D55
BCAF
3D71
3BFD
BBBA
BCA6
BCDC
3C15
3D00
BD30
BC97
BCDF
BD18
BC7B
BA8E
BC5C
3C44
3C57
BC7A
BCDA
3C78
3BDA
BC89
BB95
3CDF
BC8E
3BD7
3D03
BC99
BCA5
BA63
3C42
3D42
3CE5
BC04
3C0D
3CF6
BC99
3A55
BC93
3BA7
BCB7
3BB3
BB5E
BCD2
3C24
BC35
3C9F
BBCE
BCA1
3B36
3C85
BBAC
BC9E
3D6B
3B39
3C93
BC83
3C33
3C07
3B0C
BD1C
3CA1
3B09
BD1B
3D23
BD2D
3B64
BB17
3D37
3CF8
BC2F
BCBE
3C08
3CAB
B9E1
BBF7
3B9B
BC35
BC06
BC16
3C83
3A4F
BBF4
BB6A
3D20
3C8B
3B6A
BAEB
3D23
3C05
3D1A
BCA2
3CEF
3C16
BCA3
3CD6
3BDF
3CC8
3D2D
3C1E
BA77
3BED
3CEE
BD0C
BCBF
3CB8
B9BA
3C06
3C46
BB67
3B16
BBBA
3D49
3C88
3D03
BC99
3C36
3C55
BC45
BD01
3C4C
BCF9
BB66
3CAE
BC2E
BB97
BD20
3CD6
BBDF
3C50
3AF2
3BBC
3CF4
3C98
BA89
3D16
3D1C
3D17
BC30
BC0A
3CCB
BC87
3C32
BCCF
BB74
3C4B
BCCC
BC15
BC02
B867
BC4F
3C82
3C6B
3B90
BD0C
3C8F
3CCF
BC85
BBA0
3CCA
BCCB
3D33
3CDC
BCF3
3CFE
BCAA
BD30
3C44
3BEE
BD32
3D2F
BD81
3CA7
3C24
BC8A
BD08
BC78
3C69
BC20
BC2E
BCD8
BCF5
BCD7
3B53
BCC5
3CEB
3B37
37BF
BC69
3C8C
3C4D
BC1C
3C94
BCD2
3C32
3D32
3CD9
3C5F
BCFE
BCAD
BAB7
3CEA
3BBA
3BB5
3CF3
3C93
BD1A
BD11
3C95
3D04
BD1E
3C9E
3C0F
3C4C
3B9D
3BF3
3D46
3CE3
3BE5
BD3B
3D02
BBBB
3C48
3CFD
3D09
3D43
BD00
BD4C
BD6F
BD15
BB3D
BD7B
BB4A
3D06
BCF7
BCC6
BC26
BCC6
39C7
3C6D
BC72
3BCC
BD01
3D0C
3D11
3CC9
3BF7
3B48
BC3E
BBEC
3CC9
BC97
BBF0
BB78
BA92
3C92
3BCE
BCDF
3BBF
BD30
3C87
3AA5
3C80
3CCA
3D08
3D38
3CD7
BC5F
3D4B
3B75
3D33
BC27
BD07
BC55
3B51
BD17
BD7F
BB48
3D8C
3D2F
3CFA
3C57
BBBA
3BFB
3C9A
3CBC
BCB2
3D27
BCBE
3CC9
3C70
BC9E
3D0E
BCB2
3C91
3C44
3D11
BCB6
3C14
3CAD
3CAA
3CD4
BCD5
3BC7
3B87
3C9E
3C38
BD0F
3C87
BD15
3CE7
3C93
3D07
BD42
3BE4
3C73
3CE3
BDA2
BCC3
3CDF
BD09
3C63
BA41
3AFF
BBCD
BD15
3CCA
BBD1
3C21
BCD1
3C47
BC6B
3B31
BBC3
3CB5
3BB2
BD22
BCD6
3C9F
BA4C
3A77
BC94
BC72
3B55
BCA2
BC19
3BA8
3C24
BBF4
BC88
BBC8
BD3B
BC0D
BBB3
BD3C
BCE4
3BCC
BD0D
BD11
BC43
3D09
BB40
BAC5
BBE2
BD64
3D16
3B43
BC88
3B47
3D21
3C8C
3CCD
BCFF
BD2B
3C6D
3C6B
3B90
3C47
3A24
BC9A
BBD7
BBEC
3C7E
BCE5
3CFE
3CEA
BC36
3C61
BC7C
BD0A
3D15
3CB8
BD1C
BBF7
BCC0
BC3F
BCE0
3CC9
BC07
BCD8
BBB1
3C92
3D13
3CA1
3D0D
3C42
BB79
BCFF
BC8C
BD13
BC11
BCF0
BC8D
3CDB
3B76
BD04
3CE9
BCFB
BCCC
BA93
3BDD
BC7F
3C11
BB8C
3C82
3C26
BB1F
3CD7
BC20
3C72
3B0B
3BC1
BB41
3C28
BD04
BC59
3C24
3C8A
3CE7
3D1A
3C6C
BBE5
3B99
BC27
3CC1
3C5D
BC4E
3BC5
BC47
3D1C
3B1D
3CF1
BCB7
3D0F
BAE6
3CAE
3BF2
BCEB
BB9F
3B96
BCBF
BCE2
3C8E
3D69
BAD1
3BF7
3C93
BC42
3C20
BCE1
BC8C
3CC9
BCE6
BD08
BA16
3D14
BCD5
BC3A
BCEB
BD0F
BCC9
BD44
3C5B
3C8E
BB8A
3C03
BC7C
3CD7
BA42
BBD8
3C98
BBA4
3B84
3BB7
3A76
BCA6
3C5C
3C05
3D18
BC8C
BCD6
BB30
BC78
3CEF
BBD7
BB88
BCDC
BD35
BB6D
BCE3
3CAA
3D00
3BA2
3CF9
BB9D
3B5C
BC3C
BC8A
BCD3
BCAB
3C65
BCB9
3AF4
3D29
BD0C
3B03
BCC8
3C3B
3D26
3D0A
3C3D
3C2B
3CDC
3CEE
BCB9
BD43
BCB1
3BB1
3BE6
3C8B
BC21
BC76
3C22
BD2E
3B75
BD93
BCC5
3CCE
BD67
3C82
BD44
BBCD
BD40
3CFE
BB79
BC02
BC7B
BD65
3CB3
BD21
BB63
BC1D
3BF4
3C15
BD41
BC77
BCA6
3D0E
BCC5
3C98
BCBD
BCF3
3C34
BB9B
3C1A
BCDE
3BED
3C9A
3D0E
BCB6
BD0F
BD33
BCE0
3C8D
BBDF
BCE1
BC29
BC07
3B80
BACB
BD13
BC0B
BCC1
B963
BD03
BCDB
3D07
3CF8
BC1F
BBFB
3D3E
3D32
3CE5
BD2A
3D7A
BC6B
BCA6
3C50
3D70
BCB8
3DAD
3D2D
BC73
3D3F
3D40
BC16
BD4C
3B0A
BCC7
3A3B
3C7C
BCD9
3D09
3D22
3D24
BCCE
3C79
BD07
3CD9
3ADA
3C9A
BC09
BD6C
BC8E
BBDD
3D1B
3C22
3C8C
BD41
BD13
3B12
BDA0
BB60
3C18
3C6C
3CD2
BC72
BCF0
3DA8
3D48
3DA6
3CD1
3DBB
BC5A
3D3C
BD11
BD81
3CF4
3CBD
BCD2
BB69
3CC5
3D18
3C74
3D08
3C38
BD2B
BC92
3D07
BC0B
BCDC
3C25
BCC5
BD0E
BCE7
BD00
BB0F
BCCD
BCFD
BB89
3C36
BCB1
3B46
BCA8
3C6C
3CCC
BBB4
BC59
BB07
3B59
3D16
3C79
3C05
BB4A
3C2C
BC07
3C48
BBD3
BC85
BC8A
BD04
BAC0
3BD5
BCBA
3CDF
BB93
BD03
3BFF
BC47
3D33
3C94
BC73
BCA3
BCFB
BC6C
3CED
BCE7
3D14
BC2D
BCBA
3C01
3D20
BC0C
BCE0
BCB9
3CEA
3D10
BCEF
3B95
BA31
BD23
3BAD
BC64
3D24
3D11
3CF7
3C09
BBEF
3D07
3CB6
BCB0
3C47
B7B4
BB2B
BBBD
BC25
3ADF
BC36
BC3A
BC3D
BC89
BA05
BC3A
BC24
3CB7
3D02
BB86
3B9C
BB81
BD38
BB77
3D00
B94C
3B5F
3C11
3CA8
BC21
BC52
3C51
3D38
3C6D
BC4D
3C86
3CA9
BC9B
BD38
BD32
BB37
BD0D
BC6F
BD1E
BCFD
3B41
3D2B
3CF7
BCFA
3C56
BCFE
BC9E
BD06
3CD2
3CFA
3BDC
3D80
3CFC
3C29
BC2A
BD0D
3C93
3CA1
BB8F
3BC9
3D07
BC65
BD23
3D09
3B42
BC2C
BD60
BC46
BC95
3C94
3C07
BB81
BB84
3CF5
BB8C
BD30
BB5C
3C08
3D4F
BD4B
3C0C
3BDF
3D0C
BCC8
BC3F
3B99
3C5B
BC22
3AFE
BC58
BD27
BC79
BCEF
3A7F
3C1B
BCDB
3D2C
BB32
BBA1
BCA4
3BB0
3C84
3CEF
3B69
BC5E
BCD1
3CB6
BB92
BC2F
BB80
BB69
3C59
BB22
BC06
3C3A
3C74
3C1E
BC81
3CC6
3B07
3B07
3D3C
3C8A
3CF2
BB6C
3A02
3C73
BBD5
3C4C
BB9C
BC71
BCE9
BC89
BCB3
3B90
3C54
3CDF
BC1C
3C21
BBAC
3D28
BCBB
BD36
BC13
3D83
3BB2
3D4C
BC8C
BD07
BBA2
3C0A
BCB0
3B6C
BC30
3C14
3CA1
BB56
3D30
BB2B
3C8E
3CA2
BCD9
BD89
BB0F
388B
BC51
3C5F
B786
3D12
BC63
BC64
BC86
3BBF
BCF8
BCFF
BC83
3D46
3D87
3C0E
BB93
BC9D
BCB7
BC75
3C9A
BABE
3D5C
BC4E
BAC9
BBD2
BBA1
3B02
BB59
3D0B
3C88
BC82
39B6
BD02
BBFC
3C21
3BE9
BADA
3CF3
3A18
3CA8
BCE0
3BAC
3C75
3D33
BBFD
BC4A
BC77
3CDB
3B7C
3B19
3871
3D2B
3C5A
BC54
3CB3
3B80
3CEF
3D2E
3B7F
3D32
BD21
3C93
3B50
3CD5
3CB8
3B1E
3CB3
BBA5
3BA9
3D10
BC2E
3CEB
BD05
3D3A
BCC7
BD83
BC81
3D15
BD29
3C14
BD19
3C89
3C24
BD1B
3B58
BD11
3BAE
BCFE
BCCD
BBDB
3B73
3A8B
3B61
3BC5
3BEE
BB24
3D15
3C07
3C8F
3B6D
BCEB
BC8F
BC03
3C14
3BBD
BB1C
3BCD
3CAD
BCCF
3CBD
3C8A
BCCB
BC87
BD29
3D11
BC5C
3C50
3D51
BCB4
3D40
3CA7
BCB3
3B85
BCDE
BBDB
BB8B
3CED
BD22
3D99
3CEF
3C9C
3D16
BC8D
3D00
3B53
BCAF
3C80
3C57
BCC7
3CA5
3C34
BD0A
BC86
BD4D
BC9E
3D0A
3CCC
3D4E
BD41
BD21
BC85
BD49
3D1D
3BBF
BB7D
3B7D
3C2B
3C3F
BCE0
BD05
BC7D
BCAD
3CD4
3C94
BC90
3D23
3C78
3BBE
BBCF
BCC9
3D09
BC9D
3CF3
BC20
3C7E
BCD2
BAAC
3BE5
3C9F
3C8D
BBE3
BBC1
BC4D
BBF4
BD39
3D93
B89D
3C86
3D2D
BD12
BC7D
3C53
BC27
3CFA
3BFA
3BCF
BD05
BD02
BC81
3CA9
BBFE
BC50
BB89
3D20
3C89
BD1A
3BE6
BB2B
3B7C
BD1C
BBAA
3CD7
BAE5
3D25
BAB0
BD08
3B0F
BCA7
3B22
BCC8
BB97
BCD5
3C92
BC54
BD3D
BD0B
BCF5
3D02
BC47
3AD2
BCB4
3CD4
3C1B
3BD7
BC20
BCEB
3CD0
3CC5
3D03
3ACF
BCBB
BD06
BB0F
BD14
3CA7
3CFF
3B8E
3D53
3C0D
3CA8
3BBD
3C84
BB19
BCAA
BD8E
3CE8
BD3E
3CA0
BD0B
BC56
3D13
BC24
BB73
BC89
3C8E
BD27
BD0B
BCF7
3D42
3CDC
3D2A
3CB9
3C34
3C8E
BC5D
BC60
3CFB
3CF2
BC1B
BD21
3CDF
3D0A
3B65
3C91
BD54
3CC0
BC98
3CEC
3BFC
BCFD
BB98
BD2B
3D5E
BCFB
BCD0
BBDB
3C6A
3C7C
BD45
3D9E
BCD0
3A9D
BD1C
3D2B
3C4A
BCFD
BD25
3D91
3D06
BD08
3CA5
BB7F
3C87
BDA6
3B98
3CCD
3BA9
3C37
BC08
BD46
3B30
3AE9
BB64
BD42
3C9E
3D47
3C22
BC62
BCD6
BC34
3D0F
BCEC
BCB7
3C00
3B53
3D41
3CDD
3C53
3CB6
BCC2
BCC7
BCAB
3D21
3D2B
3D85
3BC2
BCA3
3BB0
3D20
BA24
BCB0
3C85
3C08
BC1F
3D34
BB33
3D1E
3BF9
3D8A
BA80
3CF9
3B60
3D3C
3D06
BC20
BD33
BB29
BD41
3C89
BD0E
3CAB
3985
BD00
39CE
BB87
BC73
3A84
3D03
3D0F
3D31
BCFA
BB99
3DE8
3B9C
3D93
3B85
3D81
BC1E
3C75
3A37
BC73
3CC4
3C5B
3C8D
BBF8
3BEB
BCAE
3875
39F9
BC99
BCF9
3C17
3D01
BC36
BCAC
BB9E
BCDF
BC19
3CD5
3D0D
BCAB
3D0D
BC12
3C7E
BC8C
3C47
BB85
3C48
3C09
BBB2
BC71
BC6C
BC7E
3C93
3A9D
BCEB
BCA5
3AC2
BBFF
3C48
BBD7
BCE0
BB9C
BB27
3C51
BCBE
3AB8
3C7E
BC9D
3C44
BC1E
BD38
BD65
BBDD
BAFD
3C1E
BBC8
BD5E
3C01
3CDB
3BF0
BCE6
BC89
3D05
BC5A
BBC9
B9DD
3D04
3C71
BD2F
BD04
3BB4
BC65
3CAA
3C8B
BB10
3BCB
BD02
BC8D
BD4A
3B98
3D17
BB9C
3C02
3C04
3C34
3C8E
3B85
BBDA
3C0F
BB3F
BCB7
3C15
3BD9
3B80
3905
3B7A
3C9D
BC9B
3C81
3BCA
BCCD
BB1F
3C36
BC57
BC07
BB74
BCE5
BC8D
BCD7
3D1D
BC7E
3C85
BC9D
BB43
3C9E
3C8F
BD0B
3C8D
BCDA
BB2E
BC92
3D2A
3C08
3AFE
3D13
3BE0
BD19
BB9E
3C81
3CBC
3A34
BAC4
3C7D
BC8F
BCD8
3B37
BD0D
BCB3
BB9B
3CB9
3CB0
BC93
BCF3
BCAC
3D31
BB38
BCB7
3D4A
BCF7
3C2A
3C09
3CEF
BC2D
3C63
3A0E
BCC7
3B0B
BC3A
BB7D
3D02
BBA0
3D3C
3CEA
BBE2
BA24
BC63
BCA3
BCE2
3C96
3D09
BD10
BCF4
BD22
3CD3
3C0C
3D53
3C2F
3C36
BBFC
BCCC
BCBA
3CAE
BCD9
BD0D
BD27
BCBF
3CEE
BD2B
3C3E
BC9F
BBF6
BD4B
3C2F
BBF7
BD01
BBDA
3BAC
3C7D
BD13
BC80
3CC5
BBE7
BC9F
3C5C
3C6D
3C13
BBEF
3CBB
BCB0
BD70
BCF1
BC19
BC83
BCEA
3C20
3C30
3B33
BCB0
BC14
BD0C
BC26
3C21
3CC4
BB85
BD00
BCA1
3C0D
3CA3
3C16
BC7A
BD2C
BCC8
BB5C
3C9A
3C35
3CB2
3CCE
BC3B
BD0F
3C19
BBE6
3CF9
BC97
3D50
3B42
BD02
BC01
3D1C
3D17
3CD9
BA2D
BB7C
BCB4
3CB9
BB0F
BC21
BBE4
3D52
BC2A
3C69
BC9F
BCA7
BC54
3D0D
3C40
BCEE
3CC1
3C84
BCBC
BB33
BD0B
BB96
BB55
3BE1
BCD0
BCC6
3A9C
BCE1
3B71
BD0B
BCB1
3C46
BCC6
3C0A
BAE9
B86C
BC1F
BB79
BC1E
BB8E
BC6B
B942
BC0B
3CDC
BC45
3CE0
BC99
BD15
3CAA
3BE1
3C30
BCEB
BD1F
3CC2
BCB9
BC3D
3C6B
3ACC
BC40
38A1
BCCD
3AB2
3CAE
3B81
BD38
BC87
3D00
BCD1
BD23
BBDF
BB13
BBD8
3B49
BD17
3C2F
3D11
BC9B
BC21
3C1A
BCD9
BD03
3C96
3CD5
3D17
3CF1
3C2D
3D05
3C1B
BBD3
BCA4
BC38
BC7D
BCF1
BC55
3CEC
BCBB
3B85
BB4B
BD14
BC07
3CC1
BC11
3A96
BCF5
BD37
BBC8
BB9A
3CC2
3B23
BC9A
3C31
BC38
3D43
BAA6
3D11
BC9E
BC8C
3C3E
3AC2
3C27
BCCF
B9C9
3CDB
3C3F
3CD6
BD05
3C82
BCB9
BD3C
BCBF
BD31
3BDF
3C57
BCC6
BD16
3CFA
BC78
3BDC
BD20
3C7A
3D18
3CAA
BBAE
BD0B
3B94
BC11
3CC2
BC39
BB9E
39D4
BCDB
3BB1
BCC1
BCB3
BC38
3D07
3CE1
3ABB
BCC6
BCB6
3CA9
3C94
3CCF
3BBF
3D8D
3D32
BC9C
3BE1
BD1E
3D87
BB4B
3D01
3BD3
3D29
BD66
BD0F
3D33
3D00
BD7B
BD31
BD43
BCB2
BC99
BDA1
3C94
BC7E
3D03
3D8B
3C5A
3D4B
BCDC
3CFC
BCF4
BAE0
3CE4
3CA2
BC3C
BC82
BC8F
3D6B
BCD8
3C3D
3CC2
3CB0
BBCD
BC17
BD0D
3A64
3C80
BB38
3CAD
BB21
3C77
BD16
BCE3
BD04
B987
3CED
BCB5
3B85
BC8E
3CF1
3C3D
3CC6
BCD3
BC0E
3CFD
BCDA
BD05
BC8C
3D02
BBC7
BCC7
BDA6
BCF2
BC3E
3C65
3D91
BC83
BD83
BBAE
3D1A
BD1B
BD07
3C95
3D3B
3D78
BD2F
3D2D
BC8F
BB33
3C82
BB92
BE12
BB4B
BDB9
BC91
BDCA
BB9C
BD3E
BCEE
3D1F
3C9A
3C6B
3CCF
3DA8
3BEC
BDB5
BBA9
BC7C
3CE7
BCE7
BAE8
BB29
BD18
3B99
BC6E
3C87
BC7E
BB37
BBDD
BC6A
3B45
BD43
3CE0
BCA3
BD0B
3B75
BBFB
3C82
BD04
3C63
3CED
3A23
BCE0
BCAB
BC2F
3D06
BCF6
3BD0
3CB1
BABD
BCA2
3CE2
3C9B
3CE7
BD49
BC2A
3AB7
BD3D
BBAD
3CA1
3CBA
3D01
BD19
BACC
3C90
3D25
3C33
3D28
BCC1
3D1A
BBE8
3CAF
3B84
BC78
BD21
BC24
3D3B
BC08
BD34
BCBB
3CF7
BC34
3C46
3BC6
3C2E
3CAB
BD0A
3A5F
BCF7
3BFF
BC8A
3CB2
3C13
BCD8
B9AE
BCBE
BCB9
BCB0
BB42
BD44
BC8C
BBDE
3BA4
3C1E
3CFA
3C76
3B72
3BAE
BD19
BBB1
3BA0
3D6B
3CD1
3D08
BD09
BD04
BC2D
397C
BCFB
BC48
BCA1
BB26
3BD4
BCB0
3CC5
BCB9
BCBB
3D79
3CC0
3C03
BD24
3D01
BC8A
3CD5
3D1D
BCA2
BCCB
BD0D
3B70
39A6
3CF7
3C36
3D0A
3BA3
BBBC
BCFD
BD83
BCCD
BD07
3A99
3D79
BCFC
BC68
3C23
3D20
3C93
BC25
BABC
BBAB
3C48
BCCD
3CC1
BA32
3C1B
3C69
BC19
3B98
BAE7
39F5
3BFE
BBD7
3C26
3B14
3CAF
BC78
3CD7
BC9C
3D03
BC67
BC04
3B4A
BC75
3C0F
BBD2
BCE8
3D0F
BCE3
BC36
B9F0
3D29
BAFC
BB15
BD1D
BBC8
3B4F
3C0A
3CDF
BBBC
3C87
BC8C
BC9F
3C0E
3B8E
BC7B
3CBC
BAD0
BB1F
3CB8
BC0B
3C66
3CD8
BBDA
BCA8
3BC4
3C91
3C82
3C86
3C77
3D3A
BCB5
3C8F
3ADC
BC12
BC45
BC40
3C93
3C61
BC1A
3C8F
BCF8
3CDA
BB1D
BC68
BB7B
3C26
3C96
3CE4
BC9F
3A2E
B8E0
BCCF
3C3B
3CA2
3BC6
BCE9
3BD7
3C3D
3A8A
3CAA
BCAD
3CEC
3BCC
3BEA
3CB5
3C41
3CD9
3C38
3BF0
3C2A
3C25
BD01
3C9E
BD0D
3CFA
3C94
BC97
BD15
BC94
BC92
BCDB
BCF9
3BD5
3C9C
3CBA
BBED
3B99
3C5A
3CC6
3C03
BC86
3C17
BCC2
3CD9
BD07
BCB3
BCCC
BC66
BD14
BB84
BC90
3BCE
BC4A
BACB
BB73
BCA6
3C37
BC17
BB85
BC51
3BD5
3CA5
BC94
BC38
BD04
3C0B
BB3E
3CF4
BD45
BC29
BCDE
BD2C
3D02
BB81
3D44
3C6A
BCC6
3C50
BCB2
BCBB
BD3D
BD07
BD63
3CA1
BD4E
3C1C
BD83
3D58
BD59
BD53
BC73
3D1E
3CFB
3C6B
BCD7
3C25
3D5D
BD3D
BC5E
BC27
BD25
BD05
3B79
3D62
3D0B
3D01
BCC3
3C5E
3CDA
3C28
BD3D
3CD8
3B82
BC45
BCDC
3D31
BC8B
BB54
BB6C
BD1B
3C13
3C18
BB0E
BD09
3A81
BCAB
BA61
3B8C
BB13
BCCD
BCCC
3C9E
3C07
3D0D
BAB1
3D5B
BC43
BCBC
3CE0
BC6F
3D60
BB5A
3CA0
3BEC
BD2A
BD2C
BD3B
3C27
BD06
BA57
BD7A
BD64
BB97
3D0C
3BB6
BD2D
3CC0
BD0C
3C73
BD59
BAEE
3C00
3CD7
3D40
BC6E
3D0B
3C63
3C12
3AE5
BD0B
BCEE
3CD1
BACB
BD05
3B29
BB3F
3D08
BAE7
394C
BC63
3C96
BB08
BB53
3C18
BC31
BC14
BC05
3C2C
BC48
BCA5
BBEF
BCF9
BB85
3CAB
3CE0
BCEC
BC84
3B0A
3CCD
BD4E
BC4F
3D47
BD05
3CC0
BCD2
BAFD
BCA5
BC03
BC9F
3BF2
3C2D
BC7F
3AEB
BB12
BA76
3CA1
BC11
BB28
3C9A
3A10
BC98
3CEF
3B54
BC9F
3A5C
3C56
3B69
3C61
BA6F
BB89
BBF0
BBFA
3C4D
3B8E
3C61
BD48
BD2B
BCAC
3BBA
BC61
BD10
BC1B
3C0E
BBA1
BC1F
3B52
BCB7
3C51
3B75
BC86
BC59
3C94
3C7F
3C47
BCE0
BC90
3C41
3C4D
3BBF
BB84
3C6C
BD2F
BCB2
BCD5
3D24
3CD5
3CEC
3A1D
BC96
3C2A
BCBE
BD2C
3C7B
BD65
BDD9
BC62
BCE0
BCA0
3A9E
3925
BACA
3BE7
BC3E
BB93
3BF8
3BA5
BC98
BC10
3CAB
3CA1
3810
BC99
3BB9
BBC8
BC52
3CF9
BBA5
3B98
3BBE
BD19
3B23
3B1B
BCD7
3CAF
BCE5
BCF2
BC53
B9C4
3CC7
3C6B
BD0A
BC50
3C75
3C4D
3C67
BCCB
BC62
3CA3
B982
BCD7
3C4C
3AE2
3B6B
3C13
BADA
BC7F
3B93
3D0B
3A8C
3C95
BC82
3AAD
3CE0
3D09
3D0B
3D3B
BDAA
BC55
3BDD
3C84
B95A
3CFE
399C
BACA
BCEA
3AB9
3C7F
3CDA
BD88
3CCF
3B7E
BC99
3B8C
3C9B
3C4F
3D45
3C0F
BCB9
3D11
BAD0
39DC
3BB3
3D49
BB8D
3D1B
3C9C
BC97
3CFF
BC24
3C77
BC53
BD1C
BCE7
3BC0
BC82
3A10
3C5D
3C7F
BB63
BBAD
3C8D
BC85
3BF6
BCA1
3CE3
3CA7
BD01
3CB8
3C95
3C02
BD1D
3B5F
3B56
3D02
BC1A
3C17
3C66
BA40
BB84
BA3F
3BFE
BD31
3C68
BB42
3CDF
BB10
3CD6
BC99
3CBA
BC2A
BD10
BC7E
3B06
BCA8
BD64
BBA3
3D5F
3C59
3BAB
BCE9
BD23
3C67
3CFD
3D10
BCD9
BC05
BD45
BD94
3C41
BB5A
BCBB
BB33
BD0E
3CD1
BC04
3BDC
BC84
3CDF
3BB2
3BF1
3D15
BC83
BD51
BBE4
3CC5
BBB4
BC9A
BC67
3B89
3CCF
3B48
3CF3
3D04
BB9C
BCB6
BD1B
3CF5
BC39
3C11
3CCC
BB9D
3CEB
3D42
BBD9
3D18
3B96
BCAB
BCAB
BCA0
3BF0
BB9D
BC05
3C95
3C4E
3B44
3C9E
3CED
BC89
3D76
BBCB
BC85
3C94
3CDE
BC26
3D2F
3BEA
BC37
BC3F
BD14
BB40
BC2B
BC91
3D3A
3D06
3C4D
3A2A
BD24
BCB8
BCA5
3D17
3C2E
BD44
BD00
3D2E
3D87
BD25
3D99
3D19
3D54
BAF1
BD0C
3D6A
3C8E
BBAB
3C05
BD1E
3C0C
BDF8
3C55
BCD5
3C1C
BBCA
3D33
3D42
3CA1
3CB8
3CC2
BC2A
BD04
BABD
3CD4
3D14
3B95
3CB9
3C89
3AFF
3B37
3B5F
3C8C
3D3B
3C16
B97D
3C9E
3C07
BCA0
BC1C
BB02
3C88
3C41
3CC6
3C4F
BC68
39DE
BBC6
BB6A
3C86
BCB1
3C9F
BCA7
3B5E
BCD5
BC23
BC11
BC25
3C11
3BE7
BACC
3C1F
BBA3
BC85
3B99
BC10
3C6B
3B0D
BBFD
3C78
3CDF
BBA6
3CD7
BCE7
BBEB
BCE4
3C7D
BC74
BD08
3BB0
BC67
3C85
3C76
BD23
3ADB
BB3B
3C9A
3C86
3CCF
BD34
3CDE
BCF6
BAD1
BB96
3C5F
BB8E
3C18
BD21
BC90
3CCB
BD0E
BCC4
BB69
BC15
BCDD
37C7
BC81
3C95
BCB5
3B40
3CDB
BD1F
3B8A
3C2A
3CDE
3CA9
BB8B
3C2A
BCC7
BC28
BC22
BBCC
BCB2
3AF0
3B51
3B34
BB4E
3BA5
BC3B
3B56
BCCB
BCF5
BC0A
BC8A
3CAB
BC06
BC5D
BCE5
BC00
BB93
BBCF
BC0E
BCE7
3BF1
BAA7
3D2B
BCB3
3C74
BC65
BCB8
3CEF
3D15
BC63
BD02
BD1D
BCD4
BCDA
3CA2
BC7F
BC7D
BBAD
BC5D
BBD6
3CAE
BC29
BC85
3C96
BC0C
BC59
BCF4
3C81
BD0F
BD07
3CA5
3C93
BBDF
3CDE
3C7E
3C73
BC0B
BC6E
BCBF
BD0B
BC6A
3B8B
37D7
B9E3
BC4B
BAF0
BCEC
BBF9
BC20
BC32
3BA5
BC5C
3C00
BC1F
BC64
BCDC
BC2A
BC9F
3B29
3C3B
3BAA
3C3B
BB8D
BA48
3C9A
BCB8
3B2A
3C90
3877
3D15
BC12
BC97
3C6B
BBE4
3D39
3BA9
3BA3
3C48
3628
3CB7
BC0A
BC40
BC39
3C95
3CA2
BC2F
BCAB
BC01
3C55
3ADA
BC28
BC0C
3C70
BC6B
BC51
3BC0
BCAC
BC57
3D54
3C31
BAF0
BCAC
3A9F
3C88
BCA7
BC66
3D39
BC3C
3D00
BCD0
BD04
3C4C
3CB2
BC61
BCB7
BD35
3C2C
3CCA
BBB1
3C09
3C92
BB8E
3CB7
3C5F
3D1B
3BAD
3CB8
3AD9
BCB8
BD0D
BCCA
BA81
3B32
BD09
BC5C
3CD2
3C9E
3C90
BCCA
3D10
BB9C
3C60
3C8C
BC11
3C63
BC98
3AFE
BBEE
3C7C
3BD6
3C8B
3C76
BB65
BCCC
BC4E
3CD0
BCC6
BC38
3D02
BB21
BBD9
3CA5
3D41
3CC7
BBC2
3CCC
BC8C
3CC8
3C15
3B02
3B2E
BD33
BC22
BB6C
3CA2
3C54
3BB6
BCDA
3C25
3C85
BC89
BC6C
3C37
3CFD
BD39
3D22
3CCD
BB0B
3C91
BCE7
3D04
BC7B
3CAA
3B61
3C97
3B8F
3C97
3D70
3D12
3BCE
3C24
BC54
3CA8
BC8B
3C18
3A81
BB2B
3D1F
BC04
3D6B
BCD8
3C1C
BCE4
BC0C
3CED
BB86
3C15
3B05
BD0A
3C51
3D23
BCC2
3C0A
BB91
3CED
BCBC
3D67
BCB6
BCE2
3C8C
BC60
BA26
BC26
3C48
BC36
3BAF
BCA0
BB56
3D1D
3B8C
BD16
3A2E
3D9A
BA85
3C6A
BCAC
3CF5
BC05
BB21
BCCE
3B6D
3C91
BD1D
3D09
3C95
3CAD
3CC8
BCE7
3D9D
3CB5
BC8B
BA87
BCC2
BCF8
3D4F
3CE3
BB84
BCB6
BCC4
BC38
3C38
BCCD
BC6B
3D5A
3C3D
BD3C
3CC7
3B97
3B71
BC94
3CBF
BD1B
3B26
3C86
BD1A
BD58
BC97
3D17
3D57
3D1C
BA03
BCE4
BD01
BBD5
BCED
BC51
BCB5
3CE1
BCFD
3D1E
BD20
3D24
3CCB
BD57
BBD8
BCA6
3CC7
BB6D
BC58
3BAE
3C1B
3CBE
BC08
3C90
BCA2
BCB0
3CBF
BC7C
3D01
BD0E
BCED
3C58
BCFD
BC53
BCC1
BCBF
BD1E
BCC2
BCC1
3CE5
BCAD
3CDD
BC4F
3BE7
3C78
BD46
BD00
BC44
3CF6
BCE0
396D
3CFC
3D0C
3CAD
BC8C
3D43
3D1F
3C94
BD62
3D36
3C88
3AF1
3CDD
3D2E
BD2E
3CA9
3C69
BC70
3C1A
BCD2
BC8C
BB6E
3BFC
3C41
3CD9
BBB8
BCFF
BD00
BB6C
BCE7
BB92
3C66
3CC0
BB97
B966
BB33
BCB7
BB9A
3C69
3C13
3D0F
3C0F
3CE8
BBC2
BC9F
3C89
BCFD
BCDC
BB87
3C1D
3C21
3CFA
BD22
3C74
3D23
BC3E
3C30
3D0F
BD11
3D06
BCD6
BD25
BBED
3CA8
BD1F
BC52
BC91
3CFE
3CF0
3D21
3CA3
BD27
3C9F
3D26
3A83
BC8F
3C40
BD02
BD95
BCBB
BBF7
BD26
3B90
BD4E
BC30
BC92
BCE2
3CEF
3BA2
3CEA
BCCE
3BD3
BA9B
3B61
BC20
BC96
BC1D
BB6F
BC91
BC1D
3D89
BC3F
BCF9
BCA5
BC92
3CF0
BD4A
3B89
BC97
3B3B
3AA3
BBAF
3C0A
BD47
BD01
3B69
BCE1
3B3E
BD51
3CE0
3CCD
3CA4
BC18
BD15
3C5D
BCF4
3C5F
BD0B
3D14
3C86
BCEF
BC31
3B9D
3BA0
3D2A
3BFA
BCEC
3D2B
BC94
BC81
BC82
3D03
BD8C
3D2A
3D19
BCCA
3C8D
BC1D
BCD7
BD1C
3CC6
BD1D
B9DF
BBE7
BC8B
3C9C
3CBE
3D2F
BD13
3D37
BC93
3C80
BCCB
3C23
3C32
BBD9
BCCF
3B0B
BC71
BB91
BC9B
BCC9
3C96
3CD3
BC2A
BB2A
3CCB
3CC4
BC35
3D2D
BD39
3C79
B9D9
3D46
3CD9
3CAA
3BD6
3D00
BCEB
BC83
BC5D
3CC7
BCCC
BC33
3AFA
BC1E
BCB8
3CAA
BCF1
BD3C
3C98
3D4D
3CB4
BD31
BCE9
BD31
3C05
BD7F
3CAC
3BB2
3B66
BCC2
3C15
3BD7
3CA4
3C90
3C90
3C97
BC1C
39A1
BD2E
BC7D
3CA1
BBD0
BCE3
BD24
BC73
BCEA
3D43
BD29
BC17
3C58
BBF8
3C92
BD60
3CCE
3CB5
BBA2
3CD4
3C6B
BC2D
BCB2
BD23
3C06
3B5E
BC00
BD13
BB22
3BE3
BAD0
3A6A
BD11
3BBC
BC6F
3CFA
BC44
3D0D
3D02
BCAD
BCA0
3AFD
BBAE
3CB3
3C64
BCB5
3C87
BCC6
BC7C
BCC6
3C7A
BD37
3D42
3D0F
3C0D
3CA7
BC75
3D06
BBA1
3B30
3CC3
3C03
3C95
BC7C
BBDE
3C23
3C01
BC92
3C86
BB0A
3CC2
BCA7
BAD4
3C02
BD53
BCAB
3C6C
BD59
BC19
BCCB
3D62
BD21
3D4D
BD54
3BFD
3A42
3C84
BD08
BAA6
BCAB
3C99
3C62
3C97
3D0B
3D21
3CFC
3C01
BC94
BC10
3C4E
3C60
BC25
BCA9
3B70
3A67
BCE3
3CBB
BC37
BC3B
3CFB
3D0E
3C64
BCB7
BD04
BCAC
3D12
3D20
BB95
3C4B
3BCF
3C8E
3BDD
3A95
BCBD
BB23
BC9C
BB92
3CC2
BC88
3C40
3C8D
3C66
3BA7
BAEC
3CC7
3C03
3C03
BD01
B9F1
3C49
3BD5
3CA5
3CB3
3D0C
BC4D
3BA7
BD2F
3C5A
BC6D
3CDD
BC9D
3D3C
3CD5
3D54
3C2F
3D08
3B3D
BD6F
3C51
BD23
3D63
3CA8
3C33
BD29
3D0E
BD37
BCE7
3CD3
BCD3
BBF0
BD44
BD7D
BB3F
3D59
BD83
BC78
BBF6
BCC3
BD68
3D76
BD23
BCED
BB76
BCB2
3CA0
BCB7
3CEF
3C6E
3C5C
3C69
BBFD
3BE0
BCEE
BCA6
BCBF
BB3A
BCFD
3C91
BB83
3BFD
BCCF
3C18
3CD4
3C26
BC40
BBAA
3C3B
BC8D
3D1D
3CDE
BC10
3CE8
BCB6
BB13
BCFE
3CD4
BCCE
3D29
BD32
BCBE
BD89
3C9D
BD64
3D0C
BD63
BC2B
3D62
3C37
BCA9
3D5B
3D1C
3BA6
BCE6
BC92
BD14
3B71
3D53
BD15
BD6B
BCF8
3D4D
3CC1
3D86
3C53
BAC0
BBA5
3C5E
BD24
3D30
BC0D
3CD2
BC13
BC98
3C7E
BCB8
3CA9
BC42
3CEE
3CE1
3BAA
3C97
3B05
3CC2
3CD3
3CC8
BC66
3CB1
BC9C
BCC2
BBB2
BC31
3B33
BC61
BCB5
3CDB
BCBE
BD2A
BC83
BD45
3D0F
BB0E
BCB7
BC89
3B1D
BCDA
BC31
BD4E
3CF3
BC9B
BCE5
BCAB
BC76
3CA5
BCFD
BD44
3CFE
3D4A
BD4D
BD01
BC0B
BD2E
BC65
BC39
3D3F
3D2E
3C8B
BC39
3A12
BD08
BCC7
3D24
BCD9
3C0A
BC92
3CDD
BBF5
BBC9
3BEC
BCC7
3CE3
BCE5
BC88
BCE5
3C26
BCF6
BB19
BC0C
BC53
BC77
BB87
B82B
3BEC
BD1D
3D52
BB1A
3CB0
BD16
B9BD
3B09
3BA5
3C5D
3C3F
3CA1
3CC5
BC85
3C5C
BDA1
3C86
BD21
BD26
BD83
BD35
3C2A
3C5F
3A71
BCF1
3D09
BBC9
3CD2
BCF9
BC8C
3C88
3CEF
3D01
BAA7
BB5D
BCC6
BD0E
3CD7
BBA9
3C87
BC85
BD06
3C5E
39F4
BCB2
BA94
BC4C
3D04
3D07
3C5C
3C65
BC45
BC03
3C84
BD20
BA29
3BB4
3D0B
3C5F
BCD5
3D69
B96C
BC13
BC97
3C7D
BC0D
BD06
BCF6
3D0F
3C07
BC5B
3D09
3C75
3C60
BCC2
3D73
3C62
BCEC
3BE9
BB14
3BEA
BC5C
BC97
BAAF
BB44
BBB7
3C77
3D7C
3C9E
BD17
B979
3CD0
3C8C
BBE7
3C24
3C92
3C15
3C1C
3B85
3BDC
BBAD
BCB4
3CEA
3C98
BBC3
3CD3
3CB7
BBDD
3CCB
3CD8
3D00
BC83
BB4D
3B81
3C18
3C50
BC8B
3C05
3BE4
3D15
BCB2
3CF9
3CAF
3D0A
3CAA
BD67
BD5D
BCC0
BC7E
3CA7
BCB8
3CAF
3C4A
BB28
3D38
BCB4
3D18
BA5F
BB40
BB1F
3CA1
BD23
BC3A
3CFA
39FF
BC6E
3C82
3D1E
BCDA
BC03
3CCB
3C6D
3B89
BD08
BBFD
BCC2
BBF9
3C95
3C2B
BA99
3C94
3C59
3C48
3CBD
BC33
BC1B
3CF0
BCA5
3CA4
BBA0
BBEF
BCBC
BB2C
BCB1
BBC2
BCC4
3B38
BCB7
BC85
BCC3
BC74
3B8E
3C86
BC86
BCDD
BBDF
3CCB
3B67
3D19
3D03
3C97
3CC9
BBF8
BD04
BB88
BCAA
3CEA
BBCA
BCF1
3CFC
BB82
BD20
BCC6
3C73
3D26
3D35
3BEB
BA69
3B33
BC1A
3BFD
3C08
BCAF
3CB3
3C0E
3D24
3C1C
3ADB
BCE7
3CBB
3CB1
BBFD
3C70
3CC2
BC6E
3C9E
3CBA
BBFF
BA2B
BCA7
3CD7
BBDA
3D17
BB12
BB0F
BC36
3CEC
3D1C
3C8B
BCD5
3B24
BC88
3C45
3D20
BCCA
3BCD
3B41
BC0B
BBE9
3ACE
BD02
BCC1
3BA3
BBBE
BC9A
B87D
3C67
BC41
39CD
3BEE
3C99
BA9E
3B04
3B35
3D11
BBA8
BCD3
3C69
3CC1
BCAD
3C39
BD64
3C48
BC9A
3BD6
3CEB
BC18
BADA
3B8F
3D49
3BE4
BCD0
3BDE
BC36
3B88
BB9A
3C77
BC3D
3CDE
3C99
3A2C
3B70
BCC9
3B99
3D26
BA98
BCE8
3B8F
BCA5
BC36
BB32
BA22
BBDB
BBA6
BCAE
BB8F
3B08
3B1D
3C9C
3BA9
3CA1
3B88
BC28
3B79
3BEA
3D34
3B84
3CC4
3C42
3C79
BCB8
BC03
BC3E
BAD9
3CB9
BB00
BCC5
3BEA
3B0D
BD0F
3C18
BC99
3D48
3D08
BC05
3AC2
BD22
3BA0
BC26
3CA3
BCCE
3B97
3CB9
3D29
BD0A
BD1D
BC8B
BC24
3CD2
BC9E
BC63
BC94
3C94
3C0B
3C33
BC9F
BC42
BC1C
3BB8
3C69
BCA8
3B8C
3813
BCEA
BB4B
3C53
3AE9
3BA9
BC8E
BC78
BC4F
3C84
3CC1
3AD2
BC2A
3CCB
BC1F
3D3C
3C1D
BC21
BB8D
3B17
BC7B
3CBC
BA2A
BAF9
BD1B
3C9A
BD14
BBE5
3D74
BB14
3D58
BA14
3CA8
3C52
3C85
BC88
BC7C
BD00
3BD2
BD09
3A8D
BA31
3C09
BA06
BC84
3CE2
BC73
BCD4
3C9B
BCAD
BCC9
BC9D
3B95
3C16
3B4B
3CD1
BC12
BC75
BD35
3C8C
3D63
3CA3
BB3A
3B82
BC1E
3C12
BCF6
3BBD
3C42
3C6A
BCBA
3C89
BA29
3CEB
3D2E
BD21
BC92
BA29
3CCD
3C82
BD05
BCA4
BB0E
3BF2
3B4B
3B25
BD00
BC00
BC28
3C2C
BC5C
BB38
3CA6
3BEE
3C9A
3C5F
3D04
3BE6
3C94
3D07
BA9F
BB6F
39B7
3C0C
3C3C
3D01
BB2A
BC25
3A87
3C51
3D19
BC4C
3CCD
3C7D
BC81
BC75
3C95
BBE1
BC57
3C69
BB83
BB5F
BC72
BC4D
39D4
BBD9
3B90
BB07
371B
3D06
BC95
BCE7
BD06
3CDC
3C94
3C35
BCBC
BD47
3B3A
BCB7
BB70
BB6B
3C0B
BB0B
3CDB
BC82
BCA2
BBBF
BB37
BCBB
BAF4
3BD2
BD37
3CF2
3B17
3CD5
3AD2
3B56
3D61
B988
BC9D
3C07
BC96
BCA3
3C19
3B31
3C3C
BBE1
3C95
BC08
3D0B
3A7B
BCDA
3D17
BB2C
3C2F
BC16
BD1F
3A3D
3C7C
BAC9
3BEE
BCA7
BBE8
3C9E
BA70
3CAF
BC14
B843
BC6A
BDE5
BA19
3D2E
BD94
3D78
BC29
BC3B
BD94
3C43
BC74
3D0C
BC7E
BD9D
3D77
3D0B
3CA6
BD88
3A2E
3C84
3CCE
3AE5
3B71
3C56
BB8A
BCA6
3C5B
BCD3
3C3C
BC8D
3C2A
BCB3
BC9A
3B12
BC2D
BD82
3D24
BD35
3CF5
BBA4
BBD6
BD15
3C8C
3C3B
3CCE
BBC2
BB2B
3C07
BBEE
BCF1
BD16
3C89
BC40
BCB4
BB2D
BB65
BC0D
3D65
BB04
BC80
3CE4
BC93
3C40
3C32
3D3C
BC59
3DB1
3D69
3C4C
3D84
3D44
3D01
BD44
BD50
BD42
BC4F
3D34
BBEC
3CFE
3D24
3D5E
BCD4
3BD5
BD43
3A8B
3B98
3D39
BC13
3D14
BD01
BD19
BC78
3CB5
BCD4
BD0A
BC6C
BBC5
3C2A
BC15
3D4B
3BAC
3C9A
3D05
BCBE
BC08
BBEF
3D90
BC90
3D81
BBE3
3D46
3B7F
BD4F
BCBA
3CBD
BC01
BCB7
BBB1
3C9A
3D08
3C8C
BD61
BD15
BC24
3BB4
3D1C
BCDB
3C5F
BC0F
3D41
3CA9
B9BB
3C87
B998
3B34
3C3D
BC5F
BB13
BB22
BCC2
3B65
3BC1
BA4E
3B29
3CF1
3B12
3BAF
3B7F
3C7C
3B70
BC23
BBDE
BBC1
3C6B
BB2C
3C0A
BC27
3935
BB89
3CA9
3B29
BD1D
3CD2
3C6C
3D20
BC7B
BD37
BC9E
3C1A
3D10
3C8E
3BF1
3CBF
3C8E
BB84
BBE9
3BF1
BB74
BC60
BB8B
BBE2
3C69
3CB1
3C89
3CD5
3C10
BC2B
BC16
3D32
3C65
3BA2
3D06
3C90
3CB2
BD29
BD0F
BCA9
BC57
3C0A
BC13
3C8A
39AA
BBA5
BBA9
BC34
3BC7
BC5A
BA66
BBFB
BBBF
BC2C
3C50
3C59
BBEE
BCC9
3A80
3AF4
3C38
3CBA
3D3D
BD06
3C83
BBED
3C0B
BD0A
BD51
3BA2
BC21
BC8D
3BE4
3D01
3BB0
3D6A
BC24
3D00
BB66
3C9E
BC87
3C09
BB0C
BD02
BA84
BC69
BC89
3BA9
3C8C
3C7F
3C95
BC42
BB92
BD1A
BC7F
3C2F
3C1F
BCE1
3C26
BCBB
3C93
3CFF
3C10
3CFA
BBA9
3D3C
3C1D
3CDC
3B30
3BD4
BC68
3C24
3CB3
3BF2
BCA6
3C33
3C76
3C62
3BB9
BBF5
3CBA
3B89
BC91
BAE6
3C94
3BBD
3BA2
BBAF
BC3E
BA79
BC53
3C04
3BFB
BB1C
BC85
3CC2
B844
BBEF
3A85
3B9A
3BE0
3984
3B26
3BC4
BBFB
BBFF
3BF3
BC85
3A69
BBAE
3C08
3C2E
3B66
BC88
BB19
3C73
3C8B
3B83
BC83
3A05
BC8F
BC46
BC04
3C56
3D71
BD20
BCBF
3CB3
BCFE
3AF9
3C60
3CA4
BA79
3CA5
3C3C
BC33
BBED
BC93
3C02
BC23
3A9D
BBDA
3B73
3C82
3B88
BD3D
BC47
BC81
BA7E
BAB5
BB9B
3CBB
BC4A
BCA2
3CB0
BC1E
3D05
39CB
3C42
3B6E
BB86
BB2C
BB62
3C09
3C94
3C90
BAD7
3CE5
3BA9
3C65
3BCA
BC6E
3C34
3C08
BBD5
BBDC
3C44
3B84
BC8B
3C0F
B80F
3C82
3995
3B9C
3BF4
BA16
BA64
3B95
3BB8
B6CE
3C56
3C7A
3BC1
3BE0
BA1C
3B8E
3CAD
3C2B
3C84
3B52
BC4B
B99E
BC37
3CB9
BCC5
3B5B
3A0C
BB95
BBC5
3C17
3CF8
3C29
BC0C
BD58
BCFF
3BAA
BCD8
BAE3
BBF1
3B77
3CAE
BD36
BC5D
3C1F
3D13
3B96
3C60
BB6E
BD13
3BDF
BCE1
BC85
3CEA
3B8C
BC68
3CAC
BC5D
BC59
3CB2
BD67
BCB8
3CE8
BBDB
BD01
3C21
BD5F
3C14
BCDE
3C93
3D7B
3C5B
3C4C
BC06
BAE7
3A47
BA94
3B53
3C10
3CBF
BB66
39D9
3B71
BCB3
BC69
BC96
3C10
3B63
3AE0
BCDF
3CBE
3A4E
BC9E
BC54
BC45
BC70
3BDD
BC7A
BCBC
BCEF
383A
BCBB
BC95
3C91
3D61
3C9C
BBE7
3D12
BAC2
3C0E
BC89
BCEF
BD13
BC42
BCA5
BD07
BC8D
BC83
BBC6
3D53
BB10
BD2B
3CD4
3C17
BCD5
BD09
3CA3
3D0E
BAC8
BC18
3CBB
BA91
BD43
3CFD
3C72
3B15
3CD9
BC0C
3BE5
3C87
3C35
BC7C
3BF6
BBDE
3C8D
BB96
3B9A
BCAF
3CDC
3CCF
BCA0
BCD4
3C11
3D0D
BCB7
BC24
BCF8
3B1D
BA67
3D22
BCD0
3CC3
BBC9
BC99
3973
3CF1
3BFE
BB68
B977
3B47
3CDA
3D2D
BC8B
3BEE
BC9B
BA57
BBA8
3C8E
3C08
3CC0
3C28
3BC7
BCAB
3996
BC66
3D74
BD1D
3BEC
3B93
BB70
3A92
3BF8
3B84
3C7E
BC16
BC42
3D0A
BBB2
BB87
3C9D
3CEA
B982
BBD0
BC87
3B03
BC5D
3C1C
3CA1
3D0B
BBD9
3C20
3B3D
BCB4
BC91
BD01
3C89
BBFE
BCFF
3D05
3D05
3D03
3B1B
BD42
3BE2
BD60
3CAC
3C23
3BB2
BC39
3BEF
3C26
3BBF
BBE1
BC94
BBAB
BC8B
3C41
3C75
BC27
BD66
3D22
3BC7
3D54
3D3D
3D15
BC09
3CAB
3C82
3B9C
BC56
3BD5
BD04
BD33
3BC1
3D58
3B1F
3C1A
BB86
BCD3
3CFB
3CF7
3C94
BCF4
BC3D
BD29
3D5E
3C2C
3C7E
3BE1
3D1C
3D47
BBC1
3B83
3BD2
BA4B
3C05
3CD6
3BAB
BC9C
BBCA
3A70
3D13
BCE8
BC59
BBE9
3B94
BC30
3CD8
BBF4
3A17
B9DC
BC94
3C8C
3BB1
3C10
3C81
BC90
3D03
3C83
BC93
3CFD
BC03
3C6A
3CB5
BC0E
BB4C
BC41
BC23
BC6F
BBE4
3BB8
BB0A
BC23
BB1F
3C6B
3CAF
BC74
BCAD
BC55
BCA3
BD1C
BC41
BC0B
3B91
BD0D
BC1D
3B9B
BD05
BCB8
3CCB
BD1C
BCD3
3CD3
BC8F
3C0C
3CEB
3D03
BD11
3D18
3CFD
3B42
3BFA
BCFC
3ADE
BC9C
BC1B
BBE1
3C01
3C05
BD0F
BCB4
3CD5
BCBD
BC0A
3BF9
BCE0
BC88
BC19
3D0C
3C6D
BC9E
3D12
3C1C
3B88
BC99
BAC9
BC82
3BAF
BC04
BC5C
BCAE
3BFE
BCAE
3CBC
BC76
3C5B
BC21
BBAD
3C84
3C62
BC33
BC8F
3CB4
BCAC
3B84
BC80
3D0E
BA13
BC61
3CC5
3CAB
BC7E
3C96
3D05
3AE7
BC40
BCA8
BC0F
BAE9
BB3D
BC8A
BC18
BC00
BCDB
BB93
BCF0
3CB0
3CD4
3BF7
BC50
3C83
3C47
3CA4
3CF1
BC65
BB4B
BB84
3B1F
3BAB
3C08
BC40
3B89
3A8E
BCA2
BC70
BCB6
BD16
BD06
BCFA
3D1F
3BF5
3C27
3C27
BCD8
3C2D
BC76
3BB8
3C11
3C51
BC7A
3CD1
BD0A
BA7A
BD32
BB30
3D67
3C87
BCFA
3C60
B9CD
3BBF
3C26
BC1B
3CB8
3BCA
3D03
3B61
3C3D
3B39
3BB0
BCC6
3C15
3D60
BC63
BC73
3C79
3B72
3CBA
3D04
3C31
B936
BCC3
3C48
3A22
3BB5
BBBC
BBAA
BB1E
BC14
BCD2
3D0E
BC6F
BCAE
3CD6
BAE0
BBCE
BD19
3C9C
BA65
BCFA
BCB8
3D35
3C45
3CE9
BC16
BC9C
BBFC
3C4D
BD14
BC8B
BC7A
BC81
BC2D
BCDC
3C53
B9C5
BCC7
3CBE
3CA5
BC8D
BD0E
3CDE
3BBB
3D24
3C42
BCBE
BC97
BD6E
3CF1
3D54
3CD4
3D9A
3D10
3A1D
3D57
3BA1
3D67
3CAD
3CC7
BC8F
3BD5
BCA2
3AF4
3C4B
BCA2
3C15
3C64
3BA1
BC08
3B0F
3C20
BC16
BA8E
BBE8
3D00
BCB9
BC82
3C1E
BB35
BCD2
BC76
3CE8
3B89
BB23
BC90
BD01
3C49
BC34
3D0F
BAA5
3AAD
BAAF
BBE9
3C18
BC51
3D0D
3CC2
BCAD
3BBC
3B2D
3D0C
BCF2
BB72
3CDD
3CE6
3B1B
3C86
BD07
BC95
3C9E
BCE2
3CFC
3C87
3C9B
BCBC
3CF4
BD9C
BD6A
BC28
BD13
3C80
BB63
3D27
BC11
3C61
3C8A
BBFC
3D0D
BB20
BD18
BD52
3CA5
BC3B
3CDB
BD06
BCD4
BC33
BB17
3D0F
3CB6
3D07
3C51
BCC7
3C81
3C1C
3C66
3A85
BBBE
BC43
BC7A
BCCB
BBB4
3A9E
BC3A
BD49
BB49
BD6F
BC87
BD0B
BC14
BC6C
3D09
3C7B
3BF0
BC73
BA06
3CAD
BB6C
BB15
3B91
BCB1
3D2D
3D38
BC0A
BCD0
BCC4
3CCD
3C4D
3D00
BBCC
BCA2
3CAD
BD27
3D7A
3BFB
3C42
BD48
3D18
BC36
3C93
BCDA
BD1C
3CB5
3C9C
BBA1
BD33
3C1A
3CF3
3C40
3C19
BC40
BC4B
BC81
3CF8
3D74
BC41
BD09
3B6E
3D1D
BC22
3CF1
BD17
3C85
BD05
3CBB
3C85
3C76
BCBA
BC36
3BCF
BC3E
3CDD
BC42
BCA2
3C3E
3C8E
BC24
BC52
3C8D
3AB6
BB93
BCA0
BC14
3B99
BB3D
3C3C
3B7D
3B2B
BBE7
BBE6
3AB6
BCB1
BB79
BCD1
3BC0
3D01
3CF3
3CE0
3B20
3CEB
BCAF
BD45
3AAD
BC2A
3C4A
3C92
3C20
3C9C
3CF7
3C14
BBB4
BD01
3C3B
3C7E
3D06
BCB7
3CAE
BBC7
3AB0
BB46
3B91
3BF4
BCCF
BD20
BD2F
3BCD
3CC4
3B95
3CFE
3C83
B9DA
3D6E
3C98
3C25
3D01
BCFC
3C61
3BF9
3C8C
3C45
BC22
3BDB
3BC0
3B81
BB8F
3C25
BC63
BC40
3B3D
BC0D
3C44
3B86
3BC9
BA17
BB80
BC60
BBB4
BD8A
BCB2
BBB2
BD36
3C13
BCBB
BCB2
BCE7
BAFD
3B9C
3C5D
BB31
BCCA
3C21
3C8D
BCC5
BCE5
BB14
3B7F
3CEB
3C18
3D2A
3CEA
3C86
BD05
3BB7
BAFA
BD2F
BCCD
BC94
BC9E
3CAE
BD82
BBF9
BD3E
3AE3
BD5E
3D3F
BCD0
3C9E
BD36
3CFC
3C77
3C30
3C5C
BCF1
BCAB
BAAB
BC29
BD3B
BCA2
BC87
3D09
3CBA
BCD1
3C84
3D2E
BC7C
BCEB
3D14
3CB4
3CC4
3D26
3D4C
BD87
3D52
3D3A
3C0C
3D02
BC1D
BBA8
BD0C
BCC1
BC94
3CC7
3C8E
3C8F
3C0A
3CB5
3CAB
3C72
3D29
BCA7
3B81
3A57
3D77
BD28
3CEF
BC16
BC29
3C34
BCE7
3CA0
BCCC
BCE2
BAA0
BCCE
BCB9
3C19
3D24
3C53
3D69
3C71
BD3B
3C27
3B89
BCFB
3D2C
BCF0
3D4A
BC30
BCDA
BD05
3C2C
BD17
BD09
BC4A
3D19
3D56
3CE9
3C17
BCE2
BC3C
3B4E
BC7B
BB79
3D35
BC85
BD96
BBB7
3D13
BD64
3D6C
3C80
BC2B
BD67
3D5D
BCDB
3D13
BB6C
BCC5
3D09
BC92
BCA7
BC5B
BB66
3C2E
BC46
BC39
BD0B
3D4A
BCF3
3D07
3CE8
BC76
BC80
BC18
3D16
BC3E
3B83
BBFA
3C57
BCA1
BCEE
BB99
BC6C
BCC7
BBFA
BD0B
3C01
3CE2
3C2F
BD22
BC7A
3D67
BD36
3D2F
BC16
BC21
3D5B
BC94
BCDC
3BE1
3C88
3D08
3CC2
BC6D
3D03
BCC1
BD64
BCFD
3CE9
BCF6
3D34
3D56
3C80
3D1F
3D52
3CAD
BCD8
BC11
3CB3
3C1A
3D08
3C4F
3C67
BBA9
3D4A
BCC7
3D55
BC6D
3BC4
3CDE
BB91
BCA0
BB3F
38FD
3CAD
BCCA
BD04
BC40
BB5F
BC86
3C6C
BD19
3C21
3BA5
3CBA
3CB3
B9CE
BD12
3DD6
3B7D
3D80
3D7E
3D3F
3B75
3D16
3BF1
BCDB
3D2B
3CF7
BD0F
BBF4
3CD9
3C40
BD52
3C92
3A95
BCA1
3D0C
3D7B
BB6B
BD04
BD24
BD48
BCE4
BCBE
3C29
BD0C
3B40
BB58
BC86
BC6D
3CD4
BC57
3CCA
BC8B
BBD9
3BBB
BB49
BC47
BC6E
3C22
3CB0
BC28
3C39
3B52
3D14
3BBE
3D08
BBEF
BD2D
BD33
BC13
3D0B
3C63
3D34
BABB
BAA6
BD0E
BD3D
3CE0
BC68
BC78
BD06
BD2E
BC96
3D46
BC99
BC00
BC0E
3CC3
BC14
3CCB
3C31
BB83
3C3D
BC30
BA82
BC51
3BAF
3CBF
BB7F
B9D3
BC41
BB8D
BB0E
BD0C
3B85
BD33
3C98
3CD0
3A0C
3CDD
3C95
3C01
BC5A
3B92
3B27
3BA8
3B87
3C1D
3CB1
BD02
3CAD
BB8A
3D41
BC36
BCAF
3C5B
BCDD
BD30
BCB9
BA2C
3CE0
BCAB
BCF2
BBF3
3BE2
3C40
3C19
BBC4
3D06
BCBA
3D01
BCB3
BC4B
BCB1
3CE9
3B2E
3D59
3C1C
3CBD
B9E6
3CCB
3CCD
BBE9
BBBC
3CAA
BC6C
BC2B
BC25
BBC4
BCE3
3C64
3C89
3CF5
3CB6
3D04
BC57
BC40
BC83
BC81
BC83
BBB7
3C75
B9DA
3AB5
BC21
BC23
BC02
3D36
3C20
3CC9
BCA0
BC86
3D04
BCC7
BCF1
BC46
BC86
3C52
BBD2
BBA2
BCC5
3D21
BC6D
3CD0
3A89
BC9A
3B24
3C80
3D18
3C0A
BC6B
3C98
3C9D
3CE0
3C85
3CDF
BBE9
3CD2
BC58
3C98
3B65
3C2D
3D1E
BC2D
3B15
3C6B
3CEA
3B38
BD38
3C97
BBE2
BC8F
BCA1
3C94
BC45
3C9C
3BAF
BBD2
3A68
BD12
BB2F
BBC9
3CB0
BC05
3CEB
3CB2
BCCE
3CF9
3C85
3D05
BCF0
BBB9
3C75
BCDE
3B06
BC58
3D1F
BBC9
3D2E
BBEF
3CEE
BC7E
B9D5
3B96
39F2
3D14
BB52
BC39
3CA7
BDAB
3B68
BD1D
3D05
3D33
3AD4
3D05
3BF0
BCCE
3B1E
BBB7
BC25
BC54
3CF4
3C2D
3D63
3C90
3D27
3CCB
3CBD
BC56
BAEA
BC5F
3B3D
3C46
BD4C
3BA5
3CDB
3C04
3BC4
BD1D
BBA4
3A7C
BBB9
3CFE
BC45
3CDE
3B5A
3DE6
3D3E
BCDD
3D0A
BC81
3D5A
BC24
3BC8
BC28
BBAF
3B8F
BB6B
3D17
BCE5
3BF0
3CC1
3CB7
3C79
3A2F
BA05
BC96
BBC1
BC22
BC1C
3CE7
3C53
BC55
BC98
3CA1
3C55
3D04
3C2F
3B55
BBED
3CA7
BBA5
BB1B
3CBC
BCBC
BD09
3D1B
BD23
3CE9
BC34
BCEF
BC32
BB82
BCC1
3BC8
3D72
BD36
3CE0
3D4E
BB02
BCFA
3C75
BD1F
3D08
BC76
BCC6
3C9A
BD2A
3BFC
BD49
3D81
BDC0
BD4A
3BC1
BD18
BCC3
BBA9
3CC7
B9B8
BC93
BC8E
BCC8
3C42
BC31
BB4F
BCE5
BB3B
3B9B
3CFA
3C4F
3C19
BD2F
BC3D
BBDE
3C8D
3D56
3C50
BC28
BB1D
3CB6
3D39
BD15
3B0B
3CFC
3B57
BC10
3C60
BCEB
3CC3
3945
3CE8
BD07
3D56
BD4E
BC98
3CB1
BCAE
3CAF
3CE4
BB97
BD03
3CF9
BC37
BC2E
BCC8
3C5F
3D3D
3CC2
3B85
BC85
BD2F
3D48
3C04
3B46
BD18
BD3C
BD9B
3CD0
BDAA
BA81
3C90
3D48
BD01
BC5E
BC8D
3B97
3D5E
BCB8
3C06
BC85
3D08
3BA5
BB95
3BF7
3CE2
3CB0
BC4A
BA8B
3CE0
3C18
3CAE
BC87
3B6F
BC92
BCE8
3CCA
BD12
3C25
3CE1
3CF3
3BEA
BCA5
3CA6
3D07
3D2C
3CC0
BC90
BBE4
BAC2
3D22
3C83
BCC7
BC31
3D0C
BC86
BC42
BC41
3C06
3CF6
BB8C
BC90
BC8A
3CCE
BBA6
BB2E
3BF8
BC33
BC7B
BE07
BD05
BCDC
BBC9
BD0F
BD2F
BCD4
3CF8
3D1E
3CD9
39AF
BCB6
3CAD
BB4D
BCC7
3C09
3D10
3D0A
3CA5
BB9A
3D23
BD17
BC26
3CEE
BBED
BAD5
3C23
3A6A
3C4C
BD6B
BC04
BBE0
B9CB
BC97
BCB4
BC3F
3C07
3BC2
3CD0
3D02
BC50
3C98
BB9E
BBD7
BC5D
BCD0
3D10
BC3C
3C1E
3C2D
3CA0
3D63
3CCF
BCF6
BC55
BD15
B91F
3AF7
3B98
391F
3A14
BC36
BD01
3C19
3C70
3994
3D5D
BA77
3D46
3D86
3A1B
BCC8
3C9F
BCE8
3D72
BABB
3C5D
BBDC
3D4A
3D3E
BB99
BAF0
BA3B
3D6B
3C71
3BF6
BCCA
3C41
BAD8
3D0E
3D16
3A7A
3C2E
3BF2
3C10
BCBE
BC74
BC99
3D80
BD19
BBA9
3CB2
BCD4
BCBD
3CB9
BB8A
3BA7
3C8B
BA6E
BC6C
BC92
BD48
BC92
BB22
3C55
BD57
3BD8
BBEE
BD43
BD6F
BC39
BCEA
BCA4
BCEF
BBDB
3C2A
BCD8
BC9A
BC27
BCE7
3BE3
3D3E
3BE7
3B8D
3D11
3CFA
BCE0
3D60
BBB3
BBFD
3D31
BC9A
BD01
BC80
3B61
BBB7
BA05
BCEF
BC1F
BC88
3C5F
3D31
3C38
BB02
3B1B
BC20
BCF3
3D41
3D6F
BD1E
3D06
3C50
3CC5
3C0B
BC2B
3CB4
3CB4
BDC1
3B84
BCDF
3D09
BD22
3D32
3C81
BCDD
BC85
BCDB
3CEE
3BDD
BC37
BCCC
3CA9
BCFA
3CCA
BD0D
3CB4
BBA1
BD55
3C94
3D12
BC29
3D3F
3D83
3C3A
BC2F
3D82
BCF2
3CE0
3C53
3D2B
BBA3
BA0E
BC8A
3C88
3CBF
BC31
BB9C
3C41
3CDE
3BAA
BBDB
BBBB
BC4D
BB5E
BCA7
3A19
3CA9
3BF2
3B90
BC59
3CE2
3C53
BA6E
BC8B
3B85
BBA1
3C9A
3BFC
3D68
3BC6
3C34
BC6D
3D2B
BC81
BA0A
BCA2
BD09
3D35
3C38
BD1E
BC82
3D87
3BC5
BCF0
BCFC
BC86
BCA0
BD69
BD51
BC3B
3D0F
BD87
BBFF
BB62
BD8F
BD8D
3BA7
BD6D
BD46
BD13
BD1F
BB81
3C58
3D24
BA92
3CF0
3B1B
BA28
3BE0
BCBE
BC73
BCF6
3C0B
BC3E
3D2A
3BBC
3B91
BD34
BB56
BB9C
3CAC
3C05
BCDA
BC80
BC3C
3D31
3D2B
BC93
3D0C
3C8D
3C0F
3B66
3BD6
BC9C
3D61
BAD6
BC62
BCC7
3CF1
BD92
3D45
BD15
3AC4
3CBE
3C73
3C03
3D3C
3CFB
3A13
BD0D
BD85
BC81
BC49
3D57
BB05
BCE8
3B64
3D3C
BD22
3D34
BDB5
3C34
3CED
BD33
3D59
3CAE
BCCB
BD22
3CE8
BD27
3D70
BD62
BCA7
3C84
3D67
BB4D
BD7F
3C90
3CEC
3D2C
3D05
3D2F
BD88
3D0A
BB9A
3BEF
3C18
BC0E
3A04
BC55
3CA3
BAFF
BC70
3D43
3C89
3D2E
BCA0
3D41
3AF7
3C96
BC12
3D13
3C59
3D2B
BCB1
3D03
3CEC
BC1E
BCE4
BCD5
BB9B
BC42
BC91
BCAE
3CE1
BC96
3B25
3C03
3CA0
3C42
BCD4
BC2B
BBF4
3C06
BD08
3D1E
3D48
3D72
3D22
3B7C
3D4B
BC88
BD3F
BB8D
3A56
3CAD
3D1C
3CF8
BA86
3C88
3CE6
BC09
BD35
BD51
3C93
3CBF
BCC7
3D08
BC9D
3C62
BC97
3D99
3BC4
BCAC
3C9C
BD26
3DB5
BC91
BA84
3C00
BCB3
3CB3
3C3E
3D0C
BBDB
3CE6
3B38
3C59
3CF2
3BEF
BD24
3C5E
BB94
BC03
3CCB
3BF6
3CEF
BD05
BBE4
BC9C
BD84
BD26
BB55
BC9C
3BDD
BC5B
BB4B
3C3E
BC21
BC98
BC9D
BB02
BCCA
3998
BD1C
3CCA
3C60
3B18
3B4D
BC9A
BB9A
BAD3
3C5F
3C18
3B95
BCA2
3B84
3C9F
3CB5
3C46
3C64
3C29
BC90
BCE8
3BBF
3C6B
3C25
BC8F
3C4F
BCF0
BBC1
3ADA
BB6A
BD12
3CB6
BC99
3CC1
3C94
3A71
3CC6
BC3D
3C6F
3C85
3C97
3C54
3CFD
3CBB
BCCA
3BA5
BCE9
BC59
3C61
3C7A
BCAB
BC0D
BD2C
3CDA
BB82
3B0E
3CD5
3C36
3ABA
BCD2
3CF8
3C35
BCB5
3C6E
3D17
3C2A
3C23
BC91
3C94
3D1D
3C04
3C24
BCBC
BC74
BCA8
BBE4
3C65
BC80
BC64
BD01
BB94
3C94
3C9F
BAE3
BCE8
3C52
BBC1
BC45
3CDE
3C9D
BB39
BC9C
BCF2
BC17
BC34
3B5B
BBDC
BB1C
BB52
BD08
3C43
BC36
BB64
3B81
BCA8
3D12
3CAF
BCF0
BC03
3C0C
BCF5
38D4
3CA8
3C8A
BC83
BC1A
3C14
3B7D
B97B
3C65
BCB4
3C1C
BB92
BB58
BB8F
3D08
BC7E
3C46
3CB8
BCCE
BB20
3C4D
3A2C
3CEF
3C19
3C0E
BC9E
3940
3A0A
BCBD
3CA5
BB95
3CA0
BD02
BA61
3C87
3CB6
BC8C
3C85
3CA9
BB95
BD9A
BC57
3CE5
BCE1
BC86
BBF4
BC2B
3D02
BC45
BC35
BBDE
3CA8
BB4B
3C6E
3D05
BCAE
3CC0
3CFC
BC14
BCE6
BBE9
3D38
3C4A
3BCA
BCB0
3CE4
3C2B
3C09
BC1F
BC0F
3CBB
BC35
3CE4
3C5C
BC96
BCBB
BD15
3CDF
3CFC
3D6E
3CAC
BC20
3CBF
3BBA
3B9C
3C19
3CD4
BCED
3CEA
3B3D
BC6E
BCB6
3BF3
3C0B
3C87
BCCF
BBFE
3CF0
39EE
3CC3
3C88
BC30
3BE2
BD1C
3BD5
3B9D
BCCD
3CC8
BD0D
BC08
3D06
BC8C
BCC9
3CED
BC02
BCC1
BCE6
BBBF
BCD4
BD0E
3B05
BCC6
3C20
BBE3
3BF4
BBCA
3C8A
3D03
3C6C
BD14
BCB3
BCFC
BC0A
3B92
BBDC
3BA1
3C03
3B09
BD0C
3B25
BC5D
BC15
BCDD
3B32
BCE1
BBBE
3CC9
BAA4
BBF9
BBA8
BD07
BB94
BBF8
B9CE
3BF4
BC06
3C09
3C2B
3A89
3C96
3CB4
3B0C
38C2
BB8C
BC73
3CB4
3AA8
3B39
BC8B
3C5D
3B3F
B9FB
3CAA
394A
BC83
3CF8
BB50
3B7A
3C9A
BBEF
BC16
3B29
BBF6
3D16
BC7F
BAC8
3BA7
3CC4
BCA4
BD08
BB52
BA93
3CAC
BD02
BACA
BAE6
3C87
3C82
BA09
BC73
BD06
BC11
3C67
3CB6
BD3F
3A65
BB40
BCC3
BC0F
BC48
BCA8
BBA7
3B40
BC9F
397A
BBBC
BBEC
BC6E
3D03
3C94
3BA9
3BB6
BC8B
3CD0
3B2E
380A
BABC
3C7B
BC88
BCE8
BCB7
3C2E
BC50
3CD8
3B74
BC9F
3CBE
3C23
3C62
BBEA
BC47
BC3A
3B81
3CA2
BB99
3CDC
3C19
3D63
3D05
3C09
BC1D
BB6A
BB97
3B7A
3BD0
BD01
BB6A
3D27
3CC0
3B97
BC4F
3D02
BCE2
BCFB
3C32
3C83
3D5E
3D04
BBF9
3C94
BC7B
BC0F
3A04
BB54
BD0A
BC82
3D0B
BC61
3C4B
BD43
BC2E
3CB3
BCB1
BC62
BC61
3A75
3CD6
BC82
3AE2
BC90
BC0E
BC5A
3D1F
BB69
BC41
BABC
3CE9
3C12
3CAF
BB5A
3CAE
3D87
3CCA
3D56
BD57
BD4F
3BF5
BBD7
3D13
BC60
BC47
3BCB
3CD6
BC6A
BC41
3D2A
3CC3
BD26
3BDD
BB6C
3B37
3C55
3CD7
3CBB
3BEA
BC63
BBC7
3CF8
3B7A
3C2A
3D29
3CEC
3C4F
BB6C
BAD0
BCB2
3CA5
3CFA
3CDB
BC91
BC8D
BC50
3AA2
3C81
BC34
3C96
3C36
3C87
BC83
BC37
BC9A
3D06
3C74
3CD2
3C36
BD0A
BC1F
3D00
3B1C
3AAA
3CA6
3C24
BADE
BC2B
BD1B
3BFE
BD42
BCB0
3BD0
BC03
BC91
3D68
BB68
3C92
BB24
3D31
BCD6
BA84
3CF0
BC7F
BC1D
BC99
BCC8
BCE1
3BB7
3D64
3D12
BC3D
3B39
BCA5
BB30
BA0B
3CC0
BCAF
3CB1
BC94
BDC4
BD81
BB82
BD70
3C83
BC86
BD1C
BD04
3D23
BACA
3D8D
BCD1
BCD8
3C3C
BC50
BCEA
BC52
BCD0
3C83
BC4F
BC34
BC68
3CD0
BCAC
3D0F
3D04
BB7C
3C1D
3C2A
3C54
BC0D
BC4E
BBE6
3D59
3CB3
BC4B
BD28
BCAF
3B47
3BB8
BBAE
3D02
3CF2
3D0A
BCA6
BC78
3CFF
BCD8
3CA3
BD37
3C0A
3CE4
BC94
BC98
3C97
3B09
3CE4
3CA2
BC48
3D37
BCBA
BCF2
BBD2
3D14
BDF0
3D9A
3DA3
3D18
3D82
BD15
3D20
BD05
BCED
3C43
3C04
BBDD
3BCE
3CAF
3CBA
3D57
BCC3
3D0D
BCBB
3CA1
3CC4
3D55
3C86
BD16
BC6C
3C8C
BA40
3C4B
3C70
BCB7
BD1E
BBC2
BCCB
BBE3
3A6F
3C4C
3C7B
3CB2
BD58
3E00
BC93
3DC8
3D79
3D3F
3C0A
3CA8
BD0E
BCA3
3C4E
3C1B
BC8E
BB5A
3CE5
3B4B
BC8E
3B56
BD0D
BD79
3C68
3D03
3BF0
BD19
BCE0
BD22
BDA3
BB1A
3CC9
BCDC
3D0D
BD0D
3A3C
BC55
BC58
3CB1
BCC2
3CAF
BC98
BBFA
BCA7
BBDB
3C4F
BC36
BCA5
BD23
B9DD
BCB4
BC79
BD16
3C97
BC0E
3C8E
3CBD
3BBF
BC69
3C20
BCF6
BC3A
3D13
3C65
3CFA
BB97
BD9D
3CD6
3CF4
3D0A
3CF1
BC00
3C19
3CC7
3B97
3AAE
3C00
3BF8
BCE0
3D76
BC32
BD75
3C21
3D4A
3B0E
3C95
BCA3
3C18
3D30
BC62
3CD7
BC2A
3CAA
BB49
3D48
3CBD
3C02
3C4B
BAC7
BC4D
BB9C
3B81
BBD9
3C70
3BF0
BCAD
BC2A
3D0F
BB85
BC8B
BC93
3C7E
3D5D
3C06
3B7C
3C9E
BCD8
BC22
3C68
3D40
3C67
3975
BC2E
BC82
BC03
BD2A
BC8A
BBEE
BCD9
BCEF
3D21
BC07
3D1A
BD24
3D84
BCE8
3CEE
3C09
BCE2
3C22
BCD5
BC38
BBC9
3C0B
BC00
3CF9
3C0E
3C3E
BD0F
BD46
BD65
BBA9
3D1E
3D8F
BD81
BD11
BD13
BD4C
BD1A
BC14
BC73
3C63
3AB6
3C4E
BB81
BD37
BC6C
BCF1
3D07
3BFB
BD64
3CF4
BBB5
3C27
BD45
3BD3
3CA7
BCFB
3B57
BCA8
3B96
BB8B
BC0A
3D1E
3CB6
3CE6
BC7A
BCE7
BC67
BCC5
BBB0
3CBF
BDBF
BCCB
BBEE
BC04
3B16
BC61
3CA7
BC72
BCAA
3CD1
BCA8
BC69
BD5D
3CCA
BBA6
3D25
BD95
BD60
3CEC
BC82
BD4C
3C41
BDAB
BC30
3BA3
3C1C
3D81
BD3E
3B18
BD9D
3C79
3BAF
BC98
BBDC
BCAA
BBEE
3C14
BB91
3BC6
3CC9
BA73
BC42
BCA6
BB1A
BD68
BCAF
BCE6
3C45
3A72
BBD2
3CF3
3D10
3C0F
3D06
BC10
3D20
BCFD
3C65
3CC2
BCE6
3C32
BD36
BBDC
BC54
3A2A
3C44
3D16
BACF
BC2A
BD1D
3D2F
BC94
BD2B
B8BB
3BD6
3D38
BD1D
BD5B
3D7C
BC73
BC79
BC47
3D28
BBDE
3C28
BC24
BB0A
3C91
3C84
3D3B
BCE8
BD74
BC61
3D06
3D32
BD29
3CFF
BCDB
BC49
3D37
3B86
BD63
3D03
BD89
3D3C
3C47
BC8C
BBF6
BB67
3C95
3B8F
BD4B
BC82
BC9E
3C4A
3C41
BC06
BC0A
BC8F
BB8D
BCB9
3C4E
BBF4
BCFD
3D3F
BB0E
BCC9
3B91
BCBF
3C5D
BC00
BBAC
3B06
BCDA
BC06
BC46
BD60
3C74
BCBE
BC2A
BBDD
3CE6
3C8E
BB92
3C88
3914
3CE8
BC77
3C01
BB9D
BBBA
BC1C
BC10
3D0A
3C45
BB0A
BC0B
3CD6
BD54
BD8A
BD0C
BD7A
BC1D
BD8F
3CCD
3CB5
BC9E
BCC2
BC9E
BC3B
BC10
3CAC
BB35
3C71
3CEB
3D2A
3CA6
BAA2
3C04
BCF1
3BE3
3C7F
3CB9
BC47
BCCD
3CA2
BC25
BB9C
3CEA
BB96
3B7A
BA4C
3CF4
3C7E
BD09
BC25
3CBF
3CA7
BC67
3A45
BC95
BD36
BB23
3D04
3C09
3A5E
3C34
BC96
3C3B
BC8F
BC89
BC50
3CB5
3D2A
3C0C
3D29
3CDC
BCD0
3B4B
BD01
BCC1
BCB3
BD3A
3BCF
BCFF
3C51
3C93
3CAA
BCDA
3CA6
BCEF
3D56
BC87
BD07
3D54
BB45
39CA
BD21
3C99
3C89
BA02
3CEA
BCD6
BC87
BB86
BB7B
BC86
3B80
3CA9
BD39
3BE2
3C39
BC85
3C5B
3C16
BCD5
3CE3
BCD6
3C70
3CDD
BA1F
BB97
3C41
3BD8
BCD8
3D8A
3D38
BB83
BBD8
3C8F
3D8E
BC85
BC80
BC8B
3D5E
3CDE
3B0F
BD4D
BD80
3D46
3B1A
3D37
3CF7
3D11
BD4B
BD59
3D1A
3CFE
3CE3
3CBF
3CF8
3CCA
BCF7
3C60
3CB8
BB9C
3D3E
3B1A
3CAB
BCCB
3D0B
BC90
BC00
BD39
BD0F
BC86
BC1E
BAEE
3CC6
BCD8
BD19
3CA4
3CDA
BC60
BD04
BCD1
3B66
BD20
BBA2
3B20
BCDC
BC70
3BB5
BC57
3C96
BD4D
3D34
BCD6
BD1B
BCD2
BD32
3DB4
3CFB
BC78
BC3F
3C0E
3D63
3C47
BD19
3B7C
BD3B
3D0D
BB02
3C82
3CF5
BBEC
BD2E
BCEC
BC40
BD8A
3B7E
3C51
BC0B
BB9D
BCEB
BC6E
3C3F
BCC4
3C44
3B98
3C8D
3BCF
BC4B
3A46
BC18
3C06
BC83
BCC8
BBBF
3BF2
3CA2
3C97
BC1F
BC9A
BC17
BC2F
3C80
3CEF
3ACF
3C78
BC84
3B0A
BB93
3BD1
BC42
3CBA
BCDB
BC18
3CA1
BCC8
3CE6
3D06
3C65
3C1A
BCC2
BC29
3D37
3D3F
BD28
3D44
BBC6
BCD0
3C04
3C5F
3C83
3CBC
BBE7
BBBB
3BF8
3B91
3CAA
3C02
3CA4
3C6B
3D64
3CF1
3C83
3912
BC32
BC52
BBFB
BCF3
BC5D
BADB
BBD0
3C97
BC62
BB25
3CE6
3B80
3CCA
3AF1
BAFA
BC2E
3CBE
3C00
BBE8
BC96
BACB
BD86
BC1C
BD13
3D22
3C14
3CC9
BBC4
BCB6
BC2F
3AEA
BCC7
3CB4
BCA1
3D04
BCD2
3B23
BC03
3C45
3B50
3C26
3C14
BB82
BD0B
BC1D
BCFE
BD9A
BC91
3D68
3CAD
3B7C
BB12
3C12
3CBC
3CD5
3D01
BC89
3C4C
BD3F
3D25
3D21
3C31
3CBC
BC60
BC41
3D3E
3BE8
BD31
3CF6
BD89
3D02
3B07
BB45
BCC6
BC8E
3C88
3AE5
BCBD
BD39
BA4D
BC87
BC41
BD39
3D08
3CA3
3CB0
BCF0
3B7C
BBDE
BB02
3D30
BCCD
3A28
3CB9
3CD5
3BDA
BD57
BD19
3B29
3D13
BC99
3C8C
BD28
3CD7
BD3A
BCAB
BD0A
3D0B
3D07
3B0B
3CA3
3B90
3D10
BBC7
3D08
3C24
3B25
BD3A
3CF8
3D04
3B84
3C85
BADC
3D62
BCF9
BD4B
BAD7
BD46
BCBE
BD89
3B80
3D5C
BD18
BCAD
BC7A
BCFF
BAD9
3D03
3B89
3BBE
BC15
3C4A
3D84
3D1E
BB8E
BC2E
BC92
BB0A
3C67
3D76
BCD3
3CE7
BD20
BC7F
BCA2
BD25
3CEC
BBAA
BB12
3B01
3A11
BC3F
3B96
3D24
BB59
3443
BC90
BD4C
3C55
3CBB
BD26
3C6E
3CC0
BD34
3CCD
3A83
BC20
BC40
3C9A
3CD6
BD14
3D12
3D0D
3BA3
BC64
BD45
BD35
3D26
3D18
BB20
3D4F
BC40
3D49
BCE1
3CE9
3C34
3C88
3A75
BCAF
3D2F
BCD5
BC33
3D07
3BD1
BC2C
3C09
3BD0
BC97
3977
BD03
3C4D
3BFB
3AAD
3B3C
BB36
3CAE
BC3F
3CE1
BC08
BC2E
3D61
3D23
3D0F
BB56
BD4C
BAA3
3C94
3D6C
3BB7
BC00
3C9C
3C60
BCB2
BC9E
3CFA
BD08
BD1D
3C0E
BC8A
3D01
BB12
3B91
3C8C
3C0D
3BC0
BCD5
3C25
BB47
3C27
3C8F
3C90
3D0F
BD74
BD22
3A63
BCA8
3B81
3C9D
3D28
BCE7
3C31
3C16
BCE5
3943
BCA5
3C68
BD38
BB6F
BCA7
3C1F
3C0C
BBFF
BC00
3CA4
BC9E
3CB7
3C8B
3D7B
3C29
3B92
BC92
3CCB
BD69
3C4A
BB35
BC95
BC5A
BCFC
3C8C
3D59
3D23
3CA1
BB91
BCF8
3CBC
3C29
3C32
BD02
BC9F
BC72
BD33
BA33
BCCB
3BD8
3C97
3C83
3BC5
BCD3
BAFB
BD08
BD08
B9EC
3C76
3D32
3C91
BC55
3CBD
3C8A
BC34
3D12
BBC4
BCC8
BC64
3C51
BB04
3D1D
BC4D
BBC5
3A9F
BC2F
BD1D
BCF6
BC4E
3CAB
3AEA
BD28
3CE2
3D28
3D0E
3C39
BC2E
BCE1
BD14
BCA7
3CA4
3C6B
3B2E
3C80
BB27
BBEC
BCDD
BC09
3D6F
BC7C
BD23
BD4A
BCB5
3D11
BD4A
3C2F
3BA4
BC73
BCDD
3CEA
3C93
BC85
BD21
BC84
3CDF
BD0D
BD22
BC02
BD27
3C47
BCFD
3D06
3D13
BC3A
BC32
3D39
3D03
3C40
3CB7
3C09
3C8D
3D20
3B58
BD68
3CF3
BC4A
3C0D
3CF2
3D14
BCC6
3BF8
BC04
3D7A
BCC5
BD06
3C5D
3D4E
BCE8
39C2
3C50
3C15
BD3B
BD0F
3C91
3C96
BCDA
3CF0
3D08
3CB0
BC6D
3CB9
3C0B
BCA8
BCF9
BD0B
BC4B
BC94
3B7F
BD21
BC5E
3BDA
3D16
3C79
BCAD
3D30
BC6E
BC79
BCFF
3CCF
BBD3
3BE9
3C84
3CC3
3CBC
BCE2
BA95
3D08
BCE6
3BF5
3D9B
BD20
BC0C
3C4F
3BBF
3D2E
BBCA
3CBF
3CA0
3C6D
3C52
BC18
3C31
BA43
BC98
3D00
3C32
3C24
3C63
BC06
3B1E
BC85
3C87
3AB2
BC97
BC7E
BC2C
3C78
3C53
BC05
BC18
BCA3
BB7E
3B5C
BC4D
BC78
3C86
BBF8
3ADD
3C8A
BC8A
3CF7
B982
3CE1
BCE8
3C94
3CFF
BD46
3BB4
3C1C
BC37
3CD5
BBFC
BC88
3BB2
BBC5
BBA4
3C94
3BE6
3BE2
BC7A
BD17
BC9D
BB85
BCA5
BCD6
BA33
39F3
BBB7
BACC
3D17
3C84
BC6B
3D41
3D07
3C3A
BC80
BBC4
BA31
BBEB
BCEF
BBD7
3C0A
3B16
BD1B
BD33
BC49
BC59
3CE1
3C35
3CF1
BC18
BAA5
BC4F
3C94
BB59
BC1A
BC95
3C9E
3A0C
3CB9
3C1A
BD09
3CDA
BC10
3C70
3D3D
BC99
3C62
BBD8
BD00
3A49
3D02
3CC4
3C76
3D01
3CBA
BCF6
BD1E
B7FB
BC4A
BCBC
3BD7
3C95
BB7E
BC25
BD1E
BB9B
3D70
BC9A
BCC8
3D1C
BCFE
3D4D
BD29
3D7A
3CED
BC48
3D84
BD0D
3D3E
BCA3
3C41
3CAD
3C03
3B0D
3B94
3CF4
BCF5
3CA0
BD5F
3C99
3B09
3CE1
3C29
3AD3
3D06
39D3
3D84
BC6B
3C35
3D44
3D34
3CD9
3D39
3CEE
3B1B
3B1B
3D12
3C8E
3CD4
3C81
3B98
3D9C
3CDC
3CF6
3B13
3CC1
3C82
BD22
BD11
BBB7
3D2F
BD45
BD8F
BD1B
3DA7
BD71
BC0E
3BB6
BD15
BD7C
BD0D
BD2B
BB80
BA1D
BB91
BD0B
3D35
3D4F
BC9B
3D27
3CEF
BD26
3D93
BC92
BD21
BD35
3CC8
BD66
3D48
BCF2
BC7E
BCD2
3CA4
3A0D
3D4F
3D41
BD63
3C41
3B11
3D96
3CF1
BD2F
3DAA
B898
BD3A
BC9E
BD3D
3C4E
3D66
3D12
BD76
BC0B
3C1D
BD95
3D5F
BD85
3C76
3DB4
BC45
BD2D
3D63
3C45
3CA3
BD22
BD57
BD94
BCA6
3D4F
BB85
BD0A
3C10
3C18
BC7F
3D20
BB9A
3D03
BACD
3BF1
B9F8
BCED
3ABB
BCB5
BCBA
BC92
BD03
3B97
BBE4
3A0C
3D25
3D03
BBF9
3C5D
BC25
3D19
3BBF
3C51
BD01
3C1E
BC42
BCCB
3D0F
3C2D
3B51
BC92
BC8C
BC2E
BB79
BCE8
3CCA
BC0A
BC9C
3D15
3BE6
3B61
3D1C
3C77
BCBD
3C7D
3CCD
3BB1
BCCE
3AF7
3BEC
3C87
BC27
BD1D
3CB7
3C85
BC6A
BCFE
BD09
BD02
3C30
BA64
3C63
3C4E
3D18
BCEA
3D17
BBB0
BC87
BBCC
BCCC
BC68
BCB3
BBCD
3C84
BD32
BB65
BB44
BC24
BD1E
3CA1
BD20
3C1C
BD80
BC15
BC89
BB55
BCCF
BB8E
3CD1
BBDF
BCB5
3C3A
3CDA
BAEB
3CC0
3C43
3B57
3D10
BC0E
BBC7
BBAC
3C12
3C0B
3BE5
BD2C
BCD0
BC0A
3BAA
BD26
BBB6
BCD1
3C56
3D0C
BD01
BAF0
BA9E
3CC1
BC76
B862
3CB6
BC73
3C28
BC4A
BB67
BC80
3C08
BB88
3C66
3C57
3C53
3C06
BC88
3C54
BCC9
3D06
3CC4
BBCD
BD15
BD2C
BBC3
3C1E
3CDE
BB7F
3D55
3CE8
3C79
3C92
BC49
3D72
3A85
3CFE
3BE9
3D43
BCE9
BD28
3C48
3C0D
BD4C
BC69
3B1B
BA8C
BC70
BD6B
3C36
BD25
3D46
3DAF
3C4A
3B82
BCA7
3B8C
BBC7
BC85
3BFF
3D44
3BBA
3C1F
BC44
3D37
BCD7
BCF6
3BDF
3C6A
BBCA
BD18
BD4D
BD17
3D5D
BD47
3C84
3C8E
BBC0
BD52
3BAE
BD05
BD19
BB9A
BD2F
3AAC
BD11
3CFB
BB55
3CA4
BB65
BBB5
3D2D
BCCB
BD5B
BC2C
3CF7
BADD
3C83
BD51
BCCA
BD44
BBB0
3D32
3C9B
BD26
BCEC
BC4B
BBD6
3CA6
3C24
3D51
3D57
BC33
3AEC
3C31
3B56
BC13
3D03
BD86
BC7A
BD8B
BC5E
BD9B
3C3F
BD26
3CBE
3DA3
BC19
BC2C
3D20
3D16
BB7A
BD74
BC7E
BCEE
3D1C
3D27
BB51
BD00
BD2D
3D02
3B2D
3D29
BD04
3D08
3D8C
BCAC
3D4E
3CC5
BCBC
BD2D
3D21
BD3E
3D3D
BC6C
BC9E
3B3B
3D4A
3C9E
BB99
BCB6
3C4D
3CED
3C89
3C09
3BE6
3CC4
3C9A
BC76
BB85
3C11
3C6F
BC2C
3A8E
BCCA
BC73
3C97
3C89
3B85
3C82
3CD8
3C86
3C53
3B66
3D1D
BC9F
3C76
BCCE
3D3B
3D0C
BCFB
BD0D
3C09
BC0F
BD2E
BCC0
BC19
3C22
BD6D
BCCB
BCA1
3D1E
BC54
BC4E
3B39
BCB3
BC9E
3D49
3CAB
3CBE
3D59
3D0F
3CC0
3D44
3BA2
BCF9
3CDB
3CC9
3CBE
3CC8
BC7A
BC9F
BBCF
BAE2
BA54
BCEF
BD08
BB91
BCAD
3C81
3C33
BC43
BC88
BB5C
3C31
BC14
BCBD
3CC0
BBF9
3D2B
BCA3
BB06
BC25
3C13
3CCD
3B37
3C5D
BD51
3C89
3CE1
BD22
3CB6
BCE9
BC60
3C55
398F
3BFE
3D1C
3D36
3CCE
BD0B
BCED
BD0F
BD5B
BCE0
BBFB
BD1A
3C81
3B57
BD1C
3D0D
3CD2
3BC4
BD14
3CD0
BC4A
3D3C
3B60
3CE6
BC31
BBEF
3C98
3C92
3C53
BCF1
3D70
3BFF
3C15
BBFE
BCEB
3D47
BC9D
3D0E
BC43
3D02
BD02
3C96
3D10
3CC3
BCB2
BCF5
3B93
BD17
BC45
BC73
3C91
3C93
3AA2
3D45
3C88
3CE6
3AF0
3C8F
BBA7
3C5D
BCBC
3D77
3C6E
BC76
BD48
3D1B
BD0B
3A80
3C87
BC9A
3C13
BC6D
BD30
3CA3
3D53
BCB7
BC0A
BCC8
BC37
BD1D
BD47
BD67
BCFC
3B14
BD0B
BD09
B9E9
3D2E
BC62
3B89
BB15
BD72
3D68
BA1F
BCA8
BC0C
3D5E
3C3A
3D10
BD07
BCC0
3CFA
3C81
3CDB
3B3B
BCE0
BC19
3CE3
BC5E
3C15
BC0C
B89C
3D3A
BCC5
3D09
BCA4
BC64
3CC7
3C9C
BD28
BCEB
BD2A
3AA4
BD2F
3CF2
BD45
BD3D
3D2C
3D04
BCBD
3D52
3D88
3D06
BD8A
BC9E
BD56
BC0D
3B7A
BD35
BD28
BCE0
3CF9
3BAE
3D3B
3C3D
BC7B
BCAA
3B85
BC76
BC01
BB75
3CAD
BC88
3CB4
3C97
BCB2
3C83
BBB0
BC42
BB13
BC51
3C3A
3CCC
BC11
BBD9
3C02
BC9C
3C50
3CAA
3BCF
BC38
BB83
3BBD
3BFE
BD17
3C1F
BC2E
BCBC
BBA5
BCED
3D12
3C14
BC26
BC84
BC5F
BC82
3C88
3AD4
BCD9
3A5E
BBDF
BBCB
B8C4
3C0E
BD0F
3D09
3CF2
BB78
BC16
3D04
3C03
3D4B
BC16
3CBF
3BD9
BCF1
3C85
3BEA
BC66
BC52
3BCD
BC55
3AC1
BD03
BC61
BC9E
BBBE
BC6B
BC66
BCCB
3C95
3D08
BC47
3C2F
3BEA
3BCB
BBA0
BC71
3C8E
B959
3959
BC05
3CB5
BBED
3AA9
3D0E
3C8D
BD35
BBBB
3CB9
3CF2
3B9F
3D10
3C19
3D32
BCC1
BD15
BC33
3D26
BC33
3CEC
BC4B
BCBC
3C88
BD6A
3C93
3CDE
3B44
BBDC
3CD9
3AB6
BD43
3C1F
3BDA
3CBB
BD0F
BB87
3C0F
BD18
3C36
3C04
BC68
BDB5
3B65
3C17
BD03
3C9B
BD4D
3CD6
BD1F
BC7D
3C13
3AEB
3C6E
BCC5
3B52
3C3A
BB9E
BC9A
BA63
BD0E
3B96
3B46
3C18
3C09
BBE6
BD2D
3BBA
3C07
3D09
BA83
BC75
BB59
BC72
3C96
3B95
BD03
3C75
BBBA
3C8C
3CE7
3CDC
BD56
3CF8
BCBD
3CA9
BCB5
3C33
3CD4
3D09
BCC7
BCB9
3CF6
BAF3
BD12
BD0C
3CF3
BC3D
3C83
3C3B
3CA0
BB95
BD12
BB1E
BC9D
3C6E
BCB0
3D44
3D06
BBAC
3C8C
BCCB
BC37
BD04
3C4C
BD31
BCE1
3B8C
BC3F
3A63
3D0A
3CBC
3C20
BC8D
BCC0
3C65
BD09
3D8B
3C03
3C94
BD42
BCD8
BCA1
BB23
BD14
3C72
BC88
3B91
3C37
BC6C
3CAF
BC1E
BD0C
3D0E
3BA3
BCC6
BD2E
3C7A
BCC7
3CB7
3CFB
BC9D
BC31
BC08
3BC8
BB34
3C9A
BC1A
3B88
3C41
3C71
BCE4
BD27
BB8B
BCCB
BC24
3CF2
BC81
3C57
3AB0
3D85
3D58
3D13
3D13
3B56
3BA9
3D23
BB84
3C95
BC40
B9A7
BBB6
BC8C
3BFC
3C86
3C4B
BD00
3C89
BC22
3C6E
3CF9
3C29
BB1A
3CAB
BCDB
BCA2
3C91
3CB1
BB6B
BC88
BCFB
BD01
BCB5
BD3C
B936
BC9C
3CE1
3CF6
3CF3
3CEA
BC1A
3CC3
BAF7
3D07
BCFD
3D05
3C52
3B34
BC9A
3C9F
BCB8
3D0F
3C48
BCA8
3C2A
3D01
BC10
3D0E
3CA0
3A2C
BC32
BC9C
3B27
BC11
3DA7
BC9C
BD25
BB36
BCBE
3CAA
BB39
BB1C
3C09
BC68
BD21
3944
3C27
3CA0
BC2F
3BB7
3CBB
BB98
BCE7
BCAC
BC56
3C1C
3C36
3D77
BD05
BD27
BCB6
3B73
BD2F
BB9E
3C74
3CDD
BCB9
BD13
3D19
BC33
3D23
3BD0
BBBF
BC77
BA9A
3C0F
3C4B
3BE7
3C77
BB81
BCD4
3B11
3D14
BCAA
3C91
3CA5
3CD5
BCF8
3C22
BC61
3C4E
3C03
BC98
39EE
BD01
3BBD
3CBC
3B84
3C29
BB37
3ADA
3C1E
BD2C
3BE5
3D22
3C88
BCBF
BB73
BC83
3C27
3C82
BB81
BC2B
3BA7
3C67
3C2B
3C18
3C31
3B78
BCB3
3C5E
BBB5
BBEC
3C56
BC66
BC26
BD51
3C33
BC5B
3CE7
B9CC
BBAF
3CC2
3A9E
3B31
3C07
BB93
BBF8
3AFE
3BF8
BCA9
3B5A
BB83
3BDF
BBF4
BD83
BCF1
3CFA
3C0B
BB2C
3AAF
BC36
BC7E
BB43
BC2E
3A04
BC5B
BC4D
BC8D
3B59
BD09
BC9E
BCA4
BCCB
BC59
3BF3
BC14
BC84
BD1B
BCCB
3D10
BC88
BD23
BCCE
BC31
BB3E
B9A7
BA22
BC39
BBA9
BB9D
B867
3C97
BB1E
BAF9
3C99
BD10
BC61
3C0D
3C91
BCA2
BD50
3BED
3C77
3C3D
3CC8
3C90
3BED
BCD9
3B99
3D37
3D74
3C4F
3C98
3C4A
BBA0
3D1B
BC1F
BC8D
BCED
3BFC
3D08
3CA4
3D1C
3BA4
BC52
BD0B
3C26
BBDB
3C93
BC0B
BC30
3BC0
3C89
BC8F
3D2A
BD48
3C42
BB31
BC64
BCDD
3D2E
BC98
BCA8
BCD1
3C9F
3CDA
BB85
BCFA
BC64
BC83
BB6F
BCA1
3CA2
BCA1
3D4F
BD08
3D43
BC8E
BC27
3C34
3BFF
3C00
3D12
3D1A
3D35
3CAC
3BA5
BCDA
BC0B
3CCF
3CC4
BB71
BC30
3D88
3C1D
BBA5
BC70
3D3B
BD49
BD0B
3D35
3BC6
3D05
BC64
3C0B
3CC0
BD38
3D9B
3D21
3CAC
BD2A
3D5D
BD48
BBAC
3CA8
3C37
BC44
3D97
BD2A
3A61
3C6C
3C76
3C27
BC13
3C64
BCC9
3B83
3C10
3CD8
3CB4
3CD3
BCFF
BC12
BD26
BCC6
BC11
BD72
3B44
BA5C
3BCB
3C90
3D23
BC1C
BCF1
3D28
BCAF
BC1A
BD51
3C35
3D09
BD79
3D8D
BBD5
3BC7
BC7B
3CE7
BD2B
3B3D
BD63
3D8C
BBA9
BC36
BC49
3BDC
BC74
BCF7
BC47
BCEF
3D86
BC80
BD3C
BC8E
BC87
BDB0
BC9C
3D58
BC6E
3D8D
3B9B
3D64
BD4F
B9D1
3D25
BC31
3D07
BBF2
BC83
BC07
3CCF
BD22
3CB2
BC2E
3D0D
39AC
BCEF
BC9C
3C7E
BD2B
3C02
3A9B
BCC5
BCDE
BCE6
BC3F
BD15
BC5D
3C30
3C3B
BC37
BD07
3C9A
3C92
3D36
BBFD
BB07
3D01
3D42
BBD4
3D8B
3D8A
3BA3
BBF5
BC21
3C0A
39AE
3BCF
3C37
3C85
BBBD
3BEC
BB76
BBD8
3C69
BC4A
BC3E
3C2C
3BD4
3D20
BCAD
3DCC
BC04
3DBB
3C40
3C1E
BC08
3D01
BC85
BD34
3C25
3CBB
3D0F
3CD6
3C57
3C03
3B05
3CE9
BD01
3C70
3CE8
BD08
3C13
BB26
3B65
3CBF
BCC8
3C8F
B928
BC39
BD42
3B94
3D13
3CA7
BC2E
BC13
3B5F
3C16
3D21
BC9C
BC2D
BCCD
BC29
3BF7
BC4D
3C7F
BD06
BBE0
BA04
BAA0
BBAA
BCA6
BCCA
B99A
BCBB
BD24
3A23
3C4B
BD04
BCCA
BCD4
BC8C
BD1A
BB85
3CDF
3C37
3BA4
3D5B
BBF3
3CE1
BC63
BC35
3DBC
BD05
3C33
396C
BBAF
3BF3
3C85
BBC0
3C5C
BAAE
BB87
BC39
3C9E
3C75
3CBC
BC97
3C70
3CD5
BC61
3BD1
BD1C
BC7B
BCDC
3C24
B991
3C90
3D3D
BA9E
3C42
BB7A
BC46
3B74
BBD2
3CAB
BBC8
BCB4
3A8C
3BF6
3AE4
3D68
BCA2
3C99
3A90
BCD8
BDC9
BD1D
BCF9
3BFD
BAE0
BC06
3987
3D97
BC11
3CC0
BD22
3CCE
3C66
3CDF
BD1B
BCE0
3D74
3CD0
BD1D
3BBE
BCC9
3B0D
3C05
BC50
BAE4
BBD0
3BA0
BA99
BA5E
3BED
BC76
BBAD
BC5E
BC10
3C2D
3C65
BC20
BCD7
BC18
3C87
BBEA
3CCD
BC8C
BC0F
BB6E
BC8C
BC69
3BA5
3C95
BC85
BCBF
BCD5
BC99
3C46
3C9B
BC9C
BC6A
3B59
3CCD
BCB9
BBF9
3DA2
3D81
BC12
3C7F
3D35
3C5B
BD33
BD99
3D2D
BD24
BD30
BBA7
BC04
BCC3
3C98
3C10
BCEE
BC0B
3CDC
BCE1
3B0F
3D09
BCDB
3BFE
BC76
3CF7
BAB3
BD00
3C28
BC45
3BA9
3C32
BBB6
3C22
3AA0
3C40
BD06
BCCB
3AB7
BBC5
BBCB
3D02
3C59
3C9C
BCCF
3CCA
BCBC
BCB7
BAAF
3BDC
BBDB
3CAD
BC9D
3DB2
BBAE
3BBC
3BBC
BC8A
3CDE
3D54
3CF3
BCBF
37B0
3C4F
BCDC
BCF8
3CDB
BD16
3CE0
BC44
3D09
BC12
BD8B
3D9B
BCD7
BD61
3D32
3C71
3D5C
3B8B
3C8D
BDA6
3B10
3D55
BD32
3D2D
BCCD
3CA2
BD35
3BEB
BC51
3B89
BA05
3C67
BCDD
3C55
3BF6
3CA5
3C4E
3C98
BB8C
BC9F
BCA7
BC99
3C2C
BB86
BC9D
3C89
3C86
3CD1
3D06
BCED
BC9B
3D26
BC9A
3BDB
BC8E
BC19
3CAA
BD07
3BBF
3C85
37F7
3B1C
3D78
3BBF
3C91
BC11
3C07
BD0F
BB36
B94E
3BFC
3BD9
B95F
BC3C
BC8B
BC34
BD22
BD34
3D73
BC90
BC63
BC9B
3CB7
BBCF
3D3D
3D32
BBFB
3C17
3D30
3CD3
BD52
3D45
3CCD
BBCB
3CB1
3BA8
3D4A
3C08
BB6F
BCC2
BC39
3D10
3BC6
BC60
3D13
BC55
3C24
3CF9
3CC8
3C4F
3A3A
3CAF
BBBD
BCE4
BA57
3CEE
BCA1
3CFD
3C08
BAAC
3B0C
BBF9
BC67
3C69
3B81
3B37
BCE2
BCA3
3D61
3BAB
BBED
BCBE
3BDE
3BD1
BB11
3CA0
BC00
3D1A
3BD0
BC80
BCA0
BB06
3D17
3BF2
BC65
BCEF
3D33
3B1D
3CEA
BCAC
3D22
BCB3
3D4D
BCBD
3BE7
BC08
BD04
3A5A
3CD9
BCC0
BBBB
3C9B
3CDB
3C9D
BC8B
BD41
3BD4
BC14
BBDC
BCC2
BC76
BC09
BCAF
3C16
3D32
3B4E
3C4C
BC30
BCC7
3B1A
BCAA
3CCB
BC81
BB90
3C22
BD2B
3CBA
BD14
BAC7
BD12
3A57
3BA0
3B99
BD19
3D4A
3CD8
3C2E
BCCC
BCB0
3B5D
3C2F
3C97
BB2D
BAE0
3BC9
BB99
BC97
BCCB
BD1B
3D05
3C60
BC79
3C89
BCD2
3D07
BC64
BCCC
3D0A
3C0E
BCB2
3C5A
3BB5
3D04
BD34
3D35
3BB5
BBC0
BD25
BD2F
3D24
BB90
BC0C
3D55
3D22
3C9E
3CC3
3CC2
3C39
3C86
3CB4
3C31
BC10
3CD0
BCA1
3D88
BD26
3C5E
3D25
3C02
BC93
BD82
3C5C
3CEB
BCAD
3D4C
BD0B
BC30
BC1A
3B33
BC2F
3D3A
3CA8
3C86
3D51
BC96
3D54
3C0D
BCCF
BC08
BD11
BA5F
3D31
BCC5
BD98
BCB8
BCCF
BC50
3BA5
3C9D
BC38
3DCB
BD5C
3CB5
3D45
BBCC
BD02
3BA4
3CF8
3B85
3CDD
BD4B
B9B4
BC4E
3D20
3CD7
3D0C
BCC3
3D03
3C74
3C9F
3AEB
BBBF
BD36
3D17
3D17
BD04
3C70
3D0C
BCE7
BD3D
BBEE
3CED
3D11
3CAD
3CCD
BB6C
BD02
3C16
3CE6
BB01
BC16
BCAB
BBF5
BD5B
BCEE
3D08
BD8F
BD37
BC44
BC81
BD23
3DAB
BC70
BC3E
BD62
3C56
BCC6
BCDB
3CA3
BC9F
3A8A
BC5D
3D98
BD84
BC91
BD00
BD74
3D50
BD0E
BC40
3C94
3D0F
BC85
BC3C
BCAC
3CA1
3CAF
BC53
3C05
BC06
BC14
BC73
BB85
3BC3
BAC9
3CA7
BC2C
BB13
BC7E
3ACE
BC89
BC00
3CAB
3D18
3B81
BBEC
BACA
3C94
BC87
3B2D
3C29
BC62
3ADF
BC0C
BB48
3C81
BC97
BC41
3CEB
BC83
3C93
3D02
3CF5
BCE2
3AD0
3CCB
3BF0
3BA6
3C47
3C6A
3C32
3BE6
3D03
BBBB
BC17
3CD1
BD5C
3D72
BBB7
3B7F
3C3D
3C0E
3C85
3D05
3CD2
BC7E
BC4E
3C88
3C30
BB7E
BC49
BBFD
BCBE
BC3F
3C8A
BC2B
3B38
BCB5
BC2A
3C13
3CD5
3922
3C0C
BC03
BBD8
BBED
3A33
BB70
3CBB
BC36
3C23
BCF5
BACF
BD5C
3CDD
3CEC
BBC3
BC7C
3CAF
3BC6
BC96
BCEE
BB1D
3B74
3CA5
BAB4
BA51
BC5B
BB57
3A7A
BC19
BC8F
3D32
BCB0
397D
3AA7
3D18
3D6A
3C3D
3C71
BC0A
BC69
3C0C
3C4B
3D0D
BD40
3C8A
3D2D
BBFC
BD3D
3C05
BC0B
3D15
BCD4
3C2A
BB9C
3CF0
3C48
BB6A
3D14
BCC1
BD16
BB91
BC15
3BFB
BBE3
3D14
3CCB
3C0F
3C18
BCD2
BD60
BD1E
3D29
3864
BC9A
3CDD
BCC0
BBFC
3C98
BD05
3BEF
BD9F
3AF6
3C09
3ADE
3B93
3DA5
3C7A
3BF7
BC8B
BC26
3C2D
B9AA
BDA3
3D08
BD47
3C89
39AE
3C94
BD37
3D53
3CF6
BD60
BD72
3D80
BD62
3D7C
3BB9
BB0C
3A95
BCA7
BA14
BC89
3D0D
BC18
BCF0
BC9F
BB87
3C8A
3C29
3A8E
3CB4
3CF5
3CD4
3CE5
3D2F
BC92
BD13
BC28
BCAC
3ABB
3D1E
BC02
3C67
BCDD
3AF6
BD09
BD08
3D1F
BC9E
3D2C
BAA3
BCFE
3CC6
3D08
BB78
3D4F
BD9F
BD01
3C8A
BBB8
BD0C
3BAC
3D5B
3D98
BC43
3C47
3D75
3C93
3C29
3D40
3D11
BC5D
3C95
3CBD
BD19
3CFB
BD25
BC7D
3D01
BC01
BD12
BBA1
BCA1
BC4C
3CED
3C14
3C99
BA15
3D3C
BC26
3BDB
BC41
3C92
BCC7
BA09
3C0D
BB8C
BB09
3BEE
3B54
3C2B
BC49
3C2A
BC75
BB4C
3CAA
BC41
BC32
BCA3
BC9E
BBCC
BCB2
BB3D
3D0B
3B03
BCF7
3D89
3C55
3A2E
BC42
3C67
3C85
3BE8
BD05
BCC0
3CF2
3CAE
3C3E
3CA3
BA8A
3CBB
BC8A
3CD7
3C9E
3C6D
BCF1
3CC3
BCEC
BCCE
3D15
BC99
3BC3
3D52
BD3C
3D48
BD57
BC1E
3C95
BD0D
BD46
BD31
3C7A
3CAF
3CCD
3B99
BC41
3CDC
BCE7
3CEA
3C2E
BC3D
BC3F
3C4E
BC28
3C47
3B1B
3C5E
BBD0
B815
BB39
3C1A
3C3D
B9B5
BC70
3C60
3D07
BC16
BB21
BAE1
BC4B
BB21
3C26
BC3D
3BEC
3CCA
3D07
BC37
3CB5
3CE3
BB7D
BC37
BD2A
3C04
3D04
BCFD
BD0A
BD86
3C7C
3CB3
BC9F
3BF1
BD19
3CD9
BC45
3D2B
BD1E
BC91
3CCE
3D08
BD08
BAF3
3C71
3D2E
BD46
3D2F
3D7E
3C1A
BD13
BD9A
3C1D
3AE5
BC20
3CF5
BC8C
3CC4
BD0A
3CAB
BCD9
3A3E
3AD9
3D0D
BC30
3CA3
3AFC
B9D3
BCAD
BC9A
3D5C
3CAE
BD10
3A85
BCAE
BC5B
3C5E
BD78
3C99
3D4C
BD02
3D49
3D18
BCC9
3CFA
3C3D
BD76
BC8E
BB8E
BB97
BD10
3C4F
3C4A
BD02
BD10
BD90
BAF0
BC92
3D66
3C37
BD96
3D29
BD6B
BC8F
BABD
3D84
BC94
BD73
BD60
BCC6
3C83
3CCF
BCD6
BD3C
BD20
BCA3
3C42
3B6D
3D36
BBBA
3BBE
3D58
BB6B
BC78
BD04
BC7D
BCE6
BBFF
BB7E
3C9A
3B8F
BC4D
BD62
3BC1
3D01
BCC9
BCCE
3DBE
3D2D
BD30
3BD3
BB8F
3D37
BD17
BD00
3D49
3D17
BC59
3BEF
BD40
BB56
BD01
BC7A
3C8F
BD1C
BC96
3D13
BC73
BCE5
3DBF
BC4E
BDBB
3D3E
BD37
BC2F
BC84
3D26
BB81
BD2D
3BFA
BCEC
BD13
BCA9
BC77
BB75
BC9D
3BE1
BBC1
3CB9
3C2C
3C19
3BD0
3BAE
3C67
BC74
3CB2
3CAF
3BBD
BC11
BB4F
BC8E
3ACB
BBC3
BBCE
3C37
3D09
3B06
3C12
3CBA
BC8E
3C7D
3C95
BCAF
BB80
BD60
BC83
3CBF
3BC9
3B0C
3BB5
3CA0
BD42
BD8F
BCBC
BD4E
BC2E
BD34
BB00
3B9B
3D41
BC65
3D00
BD67
3C87
3CF6
BAE6
BD1A
BD64
3D0F
3D73
BD6C
BD06
3BF0
3D03
BC6E
3C99
3CB9
BC58
BC02
BC91
3BF4
BC0B
3BBA
BC25
BC56
3C80
389F
3B0E
BC33
BD08
3C58
BC04
BB3F
3BD1
3CB7
BBF2
BC28
BCCE
BCAE
3C72
3C4B
BC65
BC8F
3B08
3D59
BCF6
BCDA
3C8F
3CA7
3CD3
3CA9
3ABF
3CB0
3D1F
3D3C
3B68
3D16
3D58
3D26
3C07
BD8A
3D8A
BDA2
BD3A
3C7E
BBD3
BBC0
3D8B
3D38
BD5D
BD0C
BD0B
BD5C
BCF8
3D8E
BD47
BCB2
3C8A
BCA4
BB8F
3CF5
BC96
BC47
BCE9
BBD8
BCBB
3BE1
3CB4
BB5A
BCD1
394F
BC9A
BC12
3C1C
3C9A
BC4E
3B9B
BD3F
3C8B
BCB4
3C03
3C56
BC55
3D20
3C42
BC62
3CC8
BC3F
3CD8
3D3D
BC98
3C7E
3C93
3B2C
3C6F
3DA4
3B56
3C44
3CBB
3BD9
BD30
3B53
BC4A
3D0E
3D09
BD1B
3D5A
BCC1
BD2B
BBD4
BBC6
3C63
3CBA
BCED
BD63
BCB8
3CAF
BCA6
3BD1
BD24
3C1F
BBF4
BC28
3CCD
3AE8
BC18
3C56
3BA7
BCAB
BCD5
3C9F
3D2C
3CEA
BD5D
3CC9
BCF9
BCE2
3D04
BD0C
3BDB
BB88
BC16
3D0D
3CB6
BCAD
BD12
3C96
BB51
3B9F
BD45
BBB4
BC57
BCB9
BC67
3BCD
3C98
3C70
3D69
3C1D
3B7F
BD80
3DB9
3CA6
3C1F
3B60
3D5F
3CA8
BB37
BBF1
3C12
BC15
BCFF
BCEE
3CB9
3D30
BAF9
BCCE
BC61
BD48
3CE9
3C7D
BCB5
3CBF
3C86
3C9B
BBC6
3B81
B979
3CCB
39EC
3B32
BC4C
BB93
3D2A
3C9B
3BB4
BC81
3D8D
3BFB
3C86
3C3D
BC43
BD4C
B9AA
BD2F
BC5E
BD34
3D0E
3D3A
3A3D
3CBE
BCE3
BD03
3C4C
BC9A
3C1F
BC63
BC1C
BB54
BD43
BD4B
BCEA
BB20
BCA9
BCC5
3C88
3BA5
BD87
BB5A
BD53
BD24
BD30
BC4C
3D3C
BD11
3C8C
3CBC
BC6E
BCD2
BD10
BCCF
3C28
3D2B
BCEC
BCCF
3D55
BD55
3CAF
BB0D
3CD2
BC6B
3AE5
3C21
3C99
BC51
3BB6
BA9D
3B2E
BD22
BCF4
BC0D
3CFF
3BF7
3D57
3CF5
BB81
3D29
3CB5
BC7E
BC0E
BD13
BD7D
3CCA
3D23
BD57
3D01
3C66
3C99
BC07
BD20
3D3C
3C94
BC04
BBF7
BCB2
BC10
3C4D
BC4D
3D39
BC84
3D46
BBF0
3C7E
3C0F
3C78
3CBC
BCEB
3D9C
BD5D
3AA3
3C8E
BD4F
3D15
3D81
3D46
BD61
BC06
BD5D
BD8F
3C81
3BF1
BD8C
BC63
BBB1
BC92
BB57
3C94
BC9B
3C84
BC74
BC60
3BF5
BC3C
BAAE
BB51
3CE7
3D28
3B3D
3BB2
3C1D
BD18
3C70
BD3F
BBA9
BCF3
3CDE
3D05
3C1E
3BA4
3C0D
BD2B
3C19
3AAD
3CC2
BC48
BD23
BC70
BD69
BC20
BD02
BC1B
BCE3
BC0C
BA1D
B98A
BD32
3D18
BC98
BD79
BD00
3C89
BBF1
BB50
BD3E
3C0B
BB30
BD3E
BD3B
3D47
3C7A
3C4E
3C1F
BD25
3CFC
BCDF
BD80
3D32
3B9E
BC01
BBE0
3AC5
BC79
3A45
3CFB
BCCC
BC37
BD10
3891
3CA4
3C65
3D17
3D00
3B89
BC88
3CCD
3C90
BCFA
BB9E
BB80
BD0D
3B28
3C0F
BD13
3C38
BC88
BC27
B952
BCFF
3CB8
3CD9
3CEE
BC44
BCBB
BCB5
BBA4
BBD0
3D30
BD34
BCFD
BB19
BC7B
BBF2
3C9F
3C87
3C84
3CEF
BD3D
3B33
3D20
3D16
3C2F
BC06
3CD1
BD15
BC17
3D63
BC9B
BD66
3D7B
BC9D
3CA8
BC4A
3C40
BB62
BC66
3D37
BCF8
3D3C
3C2C
3D19
BCDF
BBF1
BC12
3D60
BB59
3D7C
3C4B
3CCD
BC2A
BBFF
BD2E
3C02
BCE8
3C90
3C0E
BD00
BCC3
BC93
BD03
BD74
3DA0
BCBC
BCE2
3C16
BCB6
3BCB
BC7A
BB8E
BBEA
3CB6
BCF3
3D46
3CC6
BCD9
3D06
BCCA
BD26
BC91
BDCF
3BD5
BC83
BADD
3D13
3BAC
BCFA
3DA8
3D20
BC8A
3CFD
3C81
BC8C
BC6A
3C64
BD8B
3D7C
3D3D
BCF8
BCB4
BD07
3BC3
BB98
3C2E
397F
BC92
BC0D
BD09
BBBD
3CD2
3CF7
3D1D
3CF6
3CDA
3D7B
BC7B
BCF8
BCBF
BC2B
BCF4
3D3D
3CB3
BD25
3C66
BA21
3CFE
BCE7
BCC2
3C24
BD40
395F
3C73
BD43
3C60
BBD6
BC9E
BC7B
3D0A
3B15
38A2
3CE6
BBE5
3D24
3D1F
3BF0
3CE3
BD28
3BAD
3CCC
BB8A
BB83
3D96
3CA1
BD04
3D40
BD63
BB45
BD81
3CF8
BB53
BC9F
3B5D
BBD1
BC1A
B8EF
BCC1
BA59
BBF1
BBAE
BB73
3C8E
3CAF
3C6E
3BB1
BC8A
3C0A
3B0C
3CC7
3BD1
3C35
BC22
3C39
BC23
3B82
BC91
3A10
3D13
3C53
3C56
3BAF
BB1D
3B5A
3BB3
3D1A
3C09
BC81
3CEA
BC35
3C34
3D05
3BC0
3ACA
39E4
BCB2
3C18
BCD4
BC6A
BC10
BBC8
3B87
BBA5
BC1D
3C56
3C93
BC8B
3D42
3C1D
3C4F
3C2D
3D04
BC21
3CE8
BC9E
BB6A
3C77
3C22
3BDA
3B78
3C02
BBC0
BC8D
BC33
39C7
BC6D
3C75
3C27
3C42
3C82
3C75
3BC2
BC8F
BC3B
BB29
3AF4
BD0B
3D05
BBB8
BC16
BC63
BC02
BCD0
3BBB
3CE8
BB80
BCD5
BB7A
3C87
3CD9
3CB0
3C77
BD63
BC13
BB59
3AAF
BB0A
3CEA
3D0B
3CDF
BCD2
BC06
3D04
3D2D
3C68
3C87
BD0B
3CD3
3B9F
BCAF
BCE3
3CC0
3D14
BC2D
3C6A
BCA4
BCB3
BC44
3C95
BC8F
3C28
3CA2
BD29
BCBD
3CA4
BC72
BCC8
BD03
BD02
3D92
3D40
3C43
BD3B
3D46
3C90
3C3E
BCC7
BD04
BB5F
BCB9
3AAD
BC05
3A2D
3C17
3C58
BD37
BBA5
BC5E
3C03
BC3B
3CB7
BC13
BAFB
BC70
BCFE
3C19
BC8D
3D58
3C0C
BC8E
3B04
3B73
3C23
BBA0
BCA1
3BE5
3CB0
BC83
BCDD
3D4A
BCFF
3D25
3CA2
3D63
3B9C
3CCE
BCAF
3E0B
BAF5
3D31
3D2B
3C1C
BBBC
3D80
BD11
3C7F
BD55
3CE7
3D0C
BD73
BD65
BD42
BD05
BB5F
3CDE
3C56
BD4B
3D28
BB20
3C8F
3CBA
BBE8
3C26
BBF4
BC03
3C79
3CDA
BC8F
3CAB
BCD3
3BAD
3CB9
3C1A
BD60
3ACD
3D07
3BE9
BD68
BD07
3C1F
3C43
3C27
BD11
3BB9
3C6B
BCAC
3C20
3B96
3CB7
3C5E
BB89
BCE6
BD2D
3D09
BCC7
BC05
BC1C
BCE9
BD3F
BD36
3D50
3CE6
3CED
3D81
BD2E
3D25
BCF0
BD5B
3DA0
BCC3
3C4E
3C27
3C26
BCAF
BBC7
BCCA
BC7F
3CD6
3AB0
3C8F
BC77
BC9C
BCBF
3CB0
BC94
3C08
3C62
B9DF
3CAE
BCC2
3CCA
397E
BCD2
BB9C
3BAF
3B81
BCA0
3B28
BC4C
B996
3C98
BC80
3BB3
BC85
BC73
BD0A
BB9D
BC55
3CCF
BCBC
BBDE
BC4C
3BE9
BBAC
BC73
BB29
3B42
3C8F
BCE3
3C4D
3C59
3C3F
BC94
BD32
3AD2
3B88
3CBD
3A06
BCDC
3D3D
BD46
3AD5
BC47
BCD2
BB8F
3D53
3C34
3C6F
BCFA
BAA9
3C4D
3B3A
3C8C
BCCB
3C2A
BC56
BB69
BBC0
391D
3D47
BC80
3B82
BD28
3BD3
3A1F
BBB9
3BEA
BB01
BC8C
BCC2
3A96
3C19
BB47
BD0B
BC83
3BFA
3B91
3C38
BBCB
BD12
3CCB
3C74
3C7C
3B10
3CCC
3C6F
BCBA
3BAE
3C62
3C3A
BB8B
3C21
BCB6
BBFF
3C84
BC38
BC3C
3C9C
3C96
BD32
BC21
BCA7
BCD6
39BC
3CB1
BCC7
BBB8
BBFE
BBB7
3D10
3C85
3B9F
BB19
3CE2
BC31
BC79
BD27
BCA9
3BFD
BBAB
3C18
3D10
BB55
BBD7
3C44
3C8F
3BB6
BCA4
BC4C
B754
3C7D
3C06
BB76
3CBF
BD1D
BA3F
BD0A
3921
3B16
BC80
BC05
BC69
BC38
BC62
BC90
BC8F
3C2E
BBF6
BB26
3C2E
3CD7
3D15
3C8A
BC39
BD58
3A0F
BC5F
BC37
3CD5
BCC0
3B21
3CCF
3BC6
BC34
3CD3
3C6B
BBB4
BC11
3CE0
BC58
3C8C
3A08
3BAE
BB3D
BC26
BC10
3B50
BA81
BCBE
BC16
3A69
3B47
BC3E
3CC4
3BEC
3C3D
3CC2
3D02
3D0C
3BCF
BC0D
BD04
3C87
BCCC
BCB2
3C3B
BC9C
BB2C
3CEF
3C11
BC8B
BC3D
BC76
BD27
3BD0
3B27
BCE6
BCFD
BB31
3C5F
BB1A
BB69
BC37
3BA3
3BE8
BD10
3C12
3CDF
3C53
BCB3
BC4D
3C64
3CCD
3B38
BD12
3D2E
3CC2
3C0D
3CD8
BC9E
3BEF
BC84
3B7F
3B87
BCD2
BA1E
BCD9
3AB5
3A70
BC9A
3B52
BCDA
BD10
3B8E
3CBF
3CF8
BBDA
BA60
3C25
BD1A
BCC2
BD28
BB51
BC00
3C0B
3C2D
3CB8
BC50
3C6B
BBB2
BC95
BD08
38CA
3BFB
BD82
BC1F
3C19
3CDA
3D33
B719
BD0E
BC3C
BACC
3CE3
3BFA
BC12
3BAC
3C48
BC26
3C90
3C1B
3CD1
3DC1
BCCB
3D38
BD7A
BD6A
3CC1
3C55
BD88
BCAE
BCEF
BD8A
BD35
3B38
3CEC
BC96
3C28
BCAF
3BAC
BC00
3C9D
3CC0
BCAC
BCB9
BCEA
3C1E
3D46
3CBC
3C3C
BCD9
3B15
BD74
BB8A
BBC3
BCFD
BCE0
3BCE
3D1A
3CE2
BA8B
3C5F
3C95
3B33
3CA4
3BBF
B9EE
BCB8
BC3A
BBDE
BC94
BBD2
3BE7
3B30
3BB7
3D86
3D0B
3B9F
BCC3
3C9A
3C3F
3CAF
BC7F
3CD1
3B33
3D20
BBAF
3B82
BC43
BD3F
BCD8
3B36
3D60
BC93
3C7D
BC6B
BE09
3D2B
BCB7
3CB3
3BB5
BCC5
3CB1
BD39
3CD1
BC6F
3B0B
3CCD
3C32
3C2E
3CF1
3C93
B9D8
BCA5
3CB5
3C98
BCDE
3BBA
3AF9
3964
BB64
3CBD
BC27
3C45
BCCB
3C9F
BCA2
3CD8
3D29
3BD8
BC21
3D16
3C96
BBEF
3B8B
BAFD
BC1C
3C46
3C85
BD2B
BCB1
3D4F
3BB5
BC0C
BCD1
BCCC
3C4F
BD41
BC78
BCBC
BB90
BC11
BC52
BC21
3B00
3C03
BC17
3D85
3CF6
BD49
3B1E
3C1E
BCDD
3C64
BC88
BCBE
3CB3
3C7B
BCB6
BC7F
BCD1
BC3E
BC2F
3A0E
3C8E
3BD8
BC80
BCA4
BD03
39EF
3C28
3C01
BCBA
BD3F
3BFC
BC0E
3AB0
3D11
3BF3
BC05
BCEC
BC02
BCB4
3BCE
3D08
BD0E
BD24
3B7A
3D3D
3D14
3B90
3C03
BD22
3C0E
BBB2
3C19
BC98
3D0E
BB94
3B14
BD05
BCF4
3C96
3C86
3D4D
BC98
3D06
3D68
3CA5
3CDC
BA55
BD69
BCB5
3C3E
3CBA
BBE1
3C48
BCF3
3C3F
3CAC
BC15
3C6C
BBC9
BB6F
BC83
3D5A
BCF3
3D3C
3CE2
BAFB
BD0A
BCF6
3D31
BC45
3BC9
3D3C
BAA4
3C2A
3CDA
3C90
BC28
3C90
BBDA
BB7E
3C08
BC93
BB15
3CDC
BAFB
BCF7
BD15
38F5
BC0D
BBC7
BBF0
3BF2
BD4B
3CC7
BB0E
3B84
BC8F
3C92
B92B
BB81
BCA8
BC8A
BCF1
BCE5
BD19
3BAB
BC97
3D07
3C96
BCBE
BD04
3D8E
3CE1
BA42
BC25
3BDE
3D16
BA01
BBAC
BC9D
3CA0
3D45
BBAE
BD29
BD2E
BCD8
3CDE
3BE4
BCFF
BD89
3C83
BC47
3CEA
3BF7
3D00
BC99
BC07
3BCB
3CAF
BCC6
3B0D
3C99
3CC3
3C6E
BC44
BC40
BC5D
3CBF
3B1E
BB4E
BC3B
3C56
BCC9
BCD4
3D78
BC2B
BD20
3D09
BBE9
BC63
BBD5
BC4A
BD3D
BCA9
3CD9
BC44
3B6A
BCB7
BCC5
3CA3
BCB7
BB3E
3CBD
BB2F
BC62
3D11
3BBB
BBF9
3CD9
3C6B
BB8A
BCB9
3CCD
BBBD
BCB1
3C20
3C7E
BBA8
3ADA
3C80
BCB2
3B67
3CFA
3C9B
3C0D
BB96
3C6C
BCE2
BCC0
3C67
BD03
3D2D
3D09
3B1E
BB7A
3C90
3B31
BBB4
BD00
BC39
3CA1
3D10
3BEC
3AA7
BB8D
BC95
3CB0
3BA6
3C9E
BC65
3D3D
3D4B
BBCE
BD2E
3CBF
BCFE
BCF3
3C60
3BDC
3C71
BBBE
3B82
BD02
BCCA
BC2E
3C8D
3C7E
BCC8
BC8A
3DA3
3D19
BD8F
BC4A
3D1A
3C4E
BCDB
3CC4
BD2E
3C9E
BB11
BA9C
3BAE
BC05
BC49
39F9
BC3B
BCE8
BCAA
3CB3
3A3C
BC1F
BB26
3CBF
BCA0
B9EA
3C6D
3BFC
BD05
BCD3
3BC6
3C85
3C96
BBEF
BCEC
BC10
BA26
3C84
BC20
BCB8
BBC9
3D4A
BD02
3C60
3BA7
BCA9
BCD6
BD33
3CB4
3C5A
BC73
BD7F
3C3B
BD08
BC4C
3CD3
BC8E
3CD3
BD35
3CD0
3C21
3CB6
3D7F
BD3F
BB6B
BD39
3BC0
3D25
BC76
3D3C
BD20
3CD1
3D60
BD29
3D3D
3C1E
BC18
3C27
BC3F
BBC5
B96B
3B82
BC36
3CAF
3C4E
BCE8
BB88
BB8A
BC3F
BA61
BBA5
3C54
BC51
3C7D
3BF1
3C8C
3CE4
3BCC
BB91
3C60
3CAC
BB2A
3AAF
3D75
BCD8
BB7C
3C49
BCAA
3C4D
3BF0
BCBF
3CCB
BCD3
3BA5
BBB4
3BBE
BCDF
BCE0
BC8D
BD41
3BB5
BC6D
BC6B
3BCB
3D19
BC8A
3C1C
BD0A
3D1B
3C35
3CCA
BCEA
3D1B
3C8F
3CA5
BD21
BC33
BA96
BC68
3CAC
3C31
BC04
BC31
3C68
BA35
BD2F
BC6E
3B50
BBD5
BC4C
3BDF
B9BA
BB84
3C83
BCC4
3CD3
3CF0
3BB4
3C99
3D23
3B08
BCA8
BCFA
B87A
3CB5
BC30
BD61
BD25
3C32
3D78
BBB4
3CE1
3B97
BC8C
3D51
3D05
BBCB
3D1E
3BBF
3CA9
3CBA
BBF5
3CCF
3D19
BC81
BD08
3CEC
BD0E
BCC2
BBC2
3D13
BD00
3D2D
BC5C
BD7B
3D22
BC7E
BC28
BC2C
3D26
BB61
3BAA
3D10
BD3B
3CD3
3C98
BA30
BC24
3CDB
BC70
BC53
BCBA
BC46
3B7A
3CDB
3D0F
3C92
3CAD
3C16
BCBB
BC9A
BD32
BC20
BCC5
3C17
3CDE
3C45
BC15
BCD0
BCA0
3BB5
3D8F
BC0E
3C6E
BB07
BCF0
BD65
BA09
BC44
BC4F
BD92
3C90
BCBB
BC8E
BD43
3C01
BBE9
BD3E
BD1B
3CB2
3D02
BCF7
BC15
3CEB
3A4D
BD14
BD47
3C4D
3D50
3CAD
3CDD
BC6D
3D2D
BD21
BC0D
3C75
3D15
3B89
BC79
BC72
3CC6
3CAC
3CC0
BC60
BC59
BC9D
3C12
3899
3C8E
3CD7
3BAB
3CA6
BB11
3C94
3C54
BC04
BCBC
BCF8
BD04
3C7F
3CA7
BCF9
3B59
39FE
BCC3
3BE8
BD40
3CA7
3BF4
3A24
3CC0
3CA3
3C8A
3BDF
3C93
3D7A
BD7F
B902
3CBE
BB40
3C94
3C81
3C1C
BC10
3D47
BD62
3AAE
3CE4
3D16
3C84
BCC5
3D3D
BCFC
3CB0
3CC7
BD34
BC3A
3CFD
BD30
3CFF
BB37
3B9C
BB21
BBEF
BCBD
3C3E
BC93
BC8D
BC1E
3D15
3CD3
BCE5
BD56
3C88
BD47
BD5A
BC5E
BCB3
BD1F
3D13
BD11
3C0D
3AA6
3BBD
BC8A
BCF3
3B54
BA15
BC39
3D89
BCCE
3C1F
BD0F
3B3B
3A9B
3CE2
3D49
BCB0
BC01
3C2F
BBDC
BCA3
BC05
3D85
3C06
B9AB
BC9E
3D0F
3D0E
BCAC
BD5D
3D00
BD18
BBB7
BD27
BBBD
3CA9
3CCA
3D1B
BC97
BC9F
3CCB
3BD5
3C83
BB38
3A75
3C8F
3C66
B986
BAAF
BC55
BCB9
3B8E
3D1A
3C79
BBF3
BC28
3C5B
BC67
3C71
3D1D
BD5B
BCB1
BC00
BC90
BBA0
3D06
3CCA
BC23
3BD8
BCD8
BCDF
BCAF
3CD9
BC04
BC02
BBB6
BCF8
3D10
3C03
BB5F
BD3A
3CA7
3C1F
BD42
BDB3
3C1A
BBD3
BC87
3B1B
3BBA
3D0E
3CD4
BBD7
3C4D
3C22
3D4C
3D25
BC95
3CAB
BA7C
3D78
3D06
BC93
3B1E
BC5C
BCA7
3CA9
3B6B
BC1B
3CC9
3CA6
3D0E
BD26
3D73
BB68
3B76
BD38
BC57
3C44
3D55
3BAF
3D3F
3CF1
BC07
BCA7
3C7A
BCBA
3CA7
BD04
3D11
3D0A
39C7
BBAE
BCCD
BD75
BCED
3B5C
BC27
BBA4
BA28
3D04
BD8E
BB9F
3D19
BC88
BE06
3C08
BC29
BCD9
BDA6
3D5A
BD37
BDBB
BD72
BC5C
3D00
BD26
BCC1
3D50
BD00
BD98
3A5B
3D30
3C7F
3CF5
3D24
BCE8
3D10
BCC0
BD47
3D81
3D67
BBF4
BD12
BD5B
BBAE
BB5B
3C99
3CC5
BD2D
BC9D
BCFF
3B6E
3CC0
3BBE
3D1D
3CC9
3BEE
3D37
3C75
BC36
BC8E
BC65
BD4B
3AE8
3CEA
BD0B
3D01
BC02
3C6C
BCCA
BD02
3DA1
BC6B
3C3F
3C64
BD16
3C6E
3C34
3BF1
3DEB
BDC0
BD4E
3C89
BD09
3CE1
3D72
3D59
3B3E
3D94
BD8E
B9E2
3D3F
3C99
3C8F
3D75
3D51
BD0A
3C29
BC84
BD4F
BD60
3D86
BD3D
3BC2
3C80
BC42
3CDD
3D11
3CBF
BCDA
3D96
3B66
3CC9
BD3E
BD26
3CD1
3D25
3C39
3D1A
BA95
3AA2
BB2B
BADE
BD30
3C05
BD01
3C6B
3C5B
BC81
3BEB
BD24
3C5C
BD33
BD52
BC83
3A4C
3CB4
BC9D
BB5B
BD50
BD14
BB6F
BC59
BBE0
3CAA
3CDA
B839
3C82
3D1D
3C3D
3B06
BD1D
3C14
3C3A
BCA8
3BEE
BB9F
3C38
3C95
BCA2
3C8E
3C36
3CAF
3BF1
BC77
3C5F
3C28
BB6D
3CC9
3CC5
BD06
BD0E
3C07
BC84
3BD2
3CA0
BC67
BBC5
BC82
BCD7
3CDD
3C28
BAD9
3BCE
BC62
3CF2
BCE5
B9DA
3CA9
BCB0
BCCD
3C7D
3CBA
BD82
3C6F
3CD4
3ACF
BCD5
BCEA
3CD5
3CAB
3D13
3CE3
BCB8
3D2A
3D5B
3A52
BBE3
3BD4
3D16
3BE2
3D0B
BC2B
BBB8
3BE0
3BC5
3CC6
BCFB
BB9C
BC0F
BD10
BBA5
3D02
3C9C
BC81
3C4E
3B91
BC18
3C3E
BCA3
BC33
3C98
BD19
3C74
3CBC
3B5B
3C72
BB48
3D30
BC0A
3CB2
BD3B
BD1E
BB5D
3D05
3B77
3CEE
BD60
3C9A
BB8D
BA90
BCCA
BCD5
BCAC
BCB2
BB85
3C51
BCC2
BCE4
3CB2
BD0D
BB65
3BDB
3C03
3D3B
BC4E
3B4C
3D3D
3D2B
3CAD
3C36
3AD1
3C17
3C73
3C53
BBF1
3CEA
3D0E
3D6E
3B8A
3D30
3CB5
3CBB
3C2F
BD1E
3D29
3CF5
BD7C
3DC6
3C93
3D9A
3CDC
BD86
3D27
3D7E
BD3A
BC93
BD15
BCBE
BC53
B7B4
BD0E
BBF5
3B58
3D22
BC43
BC26
BD6E
BC2E
3C63
BC3E
BCA0
3D77
3C16
BD20
BC68
3D0B
BC53
BC96
3CB5
BBA5
BCA7
3B10
3CDB
BC58
3CCF
BD07
BB17
BD53
3B88
3C95
3C78
3D13
39FA
3B41
3C61
3C9E
3D5D
3B41
BBD6
3D47
BC9C
BD0F
BD0D
3D0D
BC95
BCF7
BD9D
BD30
3C13
3D75
3B8C
3A5A
3D1B
BA53
BC21
3D8C
BD98
BC9C
3DA3
3CCA
BC9D
BBC8
3C4D
BC86
3C8B
BBD6
BCAF
3BFC
BB8E
BC7C
BCBD
3CCC
3C8B
3C57
BAAB
BB93
BD13
BC5C
BCE7
3BCE
BBD4
3CA2
3D18
BCD0
BC69
BC0D
BD13
BC8B
3D8A
3B81
BC47
3BA2
BCCA
BBA6
BAF6
BC8D
3C22
399A
BCA2
3D06
3C9F
BD87
3D03
BD8F
BD42
BCF6
3D09
3CA7
3AFE
BD16
3B85
3BB9
BCDC
BCE4
3C32
3D2A
3BC3
BC9B
BCC1
3B02
BC29
BC0C
3CC3
3D0A
3A80
BCE1
BC63
BD05
3C1D
3C41
BD4C
3BFE
BC9C
3C24
BC83
3CC1
3D1C
3C6D
3D24
3C07
3CD2
3BFA
BCCE
BCD8
BB79
BD29
3CB1
3C8B
BBA9
3CA2
BCFE
BC70
BC01
3A7C
3BE1
BBCB
BC84
3BB4
BBBB
3CA5
BD35
BC8A
3D18
BD05
BD00
3C37
BA44
3D16
3CDC
3CFB
3B68
3D8F
BCBD
3C28
3AF4
BAC4
3D78
BC6D
3CA6
BC43
BB14
3D2C
BD1E
BC2C
3C6D
BD1F
3D16
BC8A
3C30
3CB3
B99F
3BE6
3D20
3C41
3CFB
BCC1
BD0B
BCAB
3A4C
BD31
3B31
BC6A
BC0F
3D08
BB9D
BCD1
BC89
BC84
BCE7
BCCD
3C38
3C85
BBC2
3B84
3BEE
3CEC
3CD3
BBDF
3CC2
3B8A
3D1C
3D01
3D50
BC4C
BBC5
3C8F
3C6D
BC9C
BC9F
3D8D
3D44
3D7D
3DA9
3D88
3C2E
BBAB
3CC0
BC80
3BE6
BD8B
3DB3
3D16
BDAA
BCD3
3D28
3D56
BCAC
BDDC
3DD4
3D82
BD06
BCE4
BC6D
BCF0
3AA8
BB78
3C6D
3D19
BD1F
3C56
BD02
3D2D
BC37
BC81
3D2C
BBF3
3C0A
3D1E
BC94
BBF0
BC6E
BA11
BD01
39C9
3A21
3BEE
BCE8
BC2D
3C79
3CAE
3B0D
BD26
BD0B
3C28
3CD8
3AD6
BCFB
3C66
3CA6
3BCD
BCBF
3CEE
BC1D
BAB3
BCF0
BD74
BCF8
BC2F
3D0A
BD80
3D67
3C00
BD85
BCD3
BC77
3DBE
BD5A
3C73
3DA7
BD8C
3D72
3D83
BDDD
3D6B
BC9A
3D18
BB1D
BD28
BB97
BC9C
BB9D
BCC9
BB99
BCCD
3C4B
3CCE
3C6C
BD42
3CB4
BCCB
BA2D
3C7B
BA2A
BB3C
3D05
BAB2
3CB8
3CCD
BAAC
3C36
3D0F
BA9A
BCC1
3CCE
BC5C
3CAD
BBD2
BD5F
BCB7
BBD5
3D1F
BD0A
BCFF
BC9D
3B82
BC5E
BD0D
BC99
3D2F
BB86
BB15
BCF5
BCDE
3D0F
BD0A
BAE8
3D4A
BC99
BC0C
3B93
3C47
3D4A
3D79
3D4A
BCC7
BC7C
3C59
BB89
3C64
BB61
3CAF
3D0F
3CA0
BC90
BB65
BADE
BC21
BD41
3C76
3A15
3CD3
3C1A
3C87
3A60
3C72
BCAC
BCB4
3CEA
BC5E
3B87
BB55
3CAC
BCB3
3C23
3CCE
BC30
BBCA
3CBB
BCA0
BB7B
BB88
3C0C
BC15
BC23
BC94
BD8D
BC35
3BC8
3CE2
BD63
BC5E
BC20
BC78
BCF5
BC2E
3BD7
3CD5
3B85
3B6C
3D26
3CE8
3C68
BCF1
3CA6
3C4C
3C5C
3DA5
BC2D
B9B6
BC4F
BBE9
BBBF
3C8D
3C8C
BD35
3C83
3CEB
BBDD
BCC2
3B16
BCE6
3BB7
BC60
3D0D
3CF1
3C78
3CF4
3A93
3CDE
3C6C
BCAE
3C97
3A8D
BCFF
BCC8
3BBB
3C0C
3CBD
3C46
BC7B
BC75
3C6E
BC9D
BB7E
3BBC
3B3B
3BDF
BC2B
BCA4
3B8C
BC11
3AC8
3CC6
BCC2
BBB8
3BD8
3D0B
3D21
3C8E
BCB6
3CBC
3CDD
BC52
BD34
3C95
BBA0
3C83
BDAA
BCD9
3CF8
3CF9
3C26
BC93
3C8D
3BED
3CCC
BB64
3D0C
3BE0
BC28
BCBC
BCA7
3C10
3B6C
BB44
BD27
BB3B
BBA3
3D4B
3C91
3996
3C8D
BB57
3CAB
3C75
3C2C
BBCD
BC89
BC34
3C10
BC02
3B08
3B85
BCFE
3CBF
BD04
3D39
BCBE
BD3F
3BB5
BCEB
3CBC
BC11
3BE9
3CB3
3CF1
BC48
BCFD
BC88
3ABF
3C2F
BD28
BCD4
3CCE
3CD2
3B89
BCD1
3C4E
3C3E
BCEA
3C8F
BC68
3D60
3C71
BD13
3C0A
BCA0
3CCB
BC9C
BCCC
3CD4
3C98
BC6F
3CBF
3C32
BCE7
3BD0
BC37
BBA7
BD1B
BC28
3C32
3C49
BCDA
3C36
BC83
BC36
BC02
3D11
BC50
3D31
BCD1
3D21
BC9D
BC56
BAE0
BC97
3D3D
3A57
3C31
3B4D
3C8E
3C36
BD35
BD0D
3CEC
3D4A
BC59
BD33
3D0F
3C46
BD13
BD2B
3D87
3BEE
3D84
3D55
3CF6
3C4F
BD51
3CCF
BCE6
BC7A
3D0D
3D10
BD24
BBF8
BCFA
BBCE
BD08
BC76
BC77
3D28
3B84
B895
BCC5
3D0A
3CD9
3C8B
3CB6
3C68
3C3F
B9B5
BBF4
3CD4
3CD4
3BA1
BBE7
BBB8
BD1A
BC98
3CD3
BD3D
BC59
3CB0
BCA9
3CD8
3D02
BC94
BC5D
3D2A
BD6C
BC24
BCD3
BC1F
3C80
BD77
3D31
BD67
BBE3
3D53
BD16
BBBF
3C35
BD8C
3CD8
BD6D
BB25
BCA7
BD4A
BC8D
3C13
3D19
BDB2
3D31
B904
BAFD
3D7D
BD4F
BD55
BCD9
3D3E
3D0E
3C29
3D63
BB99
BC2A
3D60
BCEE
3A8A
3BAF
3C91
3C0E
BBB3
B984
3CFC
BC56
BD11
BD12
BCA8
3D45
3AB7
BC8A
3C98
3CAD
3C2E
3C13
3CEB
BC90
3C9F
BC46
BA9F
3B94
3CC1
3B8F
3C36
BC0B
3CD0
BC97
3B9F
3B9F
BD52
3C6F
BCEA
BD8A
BD05
BCE2
BC5D
3C23
BD13
BCCE
3AF3
BC05
3BF8
3B63
39AB
3CF3
3CAA
BC2B
BC23
BBAD
3BFE
BB79
BD80
BC96
3CCD
39E4
BC22
BC52
3C3A
BC1C
3CD7
BCE9
3C37
3CAE
BC4C
BCE6
3BC2
3CE6
3C3B
3C8E
BAAD
BC26
BBBE
BC3F
3C84
3BAC
BB58
BB53
BD12
3AD0
BB3C
3C7A
3C12
3AF9
BC85
BD09
3C30
3B12
3C06
BB43
BBED
BCBC
BC12
3BBC
3D47
BCA8
BC3D
B9C8
BAAB
3CF7
3C88
3C5C
BC31
3C8A
BC49
BC6F
BBC6
BC33
3C1B
BCC9
3C45
3B94
BD03
3C12
BCDA
BC3C
3D3F
3B38
BC4C
BC0C
3C6A
BCCC
3C82
3B01
BCE8
3C1D
3C8F
BCA9
BCF1
BC28
3C79
BC8E
3B3A
3C6D
3C56
3B91
BC8D
BC09
3BB3
3C57
3C46
BC91
3C99
3B96
BC88
BD53
3CC3
BC6F
BC27
3BF5
BC71
BC82
3CC8
BC2D
BCB2
3CBA
BAC1
BBCA
3B81
BBE0
BCBD
BC97
BBC7
3BD2
BCF1
BC89
3C5B
3C6B
BD74
BC06
BD44
BDC6
BC78
BD98
BD51
3C74
3CAA
BB90
BB5F
BD91
3D6C
3DBD
BD4D
BC95
BC0D
3C13
3C14
BCC6
BE01
3D8F
3D3A
BD2D
3B36
39E6
BD02
3C83
3C05
BD13
BD11
BCF1
3B87
3A95
BBDD
3D0B
BBF6
3C90
BBBB
3CD2
BB44
BC9A
3B27
BB11
BC21
3C82
3A95
BCA3
3C8A
BCAC
3C8F
BCCC
BCCF
3C1D
BD03
3D75
BC73
3BC7
38DF
3C71
BBD6
3CBA
3BDC
BC70
BCA4
3BEF
3CB1
3D28
BBF6
BC48
3CC9
BD46
BC7F
3D1A
3D92
BC7A
3D34
BC8F
BD5F
3C6D
B98F
3C94
BDD0
3DC5
3CDA
BD36
BD3A
3CCD
3CD0
B91F
3D12
BB36
3C02
3D2D
BCD7
BC4C
BD10
3BD3
BA08
BD2A
BBA2
3C0C
BC57
3C10
3D01
3CF5
BCFC
3CBE
BCC4
BC9A
3CE2
BC28
BC23
3C9E
BCEE
BB48
3C16
BB2D
3CB1
BD0A
3CF6
3C30
BBC3
3CD3
3DB5
BC66
3CB7
3CB4
3D53
BDD8
3B5D
3CCB
3D3B
38B7
BCBF
3CB5
3DB8
BD03
BA42
3CC2
BCF5
BCD8
BC74
BCA3
BD8D
3D1E
3C65
BCC3
3CF5
BD29
BA8E
BA89
BCED
BCDD
3C50
3C19
3CE1
3C4B
3C8D
BCBC
3C56
3CAD
BD3D
BC12
BCA1
BD1D
3CB8
BC5B
BBC6
3C9A
3C94
3C07
3BE7
BCE0
BC9C
3CF0
BD1B
3BF9
BBD0
3D27
3C1C
BDD2
3CE9
BC58
BCF8
3D22
BCBB
3D1B
BCA9
BDA0
3DDE
3DBB
BCAC
3D03
3C9F
BD22
BD33
BD8B
BD0A
3CB9
BCFB
BD01
BC97
BC09
3C15
BCAD
3BBB
BCEA
BD3F
3CAB
3D1C
BC6F
3C97
BD46
3C8C
BC06
BC81
3C75
3BE6
BD18
BC6A
3D0E
3CBA
3C33
BBF8
3B78
BCD7
BBC1
BB8F
BD14
3C5C
3BD2
3CC6
BC71
3B87
BCC4
BC1E
BC47
BA8B
3BFE
3D43
BC05
3B7C
3CB2
BB8B
3D00
362A
BC99
3BD6
BC04
39CF
BC3E
3C88
3C74
BCAD
BC58
BB97
BD41
3C70
BCF2
3BE4
BD29
BBD8
3CAE
3CB4
3C56
3CF3
BD0F
3D35
3D19
3D5E
BCCC
3C94
3D3E
3ABA
3C3C
BD25
3D1C
3BB1
BCBF
3C18
3BD5
BC73
BC83
3CA4
BBD3
BC8D
BC8E
BC40
BC16
3AB1
3C26
3C45
BC41
BC14
3CBD
BB27
BC31
3D4F
3C90
BAB6
BCE3
BCFB
BCE3
BC0D
3C84
BD2C
BCAE
BC60
3C8F
3C02
BC3B
3CFB
BC50
3D19
3C86
3C4D
3ACF
3CB9
BB84
3C71
3B4F
3CC5
3D18
3CD0
BD1D
3CE4
BD9D
BC90
3B96
3D71
BD10
3C86
3D59
BC05
3D3D
3C2D
BC65
BD2B
3D47
BC89
3C4F
BDA0
3D86
3C1A
BCB0
3D39
BAE4
3D11
3CE0
3CAE
BCBA
BD1D
3D03
3D1A
BC0F
3D1A
BC77
3C72
BC65
3CA9
BCCA
3A94
BC16
3CF9
BCA2
BB87
3BF6
BC76
3B97
BB43
3D2F
BB8C
BCCC
BD01
BD21
3B98
BCD7
BD0C
BD08
3CD9
BCAF
3B90
BC71
BC44
BD5B
3CAF
BC84
3A94
BC6F
BCA7
3B0F
3D31
BCF2
3D8F
BC86
BCB1
BC68
3CFD
BD0C
BD17
3D06
3D75
BD4A
3CFB
BD30
3AA0
BB73
BCD0
BC95
3B88
BC49
3CB3
3CF6
BAAD
BD23
BD24
BC92
3CA2
3C73
3D00
3A34
3C41
3D0A
BC9E
BC25
3C98
BC05
BCA6
3C53
BB25
BC8A
BC92
BCA6
BCD2
BB81
B945
3B59
3CCF
BD21
BC8B
3C96
3B2E
B9EA
BC8C
BCF2
3CE0
3C48
BCC0
3CF0
BCC9
BC8A
BD2D
BD66
BAE3
BCE4
BD46
3BEF
3C20
BD91
BCA4
3C74
BC93
3C8A
3C24
BC62
3CAF
3D02
BC20
BC1B
BD39
3D49
BCD5
BCA8
BCDA
3D00
BD14
BCB9
BC7C
3D33
3D57
3D0B
BD21
3B89
BCCF
BD4F
3A12
3D75
BB90
3D8F
BD4E
3D8F
BD2C
BD2F
BC21
BBA9
396B
3D12
BC7D
BCC0
3C2E
3D16
BC1E
BC8A
3CE1
3C6A
3D93
BCC3
3D7D
3CDA
BD44
BD34
3D80
BDD9
3CD8
3D3D
3D42
3D25
BD1D
3CE5
3D9F
BD18
3D3B
3CD3
BC84
BC3F
BC41
BD6C
BD2E
3D9E
3C56
BC69
3D1A
BD29
BD1C
BBCB
3D44
3D48
BB86
BC76
BD28
3CB9
3D12
3D60
3A9A
BCC6
BC50
BC1F
BD15
BD45
3CD0
BD58
BD31
3CB6
3D1A
3D1F
3D7D
BCA2
BD38
3D34
BD93
3D18
BCF0
3CC7
3CAD
BDA6
3AFD
BCDE
BB16
3D67
BA5E
3A8D
3CCD
BD88
3D6E
3CB7
BAF8
BA6D
3C74
BCEF
BD2B
BD2E
BD71
3D1F
BCAC
BD07
3D2F
BCA2
BDE6
BCB0
3CF5
BD10
3C20
3CE0
3D23
BC6C
3CDE
BCCF
BC10
BB1F
38E1
BB28
3AC5
BB3B
BC0A
BC7B
BC1A
3C69
3CF8
BB65
3AB0
3D30
BC16
3A66
BC8C
3B42
BAE5
3B21
BD17
3C1A
BC76
BBB5
BBFA
BCE9
BD1C
3CCC
BD07
BD0F
BC48
BC0F
BC9B
393D
3CA6
3ADF
3CD2
3C05
3D25
3ADF
3C16
3CC7
3D40
BD4C
3D19
3D40
3CF9
BC97
BC83
3C9C
3C88
BCA7
3CA0
3D16
BBF4
BCA3
BCD7
BD00
BD2E
3D31
BCC9
3CEF
3C8D
BCD0
BD2B
BB53
3CD9
3CAA
3C8F
BC0D
BC95
3C73
3D02
3CBE
BD1F
BD10
3B65
BD1B
B677
BBC7
3C83
BCC3
BC2E
3D1F
B989
3BF8
3C87
3CEB
BC64
3C7A
BC9D
BB0D
BA9F
3D44
BC96
BD6E
BCD6
3BD6
3C77
3CE8
BA11
3CA5
3A4D
BD5F
3D8F
3CC6
BBD5
3D23
3C28
BCD9
BD1A
BC86
BD07
3CD4
BCD6
BCE7
BCA9
3AE5
BCFD
BC7B
3D08
BD43
3CA6
3D06
3CE5
BD07
3CEF
BBDD
BAAF
BC28
BB37
BC1F
BCA6
3D20
BD0E
3C3D
BCFF
3BAC
3C8D
BCB3
BD40
3D00
BD0C
3CE9
3A2A
3ACB
BCAF
BBF6
3C6D
BCF2
BCCF
3D36
BB29
BC9B
3D31
3C8C
3B34
BCF4
BBA7
BA6B
3C88
3D08
3C01
BCBE
3D2C
3D05
BCC7
3AC5
3C0E
3C99
BB7B
3C87
3C0D
BAA7
BA9D
BB1F
BC68
B7AD
BC4F
3A3E
3B6C
BBAB
3C79
3C50
BAFE
3B68
3C82
BBFB
3C6B
BC23
BB8A
3BC7
BD00
3C95
3BA0
3C6B
3C45
3D17
3CA5
BD0C
BC84
BAFD
3D73
3D85
BD23
3ADD
BC87
BC36
BCE3
BC96
3D10
3C16
BD19
BC34
BB82
3B8C
3C5E
3B9E
3D0F
3C82
3CBC
3CA4
3CE8
3C18
BD37
BC5E
3B13
BCD8
BBFB
BD3A
BBAD
3C4B
BCA3
BD20
3B39
BBBD
BCC8
3A2A
BBFA
3D07
BC76
BBD2
3CAD
3AF0
BC96
BC80
BD35
3BDE
3BF9
3A82
3C76
3C42
BC08
3C18
3C7E
3C39
3CC3
3C76
BCBE
3B6D
BB90
3C53
3C16
BD41
3B6A
3BDB
3D18
3D11
3C95
3CDF
3B48
3D03
BC80
3BFE
3AB6
BC7A
3D01
BD19
3C1D
3B99
BC5C
3C69
BD06
3BC9
BCAB
BC8D
BD6A
3BCC
3D78
3D59
BCC6
BCC0
3C7C
3C90
BD59
3C57
3B4C
3BBA
BD2D
3D57
3C91
BD30
BD11
BD85
3B79
BD25
3C7D
3D50
3C50
BD58
3D0A
3D41
BB87
3D1F
3D72
BD07
3D60
BD2D
BD46
3D27
BAA8
BAAA
3CAD
3C85
BCAF
BD00
BCE3
38F2
3B6F
3C66
3B9D
BC85
3D32
BCFF
3CC7
3BE9
BD67
3D23
3C89
3D0F
3C87
B8CE
BC68
BC2F
3BAB
BCB7
3CCB
3D2B
3C9F
BD37
3B83
3D7B
BD06
BBB2
3CFB
BD46
3D1E
3D34
3BD6
3CF7
BD4E
3BA8
3D5A
BC12
BC03
3D88
3D39
3D18
3C6D
BD8F
3CDF
3D57
3CE9
BD75
3C39
3D43
BD06
3D02
BD88
BCA7
BD6D
3D82
BC34
BBFA
BB8C
3C96
3CC8
3CC0
BB8A
BCDB
BC40
3C2D
3C0F
BC02
BCF7
3CA7
BD05
BCB8
3D1A
BCE2
3C70
3D31
3CAB
3CF3
BCD0
3D43
BC8D
BC99
BBA8
BB9E
3CE3
3C20
BCDB
3D66
BC5B
3C31
BD2A
BD44
3D84
BAD5
BC55
BCC1
3DF3
BB31
BBBD
BC7B
3D6A
BD3D
3C2C
3D1F
3D12
3C7A
BD0C
3CDC
3CF3
BD38
3CDC
3D3F
3CC5
BD25
BD42
BD3C
BD33
3D04
BCEF
3CAF
3D2A
BD0E
BD19
3C0C
3C5A
BC98
BC27
BAD8
3B08
3C4A
BBC2
3B28
BC63
BCDF
BC98
3CC4
BD1B
BC90
3CB8
BB8C
BCD4
BAF0
3D31
3D3E
3C78
BCC3
BD2C
3C7B
BD0E
3CCD
BD46
BC15
3CC4
BDA3
3CD3
3BCC
BAC4
BC2E
3C93
BBFB
3A8C
BDD8
3DD4
B79D
BCAA
3C24
BD04
BCAB
BCBB
BCEA
BD77
3D8F
BC9A
BD1C
3BC9
BC84
BCA9
BD6C
3C86
BA64
BC26
3D26
3D28
BD20
3D1D
BD39
BD3D
BC56
3B53
3B3E
3AF5
BC4D
BCEB
3CED
BC2B
3C84
BA7A
BC14
BD4A
3BBD
BD1D
BC1D
3C7F
3C21
BC58
3C84
BC82
3C26
BCA3
BB4B
BC4F
3C32
3D2C
BA6D
3C82
BC8C
3C5B
3CB9
3CB9
3C4A
BB82
3BFB
3B96
3CAD
3D04
3BAD
BB27
3C07
3C9C
BAED
3C9B
3CBC
3CD2
3C1C
BB8D
3C9C
BBC4
3BA5
BC86
3C0F
BBFB
3BEB
3CDE
3B60
3CD7
3C19
BCD5
3CCF
BC14
BB05
3C1E
BC49
3C2E
3CAE
3B53
3C5C
BC32
BC83
BCBE
3C86
3C51
3C9B
BD12
3C85
BCBF
BCBB
BBE8
BD2C
3C38
BC2A
BC53
3C6A
3CDD
BB63
BC0D
3BB7
396F
BB1B
BB2F
BCB0
BC36
BCA9
BA8A
BB25
3C2C
BCD6
3BA2
BC21
3C09
BCA9
3CC7
3C88
3C0F
BB86
3C31
3C04
BBA3
B89F
BAB0
BC26
BC21
BC8F
3C8C
BC40
3CB7
3C3C
3C34
3CE6
BAAE
3BD1
BB4D
BBBC
3B68
3CA9
3CAE
BD5C
BBC2
3C99
3C12
BC62
BC13
3C5A
3CD3
3B2C
BCD1
3C18
3D10
BBCA
3B1D
3D1B
3B1A
BCAE
BC20
BCE0
3C3F
BC9F
B97F
3CC4
BAF0
BC82
3CE0
3C98
3C02
3D9F
BC8A
BBAE
3B7C
3B2C
3C27
BB46
BCE0
3C77
3D0D
BCA8
3CAB
3C16
BCC1
3CB1
BD3C
BC93
BC95
3C96
3CE0
BCEA
BBAF
3C5E
BCB9
BC54
3BAD
BC1C
BC83
3CD6
BBFE
BD0A
BB0B
BC53
3C29
BB28
3DB0
BC53
BD25
BD07
BC9D
3C46
3C71
BB07
BCFE
BCE1
3C56
BB4D
3CB7
3D0E
BB78
3C68
BC83
3C88
3C36
BBB6
BCB8
BB02
BD16
3C52
BC56
BC17
3D46
BCB0
BC9E
BCCD
3CB5
3C8A
3D2C
3BD6
3BC8
BCF2
3C87
BD62
BC8F
3A82
BBAD
BCE9
37C3
BB8D
BA95
3C6E
BC14
3B11
3D03
3C1E
3C52
3C23
BB95
3CE5
3CD5
BCC3
BCFC
3D75
BC57
BC76
39BF
BB8B
BC08
BC6C
BCE0
3D6A
3D29
3C42
3BED
BC82
3D13
BBA2
BC41
BD03
BC3D
3B4D
3BAE
BD1C
3D01
3BAA
BC9A
3CCE
3D3C
3D37
BC69
3D0F
BBA6
BD24
3CC2
3C08
3B98
3AF7
BCB7
3CA8
3B20
3ACA
3BDC
3BCF
3D3B
3D5A
BB60
BC62
3D07
3AAB
3AF1
BC24
3CA6
3C28
BD41
3BF2
BB85
3C88
BCE5
3C36
BCBD
BCD0
BC41
3C94
3D90
3C66
BDAF
BC87
BC25
BC9B
3B8E
BBFA
BCCD
3CF3
BD1F
BCFB
BCD0
BB7E
3CE2
BD16
BBD0
3CD9
3D33
3B91
BC27
BD0B
BC71
BD28
BAD0
BCEE
3CE5
BAD8
B91C
3C20
3CDF
3C98
BB89
BD25
BC4B
3BB1
BD20
3BCD
B981
3B4E
BB89
BB85
3CEB
3CD2
BC12
BC88
3C19
3CE3
BBA8
BD28
3D6A
3C96
BA10
BCC7
BB28
3B7C
3CF9
3D5F
BD3C
3D82
3D60
BB8F
BD12
3D32
BC8E
BD30
3C9C
BD81
BD1F
3CE4
BC8A
BC11
3D04
BD06
3C45
3A8B
3BEE
BCC1
3CD2
3C32
3C83
3CDC
3B05
BC86
BB07
387C
BC46
BC7B
BB6D
BC2D
3C83
3CB7
3A7D
3C9E
BD15
3C0A
BD12
BC2B
3CDD
BC82
BAA1
3CA3
3CCC
3D1E
BB92
3CD3
BC6B
BA9C
3C70
3CE9
3D57
BD0A
BC87
3CFD
BD54
BD3F
3D6D
BC2D
3D51
3D3A
3D13
BB82
3B1E
3C5A
3B6D
BC4A
BCA7
3D29
3D08
BCED
3D02
BC50
3D1A
3BEC
BD4C
3D47
3CBF
BCCD
3AEB
BC8F
BD18
BC32
3BFF
3CA7
3B75
3ACE
3C97
BB21
3C95
3C88
BD33
3C6F
BC2A
BCE8
3D1B
BC95
BCF7
3D02
3C06
3C26
3D00
BC80
BC89
3D3A
BCC3
3C93
BD30
3CF8
3C0B
3BB6
BC2F
BD15
3B4D
3D25
3CB1
BCC7
3D25
BCD2
BC14
BD1D
BCCE
BCE5
BC16
BD09
BCDD
3BC3
BD39
3D27
BC90
BCF4
3B91
BC80
3CA5
BCF6
3D3B
3CE0
3CC9
3D1B
3CC5
BD31
3D05
3D18
BC97
3BD2
BB94
BC50
BC98
3C71
BBBB
BBAF
BCD6
3B1E
3CB8
3CB6
BCF3
BD0A
BC7C
3A41
BC44
3C88
3C84
3CE1
BAED
3C45
BCB5
BD3B
3CD4
3A9C
3B99
3CE5
3D0A
3C43
BC4A
3C8A
BCB9
3C37
3D01
3D07
3D09
3C47
3D1C
3C79
BC7E
3A04
3CD1
BD0A
BCA7
3C79
3C1A
BD48
BCBA
3A84
3D33
BC74
3C6E
3C39
3D8E
3D02
BC89
BCD6
BAE2
3CC3
BC92
3C35
BCD3
3C02
BC7D
3AFE
3C79
3BD9
BB96
3BD1
BB51
3C22
3BC9
3CAD
BC36
BBD4
BCB3
BCC2
BC81
BCF5
BD1B
BD38
BBB1
3C8B
3CF0
3CFA
3D03
BCEC
BD56
3D26
BC09
3C83
BD14
3D2A
3CC8
BCF1
3CBB
3B68
3BD9
3BEE
BC8B
BC4B
3C70
BD02
3D16
BC1D
BC2B
BC04
3C5E
B9E0
BC8B
3A96
BD53
3D57
3BC0
BBD3
BCE3
BCB9
BC07
BD25
3D3E
BCA5
3C7C
3D30
BCBC
3A2F
3D28
BC19
BC8B
3D2B
3C47
BBF4
BA77
3B83
3C14
BAA2
3C72
3C33
3C54
3CE5
BA99
BCDB
3C9B
BC72
3C6C
3C4E
3BA6
3C81
BB4A
3D16
3BD1
BCB0
3B13
3AE5
3C35
BC7B
3C81
BC2C
3C94
3C35
BCBF
3AA4
BCA0
BCDD
BCDF
3C75
BD1D
3C28
BC4B
3CB9
BB07
3C22
3C31
3B48
BC07
3D30
3C65
BC82
BCAE
BB89
BBD7
BA20
BD77
BB42
BD03
BA8A
BCF0
BC7A
3C83
BC97
3B48
BBBC
BADC
3CAF
BC5C
B837
3C6D
BCCC
3CBB
3C35
BBA8
3BBF
BD33
BC64
3C4C
3C4A
3BC4
BBDE
3D0C
3BCD
BC98
BD26
3C43
3C65
3C2E
3A9F
3918
BC7B
3A85
BCAD
3B2D
3CCD
BB61
3C54
3CF5
3CEC
BC4F
3B4D
3B6F
3D0E
3930
3D01
BCD8
3C81
3CA4
3C25
BC8F
B982
3CA6
BB31
BC14
3C33
3B13
3C88
BCE7
3CD8
3B83
BBED
BCC9
BD46
3A8D
BC0B
3AF7
3BAD
BC09
BCC3
3C26
BCAE
BB3A
3B66
BCD6
3D16
BD06
BD0A
3BE1
3C19
3D1A
BCA8
BC90
3D03
BD60
3C82
BC21
BC63
BCBE
BC48
BBC1
BD21
BCBE
3D13
3C19
BCA1
BC1C
3C39
3CA5
BCFB
BCB0
3C86
3D11
3D1E
BCB5
BD04
3D00
BBEA
BD24
3C56
BC69
BB8D
BBF2
BCAE
3C3A
3CC5
BC4B
3D39
3D28
BB6C
BCA6
3C02
BB0C
3B18
BCFF
BB20
3D68
BC81
3C0B
3CF2
3C2E
3B1C
3CC4
BC41
BBFD
BB65
3CF2
3D1B
3BCE
BBAC
BC0C
3C56
3BC8
BAA2
3D0E
3CD2
BC7E
BC7F
3BF8
BB61
BC4E
BC05
3D03
3CD8
BBF5
BC5A
BC4D
3ACF
3C9C
BC84
3C0E
3CAD
3B5F
3BC4
BC89
3C3C
BD78
BD87
3CBE
3C87
3D02
3C63
3C4F
3D16
BD33
3CB5
3CCB
3C1F
3D3C
39AE
3CAD
BC2F
3CDC
BC99
3BB7
3A97
BB5E
3D28
BD42
3D48
3CE9
BD2A
3D17
BD20
3CA1
BC43
BD3B
3D83
BD46
3D2B
BC49
BC28
3CB0
3CAC
BCEB
3C37
3AFC
3CC8
3D2B
BC8B
3C12
3D2F
BD29
3D27
BD1D
BCF3
BBF2
BCB2
3CD4
BDA5
3BAF
3CDB
3B55
BC00
BCB6
3CE2
3CFB
BDA0
BCD5
3B80
3D1D
3D81
BC7C
BC9C
3D6F
3CA3
BC50
BC4B
3C8F
3C91
BD61
BCA0
BCFE
BD3B
BCEE
BC86
3BC3
BCD0
3D7D
3C50
BBFC
BD57
3C7A
3D07
BC22
BACC
3B65
3CA2
3D88
BD98
BC65
BC23
BCD8
BCF6
3CC3
3D33
3CD7
BC85
3C22
3BA6
3C38
BCB2
BC73
3CB5
B8B2
BD41
3D39
3B0B
BDBE
3C0C
3D30
3D3D
BBBE
BCCC
BCDF
3BD7
3BFF
BCAB
3CE1
3C42
3D0E
3CFA
390A
3CF8
BD4D
BAD8
3B81
3CF2
3C7F
BA7F
BAE9
3C57
BBC0
3CC5
BB83
3C89
3D23
3C33
BD4C
BC82
3D3E
BD3C
BAAB
3CF5
3CBE
3AD8
BD5A
3CE3
BD12
BCBF
BC29
BD13
BC3C
3D3B
BCE0
BB13
BD5C
3B40
3B2D
BC0C
3C27
3BB2
3BC2
3D17
BC01
BB8E
BCF9
3CA5
BD01
BCF5
3C13
BCEF
3D57
3C91
BA7E
BB36
3C8C
3C94
BC90
BCC0
3C72
3BF4
3D77
3C8B
3D0E
3CC4
3D0F
3CCD
BCE4
3D09
3C14
3D22
3CA3
3A81
3D9F
B947
BC27
3B24
3D38
BD55
BCC0
3CC9
3D15
BC32
BD3E
3CE6
3CE3
BCC9
3CF1
3CB4
3D8C
3BE7
BD38
BD00
BD24
3D10
BD2E
3D04
BBFC
B5E2
3B56
BC3A
BC36
BB3E
BC28
3C95
3B99
BC4A
3C84
BB79
3C53
BB86
BBA9
3D68
BD10
3B6A
3CEE
BCB5
BCD7
BD67
BBA0
BADC
BAAB
BB2B
BC26
BC5D
BC24
BBED
3C87
3C75
BC4E
BCBA
3D3B
3D07
BBEE
BBD1
BD14
BD16
BAAD
BD3C
3D86
BCD5
BC85
BB8C
39BB
BC05
BCD4
BC0C
BD5C
3D8B
BB22
BCD6
3C71
BCAB
BD01
BD81
3CEF
3C81
3CD2
3D69
BBAD
BC8E
3D70
BD13
BD1E
3D0E
BD07
BC0A
BC06
BC67
3CD2
3782
BBB7
BAB7
3C67
3CC2
BC89
3ABB
3B1E
3A95
3C3B
3CB8
3B8E
3CDC
3A9F
3C23
BCD7
BD62
3BA4
3C4E
BC3C
3D26
3C8F
3CA7
BC39
3C83
3C06
3CD0
3CF8
3CBC
3C23
3C24
3CD8
3C4C
BAB3
3C36
3D5F
BCD3
3D46
3D71
3D40
BCD5
BD03
3D29
3C0C
BCD0
3D16
3D48
3D32
BCB2
BCCF
BD20
BCD5
3D26
BCD0
3D3D
3C12
BBF1
BCDB
BAE2
3D01
3CB2
BB40
BCE8
BD1E
3D07
3CB5
3D4C
3BF2
BC8C
3CE9
BC50
BC41
BC06
BC4B
BCB9
BD05
3C7D
3C74
3C72
3D3D
BC11
BC62
3D02
BD29
3CC0
3CEB
3D77
3B89
BD08
BB87
BCD1
3C93
3C9B
3B06
BBA9
3BA8
BCFF
3CBC
3BDE
3C5C
3B39
BC88
BB8C
3D15
3AA8
BD67
3BE5
BC71
BD26
BCB2
BD03
3CB9
3C59
3D2A
BD3F
BD00
3CFF
3C94
BCE0
3CEB
BC52
3D93
BD2E
3CEB
3CDE
BDBA
3CBE
BD19
BD9D
BC98
3C33
3D88
BD51
BD23
3CFF
BD8C
3CFD
BCC0
BC98
BCA8
3D0C
BB31
BBBA
3C2D
3CCE
BC4D
BCCE
BC41
3C89
3CEB
3CB9
BC6C
BD01
3BB5
3D16
3C5F
3C59
3D60
3BAD
BD17
BCF7
3CEC
3CB6
3BB3
3CE4
3D97
3CD3
3CBE
3DC2
BCA1
3D7E
BDBE
BD70
3D4D
3CB4
BDC2
BD35
3DFB
BDBD
3CD5
3D91
BC82
3CFE
3D74
BD5A
BD4B
3D37
3D83
3D40
3C7A
BC7D
3C5C
3B34
3CA7
3CB9
3CD9
3D64
BCFE
BD62
3B58
3C01
BC66
BCF1
3D5B
3CD0
BD05
3C67
3D28
3A04
3C4A
3D08
3C79
BD88
3CB4
3C5F
3CDF
BD2B
BD80
BD1E
BC76
3CB4
3CBF
3BA1
BC85
3CBE
BD48
BC80
BC84
3D38
B99B
BD0E
BC8D
BD2D
3CF4
BD27
BDC1
BD24
3CEF
3BC2
BD32
3D2B
3C95
BD8D
3E12
BCE1
3D74
BCB2
BD33
3DFF
3CEB
BCA8
BAB6
3C86
BB34
BD0E
3A1E
BD01
3CF1
BC8D
BB17
BC93
BC4D
3C65
3C83
BC15
BABB
3C8D
3AE5
3CE0
3C79
3CEF
BA11
3C08
BD09
BCDF
3CC1
BC12
BD48
BC4F
BC0E
BC9E
BC18
3AEF
3D1B
BD20
3D44
3C1D
BD19
3B60
3BA2
3C3F
3CB0
3D34
3D23
3D14
3B15
3C01
3C91
3B87
BD34
BC62
3C8F
3CF2
BCFF
BD57
3D82
B8C5
3D06
BC49
3B16
3BA6
3D85
BCE4
3AB5
BC81
3CA4
3C73
BC76
BD04
BC4C
3C2F
BC9E
3CAF
BC99
BB1C
3BAD
3AA7
BC3A
3CCA
3CA3
BBC6
3BFD
3C78
BC9E
3CBD
3CC8
BC33
3C46
3CC5
BA61
BC60
BA85
BC2E
3D19
3BA5
BD25
BD01
3B4C
BC44
3D31
3CD4
3B1F
BB80
BC81
BBCB
BA39
3C91
BC7C
BC50
3C06
3C89
3C35
3801
BC98
BD05
BD82
BAF0
3BDA
3C9F
3C3D
BCC7
3BCC
BCBA
3D4A
BD45
BCE7
3D67
BCFD
3C9C
3C7D
BA0B
3CA5
BCA6
3CFD
3C2C
3C18
3AFC
BC50
3CE2
BC39
BD26
3CA9
BC86
3CB3
3CD2
3C75
3C5B
3BFC
3CD9
3A3B
BCB6
3BA9
3C88
3C58
3AD3
BCF7
BD4F
BC21
B931
3D0F
3CA3
3C1F
BD3F
3CC5
3CA4
3CDB
BC93
3D04
3C7D
BCC9
BB98
BD39
BCBF
BD32
BC7F
BB6D
BD18
3D5C
BC0C
3C50
BCDE
3D1E
3CC0
BC3F
BB04
3CB2
BC14
3D94
BD9F
3BAB
BC01
3CD8
3A46
BBDF
BB8B
3C59
BCB7
BC28
3C91
BBE2
B9CC
BD0F
BCAF
BC0F
BBA0
BBD5
BC3F
BCC5
3B47
3B88
BC91
3D45
3BEF
3B97
BCDB
BC17
BC2F
3B7E
3D06
BB07
BCFE
3CF9
3CA3
BC95
3CAE
BC4B
BD38
3CFB
3BD4
BC98
BD02
3D0E
3C15
BC15
BB95
3BFC
3C0C
BCA1
3B23
BBCB
3CEA
3CB6
3CEA
BD16
BC89
BD82
BC71
BBA9
BCA9
BCE1
BC6B
BC05
3CE7
BBDA
BC76
3CBA
BD3F
3D20
3D29
BC07
BC11
3BB0
BC4F
BB3A
BCA4
BD22
BCB9
3D68
3D0A
3B6A
3D1A
BCE4
BD77
BC19
BD72
BC3E
BD60
3CCA
3D51
3C09
BC6D
BD4B
3B94
BCD9
3D81
BD3D
BC1C
3CF4
3C22
BC80
3A2B
BDB8
3C4B
BCA8
BC17
3CF7
3CEA
BD22
3D51
BD00
BCE3
BCE7
3D2A
3C89
3AE3
BDB8
3BBF
BCD7
3A82
BD69
BC0D
BD74
3C9F
BD3B
BD4A
3B11
3C7B
BD01
3D38
3C9A
BA43
BD0A
BCC1
3B9A
3B99
3CBE
BBD9
3C2D
BCC2
3C78
BCC1
3CC6
BBB8
3D0C
3CEB
BA1C
3CFE
3CC8
3AA2
BCCF
BD42
BD7F
3D39
3CD3
BD29
3D05
3C97
3CD0
3BB1
BCFF
BB62
3C87
3C0F
3D17
BD48
3CA8
BC0A
BC70
3CFA
BCB0
3B82
3CF8
3B2B
3BBF
3CBE
3D8F
3CED
3D07
BCA1
3CB0
3C59
BBA6
3DB3
3D1C
3C9E
BCC6
BCFC
BCC4
BCAA
BC9F
3B9D
BC89
BC8B
3C95
BD0B
3CD2
3C7C
BC9B
3A94
3A38
3CB3
3C01
BD12
BD3F
BCE8
3D01
BC8A
3CD0
3C61
BC85
BBD7
391B
BBC0
BCAD
3BA9
BCE0
3CC1
3CC8
BC63
39FE
BC08
BBAE
3D9A
BB6C
3CBE
BC82
BCD6
3CEB
3CB1
BD84
BD3C
3D02
3CD6
BD05
BD3F
3D60
3D1A
BB26
3D57
3D01
3D86
3D01
3C96
BD84
BAF9
BD45
3D91
BCD0
BD8A
3CD8
3CF8
3D18
BD21
BD9D
3DA2
3D36
BBBD
BBC5
3C57
BD22
BCD9
3C28
3C57
3D30
BC9B
3A99
BD17
3CD8
BC03
BC77
3C14
BC08
3C0D
3CD5
3CF0
3B55
3AE6
BBBA
BB9C
BCFD
BB87
BB07
3C7C
BC4A
3CD9
BCD9
BC76
BBB9
BD50
3D12
BAE6
3CF8
BD4A
3CA6
BCAF
3CB9
BCD9
BB6E
BC07
BB91
BD52
BC96
BD06
3D2D
3D08
BCF5
3D7A
3CA6
BD48
BC12
3D73
3D09
BCB5
3D15
3D06
BC32
3C95
3D46
BDB0
3C0C
3CDC
BCC6
3CEB
3B24
BCE7
39CE
3D10
3BE0
3C6D
BD3E
BC8D
BD17
BC23
BD0C
BD11
BC82
BC79
3C05
3B88
3C9E
3C23
3BDB
3BF2
BCDA
BC85
3CC2
3C18
3BCF
3C94
3C13
BD67
3C9E
3CA2
3BA4
BBD5
3C9E
3D1C
3CA1
3C6A
3D0C
3ADD
BBB8
BC1D
3D55
BD54
3C32
3D2D
3D52
BCD6
BD0C
3CDB
3D86
BC0A
BC33
3D28
3D60
BC58
BC09
BBE2
BC21
3D1A
BD33
3D15
3C86
BCA4
BC64
3C0B
BC1E
3BFC
3CFF
3CC2
3CBF
BCA5
3CAB
BD1A
3C50
BC5D
BD12
3C7F
BCE6
3C47
3D15
BCF9
BC2F
BCB0
3C8A
BCC0
BAD8
BD0C
3BC3
BBD6
BBC9
3C84
3C84
3CDB
BC42
BD86
3C0E
3C77
BCA9
3C9F
BD16
BC1D
BBFA
BD32
3D65
3C69
BC5A
BC8F
3B34
BCDC
BD43
BC52
BD5C
3D19
3BF6
BD27
3C81
BD14
BC67
BD1C
3D29
3CF1
BC96
3D5A
3CD1
BD20
3D58
BC9F
3BEB
3BE8
BB96
BC18
BCAF
3CCB
BD22
BC36
3C7F
3CB7
3BDB
BC5C
BD2B
3C88
BCFD
BC5F
BC82
3B9D
BD04
BBDC
3C7F
BCCE
BBBF
3B65
39E9
BD06
3BBD
3D09
3D05
3BF8
BD0A
BADD
BC41
3D50
3C3C
BB74
3CA7
B9B2
BC36
BBFD
3C22
3CF7
3C87
3BE4
3D6C
3CD6
3CE0
BCD2
BD27
3D16
BD02
BD3A
3D63
3CAB
BBEA
BC70
BA2E
BD73
BC18
3D0E
BCA8
3CE8
3BD2
BCE7
BD21
3C59
3CF2
3D5A
3C4D
BCF9
BA7D
3C8F
3D00
3898
3B1F
BC1A
BB32
BCBB
BBE1
BA9E
BCE9
BCB0
BBFD
3D18
BC80
3C68
3D05
3C6F
BBA8
3B6F
3BEF
BCCA
3BB0
3C82
BAFD
3BB4
BCA8
3C0D
3C85
3C77
BA6C
3C9B
3B9B
BC07
3BFB
BC11
BC2E
3D0C
BCBE
BC45
BCD2
BB82
BC9F
3970
BD60
BC91
3D46
BD26
BCA4
BC23
3B6E
BBBF
3D89
3CB9
3C4C
BC1A
3CB5
3C82
3C88
BB66
3CE9
3C94
BCC9
3CC5
BD01
BC0F
3C79
B955
BC1B
BD0F
BA99
3D14
BD14
BC48
3C64
BD07
3C24
BCB1
3AB0
BD43
3C50
3CE3
3CB8
BC00
3D0D
BC47
3CF6
BD02
BAB6
3C5D
BB90
3BB4
BD04
BCC3
3C7A
BCA5
BDAE
3C7E
BCDA
BCBD
BD27
3C69
BB60
BCB4
BC11
3C8F
3CC0
BB4D
BCC0
3C53
BCF8
BCE2
3CF8
3CCD
3D35
BC17
3D5C
3C21
3BCB
BBE0
BC8C
3C09
BCE5
BCAF
3C7D
3C8D
3CAB
BCBB
3D7D
BCE1
3CE1
BD9B
BC33
BCE0
BC8D
3CF3
3D1C
3B2A
BC23
3C51
3D08
BA72
3CA3
BC6D
BD13
BC09
BC6F
BD18
3CC5
BC13
BD40
BCED
BD16
3D55
BD82
3A2F
3CA1
BBBE
3CF7
BD01
3C8C
3D9B
BD7B
BD14
3C31
BCE7
3D04
3C95
BC6B
3C67
3D19
BD20
3C29
3C3B
3D4C
3C30
BC8D
3CED
BC41
3CD8
3D54
BCE6
BC81
3CAD
BCD8
3D65
3B05
3D0F
BC2C
BB8E
3C98
BB43
3D34
3C99
3C9F
BD44
BC57
3C9F
3D81
BB44
3D3C
3C0F
3C95
BB71
3CB4
BD5D
BC95
BD0D
3AE5
BB2E
BC36
3D09
BC57
3BA9
BCA5
BCEA
39F9
3CCA
3D47
BCBD
BD05
3D0D
3BE1
3BF6
3C0E
3C53
BBB1
BC6C
BCEF
BD24
BD4A
BC9F
BBDE
BD14
3D31
BCF0
3DA0
3D54
BD4B
BC7B
3D80
BBBD
BA2C
3D4B
3CCB
3C0D
BB2A
BC05
3BB8
3C1F
BC8C
3C2E
BCC8
BD1A
3BFE
BBC3
3CA7
3CD9
BC87
BCE3
BC9E
BB70
3C10
3CEF
3D04
BC8A
3B5B
3D51
BC49
BCAF
3CAE
BBF0
BD46
3AF1
BC87
BD38
3C3D
3D49
BC50
BD0A
BCCA
3D81
BBFF
3B10
3CB3
BCCD
BC3C
BCC4
3BDE
3CFA
3D10
3D52
3CB2
BCCF
3D47
3D03
3A75
BD0B
3D3C
BCE6
3CD0
BB45
BC83
3C07
3D5F
3C93
BCEC
3D58
BDB7
BCEA
3B7F
BC1B
BCCA
BCD9
BB17
3CD9
BC3F
BC47
BC8E
BA77
BC6C
395D
3C82
3BE0
BC4D
BD1C
3C99
3C86
3BE6
BC35
3941
BC75
BD29
BC83
BAFB
BADE
3BD0
3CAE
BD1F
BC63
BB65
BC6C
BD39
3DAC
3B6B
BC88
3BAE
3CB7
BC0E
3CFA
3D94
3BEA
BBFB
BCDD
3D0E
3C5B
BCF0
BB88
BD10
BD53
BB8A
BD6D
BD1F
3D17
BB87
BCB7
3D49
BCD7
3D86
3D1C
3D08
BD1C
3C87
3CC4
BC97
3C39
BD55
3D3C
3B41
3BB9
3CC7
3B8B
3B9C
BBF9
3C0D
BBCB
BC9F
BC83
39BB
BC1E
BB04
3D17
3B1F
3D22
3D05
3CB0
3C4C
BC8E
BD03
BCB5
BC83
3D0C
3D03
B948
3C06
BCB6
3D2B
BB43
BBD3
3D1B
BCB4
BAFC
3AFC
BC7A
3D4F
BC13
BC7B
3BD0
3C24
BD08
BC4A
3C86
3D05
3D12
BBA8
BBBC
3CF9
BD1C
BD03
BC9E
3D05
BC8F
3B9F
3B55
3B4E
3C28
3CA7
3C4C
BD37
3D0C
3C74
3D02
3BD9
BA1D
BBEA
BB5A
BD2F
3D37
BD69
BCFF
3CBD
3D5A
3D12
BCD4
3AA0
3BA1
BD27
BCA3
BCF5
B885
BCC6
3CD6
BD21
3C4C
BC57
3C29
3CBA
3C72
BD05
3CEB
3D2E
BCC7
3C87
3CB3
BB90
3AB7
3C5C
3C8F
BC97
BCD2
3D82
3BD7
BCD9
BCB8
3DB1
BD6F
3D02
3DC5
3DB3
3D61
BC1E
3D83
3B45
BD36
3B88
3D9E
BC0B
BD65
3C23
BD56
BD22
3D4C
BDAA
3D94
3D5D
BD6B
BC9F
BC10
3D17
3D8D
3C55
BD52
BD17
3CEB
3D90
3CA3
3B6F
BD3A
3B9E
BD12
3B84
3A87
BC1F
BD16
BBA2
B89F
3CA4
BB6B
3C4B
3867
BAFE
3B61
BC22
3CB9
BCDC
3C16
BC28
BD1D
3BC0
BCB7
BA99
3CB4
BA35
3AEE
3BFE
BD27
3D02
3D05
BC6E
BC11
3CBD
BD4B
BBA1
BCF4
BD28
3D84
BD1C
BD9D
3A72
3CCA
3AE6
BD1A
3D4D
BD4A
3D21
3CF0
3D83
BDA3
3C87
3D00
BC53
BBD8
BADA
3B82
3CBA
BCF1
BC11
3C13
3CC6
3C5A
3CC6
BCE1
3CF2
BB09
3CEE
3C45
BD19
3C0A
BBAA
3C29
BC95
3C75
3B4F
BB14
BCA6
3BE6
BBFC
BC93
BBF1
3BE2
BBF8
BAEA
BC3A
BC42
BC29
BC1C
BD92
BC34
3D74
3ADC
BBB9
BB43
BD13
BC42
BCEC
BD46
BCA7
3D10
BC7D
BC50
BC85
BBCF
3CCC
BD32
BD73
3CCF
BD83
BC14
BD6F
BC97
3D8C
BD7E
BD09
3C4B
3CA9
BD03
3C81
BBCA
BC28
3A35
BC87
3CBD
BB89
3C49
BCD9
3CE4
BC9E
BD3D
3B9B
BCD8
3C4D
3B5C
3BB2
3CBC
BC91
3CAA
3C3A
3CD0
BC7E
3C1B
BC5D
3C02
BCEB
BCC3
BC47
BD15
3CCD
3B9C
3C3D
BCCA
BCD6
3CCF
BADA
BCDD
3D69
3C9D
3C19
BC5A
BA30
3C8D
3C96
39DC
3CB8
BD1B
BC15
3D17
3C8F
3C71
BC4E
3C69
BD58
BD5A
3C6C
BCE9
BCEB
3D70
BCAE
BD16
BDA5
3D35
3C08
3C53
3D2D
BBCE
3D3F
3CBA
3CA3
BD30
BCC7
3D19
3D0F
BD4E
3D94
BC0F
3CAD
3CE5
3D0C
BC68
BD29
BAB2
BBDB
BD64
3D19
3C75
BCA0
BC5F
3C0D
3D4A
3C8F
3D0A
3CBF
BCEC
BB8F
3C92
BCE6
BC36
3D6C
3C94
BC53
BA0C
3B9E
BDA2
BD09
BC3E
3CA4
BAFF
3C3B
3C9B
3D20
BAD2
BAD8
BB32
BBC4
3BC2
BC98
BC1C
BD98
3D0C
BC51
3B38
BC8C
3C5A
3C8D
BCE7
BCC2
BC23
BB2D
BD09
BAA2
3C9B
3D0E
BC5B
BD00
BD12
BA8C
3C06
3C8A
BD35
3CA5
3D0E
BD1F
BCD2
3D3E
3C82
3A74
BCE5
BBE8
BCE6
BD4E
3CC4
3C26
3CFA
BD4D
BD03
3D45
3C92
3C2E
3D18
BBD2
3D4C
3C08
BC79
3D80
3DA8
3B55
3CBA
3D49
BBD9
3CC8
BD63
3CB4
BBC8
BAA7
BC54
BBAF
3D66
3CDC
3B0E
BC34
BCB9
BD25
BC28
BB96
3B68
BC51
BD1F
3C0C
3CC9
BBDD
3B0E
3C58
BBEC
BB55
3C83
3C6E
3CB9
BC59
BCBF
BC89
3D5B
BC10
BCC5
3D15
BCAD
BCD3
BCED
BCA7
BD4A
3CA1
3BEF
BCF2
3A0B
3CBB
3C94
3BEE
3D45
BCFF
BBD3
BCE1
3CA9
BAF9
3AD5
3D0A
3C22
BC8A
BC30
3C51
3C86
BCCC
3C3F
3D7C
BCA3
BC87
BDA2
BCA8
BC05
3C87
3CA1
3D38
BCB5
3D19
BB2B
3C8C
3BB2
3CB7
3D03
3CF7
BBB6
3B01
3C2B
BB81
BC8F
3C9D
3CCE
BC6C
BC90
BAE3
BD21
BCED
3B0B
3A9D
BC25
3D27
3D71
3C46
3D10
3C9A
BAC9
BBC9
BD07
BCCA
BC95
BA52
3C44
3ACF
BD21
BBB9
BA34
3D3B
3CF8
BC9E
BCB7
BCCE
BCDC
3BF8
BC9D
BC74
BC16
BC0F
3BCD
BC3D
BCFC
3C7E
3D07
BD68
3CBB
BC72
BC18
3C4D
BD99
BC0B
3C97
3CEF
BDBC
3C96
3D39
BD03
3D98
BCF9
BBBE
BC04
3CEF
BA96
BC9D
3D27
BD5E
BBC8
3CDC
BD0B
BC8D
3B40
BD5A
3D2C
BBCC
3CFB
BD47
3D88
3DB9
BBC1
3D06
BC55
BD60
BCBD
BD58
BCE2
BD50
3D63
3D22
BBC2
3C74
BD31
BCED
3B4D
3D38
3B82
BC77
3D01
BD94
BD3D
3C0E
BD9F
BC8C
BDC3
BBB1
3C81
3C48
BDC2
3D2A
BC81
BD81
BD30
3C55
3D75
BC6F
BD33
3D03
BD2C
BD55
BD78
3CC4
3DA7
3CFC
3D06
BC85
3D12
BD03
BD04
3CA5
3C46
BC72
3B8C
3B96
BCEE
BD48
3C56
BCEA
3B10
BC8A
3BEB
BA2C
3D03
BBAE
3D5A
3CBE
B9EE
3D3A
3D1C
BCBB
BD36
BD09
BD1D
3D2F
3CD4
BCE0
3BCA
BC33
BB2B
BCD2
BCD2
3DB5
BD81
BB80
3CCA
3CA8
3BD2
3BC9
BB40
3DED
BDC7
3D0C
BADD
3CC9
3D3D
3B79
3C25
BC22
3DDE
BDC2
BBC3
3D0E
3CA0
3D5D
3C8B
3D9A
BD0C
3C6E
3D37
BD99
BCCB
3D27
BD99
3D8E
BD12
3CDC
3D15
3B97
BB86
3C89
3C88
3C04
BC50
BCB8
BC4F
3C9D
B913
BC88
3C03
3B5C
3C31
BCBF
3C47
BC5E
3C2E
BCE0
3CA4
BC90
3D24
BC8D
3A8A
BCBA
3A22
3D10
BACB
BCED
BB52
3C6B
3B71
3D19
BD09
BC70
BCD0
BCA6
3C58
BB55
3CF5
3D8A
3D81
3CF2
3CD4
3B95
BB9D
3B17
BD37
3C78
BD2F
3CFC
BC60
BCDC
BCAC
3D15
3D4E
BCF4
BD55
3D6D
3B17
BB2C
BC99
3C29
BC1E
BC3D
3CD1
BC6C
3C81
3CC9
3D3B
BCDC
BC96
BCBC
3C6E
BBB0
3C1B
BBD2
3B5C
3BAD
BA79
BB81
BAF6
BCD4
BC19
3B75
3CB3
BC9E
BCB8
BD0A
3CCB
BC76
BD09
3B02
3CBA
3D13
BCAD
BC76
BC7A
3D3A
BCB2
3B8A
BC1A
BBD0
BC30
3A51
BD85
BC9B
3B20
3CDB
BD24
3C7D
BC14
BC0E
3CB1
BCBA
3D87
BCB6
BB0C
3D6D
BCFA
3D16
3BDF
BD02
3D12
BC81
BD5E
3CF6
3B23
3BE5
BCAB
3B4F
BBA4
B9DD
BB83
3C3D
3C62
BB6B
BAB3
BB6C
3C03
BC2C
BA3A
3C89
3B8D
3D2B
BCEF
3D2D
BAA6
BC12
BBFA
BBA0
3BC9
3CE1
3B86
3CA4
3C05
BBDF
B92C
3BF3
3CD9
3D30
3B81
BC43
3D69
BBB2
BC10
BC91
3D5E
BB61
3D85
3D16
3D2A
BC15
BD19
3D13
BB30
BC9A
3D18
3CF9
3CED
BC9E
3DF6
BC6B
3DC9
3CC2
BD1A
3D36
3CD7
BCDE
BCA0
BCC7
3C2D
3D01
B8A2
BCA4
BCA3
BB0B
3CD3
3B1F
3C89
3BB6
BC5B
BB99
393B
BC9D
3CC9
BB94
BB74
3CCB
3C07
3CC7
3C8D
BC65
BCE5
3D4B
BC9A
3C37
BD09
BCC9
3CF6
BD65
BC6F
BC17
BBB5
BD27
3B58
BCB8
BB82
BD7F
3CCD
BC23
BCE3
BD02
BD19
BD09
BD28
3B77
BD4A
39B4
BD15
BD06
3D14
BDF0
3C76
3B23
3D4A
3D62
3D70
3D30
3C9D
BCB2
3D0F
3DB1
BCD6
3D37
3C98
BC62
3D1B
3B89
3A85
3CAA
BB6F
3C1E
3B9E
3D0B
BD2C
BD15
3C96
BD0E
BAA7
3C9F
3D0F
3D19
BB26
3CB7
3CAA
BC8C
BC82
3D0F
BB4E
BC59
BC9F
BD15
3CA3
BCD8
BD41
B9E9
3BCE
BD51
3B8C
BC07
3C8F
BC75
3B57
3B8B
3C1F
BC06
3C98
39BF
BCB9
BC6C
BBB2
BCA6
3CE0
3B16
3D04
BBA8
BD67
BC9C
BC1C
3C11
BD1A
3BFD
3D5C
BD22
3D1D
BCA3
3B69
3D22
BB8D
BBA8
3CF7
3C93
BC1D
3D33
3B8E
3C1B
BD3A
3CDD
BC95
BB10
BB1C
BCEC
3B5F
BC81
BC7E
3BDD
3D37
3BA6
3D0B
BC6A
B9F6
3C7A
BC8E
3A59
3BB9
3C89
3C64
BD1D
3D25
BC08
BD15
3C57
BCD9
3CFC
BBA4
BD10
3BF8
3A14
BCC5
3D11
BD3D
BCF8
BC90
BCA3
BBF3
BC56
3A10
3CAA
BC45
BCFD
BD2A
3CAD
BBD6
BC84
BCC7
BC4A
3CD9
3B32
BC2E
BD21
3C9F
BC17
BC92
BC82
3B04
3BDA
BBBC
BB0A
BC2D
3C41
3AAD
BC98
BBD7
3C21
BCEA
3CD3
BC42
3A9A
BD19
3C05
3D05
BC6F
BBE6
3C2C
BB45
BCB6
3C83
3CC1
3AEE
3D2F
BC94
BC88
3C90
3B1D
3CD0
BB08
BC3E
3CA8
BD93
BBC4
3C43
3C46
3C88
BCC3
3D24
3C2E
3C70
BC18
BCAB
3D0C
BB95
BC8D
3CE8
3B4E
BCF7
3C0E
3CA8
BCD2
BD1A
3D1A
BB42
3C78
BC74
3BBD
BC8E
3CAD
BC54
BBE9
BCD0
3C9C
BC53
BC2E
3A89
3CBA
3D1D
3CEE
BC1A
BCC8
BD01
3C40
BC38
BC66
3CA1
3CDA
BD5C
BC1C
3CD5
39E0
3CBE
3D1C
3B81
BD0D
3D3C
BB5A
3D02
BBB8
BCB9
BCBD
3746
3D1F
B927
3BC2
BC7E
3D2A
BD88
BC1A
3B3B
3D34
3B6D
BCAC
BB9F
BCA7
BBF2
BCE3
BC80
BAAA
3CD7
BC5B
BC59
3C7C
3CB2
3C8E
3B92
3C4A
BC00
3C65
3C3C
3A89
BC83
3D40
3C0A
3B71
3D7F
BD3E
3D8D
3D5A
3CC1
BD40
BD9D
3CC8
3CA2
BCE1
3D9C
BD62
3D16
3CBD
3BF9
BBCA
BC7D
3D14
BB44
BD11
BCA7
3CE7
BC41
BC79
BCDC
BB8C
3D09
3CA1
BCC1
BD96
BC33
3CDB
BD20
BD1B
3B9E
3CDE
BCF1
BD12
3C0E
BCF7
BC95
BB73
BCAF
BDB7
3CC3
BD01
3D86
3D39
3CBE
3B1E
3D7D
BC25
3CA4
3D46
3B83
3BF5
3C77
3AF7
3C6E
3CD5
3C78
BC30
BCA0
BD30
3C06
BC82
BAD5
3CB7
BD12
3C1A
BD3C
BD19
3C32
3D98
BCDF
3C05
3D61
3BD9
BD8E
BD63
3C8F
BC5E
3BEA
3B87
3BE6
BC7D
BD4B
3CDA
BB9D
3C00
BCBD
BD27
3CC4
BC09
3CB5
BC2D
BCDD
BC97
3C8C
BAA0
3B92
3BC4
3BEE
BC14
BC0A
3BEC
3D10
BCA5
BB65
BC65
3CED
3B3A
BC8C
BD3E
3CFA
3D24
3C73
3D59
BDA6
BC3D
3B8F
BC5F
BC6D
BD41
3D34
BD39
BB1F
3C31
BD53
3C90
BCB4
BD4B
3BDF
3C94
3CE2
BCA5
BC7D
BC3A
BD1D
3BAF
BBA6
BAC3
BCA4
3D64
3A4B
3D3A
BC88
BD1C
3CF5
3A89
3C05
3C5A
3D66
3D48
BC33
3C16
BD2C
3C9A
3D13
3CB8
BBF9
BCB4
BB8A
3CA2
BCF3
BC67
3D98
3D1C
3D12
3DCD
3D34
3D59
BAB1
3D29
BD9F
BD5B
3CD8
3DBC
BCE0
BD68
3C13
BD37
BAF8
3B0F
BDA4
3DA7
3D4C
BD23
BD33
3D05
3CC2
3CC9
BC81
BBE6
BCC5
BBA5
3D52
3D04
3C9F
BBDA
3CF8
BCDC
BC28
3C67
3C2A
BD05
BC30
3A83
BC2E
3CE8
3D39
BA72
BCA2
3D6F
BCB7
BBA0
BC83
3CD9
3CB6
BC10
3CC2
BD1E
3C9F
3CE6
BC80
BBF1
3CDA
BBEC
BCF4
BCD1
BC1F
BC04
BCCE
BD2A
3CE2
3D0E
BD8A
3DD5
BC86
BD66
BD5B
3D01
BC0A
BD45
3D99
BD7F
3D87
3D14
3D4C
BDBB
3CBE
3D66
3C3F
3C68
BC6B
BBC1
BCB7
3A9A
BC7E
BD2D
3B1C
3C85
3C32
BC2D
BB3B
3CC2
3AF6
BC0D
BC5C
BC71
BD0E
BC59
3C72
BBD7
3CC2
3D20
BD17
3C26
BC2D
B901
BC76
3D01
3A1B
BC44
3C93
3B19
3CA0
3CF7
3CBB
3CA8
BC8D
BC38
3C80
3C91
BCD1
3DAA
BCB9
BBE6
BCF6
BBCA
3CCB
BCDB
BC9F
3D1D
BC57
3BD9
3D31
BCB1
3CF2
3D6F
3D8D
BD3C
BC84
3C15
3CED
3C8F
BC6D
3C11
3B28
3C9F
BC9B
BC34
BD05
BB57
BC85
3C7B
3CB6
BC13
3CF7
3CE9
BC32
3D3D
3B42
BB53
3C92
BCE1
BC42
BC93
BC8C
3CBF
3CE0
B9A4
3D10
BBEB
3CA7
BBDE
3D0A
3D00
BC6F
3C2E
BB94
BC94
3D0A
BBB1
BC63
3D1F
BD4C
BC94
3CB0
BC6B
BCB3
3C8D
3C7C
3D40
3CCB
BB8A
3D43
BBBE
BD1F
3A78
3B24
3BC4
BBCC
3D39
BD0E
BC53
3C6F
BD1A
BC36
3CEE
BB27
3D5C
BC96
BCE7
3C3B
3D1E
BC56
3D35
BC9B
3BB5
BCA2
3BE9
BBD7
3BDD
BC44
BC0A
BA27
3C49
BB36
3C16
BC16
3C40
BCA6
3C61
BB79
BB2C
BAF7
BA74
BCC4
3CCE
BB96
3C92
BA8D
BC3E
3CCB
3C42
BCCA
37C1
3AEF
3C85
BC7F
BC70
3C96
3C83
BCE3
3B8A
3B9E
3D00
3BCC
3BF5
BC91
3BA9
BDA2
3CB1
3CB6
BBDD
BD47
3D03
BB89
BCDB
BC66
3C07
BBF6
3CEA
BCB9
BAF5
BC17
BB3F
B9D3
3CA5
3C8A
BCCC
3C48
BC82
3BE6
3C0B
BD1E
3CC1
BC99
BC95
BB99
BB9E
BC05
3CAB
3C9D
BACF
3B39
BB2A
3BC5
3A4A
BA8F
3D10
3CBF
3C20
3BFA
BBD9
3CBF
3CCF
3C30
BCD8
BC08
BCBD
3BAF
BBCF
BBBA
BD04
3B75
BD1C
BC4B
BC7C
3C9A
3D35
BC94
3D05
3D6E
BC4D
BCCB
3D8F
3C50
BCC6
3BC4
3B70
BD3F
3C97
3B1D
BCC2
3CBC
BC9C
3D01
BD44
BD16
BA73
BD56
3C9A
BD09
BC15
3B94
3C8E
3CA2
BCA0
BD0E
3C53
BD33
BC08
3C86
BC11
BC8A
3C46
BB38
BC0E
3C0D
3C73
3C8E
3C8C
3D37
3C06
3D76
BC2D
3BB9
3C46
BD03
BC51
BC37
BCF6
BC4C
BC93
3CB3
BC4D
3BF4
BB02
BCDC
BCC4
BCEF
3B7C
BD33
3CB2
3CED
BD0C
B9F9
BC56
3CCB
BC90
BC27
3B8F
3C14
BD0E
BCDB
3C2C
3D87
BD52
3CE0
BCD8
3B85
BBAC
BAAF
3C4E
BC8D
3BE3
3BCA
BCA8
3BE2
3BA4
3CBD
3A76
BCB0
3BB9
3C49
BB4B
BD0B
BA99
3CC3
BC8C
BC14
3BCB
3C19
BB46
BB5D
3B44
3C85
BC1E
BCB8
3C50
3B2D
3C2D
BC58
BC89
BBEB
3C1A
BC0F
BD61
3A90
BC36
BBE3
BBB1
37D9
3C6C
3C18
3C6A
3C25
BC74
3CD9
3B24
3B26
3D06
BC8E
3C3D
BD25
3D0D
3A75
BD32
3D5E
BD75
3C0C
3C88
BD81
3B7C
3CC5
BCAE
BC4B
BC20
BC44
B947
BB10
BD13
BCC4
3C55
3CD9
BC1C
3A82
3D71
BC13
BC37
BC3A
3B06
BD1A
BC95
3A26
BC8A
BC8E
3CE5
BC99
BD0C
BC99
3D0F
3B72
BD48
BC62
3C49
3C45
3CA6
BB10
BCEF
3CDE
3B89
3C75
3A56
3C69
3C95
BBDA
3CE2
3C70
BB4F
BC89
BCB1
3C8C
BCC1
3C86
3C33
3BD4
BC20
3BBF
BB6E
3D60
3C98
3D65
BC81
3CC7
BCBE
3C9F
BCA5
3CDC
3C76
3D0A
3C5C
39AA
3C21
BCD4
BBBF
BC5A
3CC6
3B8F
BCDF
BBAD
B9C7
BC6B
3C0D
BC55
BC7D
BBCA
3CBB
BC8A
BC80
3BDB
3D1D
3C9E
BB02
3CE0
3C94
3BFB
3CA2
3C61
BB73
BD65
BC92
3CBD
3C0D
3D0B
BD31
3C0C
BCF9
BC73
BC7F
BB84
BBBA
3BD7
BBC3
BD0E
3B0A
3CEE
BCF5
BC43
3BF4
BB7E
BCE3
BD0A
3CE7
BA5D
3C1F
3CF8
BCFA
3C3C
BACB
BD06
3D2C
BB9D
3CD0
3CBE
BAE7
3C31
3CB1
3BAB
3D3B
BD0B
BC42
BD45
BA85
BD28
BCE6
BCFB
BBFF
BADE
BC0C
3C4D
3BE1
3CAE
BC4F
BBCD
3C03
3CD1
3B99
BCC9
3C97
3C21
3CEA
BC6D
BCA6
3D02
3D46
3C54
3C96
3CF5
3CA6
BC70
BC5C
3BA8
3BFA
3CC9
BC8C
3986
3BF1
3CC6
3C91
BC9E
3CA1
3C2F
BD10
BA58
3C9A
3D08
BC9D
3C29
BD22
3CDC
3C80
BC34
3978
3CA0
BCCF
3ADF
BCD8
BD1F
3A65
3C76
3C52
3CD3
BC3E
3D33
BCAF
3CE5
3B22
BCE2
BC58
BCDF
BBF7
BCA1
BCE9
3C01
3CF2
3CEB
BCC0
3C0B
BC2F
B932
3CE1
3CBA
3AF3
BC37
3BAB
3C60
3C78
BA23
3C60
BCA8
BCEC
3CFC
3C2A
BC52
395D
3C6F
3CDD
BC9D
BC1B
3C40
BC74
BD1B
BC4C
BC83
3C98
BCC1
BCDD
BC8F
BC28
3C35
BCE5
3B3F
BD1D
3C72
3C89
3CB2
BC7E
3C89
3D08
3CC6
3C9F
3C03
3B2D
3D53
BCF0
3D46
3CD9
3C07
BCC2
BCDB
3D5B
3D2B
BC83
3D24
3CD1
BBAE
BB1C
3D27
BB9C
3C62
BC90
3CF3
BD07
3D30
3D4B
3C53
BD3E
3CF9
3A9D
BAB8
3B93
BD8A
BD47
BC1A
3C66
BD6D
BD79
BB67
3C8E
BD14
BD65
BD3A
3C5C
BD76
BD2F
BD73
BCA5
3D17
BD5B
BC0C
3D27
BC64
BD41
3D10
3D27
BD8D
3CEC
BCEF
BCDA
3D33
BD1A
BD0B
3D3A
3C7D
3CD2
BC5D
BD50
3C1E
BBA1
39DB
3CF6
BC14
BC56
BD85
BCAA
3CF2
BBFA
3D0B
BC8E
BD27
3CB0
BC10
3BA4
3C4D
3C2A
3C02
BD01
BB4D
BC0D
BC9A
3CA6
BCCE
BCDF
BC53
3DAC
3D84
BB65
3C47
BC5A
BD41
3D12
3C8E
3D08
BD05
BC58
3BD7
BC3B
BCB4
3CE9
3D80
3CCE
3CBA
BAB4
3D80
3D78
BC2D
3D02
3C90
3C5C
BCC2
3C60
BD14
BD13
BD3A
3D20
BCF0
BD71
3C70
BC9E
3C69
3D17
3D03
BD26
3CF0
3C36
3CC1
BC90
BC97
3C49
BC1D
3BE2
3D19
BC5C
3CFF
BCD8
3B4C
BC7F
BBAA
BC8B
3D1D
3C76
BC2A
3CF0
BCC5
BD87
BD1F
3D44
38E1
BCEE
BC6F
3C3C
BC8F
BC4D
BBC1
BBA4
BCEF
BC95
3D08
3BEA
BC3F
3D9E
BBDD
BC39
BD4A
3A50
3CF2
BD1A
BD37
3D38
BD39
3B9C
BC80
BC84
BD41
3D8C
3C09
BD67
3B06
3CAC
BB50
3D3B
3D04
BA04
BC11
BCE1
BB69
BB98
3C98
BC33
BD22
BB82
BCB2
3B9C
3D14
3D1B
3D07
3CE4
3D02
3D3F
BB2E
BD7E
BBBD
BD23
BC34
3CAA
3D47
BD5E
BB8A
3ADA
3D98
3C94
BD20
3B33
3C36
3D1D
BC61
BD7D
BB95
3CD0
BC89
3C62
BD47
BD1E
BADD
3C6C
BD95
BA84
3D4F
3D2F
3C20
BBF1
3D50
3D03
BC9E
3D2F
3CFE
3CE6
BC12
3D22
BD8A
BC58
BC22
BC97
BC2F
BD49
3AA7
3CCC
BB87
BC87
3C19
3C4E
3D1C
3C47
BD02
BCED
BBEA
3CAD
3CCD
3C35
3C8B
3CA5
3C17
BCA8
3D17
BD58
3D1D
BD15
3C67
3CA9
BBD7
3ABA
BCFB
BD22
BD13
BD88
3BCD
BC70
3D26
3C6E
BD92
BD7B
3BAC
3CA3
BD88
BA79
3C15
3C5C
BDC0
3D08
BD8E
BDC4
BD96
3CCA
3D66
BD78
B921
3D23
BD1D
BDA8
BD52
3D0A
3CE3
3D38
3D19
BD50
3DC7
BDD3
BCB9
3CB9
3A48
3C37
BCC4
BD2A
3CB2
3D12
3D06
3BB6
BC67
BCD4
BCA5
3CB4
BB24
3B57
3C88
3A42
BC56
3D34
3C86
BC29
3C78
BD19
BD4F
3C96
3CBA
BD4C
3D1F
BB8E
3B4D
BC09
BCFE
3D5D
BD05
3CC3
3B63
BD04
3CBF
3C01
B9AE
3D81
BD58
3CBB
3BFE
BCC4
3D42
3CBD
3B97
BC16
3DD0
BD9D
3C58
3D6C
BCC1
3D5C
3B8B
3D69
BD8B
BD1C
BB24
BDB4
BCD8
3D82
BDA4
3CC5
3C85
3B06
BC24
BC85
BCB3
3CDB
BD30
BC8B
BA58
3D37
3D28
3C18
BC48
BCED
BCEA
BCC2
BCDC
3C70
BC6B
3C84
3B3D
3BC4
BC52
BB92
BC9A
3CCF
BC98
3D1E
BCBF
BCF6
BB8F
BCAB
3D17
BACA
3D21
BD33
BCD5
3CB9
3D9F
BC98
3CE5
3D25
3D44
BD06
3D01
3D2B
3CC7
BD48
BC91
3C7B
3C8F
BC6F
3CEE
3D04
3CD3
BCD3
BADC
BC0E
BC69
3C89
BC31
3CB7
3CA0
BC92
BBEB
BBB3
3CA7
3CBC
BB97
3AE5
BCFC
3C36
3D24
3CDC
3C96
BBEC
BC24
BD44
3B10
BCE2
BD51
BC11
BA75
3CDE
3CE1
BB89
3CBA
3B16
BC58
3CC7
3BAE
3C9D
BBA5
BD4E
3C85
BD6F
3C8A
3C86
BC03
BD0C
3C27
3D43
BC96
BD91
3D9A
3DA3
BB2B
3D1B
BCA5
BC2C
3C45
BC19
BD06
3BB6
BC25
BC9A
BD67
BD2F
3D51
3B23
3C84
BCC3
BD16
3CB5
3CA5
BCC1
3C96
BC89
3C2A
3B2C
3B6C
3A0A
BD02
3CAB
BCC6
BC8E
BCB3
3B4D
3C85
BC9C
3B34
3D93
BD2D
3BFD
BC5C
BCA3
BC85
3BAB
3C84
BC34
3C94
3C92
BC8E
BAE3
BAE6
3BF0
BBFC
BD83
BC64
BAFA
3D22
BAE3
3B9C
BC4D
3C63
3C9F
BCBC
BBFC
3C53
3BF0
3B6A
BC87
3B9D
3D0F
3CCB
3CF5
3CCC
BBEE
3D11
3B6E
BD1B
3C3D
3CA1
BCE3
BCCE
BB98
3C95
3CE0
BB8B
BC36
3D39
BD53
BD7C
3C8D
3C65
3CF4
3C52
BC1A
3C07
BC87
3CF0
BA34
3B8D
BD18
3D03
BD00
3C71
3C43
BC93
BB5C
3CEF
3CE7
383E
BC18
BBC1
3CD0
3B85
BC33
3C74
3C5F
BBC0
BCE7
3C14
3D30
BD8C
3C57
3BD3
BB96
3C87
BC57
BCAD
3D18
BC78
3D35
3C6C
3A89
3CEC
BC33
BD1C
BC3F
3C29
3C77
3AE6
BC8C
3AA0
3C71
3905
BC92
BC8C
3B1E
BD01
BC8D
3D3E
BD07
BC56
BC07
3CDC
BD18
BCD7
BBF0
BC9F
BB5A
BD01
BC12
3C85
3D22
3D33
BD0F
3A24
3C91
BD45
3C9C
BC32
BBFC
BC15
3BAA
3CAA
BC88
BB23
BB55
BC92
3A88
3C2F
3D40
3D14
BC0F
3AA5
BBBB
3C19
3C8D
3AC4
3CBD
3D6B
3C03
3C18
BB61
3BE2
3CAC
3C84
BB40
3D8B
3D11
3D05
BB94
BCDA
3D54
BD14
BD00
3D87
3CDA
3BAE
BC89
3D41
BD65
3C15
3D3D
BD30
3D45
3CAE
BCEF
BAD0
BBF2
37C0
3CF1
BC7F
BB9D
BCF7
BBA2
3C8D
3D1C
3D04
3BE8
3BB2
BC54
BBA0
3B9C
BCD2
BD12
3C97
3BD3
BC8F
BC4C
3BB6
3C21
BB90
3B73
3BD9
BC75
BCBB
3C13
3C88
3CB9
BC2C
BD37
3C85
3D34
3C63
BCA3
3C1E
BC1F
3CB5
3C86
BB85
3D18
3BF3
BC3E
BCFC
BC35
B9D7
BC97
BD37
BD08
3D41
BD1D
BD30
3B85
3CB8
BB9C
3D97
3C75
3CAB
BCB0
3C2B
3D86
3D19
BB56
3B8F
BCBD
BCC3
3C9F
BBE7
BC02
BCF7
3C8D
3CC3
3C8B
BCA6
3C95
BCCB
3C74
BBAB
3B59
BC6E
3B60
3B5D
3C7F
BC0A
BB9D
3C72
BCBA
3C0B
3D2C
3C2E
BCB0
BC8D
3B98
3C2C
3C50
3B8B
BD03
BCBC
BC39
BB5C
BBD9
3B70
3B56
BBCF
BC76
3BDE
3B8A
BC05
3C86
BC71
BBE5
3B78
BD28
3C7E
BB1F
BD13
BC9F
BCCC
BD1B
BC94
3B98
3D40
BD37
3CD9
BD35
BCBA
3D53
3967
BBA9
BB86
3CDF
3C0F
3B38
3A16
3A05
3C51
3CD9
BCBB
BCB8
BCC2
BC8E
BC93
BD12
3C1B
3CD3
BB23
BC2B
3C54
3C6E
BC84
3C54
BB9F
BC53
BC8B
BC2E
3C2B
BBE3
3BF3
3B92
3AF8
3CAA
3C55
3B9F
3BB8
BC86
3CC2
3C6F
BCA4
3C89
BBA9
BC9B
BD25
BC12
BC02
3CAC
BD18
3BDA
BA20
BC19
BC7D
BCAC
BC28
BCEA
3CE7
BC0A
3CC2
3B92
BB72
BC39
BD41
3D5D
3C6D
BC44
BD2A
3D4B
BD0A
BD28
BC97
3C72
3D14
BC07
BAC0
BB32
BD03
BC68
BC45
BB0E
BB73
3B4A
3C11
BCAC
BCD9
BBF4
BBE0
BD13
BB1F
3D0B
BA75
BBBA
BB5C
3C74
3CA8
3D3D
3CF1
3D21
3D77
3C66
3D10
BC86
3C50
3C8C
3D22
BD3B
3D08
3D03
3D68
3CF2
BCCF
3D88
BC41
BD13
3C9C
3CAF
3C12
BBC1
3CC6
BD7C
BD03
3D92
BD0F
3D1F
3BE6
BC8E
BDB0
3C54
3D1B
3D5F
3D61
BCD4
BBF0
3CE2
3D88
3BAB
3C24
BCA8
BC30
BD35
3C71
BC39
BB28
BBEE
BB78
3C3C
3C46
BC48
BC7A
3C42
39B5
BCB9
BBE4
BC36
3D16
3D13
BBD1
BCDE
BCFC
BCA8
3B8B
3D30
BC63
BCB2
BC70
BC81
3C80
3C08
3B11
3C6B
3D2F
BCA5
BBAC
BCF7
3A37
BCCE
BD11
BD3A
3A92
3C80
BC7C
3CA3
3CBD
BD68
3D2C
3C01
3CA2
BC25
3AD0
3D0C
BD27
3CA8
BC59
BC73
3CCD
BB97
3C5B
3D1B
3C1D
BBEA
BD15
BCAC
3B58
BD02
3CD8
BC49
BC13
3C88
BC21
3B08
3B83
3C80
BC50
3C26
BCBE
BC45
3C71
3C3D
BD14
BC5C
BA1F
BA09
3D5C
BCFB
3CB5
BB6B
3C59
3D47
3D25
BC38
3D39
3D3C
BCF9
BD23
BD72
BCC1
BC74
BC9E
3D11
BCE7
3D76
3CC6
BC5B
BCC3
3D7F
3C4E
3D0E
3CAA
3CBD
3CB4
3C71
BD3B
3C59
BB25
3CF0
BBAA
BC9E
BC88
3CA8
3C37
3BA8
3C14
BD22
BBEE
3B31
3CA2
BD34
3C91
BD15
BA5E
3CEB
BC17
B8E6
BC83
3C66
3AF5
BCAB
3C36
BC1F
BC52
3D17
3BCD
BCAB
BCCE
3BE0
BC37
BCFC
3D03
3C4D
BCA2
3C2B
BCDE
BCB8
BC1D
3D7F
3D47
3C88
3C5F
3D71
3C8B
BD11
BCF3
3D55
BC02
3CCC
BBE8
BD1F
3CD4
BC05
BA93
BCE3
3CCE
BC7D
BCE7
3C20
BAC3
BCDB
3C4B
BC94
BC6D
BBE6
BB98
BCC5
3C99
BD0A
BB58
BBAE
3C8E
3C2D
BCB7
BC2E
BBD0
BCC4
BC98
BBC4
3C81
BCCE
3CD2
BCF7
3CDD
BC8A
3952
BCB6
BBCB
BD08
3CB2
BB69
3D18
BC35
3CA4
3B9B
BC57
3C79
3D05
BCC2
BCCA
3CC9
3CB1
BD2A
BD3E
3D48
BC50
3D91
3D27
3D77
BCAF
BCD6
3D1A
3C48
BB78
3B3F
3D1F
BC66
BD14
3D3C
3C60
3C5E
BB66
BD24
3D44
3CC2
BCAE
BBDC
BC96
3CDD
3CB4
BC7C
BA8A
BC72
3C1A
3CC7
3CC9
3D22
BBD1
BC8C
BB15
BCB1
BBF4
3D0C
BD10
BCAF
3D00
BBF5
BB33
3C3E
3BBE
BBE2
3CB2
BD30
3D03
BBC6
BBF2
3BF9
BD4E
3CA4
BD8E
3C5B
3B3A
3B83
3B1E
3C95
BD1B
3D04
3BDF
B973
BD00
BC39
BC7A
BBEA
3BCB
BD41
B9CD
BCD3
BD2C
3CA4
BD81
3D10
BC30
3CF5
3D5C
BCE4
3D44
3CCA
BCCA
3D3D
3CA8
BD02
3C8E
3B5C
3C26
3CB0
3C7A
3CA3
BC22
3C3B
3C60
BAE0
3CEC
3B59
BCB6
3C4B
3B9D
BCBB
BB44
3C5F
3C97
3C61
BA94
3D29
BC87
3C35
3D43
BCC3
BCB0
3C3D
BD2F
3B9A
BD1B
BC29
BC18
BC29
BC99
BCE0
BC9A
BC9A
BC67
3C70
BA36
BB5E
3CD2
3B10
3C8A
BD13
BD12
B994
BC92
BCA4
3C71
3D1A
BC34
3C3D
3D26
BBD5
3AD6
BC91
3A87
3A70
3C9B
BCB9
3C5E
3B8A
BA0C
3C11
3BB8
3C0E
BD22
BC99
3CBE
3CE6
3C15
BD2F
BD1E
3CED
BD22
3C93
BB83
BD46
BBF6
3CBE
BC1E
3CC7
BC37
3BF9
BC45
395A
3B20
3AA2
BBD6
BC58
BCB2
BB96
BC7C
3AEA
BC9B
BC32
BB54
BD32
3CBD
BC32
3CAA
BD29
BB77
BC34
3CE6
BD13
BC60
3C45
3D05
BCA2
3C33
3D0C
3D43
3C15
BD27
BD41
3C54
3D57
BB8F
3CDE
3BE0
BD08
3C96
3BA6
BABE
3C51
3C23
3CAB
BC43
3C99
3C2C
3C84
3D16
BD16
BCEA
BD22
3D13
BD12
BC57
3B32
BCE9
3C28
3D4E
3CE6
3C6E
BC14
3CD3
BD40
BCA5
3BFF
BC43
3D4F
3D37
BC24
BD34
3B25
3CFF
3C10
3C78
3D3E
3C76
BBAA
3BC5
3D1F
3CA1
BCF3
BCEF
3DA1
3C26
3CFB
3D85
3D5F
3D2C
BC68
3C71
3C6C
BCCA
BCDC
3D7A
BBDA
BD80
BD20
3C33
3C8D
BD0D
BD0B
3CB7
3D75
BD53
BC91
BACB
BD26
BD04
BC26
3D01
B9C3
BC7A
3C83
BB1C
3CB8
BCCE
BCE0
3C91
BD5E
BD3C
3BF6
BCBF
BD07
3CA7
3D3F
3D1A
3C69
BCCF
BD57
3D05
BC38
3CAF
BD32
BC9C
3D32
BC8A
3CAB
3B87
BB34
BA76
3CEE
BD46
3CB3
BD82
3D07
BD1B
BC81
BD52
BD0C
BD0D
BD35
3CDA
BD83
3D95
3B72
BD45
3B31
BC81
BC0B
BD84
3C59
3D14
BD2C
3D30
3D60
BD8E
3D40
BCA7
BDA1
3D39
3C15
BC97
BCB7
3D4F
BB6D
3B2F
BD1A
BBDE
BC80
BC06
3D01
3C6E
BC9B
3A6D
BC72
BCC9
BC5E
BCB3
BCEE
BCC0
BC94
3B3A
3D1E
BD55
BCCF
3CA4
3C01
3D46
BC92
3C6D
3C16
BD0E
3B41
3D03
BD6E
BB0F
BC29
3C8E
BC83
BC03
3CF8
3CFC
3CDA
3D48
3D2D
3D12
3D14
3B29
BB87
3C0B
BD36
3D60
BD78
BD53
3D4F
3D23
3CCB
BCD4
BD83
3D57
3D3C
BD18
BD3C
BBAE
BCBD
3B36
3D22
3C81
3CDC
3BD9
3D2D
BD5E
3C32
BCE8
BC92
BB8C
3C12
BC2B
3B20
39B1
BC74
3CE4
3B90
BB95
BCF6
3C4F
BCB3
BBE5
3981
BC19
BD11
3C9A
BC24
BCA2
3D12
BC5C
3CA0
3D55
BB4B
BC39
3C53
3BD4
BCE8
BA9F
3BB6
BCA9
3C68
BD05
BCAC
BBBB
BC90
3D45
BBF2
BD32
BC46
3D02
3CA8
BD09
3CA2
3D4A
3B59
3CB3
3D44
BD96
3C5E
3D14
3C23
BD14
3BB8
3C27
BCFA
BBA0
BC9E
BD5C
3B94
BC72
3D08
BB43
3C5F
3CDB
BB27
3D50
BC89
BC41
BCAA
3BC9
3A03
BCC0
3C4B
3D02
BC14
BC82
BCBF
3C3E
BB7D
3CB8
BCDB
BD08
BB55
3B83
3D06
BCB5
3C0F
BBA0
3B93
BD01
3D1B
3CA9
BCAA
3C6E
3CF9
BB85
BCC2
BC8D
3A9C
3B6E
BD1A
BBC8
3D46
BC7A
BBDC
3BDF
3DC0
BCFC
3C10
3D0E
3CCB
BB0B
3C7F
BC36
3C97
3BF2
3CBC
3CCC
BBF2
BBD0
3ABE
3B51
BC8C
3BD7
3D1E
3D1A
3D01
BCD5
3C4D
3CC2
BD0D
3CB1
3CC8
3C9D
BD20
BB70
3C1C
3BD8
3C37
3D17
3CB2
BB9B
BB28
BC8B
3D36
BCDB
BD46
BD23
BBAD
BC2A
3C0A
BBF6
BC9E
BC22
BCBC
BCC4
BCA0
3D35
BC52
BC2C
3B2D
BCC4
3CE3
BD45
BCFA
3C71
BC9D
BD23
BC4C
3D71
3CE0
BC41
3DB5
BCF2
3B32
3C92
BD1A
3D99
BC21
BCB6
3D47
3CAD
BD0A
3BC3
3A94
BCD2
BCB3
BCCC
BB4F
3BB5
3D35
3AE6
BC17
3D8A
BC1C
BCD9
3C1F
BCB5
3C2C
BD1E
3C4E
3CF2
3D0B
BC6D
BBC5
BC98
3CB7
BC83
3B51
BC0E
BC18
3D24
BD8D
BCC6
BC99
3C62
BD8E
3951
BB8A
3C3A
BC6E
3D0B
3CD5
BC4E
BC42
3D1E
BC0A
BA97
BD95
BC0A
BC1F
BC4D
BDBE
3BC2
BC13
BAF6
BCA6
BD36
3C0B
3C1F
BC95
3C3D
BC81
3D1A
BB88
BCAB
3CFB
3C68
3D1F
3C9D
3C83
BD11
BB56
3CA6
3CA5
BCB2
3BB8
3CD5
BB82
3BBF
3D00
3B44
BD5F
BCA2
BD40
BAEF
3D1C
BD0D
3CC7
BCF2
3C5E
3CB8
BCFF
3CBE
3D66
3C93
BBE6
BB32
3B8D
3CB1
BB65
3D24
BCF8
BCCC
3C46
BBAC
BC35
3C97
3CFE
3C68
3BB9
BC91
BD06
3CC0
BBB0
3C68
3CB5
3C35
BC0C
BD1F
3D77
BC2C
BCA8
3CDE
BC2B
3BEC
BBF5
3BFE
3C17
BBDC
BC3B
BC10
BAB5
3BA1
BC8A
BC8C
BCFF
BBC2
3B45
BD4A
3C8D
BD0A
BBB6
3CC0
3C9C
3D0D
BBAB
3D2E
BCAD
BD30
BBBC
3B51
BD1A
3D1D
3B35
3D2D
BC26
3ABB
BB78
3B33
3CC3
3D32
BD02
BB2E
3D1E
3CAD
BCE1
BCAB
3D36
BCD9
3D44
3D66
3D75
3D62
3AA6
3CD5
BC44
BBD6
3CB4
3D43
BD24
BD81
3D10
BC66
3B10
3CE9
BD5B
3D60
3D85
BD5D
BC60
BB59
3BFC
3C4D
3BD7
BC97
BB7E
3CDD
3D25
3B92
3C79
BD01
BCC2
BCB0
BCB5
BD01
3CC3
BCE5
BD55
3CCB
3D5D
3CB2
3CC2
BB25
BD5D
3D07
BC61
3CAB
BCD3
BCA3
3BFF
BD8E
3CB7
BCD7
3C17
3BBC
BD00
3BD6
3C48
BC84
3D20
3CDE
3C6F
BC7E
BB8A
BCAE
BC5A
BC90
BCB6
3CB6
BD05
BD4E
3CBD
BC8E
BB8A
BC9E
3C7C
3CEE
3CA9
3CAC
3D84
BD67
3C89
3D0C
3D6E
BC92
BC34
B921
BCCC
3CE4
BC98
BCC5
BC86
37F9
3D4F
BCA9
3D08
3D80
BD5D
3D49
BC99
BD3D
BC18
BD30
3D0D
BD45
3C85
3D1F
BBEE
BA79
B9C9
BC7A
3C65
BD63
B8BA
BC27
3D24
3D1A
BD5F
3B16
BCD8
BC76
BD85
3BB3
BB1C
BC8D
BDBB
3D4A
BD9D
BD7A
BD64
3D86
3D2E
BCF4
BD81
3CEF
BA16
BD65
BD42
3C90
3D1A
3CE1
3CA3
BD3E
3D84
BD6C
BB0B
3CD3
BA69
3C75
BC02
3C38
3A64
3CA6
3BE1
BCF6
3C78
BC47
3D3F
3CA4
3CC6
BCF3
3D03
3C73
BD28
3C79
3D54
3C91
BC9F
BCF8
BD18
3CD8
3CAA
BD12
3C96
3A9C
3C30
BD15
BC89
3D9D
3BD0
BC0A
3CFA
BD17
3C7A
BCEA
3B48
3DB3
BD76
BBC8
3D15
BD17
3D1B
3D3C
3D63
3D33
3DB4
BD6F
3D0B
3CEC
BAA2
3D81
BCF1
3D8B
BD01
BC8E
3CF2
BDA6
BC62
3D12
BD98
3D5B
BB19
BBB5
3B03
3B08
3B9E
3B4D
3AA0
BC14
3CC0
BCAF
BCF7
3C38
BC33
BCF4
3CF2
BCA1
3B1A
3D59
BB95
3D22
3CAC
3D2F
BCEF
BD43
3C92
BC11
3CCE
3C98
BA1F
BBC1
BC63
3C90
BC33
BAF9
3D47
BC31
BB49
3B31
3D30
3BF7
BB85
3BDF
3DAF
BCB0
3D60
3DC0
3D80
BCEF
BD11
3D02
BB32
BD15
3C37
3D93
3D8D
BCD6
BD62
BD17
BCC7
3CB3
BD97
3D97
3C57
BCCE
BB16
BC8B
3CDC
3C94
BBF3
BCAF
BCDA
3C36
3D08
3C94
3BC3
BD48
3CAC
BC7F
BCDD
BABF
BA14
BC4B
BD37
3C1E
3C4D
3D1F
3D28
BCBB
BC56
3CA2
BC96
3C03
BC54
BC6E
3C19
BCA5
3D12
3CC0
B903
3B0F
BC65
3CB2
3A37
BD89
3D83
3BFE
3A77
BB0E
BD11
BC34
3C88
3C0E
BDD0
3DBC
BC8B
BD31
BCE9
BD2A
3D64
BD90
3D55
3C05
BB64
3D98
3C88
BD5B
3D8D
BD17
BCA6
3C9B
3BCB
BC3E
3A99
3D10
3B9D
BC4C
BD1D
BBDC
3B20
BC1D
3C32
BC84
BC5D
BC90
BB6C
3BF4
BC97
3B5C
BCA1
3C81
BD0F
3C0F
BA51
BB23
BD38
3D53
BC87
3CE3
3A15
3B78
3D7E
3CCF
3D48
3D87
3D1B
3CA7
3DB1
BC54
3C99
3BD7
3DB4
BCE2
3D2D
3DA1
3DC9
3D2F
BD57
3DA7
3B3D
BD86
BC34
3DB9
3D1A
BDB1
3C9A
BD43
3D1A
3CFB
BDAD
3D91
3D99
BD79
BCEA
BB9B
BBF2
BB6C
3C42
3BCA
BC61
3BB1
3D81
3B20
3C98
BCAD
BD1A
BC83
BCCB
BCF6
3CD0
BD44
BCCA
3CD1
3CD5
BC9A
3CDA
3C9E
BC0D
3CF9
3BAC
3CA2
BBCA
BB59
B9CA
BD91
3B17
3B31
BB20
BCB1
3D64
39DF
BC6F
BD8F
3DAB
3CEA
BC31
BCB4
3C7E
BD01
BD3A
BC5C
BD4C
3D3E
BD7B
BDED
BC69
BC23
3CF6
BD66
3CEF
BBFF
BB4A
3D53
3DAE
BDC4
3D40
3D36
3C52
BCC3
3C7B
3D0B
BD37
3A99
3BEE
BD21
BC32
BC0F
BC1D
BC1E
3C9E
3C3F
3C3D
3B65
3A94
3B80
3C20
3CDA
BD00
3D40
3A8A
3B91
3B0D
3C86
3C02
BD4C
BB3E
BD72
3D4A
3C47
BC99
BC87
BD1A
BC93
BCA8
BC93
BC9E
3B46
BC3B
BC5E
3C6A
3B61
BC45
3C9D
BB8A
3CD9
3CC1
BBF2
3C0B
3CC1
BD52
3C3D
BD8C
BB24
BC62
3D3D
BCE6
BCB3
3BB6
3BF8
BB2A
3C49
BC04
3C9F
3CBA
3B8A
3BC0
BBDE
BA26
3C5D
3BC2
390A
BCF3
BCBA
BBA2
BA1D
3A21
3C2A
3D06
BC1A
3C98
BC73
BC96
BC39
BC82
BC56
3D06
BB6B
BD11
BA2F
3D07
3C95
BD09
BD38
3BDD
BC25
BCAF
3B69
BD1A
3CD4
BAD5
3C36
BC34
3CB5
BC5E
BBE1
B9FC
BD0A
3C3F
3C05
BC08
3C3B
3D06
3C3E
3A9E
3D27
BBF4
3C8E
3CC6
BB31
BD43
BBD4
3B11
BC64
BC0B
BCEF
3B87
3C45
BCA5
BC8F
3D17
BD31
3C0C
3D19
BBCA
3C89
BC4F
BB6F
BCF6
BC27
BC39
BCF5
3C02
BB24
3C06
3C93
BC48
3D1F
BC40
3B02
BC9E
3BCA
BB93
BB4D
BC06
3BDF
3CC9
39A2
BAE0
BC56
3B42
BD2E
39F6
3BE8
3BEC
3C9A
BC30
BB5F
BC17
BC22
BD0E
BC44
BC2C
3D34
3CC0
BCA4
3D03
3947
BCDA
3AEF
BD4E
BD1A
BCA8
3CF8
BCB0
BCE5
3D28
BD5B
3D26
BC82
3CCE
BB5C
BC8B
BC95
BBA4
3CE6
BB24
BB2A
BD55
3C98
BC80
3D21
BD28
3D11
BCB4
BC64
3CE2
BD0D
BC7B
BBA7
3C90
BC2F
3CE6
3BB2
BBCD
3D0C
BC6F
B980
3B53
3D25
3C40
3BF2
3CD0
BC8A
3A5E
3C93
3CBE
BCAC
3CA1
BBF6
3C49
3C45
BAF0
BBCA
3B9B
BC7D
BCB7
BB09
3CD5
3C02
3CAA
BC29
BCC3
3D81
BD1E
BBA7
BD0C
BC31
BD86
BCE6
3D23
BCA0
BCB1
BCB0
3CAE
BD44
B8BC
3CBD
3B92
BD31
3CD9
BC63
3D3B
BC62
BCA0
BC2F
3D2D
BC1C
3D4C
3BBD
3CB6
3BEC
BC67
BC0E
3BAE
3D02
3C44
BC86
BCAC
BC7D
3B99
BD22
BD1F
3D96
BC6E
BB1B
BCC4
BD15
BCC5
3AEA
BC66
3C8B
3A83
3C59
3C5B
3CC1
3BBF
BC8E
BCBB
BC11
BB22
BB8E
3D0F
BC80
3C9E
3CB4
BC89
BBFD
BD02
39D0
3BDD
3C03
BCB2
3C93
BD1E
3CFA
BA81
3C5A
3CA0
B990
BB08
BD12
BD22
BB7B
BCD0
BC19
BC8B
3CC4
BC08
BC2E
3D5B
3C4B
BBD4
3D54
3D3A
3D4D
BCC4
BD37
BD09
3CD1
BC2E
3CC3
3B66
BC88
BC11
BCA9
3C49
3BC9
BCF8
BBF6
3C21
3CA0
3C89
BAD4
BD0D
3CA6
3AFA
3CA7
3C8F
3CAF
3C91
3CD6
3CF6
3C52
3C8E
BD50
3CDE
3B87
BC92
BA14
BCB2
3D0B
3D5B
BB3B
BBA8
3C20
BC80
BC8C
BB45
BBE0
BCCE
BCB6
BD23
3D03
BCA1
BCB7
3CAD
BC86
BB95
3C93
3BD2
3D1B
3C23
3C90
BC39
BA7A
3C28
BCCE
3BD0
3C13
3CBA
3C0C
BBAD
3C50
BB86
3999
BC91
3B9D
BB0E
BC2B
BD0E
3CA6
BCEA
3C9E
3D22
BB0E
3D0E
BBC6
3D05
3C8B
BCB9
3D18
BCF2
BC60
BB59
3D45
BCBC
3B86
BC88
3CDF
3D24
BCAE
BCDA
3CF4
BD48
3C28
3C8C
BBAD
BD34
3D14
BA57
BD32
BCC9
3CC9
BBE4
3D09
BBCD
BCAC
3CBA
3CBA
3C7F
BCA9
BC7C
3D10
BA2C
3C48
BD21
BCA3
3B88
3C65
BB93
BC41
BBD0
BC48
BC0B
3AFD
3D37
3BD0
BBCB
3BE6
BD07
3B30
3CDC
3D41
BC82
BC9B
3CF3
3D06
BD4B
BC43
3D17
BBC4
3D84
BD24
3D07
3C3F
BD2D
BD82
3CD3
BCAB
3C93
3CB4
3CE4
3D4B
3C07
3CFF
3D65
3AC0
BCB6
3DB1
BCA0
BC95
3C26
38AF
BD1B
3B1F
BC14
BCD4
3BCF
BA74
3C41
BD3F
3CA4
3D46
3CF8
BD89
3D3C
3C11
3CF5
BC92
BC6A
3CB1
3D88
BC0A
3D18
3D33
3C69
BD2D
3CA7
BCA2
BC4C
BC93
3D70
BC3B
3CD6
3D7C
3B37
BD97
3C5F
3CE7
3D1B
BC8D
BD2F
BD5A
BD59
B944
BD94
BCC1
BB25
BC42
3C1A
BBC6
BD93
3D1D
BD84
BD75
BD92
BCBA
3D85
BD92
3BF9
3D88
BD6F
BD4A
BCDB
3CF4
BD4E
3DAB
BCBF
BD70
3CFE
BD08
BD26
3D38
3D7F
BB75
BCCC
BD6E
BC64
BC1A
3CF4
3C3C
BD91
BCDF
BD6E
3C24
3D3B
3CA9
3D84
3C35
BCA0
3D3C
3C93
BD5C
BC90
BBCC
BD29
BC2A
3CCF
BCB8
3A61
BD10
3A85
BC1B
BD44
3D5E
3D77
3D24
BCDE
BC24
BD63
3D28
3947
3D3A
BCE5
3CE6
BB19
3C84
BCAE
3CB1
3D3A
3C63
3D75
BCEF
3D64
3D8E
BCF7
3D5D
3D9C
3CB5
BD62
3D00
BD9A
BD58
BD35
3D0C
BD4D
BD82
3D2F
BD18
BBF8
3AB7
BD2F
BA4D
BC8A
BD2B
BCF6
3BB6
3CC7
BB9F
BCFF
3CBB
BC50
3B85
BC3A
3CCC
3912
3C89
BD13
3C38
BCAA
BBBB
3C2D
BCCC
3BB2
BB0F
BBF6
3D85
BAB0
3C6D
BC9B
BCCD
BB5C
3C96
3D6F
BAC7
BC12
3C14
BC84
3BF7
3C64
BD5A
3D02
BAB6
3D18
3CB6
BC08
3D34
BCCC
BD2C
3BF5
BB9A
BD0B
3C8C
3C9F
BD90
BD4E
3D16
BCD1
3C9B
BCFE
BBA8
BCD7
BC0A
BC17
3C98
BD18
3B71
BC2D
BD23
3B65
3CEB
3D49
39D9
BC7C
BC68
BC3F
BCC0
3AE6
BC57
BC31
3CF6
BC36
3D2D
3C9E
BC20
BD13
3D44
BC0A
BC55
BD4F
3CCD
BC05
BC1D
BCF1
BCAE
BA43
3D83
3C96
3BF1
3C3F
3C07
3C5C
3C63
BC0D
3CEA
3D80
BB36
BAE5
BD47
3BDC
BC49
BD87
BC93
3C71
3D17
3CC9
BB5F
3A8B
BD71
3D9A
3ACB
BC8C
3CD5
BBEE
3CF8
BBA4
BA71
3CA5
3C28
3CBA
BA76
3D27
BCC5
3C5A
BD36
3A98
3C02
3D1C
BA66
3CD4
3D33
BC45
BC29
3C36
BCF0
3C90
BD3C
3CDD
3D38
BCC8
3C5D
BCBE
BCF1
BD30
BD49
BC1B
BD17
3C99
3C98
BD1E
BD77
BCD0
BC41
BD55
BD05
3D18
3C4A
BD82
3B92
BD03
BD54
BD3A
BCD5
BBDB
BAEE
BCDA
3C1A
3C95
BD5A
3CE4
3D3F
3BB2
BCA4
BC51
3CC9
3D39
BCC2
BD29
3D1E
3CF1
BC10
BBA6
BC6E
BBFC
BB7F
BCA9
3CD9
3C9E
BBC5
BC19
3C9F
3C78
BD24
3D0A
3C9A
BD0B
3D5B
3CE8
3CF6
BC64
BC4D
BD04
3C36
3D3B
BD00
3D25
3C92
3D2A
BD59
BC94
3C7D
BD08
3BF3
BBBD
BDC1
3BA6
3C59
BCF8
3D42
BD3B
3B49
3C58
3C9F
3C4D
3D12
3D40
BB64
3D27
BD69
3B6D
3D2B
B9B2
BBE1
3B62
3D5E
BB2B
BCBF
3C98
BD07
BD35
3D83
BD01
3B0C
BC8A
BBF3
BC57
3C1C
3B94
BBDE
3C37
3BFA
3B27
BB89
BC98
3D04
BC89
BB38
3CAF
3B29
3C4A
3C80
BA9D
3C9F
3B97
3B74
3CE3
BC23
3C94
3CA4
3CB6
3BF8
3C7F
3D03
3B10
BC32
3C35
BC84
3D38
3BC7
3C93
3CBF
3C8A
BC9D
3CB5
3CDE
3D02
BD21
3D16
3D53
3CD4
3C53
3BB6
3CC6
3C5F
BD13
3C7E
3D12
3C15
BD49
3CE3
BD5E
BCA2
3D68
BCCA
3CE4
3D88
BD66
3CA3
3C1A
3C08
3BCB
BCBF
BC84
BC61
3C89
BCAF
3CBC
BBED
B9F6
3D01
3A58
BC47
3B18
BB88
3C2C
3B93
BCB6
3B88
3CA0
3CD2
BCAD
B871
3C17
3C4C
BC38
BC84
B798
3D0B
3CD2
BB29
3AB4
BC1E
3CBC
3D0C
3C14
BC9D
BC39
3C60
3C98
BCB7
3D63
3BC3
BCD1
BD0D
BD52
BB0A
3C6D
BD44
BD20
BD09
BC32
3CC5
BBDB
3CD3
BC7D
3D0D
BB3F
3D61
BD36
BC14
3CB9
BC9D
BBB8
BC17
BA95
3D04
BCEA
3C0F
3A4D
3D09
3BA1
39A8
BC10
3D2B
BD44
3D25
BB4E
3BCC
3BF3
3C05
BBF3
BC57
3C07
BB9B
BBDA
BC50
3CBB
BC13
BC16
BCEC
3B6E
BAE0
3C83
3CD0
BC30
BCA2
3CB5
BC77
BCA1
3C88
3C5B
BCB4
BD01
BC22
BCF4
BCA2
BCC3
3C07
3BE5
3B28
3C6B
3B86
3C23
BCD3
BC76
3C8C
BB94
3ABC
3BAA
3B8E
3C21
BC49
3C75
BC1E
3C9F
3CA6
BCB5
BCD9
BCC4
BC98
BCDE
BC9A
3D32
3C6D
3A8B
BCD5
BA67
BC04
BA8F
3CB3
BCAA
3CF4
3CF2
BCD1
BBBC
3C08
BAA1
BC17
3BD4
3B8E
3AF3
3A11
3CFA
3C98
BCFD
BC42
3B51
BC0B
BBCC
3C3F
BC92
3BC2
3B79
3C82
3AAD
3CDD
3CAF
3C01
BC7E
3D00
3CA5
3CA0
BCA6
3CFA
BD09
BC1B
BC4C
3C43
3C8F
3D4B
3C6C
BC71
3CA5
BD10
BC21
BB9B
3BFD
BBEB
BBC6
3A93
B9F6
BBC7
BBA9
BCAE
3B50
BCE1
3B89
BC21
3CDD
BB9D
BB92
BB85
BA14
BCDF
3B9C
BC38
3C75
BCA3
3CD4
BBC0
3CE8
BC6C
3B22
BCD6
3BCA
3C99
3D4A
3B25
BA34
3B49
3BB9
BC33
BC71
3D25
3BA1
3D32
3C65
3E09
BCC4
3CAA
3C27
3CA0
BDA3
BBF7
3BC0
3CED
BC13
BD48
3D04
3D6C
BD22
3D67
3BB3
3D02
BBB5
3CAE
BD6F
BCE4
3D7E
BC7A
3B50
3CAB
BCE6
3B8D
3C99
BC3B
399B
BB49
3CE0
BBEC
BCAE
BC78
3C3C
3CA3
BCA8
3A5C
37F0
BCF5
BB2C
BC9C
BD25
39C3
3BF0
3AF6
3C60
3BB7
BC33
BD0A
3CB9
3BC2
BB89
BD32
BBA2
3D22
BD6E
3D39
3A23
BC1E
3C48
3D0F
3BBC
BC5D
BDC2
3E01
3D09
BC92
3CC6
3C7E
BB87
BD7F
BD37
BC5C
3C8B
BD27
BD09
3C8D
BD14
BD38
BD12
3C0D
3C23
3D0E
3CF8
3CA5
BB2F
3D01
3A2A
BD46
3D11
3CA9
BB92
3CEA
3C61
BB92
3D5E
3C21
3C37
BBE7
BC93
BCFA
BD72
BC99
BD4B
3AC0
3CD6
BC35
3D30
BCA2
3D66
BD03
BD76
3C52
3BAC
BC61
3D07
3CA2
3D28
3C14
3CE8
3C15
BCA4
3D8B
3DB8
BD0A
BCB0
3DC1
3C8F
BCD7
BD0B
3DBD
BBFE
3D22
3DBA
3DAA
BC95
BC85
3CF6
3D14
BBF0
BC56
3DA3
3D6F
BD72
3CC4
3C8B
3D61
3BF6
BDC1
3DA4
3D6F
BD53
BDAE
BC4E
BBDB
BC44
3BF0
BC20
BB36
BC15
3D10
3B90
3CA4
BCA1
BD30
BB67
BCCD
BD03
3D03
BD06
BD3C
3BB4
3D42
3CB6
3D26
BC46
BD5A
3D1B
BD28
3C9D
BD03
BCBE
3CC5
BD45
3CE1
BB92
BA15
3C29
BCD5
3C07
3CA0
BD9D
3DAA
3CD4
BC81
BD24
BCDC
BD2D
BD2D
3C74
BDA8
3DAA
39D3
BD8E
3C88
BD75
3C47
BD8C
3D6D
3DC0
BCFA
3D9E
3D6A
BDC1
3D9A
3C48
BD4B
3D6A
BB9E
BD13
3D7F
BC93
3D80
3CF1
3C21
BD3F
BD07
3CB2
3D1A
BC6B
3DA8
BD08
BB3F
3CCF
3CEA
BC5F
BD08
3CD7
3B4E
B9A7
BC59
BB85
BD52
BC3A
BD7B
BC52
BC8F
3B8F
3D38
BD94
3BCF
BCF3
BD86
3C4D
3C81
3CCF
3AED
3C67
BC94
BD8E
BD9C
BCD4
38A8
3D0C
3D2F
BCA8
3D52
3B16
BD11
BC5E
3C8F
BBA1
BD1A
3A2B
BD43
3B3B
3CE2
BD5F
3C2E
BAA7
3AD1
BD13
BC8E
BCA1
3D2D
BCEC
BC7C
3D7E
3BDA
3C52
BD72
BCDB
BC03
BC19
3C2B
BC95
3D09
3CC1
BCFD
3B80
3D41
3B1B
BCF1
3BE7
BC1A
BCAC
BC50
3D54
BD2B
BC96
BC89
BCA9
BCB0
3CEB
3CCB
BBDB
3D4F
3CBC
BB0B
3C63
3D32
3D91
3D17
BB6E
3DB0
3CE4
3CC1
BD45
3D28
3C85
3BF6
BC90
BDA0
3DB5
3CE3
BC50
BD16
BD8F
BD30
BD1D
3C7C
3A97
BD18
BCE2
BC98
3CC9
BC25
3B6E
3CDA
BB8F
3CBE
3C69
3C2B
BB9B
BC24
3C9F
BB86
3CA3
3D0E
BB40
3CBF
3B7E
BBF4
BD08
BCF8
BC8D
3D0B
3D08
BD0F
3CA7
BC36
BD26
BD15
BC57
3BE5
BCBF
3CCB
BD2A
BCBF
BCE5
BCCE
3C3A
BCF3
BCA4
3CBF
3CB1
BD23
BC01
BBDC
BD63
BD0C
BD2A
BC28
BBDA
3CB3
3CE3
BD3F
BD41
BC8B
3D2B
BD57
3CAB
BD19
3C22
3CBD
BC1F
BD82
3D47
3C48
BC09
BB62
BBAF
BBB2
3C0D
3BFA
BD1B
BD65
BB86
BC9E
3D04
BA29
3D29
3C49
3C11
3CCB
3D0F
3C80
BCB8
BC80
3B77
BBE8
3C1B
3C9A
BCD5
3A92
B988
3C9F
BC91
BCFD
BD01
BD66
3CAE
BCD3
BBE2
BC8A
3CFE
BC9F
3CD2
BC46
3BCD
BC2F
3CF6
BA38
3C12
3CAD
BCCA
3D01
BD90
3B70
3D57
3CAD
3AD4
3D5E
3D36
BD00
BC18
BD64
BC42
BD4B
3D72
BC18
BD91
BB87
BC99
BC26
BC9E
BC9F
3CAA
BBB0
BCAE
BCB5
BB8F
BB79
BB46
BCF4
3CA7
BB49
BC14
3C5F
3CA2
BCBD
3CD6
37BB
3D00
BB92
BC0B
BCAD
BC5E
3B2A
3C1D
3B9B
3C76
3C78
BBBC
BD13
3AC2
3C8D
3CFC
3CA7
BCA8
3D3E
BC83
BB10
BC83
3D01
BC7D
3D31
3CF8
3CAB
3C1E
BD58
3CDD
3A18
BD04
3D84
3CB2
BCE3
BC4F
3C30
BD15
BC8B
3CFD
3AFD
3C0A
3CC1
BD12
3C4A
3B97
3B64
3CC6
BD16
3C2F
BD31
BC97
3C87
3D5A
3D42
BC0B
3CE5
BB39
BD10
3C8D
3C3E
BCEB
BC8F
3C67
BD06
3C0A
3D19
3B0C
3CA9
3D2D
BD24
BC63
3CC1
3C8C
3D04
BDB6
3A99
BD38
BCFA
3C90
BD19
BC38
BBCD
BD77
3CB4
BC39
BCCF
3B4D
BD4A
BD2D
BCFD
BB31
BD7C
3CE1
BCE2
BBE5
3D59
BD9C
BD8A
BC8F
3D2A
3ADF
3D20
3D33
3CBB
BB1C
3D2D
B959
3C49
3B31
3CC7
3C9A
BD0D
3D11
BC6E
BD20
BD01
BC83
3C85
BC9A
BBA2
3C1B
BD11
3C82
BD07
BC08
3B30
3C75
BC8F
BC12
BC71
3CCB
3D04
BC1B
BC3A
3B3C
3C95
3C03
BBAD
3C01
BB22
BC93
3C60
3D4C
BCAE
BC8A
BC38
3C8B
BC7E
BCB0
3C36
3B36
3C8C
3C15
3CA3
3D49
BC16
3D4E
BD56
BC42
BD14
3C8A
BD41
3985
3D09
BC9D
BBE8
3CC3
BD5D
3D7B
BC87
3CD8
BD36
3D25
3CEA
3CBA
3CFC
3A93
3CB4
3C0F
3CCF
BC85
3BE1
3D14
BD2E
BD34
3C1E
BC62
BBA8
BC33
3C5D
3CAA
BB2E
399F
3AFF
BC96
BB88
3C88
BBA8
BB28
BBA7
3C7F
BBD5
BC4B
3C95
BCC8
3C22
3CC6
BC83
BB8A
3C82
3C3A
BCA6
BD2D
3B04
BB86
3C81
BC3F
3CCA
3C0A
3BD1
BC15
BBF0
BCE8
3CFC
3D62
3B32
3C27
3D06
BC27
3D3E
3C46
BB2B
BC54
3B96
3D26
BC1F
3CF1
3C50
3C84
BC65
3C7E
BC9C
3B67
3B78
3CA4
3B9E
BC28
BBC4
3C09
BD37
BCCA
BC67
BBDE
BC44
3BCD
3CBF
BBB7
BC2C
BC17
3BA6
BC56
BC37
3D39
3CD5
BC62
BB03
3B4C
3C23
3C19
3C9D
3C3C
BC59
B926
3D8B
BB3D
3B6A
3C72
3C9F
BC18
3D4C
3C12
3D27
3CD3
BC50
3D50
BD0B
BCDA
3C35
3B85
BC9A
BAE5
3E00
BD19
3D77
3D09
BD31
3D13
3BCC
BCCB
BD0F
3C58
3CCC
3C8F
3A35
BCE7
3C09
BCE6
3CA1
BBD7
3CF2
BCAA
BC36
BC95
3BC1
BC31
BCBC
BBB4
BB34
3C71
3CE5
3C94
3C2C
BB70
BCB7
3C92
3CAF
BC18
BC1E
BC5C
3C86
BCC1
BBB4
BC53
3B1F
BC3D
3BFD
3C6E
3C14
BD34
3CEF
3CE2
BC4D
B947
3C9A
BC92
BCB4
BCA6
3BEF
BCD6
BD72
BCFB
BC2E
BCF4
3D04
3BD2
3C85
BBD3
3DCF
3C58
3C1F
3B82
3A6B
3DEB
38CA
BCCF
3BB4
3C5C
3D04
BD71
3CA3
3D48
3B43
BC07
BD28
3CA6
BC6B
BC27
3D07
BD21
3D40
3C73
3CE6
3C6D
BCB9
3D14
BBD8
BD2B
3C28
BC93
3D0D
BA63
3C8A
BBFE
3CA5
B939
BD66
BD17
3B3F
BCCB
BC94
3B16
3DCD
3A8C
BA96
3C37
3D20
BD7F
3D29
3CF2
3C42
3D08
3CF0
BD02
3D56
BBFF
3CC2
3C94
BDCA
BD8F
3D28
3B98
BD09
3C3F
3D1C
BD3B
3DCC
BDB2
3D0E
BC8C
BCA5
BD16
BCB2
3D09
3BE7
3A15
BCF1
3B0F
BD05
3C14
BB22
3D23
BCF1
BCB6
3D74
BC63
BD29
BCBF
3A94
3C99
3CB9
BB76
BCA8
3C2D
BD45
BC63
BD45
3D2C
BBEB
BD98
3D5B
BD0C
BBCE
3D43
BCCC
BBE1
3A78
BD8E
3D97
3CA6
BCE4
3CD9
BC7F
BD55
BD90
BDA3
3BFF
3C08
BD4E
BC15
BCC2
BCD2
BBA6
3A15
BCFB
3BFE
3C30
BD0C
3DAB
BD19
BD26
BC2F
BC62
BBF5
BCA7
BC08
BCD9
3C2A
BD16
BC20
BCDD
3D4E
3D12
3C66
BD95
BC36
BCA5
BD2C
BA9A
3D47
392B
3DB9
BC0E
3DD1
B888
BD03
BD0A
3C3F
3D4D
3C8D
3C1E
BD17
3B7F
3C0D
BCA8
3CD3
3C8E
3C4A
3D2A
3C68
3D36
3BBB
BC24
3B0D
3D06
BC8B
3CB6
3CE4
3B39
3CFF
BD33
3B08
3C61
BD19
3D8A
3C8A
BCDF
BBA1
BC92
BD32
BCAC
3C20
3D37
BD00
3CE6
BD04
3C73
BBA3
3CAD
3CE6
BBE6
3C70
BD33
3B34
3BDB
3D82
3C98
3BF4
BC8C
3A9A
BD70
BCD9
3CBE
BDA1
BCC0
3AC8
3C41
3D33
3D72
BCF9
BD41
3D68
BD3E
BBAD
BD22
3C71
3D3C
BD4C
3D0E
BC8B
BC27
3BA7
3C13
BCD3
3BE7
BD93
3D2E
BCE7
3AAC
BA72
BCEF
BC17
BCFF
3C11
BD8C
3D4D
BBD5
3B35
3CEC
BD59
BDF2
BCB2
3D0D
BCD7
3D1E
3CE5
3C6D
3BB2
3D01
BC61
3C9E
BC27
3C0A
3AFC
BCC9
3CE1
BD1A
BD27
3C63
3C9D
3CDD
3ABE
3CBD
3C20
BC06
B866
BBC0
3BA5
BB04
3B18
BC21
BCD6
BAB3
3B90
3C6D
3C96
3B92
3B3D
3D30
BD30
BBD2
3CCA
BCE5
3D1A
BD36
3B1A
3CA2
BC7B
BD2A
3CED
BD1A
BD0A
BC49
3D19
BC26
3CF6
BCB8
3D2C
3D7C
BD14
BC8F
3D39
BD99
3C15
BD37
BCF3
BC1C
3D4D
3C19
BCAB
BC73
3D04
3D18
BBD1
BBE6
3C15
3D3C
3D51
3C06
BD1F
BA92
3C58
3D2A
3BF2
BCD6
BD35
3CD1
BCCD
3D19
3A32
BD12
BC17
BB0F
3BED
3CB2
3B0A
BBFC
BB27
BC6A
BCE8
BBA9
3CFD
3C51
3C32
BD37
3CE4
3C8A
BC48
3C63
3B34
BCE9
BBD1
3D2D
3D12
BD07
BCBF
3C83
BC46
3B33
3BBD
3CA9
3CB8
3CC6
3C1B
3CE4
3C2D
BC67
3D5D
3C46
3CA7
3C89
3CE9
BCBA
BD04
3CC9
BD23
BD01
BBEA
BBFC
3C37
3ABF
3BA9
3BD1
BC70
3C50
3C6C
3C94
BCBB
BCB3
BBC9
3C89
BC8B
3B77
3C78
BAC3
BC8D
3BEC
BC74
3C13
BBD7
3BD1
BB78
3C14
BCB6
BCC5
BC2E
BC6C
BD1F
BC17
BC61
3C6F
3C77
BB9C
BD31
BD28
3C1F
BCBD
BC3D
3CAD
3CF5
3C11
3CA2
3BDE
3BAD
3AE7
BD3D
3C08
BCA5
3C97
3B99
BD36
3B6D
3C03
3C43
BD69
3CF3
BC8A
BD0B
BC1A
BB5D
BD01
3A61
BC83
BB6D
BB9F
BB64
3958
BBDC
3CD5
BC2B
3BAC
BD0E
BCE4
BC0A
BB16
BB53
3959
3D0B
3C26
3CA7
3C43
3BBA
BC5F
BBF5
BD02
3BE8
3C86
BC8F
3C31
BC4D
3CB7
BB43
BC64
3C7F
BCEB
3C57
BC8B
B991
BCA4
3C08
BC5D
3B86
BBD4
3C2E
BC3C
3C01
BBB8
BC56
BBF1
3AC5
BCFC
3D08
3B20
3CBE
BD27
BAFB
3D58
BD1F
BC5D
BC44
BD38
3CAD
BCB9
3C01
3CB5
BD40
3D4E
BD37
3CFE
3C71
BD25
3BF9
3CA1
3BDC
BD1D
BD30
BCFE
3D08
BCBD
3BE0
3B30
3D4D
3D63
BB05
3C60
BCAA
BCC2
3A4B
3BE2
3C87
3D40
3D25
B9EA
BD5E
BB37
3D5F
3D17
3B88
BC12
BCE2
BCEF
3D2F
BCB9
BCEB
BC3E
3A31
BC71
BD12
BB07
3DC8
3C64
3B4B
BC53
BBC7
3C9C
BC2B
BDA0
3D02
BD64
3CC6
BBF7
BC98
3D0D
3D91
3D93
BDAD
BD3E
3D6F
BC22
3D15
3C01
3D81
BCC6
BD13
3BC1
3D55
3D0D
BCF2
BD59
BCD7
3D2F
3D2E
3A99
3D68
BC67
3CC2
3D09
3CA0
3CC3
BD86
BCE0
BCC7
BC44
BCFA
3D14
BC18
BC4D
BB66
BB93
BC57
BD3F
3C17
3D32
3BF3
BC5A
BD32
BC66
3C46
3C2F
3C53
BD09
BCF5
BC62
BD47
BD63
BB86
3D63
3D8A
BC6D
3C32
3CF4
3BE4
BCF4
3C12
3DAA
B9DF
3C85
3D40
BC3D
3C82
BC71
BCF2
3C2F
3D17
3C1C
BC04
BBAE
BBAA
3CE6
BCEA
3CEB
3B77
3BF8
BC93
BCAB
BC1F
3C9E
3D04
3D00
3A43
3D08
BC14
BC0C
BD01
BBD3
BCEF
3CB8
3B2D
3B0C
BCF4
3C56
BC92
3BE7
3D04
BC86
BBA0
BC99
BC28
BD32
BC65
BC76
BAEF
BD55
3B65
3BEC
3C01
BDA2
3C0A
BB3C
BD94
BC75
BD7A
3CD6
BD18
3D1E
3CEA
BCAA
BD8C
BB28
3CD5
3C72
3CEE
3CAC
BC96
3D35
BD6E
BD07
39BA
3CE0
BCEB
BC8E
BCBA
BCB6
BB9B
BBA3
BC09
BCD7
BAE5
BCC1
3A1C
3BCE
3D1E
3C14
3C85
3ACF
3C3C
BC00
BBB7
BCD0
BB19
BC07
3CA8
3ACC
BC8C
BBD3
BCEF
BB23
3B62
BD30
3D35
BD03
BBCC
3CA2
3D31
BB18
3C8D
3C38
3D81
BCA8
B947
3986
3C1C
3D0F
3D1D
BD07
BD20
3D9A
BDB6
BD21
3D05
3D3D
BD05
3DA2
3CDF
BDB7
3D94
BCA9
BD41
BD05
3D7C
BD1E
BC3E
BB82
BC91
3AC0
3CF9
3C18
BC2D
3C86
BA48
3D83
3BEC
BD06
BD60
3D90
3C38
3C38
BBE0
3BEC
BD4F
BCA5
BD69
3CF8
BD62
3D47
3CE3
BCF7
3C37
BC8A
BD07
BC73
3DAE
BC23
BCCF
3CFF
BCB0
BD4A
BB84
3C45
BC19
BD65
BC91
3C1F
BC76
BD71
3C0B
BBF0
BD7A
BD0D
BD41
3CB5
BCAC
39CA
3D39
3BCC
BD58
3CE5
3CEE
3DA3
3CD7
3D76
3B8B
3CAB
BBAE
BCFF
3D16
3CBA
BD4E
BB24
3C08
BCF2
BD1E
3B07
BD3F
3CCA
BD2F
3C3B
BD4C
3D3B
3CD3
3D64
3D63
BC59
3D8F
3C0D
BD03
BC18
BCE7
BD67
3CEE
3CC8
BD66
3D23
BC06
BC78
BD8A
BC5E
3DA7
BD0A
BC72
3A1B
BCEB
3C87
BCC9
BC42
3D8C
BD33
BC60
3BC8
3933
3C34
3D23
3B76
BCF4
3D8B
BDC5
BB90
3D0A
3D83
BD1C
3D00
3D83
BCE6
3DCE
BAC2
BD31
BD22
3D44
BD28
3D16
3D4E
BD19
BC8A
3CBE
3C5A
BD07
3C73
BC5E
3D51
BBCB
BC0B
BD19
3D1A
3C1E
3D0B
BB8A
BD0E
BBB3
BC09
3BD7
3B8D
3BC2
3CA2
3C89
BCDB
BBEF
BCB1
BD07
BD3D
3D78
BD07
BC1C
BC86
BD00
3C46
3B80
BCA5
BC22
BCF7
3CAB
BBDF
BAEE
BC02
3CAB
BCA4
3B09
BCE3
3C71
3D66
BD1F
BC95
3D1A
BC91
3BD4
3AB9
BC17
BC57
3CBC
BBAD
BA88
BC63
3CA7
3BF7
3CAE
3D10
BD73
3B74
3B57
BCDA
BD37
BC0C
BC24
BB25
3C78
BC0C
BCC3
3CC9
BC39
3CAB
3CCE
3B58
3CD5
3903
3C33
BB89
3CE8
BBFA
3C97
BC8B
3CDF
3C40
3C9A
BCC3
BCE3
3C38
3CE6
BD03
3C36
3D1A
BD4E
3AAC
BC3A
3C33
3D08
BCD7
BC64
3CF6
3BDF
3BB4
3CB1
3D2A
BB5F
3CA2
3BE3
3D06
3C2E
BCAD
3D6D
3C24
3C9A
BB7C
BC01
BC9E
BCDB
3B3A
BCD1
BD00
BC34
3CB2
BD60
BC5B
3CF2
BBC6
BCCC
BC11
3AB2
3D32
BB44
3BCF
BCDF
3D6B
3D87
BB24
3D43
BC4D
BD84
BC2D
BD82
3C92
BD77
3D5A
3D47
BC43
BBCC
BC94
BD25
BC5D
3CB7
BCC3
BC46
3A7C
BD09
BD32
3C1C
BD8E
3B14
BD42
BBF9
3C31
BBAE
BDE8
3CC9
BDE9
BDA6
BD9C
3D25
3DD3
BD9D
BB3B
3D62
BD8E
BD8B
BD4D
3C82
BB1C
3D77
BC7D
BD3E
3D89
BD99
BC45
3CA7
3D4D
BD26
BCDC
BCA0
BD0B
BC5E
3C9B
BCF6
BBEB
BCC8
BC8A
BC0B
3D5F
3BA8
3D84
3D4F
BCB5
3D99
3D47
3B2A
BD12
BC83
BD87
3D60
3CE6
BD25
3D2B
BBEC
BBB8
BC0E
BCF4
3DDB
BC95
3C53
3D03
BC61
BCCB
BD55
BB55
3DC2
BD58
3C4A
3C82
BC30
3D5F
3CF5
3CB5
BC82
3DF8
BD58
3D0E
3D64
BCE9
3DDC
3D54
3D3B
BD97
3C84
BCB0
BDCE
BC8F
3D06
BDBE
BB88
BBEB
3D0A
BC7A
BD0B
3CA7
3D26
BD1A
3C8B
3B7B
3D27
3CF8
BCE6
3CA3
3CF1
BD35
BB55
BC35
BD0E
3BCF
BD67
BBBF
BD01
BBB8
3CDC
BC0C
3B98
BCDD
BC47
BD14
BD91
3B82
3C47
3D2D
BCA6
BBC6
BD48
BCF4
3A0C
3A65
3B44
3C24
3BFA
BC85
3C70
BD65
BC1A
BBF6
3C22
3C06
38F7
3AD6
3C5B
BD0D
3B92
BB6D
3C7F
BDAB
3D1A
BD46
BD36
37CE
BC18
BD19
3D24
3A28
BCCE
BC43
3C26
3CFA
3B22
3CD3
BCA8
3C87
BD27
BC99
BAD2
BCE1
3BA8
3D4F
BC94
BC8F
BBD3
3C9C
3A9E
3D04
BD3D
BD15
3CF3
3C82
BD8C
3BFA
3CA6
3C13
BCB0
BCEE
3CF7
3C2C
3C60
3CC1
3BD1
3D12
3C14
BAF5
3ACE
3C47
3C3A
3CCE
BC2D
3D46
3CD0
3D1A
3D18
3BC0
3CDD
3D3E
BBBA
BC03
3DBF
BD23
BC99
BC1C
BC81
BD84
3B79
BCC7
BBD0
3C31
BD3E
3D11
BD1E
3C9E
3C75
BBAB
BB3B
BD02
BB29
BA22
BBDD
BCA8
BBDC
BA43
3BA3
BC4C
3C6B
BCAA
BCEE
3B03
BC92
3B18
BC93
3C5F
3C75
3CCC
3B8B
BCC2
BD08
3CC3
3BB8
3C2E
BB4D
BCD2
BB9D
BD8E
3C8A
BDC1
BC65
BD4B
B9C4
BBFC
BC88
BD52
3CE0
BD51
BD54
BD28
3D9A
3D12
BD1D
BCF0
3CC8
BD3C
BD15
BDE1
3C5A
BCC6
3D17
BC88
BD53
3D0F
BD2D
BCC3
3C9D
3B40
3C64
BC47
BB89
BC1A
3C5C
3CFC
BBE0
3C09
BCE0
3C05
3C65
BB05
BC11
3B3E
B9FB
BBAA
3C37
3C59
3C0E
BBAF
BC61
BCC4
3BEC
3CC5
BC85
BBA0
BD17
3CA0
3B2F
BD75
3CD6
3D87
3D53
BC86
BC85
BD68
3D0C
BBBE
3D91
BD49
3CB9
3BD4
BCA8
3A78
3B84
3CDE
3B0E
3D31
BC50
3C50
3D30
3C98
3D8E
3CFF
3BC5
BD68
BC7C
3B86
BD22
BC9B
3D02
BD1F
BCD6
3C87
BBE2
3CA3
BAD4
BCA0
3A39
BC58
BD0F
3C33
3C72
3D2E
BBDD
3C29
3BCC
BC80
BB17
BD3A
BC49
BC06
3D6D
BC70
3D18
3D21
3C55
BC76
3D39
BD86
BD21
BCB1
BCBB
3ACF
BD34
BC7B
BC31
3C6F
BD70
BD17
BCEC
BD37
BC10
B9CE
BC34
3C92
3CD7
3D23
3D2B
BA45
3D07
BC39
3C8C
BD6E
BCB9
3D1A
3CDD
BDA4
BCAF
BCD9
BCC3
BD6C
3B89
3BE1
3C74
3C98
BC8D
BD1F
3C96
3D10
3CB9
3AD0
BD11
BCD3
3D1A
3D23
3CD0
BCEF
BC7F
3BAB
BD85
3D01
BC80
BCC5
BCB4
3CAA
3D19
3C85
BA5A
3D07
3CA9
3C54
3D38
BBE7
3AB2
BC16
BD76
3CD3
3C45
BBC4
BCFB
BC78
BBF5
BB92
3D85
BA5E
3C4A
BD26
3BEC
BC50
3D12
BD10
BCCC
3CE2
3CB7
BCA6
3C4C
BC33
3B64
3C5C
3C44
BD37
3C42
3CE8
BD83
3CAC
BB0E
3C83
BC98
BB96
3BBA
BC0B
3BB3
3C66
3C85
3C4C
BD1B
3CD6
BBAB
3C8F
BB2D
BC28
3BA9
3CCE
3B17
3C6B
BC88
BC9A
BC5B
3A3B
BC3D
BC35
3C0C
3CD5
BACD
BC38
3B7D
BC9F
BD2E
BD70
3CF3
3B12
3A05
3D03
BD29
BB45
BC8E
BD29
3C7A
BCB0
BB43
3BA9
3C82
BBE3
3D1C
BBF5
BB88
3C82
3C46
3C84
3B95
BC95
3B81
BD44
3C3C
BD46
BC23
BCC4
3D05
BC3D
BD60
BCB6
3C52
BCAD
3C5E
3C90
BC64
BC5E
BC27
BC56
BCC1
BBA5
BB2B
3BAE
BC5F
BCA3
BD39
3CBC
3A67
3CA2
3C2F
3C4D
3CB0
BC1B
BC11
3C9E
BAC3
BC2D
3CA9
3B4B
BC78
BC44
BC2E
BD33
BCC5
BC90
3D54
3D04
3CD7
3961
3D28
3D57
3D76
BA9C
3BA0
BC1A
3C8C
3C74
BC0A
3D14
3C4F
3C91
3C70
3C48
3B66
BB35
BC3F
3C8A
3D65
3CC8
BCA1
BCA8
3C94
BCC5
3BC2
BC31
BC46
3C32
BBB8
3D5F
3C11
3D12
BC57
3C46
3DB4
3CB6
3C48
BDEE
BD2B
BD83
3BC4
BD75
3D66
BC63
BCB3
BCB8
3DDA
3DC3
3C06
BD5F
BD21
3DBB
3D2F
3DB1
3B42
3BA7
3D9E
3C03
3D8D
3D8E
BCE7
3D28
3B76
3D49
BD62
3C30
BD69
BC5D
BDEB
BBFA
BD5A
BCC3
3B6E
3C8B
3CFD
BBE6
BC1E
BD73
3C91
BDD0
BD0D
3C55
3CAE
BC6F
BC25
BC69
BC9E
BDE8
3C21
BC1B
3BF4
BC6A
BD9E
3CFA
BCBC
3C06
3D29
3D3F
BC46
3D0D
3D1F
3D32
BD0E
BD63
BBCC
3D0F
3CCA
BCC9
BD2D
BC4F
3D06
3CB5
BC95
3C54
BCA1
3CD9
BCAD
BD3A
BD6D
BD7A
3D2B
BC9F
BA9A
BDE8
BCB2
3BA0
BDB9
3D45
BC8D
BE06
BD82
3D9F
BC4B
3D15
3B46
3D04
BBF9
3CF8
3E10
BC9D
BE07
3DB0
BB54
BC62
3D41
3C04
BB48
BC07
BE0E
BDA5
3BEC
3D98
3CEF
BCB6
3AFD
3DF3
BD58
3B86
3CF3
BA7D
BCDF
BCC5
3E11
BCF5
BC04
3D39
3D68
BD1D
BCF5
3C1C
3CB4
3CC1
3CFA
BD39
3C90
3C81
BD29
BC2E
3CBC
BD06
3C94
3AFC
3D99
BDCB
3D89
BDAD
BCFA
BCAF
3C66
3DA8
3BD9
BB8D
3C5F
BCAC
BD8E
BD19
BCAF
BBF5
BCF6
BD4F
BC67
3CF6
37D2
3D0A
BB33
BC81
3B96
3D5E
BD2A
BCA5
BBBD
383A
BCCF
3B8E
3C8C
3CE3
3BF6
3D4C
BD89
3D15
3C9A
BD29
397C
3D25
3C3A
BC1F
BD4B
3C80
3D1E
BD45
3C80
BCED
BDCC
BCD6
3D31
BCE7
3C25
3CBA
BCF3
BCE6
3D2C
BB02
3D17
BC9B
3CC6
BD84
BBEE
BD21
BDB6
3DAC
BC60
3DA1
3DAA
3BAB
BC94
3C40
3D26
BD4B
BD7A
BD01
3BBE
3C95
3B1F
3B6D
3D6E
3D5B
3C89
3D56
BCEB
3C2A
3CE8
BC9C
3D14
3DB3
3CBC
3B5E
3D3E
BCC4
BD80
BC2D
3C81
BC4C
3CEA
BC98
3BB4
BC6F
3C80
3D2F
3C83
3CD5
3D60
3D01
BC8A
3C97
BB53
BC59
3BAB
BBD0
3DB3
BCD4
3D09
BD0C
BC9A
3DA3
3B9B
BD90
3BFD
BDF0
3D08
BD09
3BCA
3CAB
3B21
BC11
3A16
3D83
BCD1
BD4B
3C5A
3A15
BD0E
BD84
BC84
3D5E
BD9D
BB7A
BC13
BCFC
3CB8
3DBA
3CE4
3D0F
BD63
BCA0
3BBC
3DF8
BD6F
BD47
3D9D
3D9C
BC71
BDCB
BC5F
3A76
3C8D
BD16
BD19
BD73
BE02
3AC2
BC9E
3AD2
3D43
BCD8
BC9E
BC92
3BB9
3D41
BCE8
3A78
3D9A
BC6C
3D89
3C0F
3D36
BC4F
BD07
3C26
3C17
BD2A
3D51
3B0C
BD1B
BD27
BC6C
3BC5
3CBC
3C12
3C92
3D0A
BC01
BC50
3DA0
3C6A
3C4F
BD9E
BDA9
3925
BCAA
3C06
BCF0
3C89
3DFE
3D97
3CB9
BD79
BD3F
3D76
BD70
3DA1
BD02
3D6E
BD90
3D83
BCE7
3D13
BB43
3D60
3C81
3D86
3D32
3D08
BCF1
3D89
3C9D
3D4C
3AE4
3D1E
BC4E
3C04
BB85
BD29
3D8F
3DE0
BC20
BDA6
3E3E
3C18
3D9C
BCA0
BD88
3DA3
3CAB
BC93
3D1B
3BCC
BD83
BE46
BD8E
3B61
3CE6
3C4F
BCE3
BD2C
BD42
BD82
BD5A
3C0F
BD81
BD72
BDD6
3D00
3D89
BC95
BB6B
3D57
BD05
BD08
3D00
BD71
3CD2
BCE3
BD71
BD46
BB69
3DE4
3AE1
3CE3
BD39
BBA0
BC1E
3D2B
BBF7
BD6A
3DCB
3CEC
3CC5
3BE4
BD26
3C2D
3D1F
3CB0
3C93
3CC5
BD13
3AF0
3D28
3DAA
3D1D
BB88
3DD4
BD73
BD0B
BDD6
3DA2
3CFD
3DB0
3D1B
BC2D
BCBD
BDC2
BAB9
3C71
3E10
BC3C
BD6E
3C25
3D8D
BD71
3C82
3D58
3CD1
3C1B
BCF8
3D16
3C22
BCA1
BD60
BCB7
BBB5
3DB4
3CB2
3CDF
BBCD
3D86
3D88
BD0B
BC1B
3B75
BDA8
3D10
BDD4
3CC5
BC66
3C5B
BD0D
BCA5
BC6B
3D65
3D54
3D3D
3B63
BC2B
3D2D
3CB6
3C8B
3E02
3CF3
3D10
BB39
BD1E
BD74
3D37
BC3C
3D75
BC72
3D22
BC76
BD93
3DD1
3CA7
BD54
BD03
BC98
3D18
3C14
BC7D
BD37
3D0E
BD8E
3C42
BCDB
3C58
3B58
BD7B
BCE6
3D10
3DAA
BD8F
3C9B
BDE2
3DBA
3B97
3D0B
3BFD
3DCA
3D14
BD73
3C21
BD39
3D42
BD24
3D50
3CD8
3CA6
3CFC
3B88
BDB7
BD2D
BDC8
BCA5
BC03
BC5B
BCE1
BCA7
BC08
BD70
BC8C
3CED
BCA4
3C59
BCC4
3B8D
3D4C
BD7A
BB39
BCCB
BC34
3D40
3D1C
3D46
BD54
3C89
BD12
BA58
3BF2
3DC0
BC8B
3D42
3C54
3D9E
BDBA
3D2C
3D79
BAC6
3C1D
BDB7
BBC1
3DC4
BDC4
3BA4
3D38
BD9F
BC31
3C9F
BD34
BCC8
3CD0
3DEB
3C65
3B11
3BD1
3CB5
B9E2
BD2A
3D9C
3CE1
BCA2
BCA3
3D57
3D68
BDF7
3D9D
3D79
3D8E
BD0F
BD29
3D78
3CFC
BB91
BD0A
3A99
3BE3
3AC9
3DB7
3B9B
3D1A
BD71
BD86
BD5E
BD06
3DAA
3D03
BCA4
BD03
BD33
BD57
BCEB
3C9C
3B17
BC3A
3D45
3DD2
3DCF
BC57
3DFE
BC30
3DC6
3DB0
3D05
BD04
BD37
BD3C
3DC3
BD15
3D4D
3B1C
BD3E
BD98
BD30
3C61
3C95
3DA4
3CCD
BC60
BC46
BD17
BC73
BD6C
3DFA
BD97
BCAC
3CB7
3CA5
BD9A
BCE3
BC0F
3DC5
BC31
BD68
B904
BD02
BBE9
3CDA
3CA9
BC59
3D4F
BB87
BC54
BBAF
BD7C
3D92
3CE7
BE0F
3DA0
3B87
3D93
3DFE
BDDA
BCA1
BD22
3D93
BD4D
BCA4
BC83
3C8C
BD04
BDC2
BCE5
BD3F
3D19
3CC7
BBDB
BCE9
BA45
BBB2
3CE0
3BB0
3B86
B99D
BD38
BCF4
BAEA
3D5E
3CC3
3B1A
BC9B
3BCA
BCB9
BBD7
3BF8
3C24
BD15
BE3D
BC5F
3D49
BE0A
BD12
BCF8
BCD3
3D68
3C8A
BCFD
3D32
3CC8
3C01
3BE3
3CC2
3B34
3D34
BC84
3D40
3DD3
3D21
3D0F
3B82
BD96
BDD0
3CC0
BD2E
BB28
BC32
BC2A
BDCE
3D87
BDA8
3CBE
3D76
BC41
BD5C
3C3B
3E10
3DD2
3CB1
BBD8
BBB6
3D12
3CD4
BD80
3D8E
BDCB
BC4B
3DE6
BD8F
3D58
BD0B
BCCA
BCEB
3D5F
BB9E
BC2D
BD03
BD8E
BD53
3D9F
BCF4
3DE0
BCD8
3CE2
3DB0
3D6A
BD38
3ABF
BDD7
3D34
BD50
BC9E
3E4F
BD3E
BC67
3CA5
BC15
BC91
3B8D
3D8A
3CB6
BD7F
3BC8
3CF0
3D76
BCE4
3D79
3D85
BD8D
BC8F
3CFB
BC5C
BC96
BC91
BD94
BD95
BCC5
BDDE
3D18
BD43
BD7D
BD25
BDBC
BD12
BDDA
3C36
3ACE
3D24
3C94
BD81
3D5D
BDBF
3DE9
3D8E
BD2A
BC81
BC52
BC83
3C29
BCCD
BD6A
3C8A
3CA6
BC93
BC7E
3D5A
3D52
3E1A
BDAE
3D62
3CF7
BC58
BDD2
3D04
BC05
BCC0
BC10
BD77
3CEC
3CCE
3D87
3E2A
BD02
BDEB
BC92
BE03
BCE6
BD95
BD42
3ABE
3C30
BAC8
BD38
BD83
3CE3
BD61
BD06
3D1A
BD85
BD56
3D1B
BDC7
3C42
BDA1
BC56
3DBC
BD69
BD59
BC32
BD4A
BD94
3D9F
BD76
3D73
BD0E
3BFC
BC70
3D03
BCAD
3E11
3CEC
BCC5
3D03
3C79
3D3B
3DC2
BD8E
BBC2
3C8A
BCAC
BDD6
3B5C
BB06
BD4C
BCA8
BC9B
3CC7
BC0E
BD05
BC06
B9A9
3D34
3C36
3D40
3D72
3D26
3E03
BD35
3CF0
3E09
3D3B
3D1F
BC99
BCE7
BD92
BD59
BDD4
3C4A
BD1F
3CEE
3D06
BC33
BD74
3BDA
BC04
3C51
3DDE
BCA3
3C7F
3D6B
BDCD
3CC7
BD29
BD0F
BC34
BC80
BD36
3C63
3D63
3D73
3CD7
3C21
3D9F
3CA8
BD8E
3C25
BC55
BE36
BCFC
3C23
3D10
BCDC
3C02
3D9B
3B79
3D12
3D98
3D43
BCC7
BC6D
BD8E
3CD6
BD79
3CA0
BD9C
BB92
3C83
3CB7
BE3E
BE13
3DB5
3D97
3D93
BB2E
3D45
3D90
3DAA
BDB4
3D4F
3CBF
3C8E
BD59
BCD8
BCF2
3D91
BE1A
3CBA
3CC6
BD68
3D82
BD05
BC1B
3D84
3CBE
3D78
BD2E
3DA7
BA12
BC41
3DF9
BD46
BD49
BC87
BC7A
3E2D
3B78
BD31
BC69
3C97
BCFB
BCC1
BC8D
BDEB
3CD0
BD1C
3CB4
3D8F
3C46
BC5F
3D4B
3C46
BD1F
BD8B
3D1B
BD67
BCB0
BD91
B9C0
BD78
BCD0
3D61
BB84
BD3D
BDD3
BDB8
3DA3
BD0E
3CC4
BD8F
3DA4
3905
BCD3
3AD0
BD5A
BC8F
3A95
3E06
3D65
3D7B
3D09
3BFF
BDC0
3D58
BCDB
BD7B
3D07
BC88
3D07
BB92
BD2D
BCFB
3CC2
BB2A
BD95
BB1F
BDA3
BE02
BD53
3D8B
3CC8
BC74
BC4A
3B83
BD0E
3B65
BB1A
3DCF
3B81
BDEB
3D71
BDB6
BD0F
3D89
BD58
BBFD
BD03
BBDD
BD0D
BDA0
3E29
3DE5
3D0A
BC97
BE03
3D8E
3D5F
3D24
3D6D
BD7C
BC64
BD24
BD87
BD0C
3925
BD01
BDF2
BD87
BCB9
BD87
3B9A
3D57
BCCF
3D0D
BCD2
BCB3
3AF7
BC92
3D4C
3C91
3B8F
3D56
3CDF
BB4C
3CC6
3D90
3D8A
3C89
BC9A
3D11
BDA3
BC67
3C3A
BD96
3D9F
3C83
BD4D
BD51
3D85
BC31
BD31
BD20
BD5E
3BA5
3C8C
3C3B
3B78
3D2F
BC40
BA50
3B43
3CEC
3CB8
3C7B
3D99
BD0A
BCE2
3D2A
BD8C
3C5A
BCDD
BCC3
3CD2
3C96
BD5E
3CC3
BD50
3C84
BD32
BD42
3C17
3D70
3CA4
BDAA
3D21
3CB6
BB00
BC11
3D2F
BD80
BD61
3CFB
BD60
3C81
BD08
3CE7
3CB8
BC2C
3D20
3C98
3CA7
3C83
BCD8
3CE0
BD8A
3D30
3D9B
3C81
BB97
3B44
3B91
BD2F
BBB8
BD48
3D43
3BB8
BD6E
BCB7
BD01
3C9A
3A8E
BD8D
3D9A
BD71
BD2A
BB94
BC65
3BBC
BCF3
3BAF
BD31
3C04
3C5F
BC23
3C34
3CB6
3B07
BD57
BD24
BD02
BD08
BC80
BD68
BC9B
3CF4
3D9F
BCE2
BDAC
3D89
3C0D
B9C0
BDC6
3D24
3CD2
BD19
BD9A
3CB2
3D1E
3BB5
BC3A
3D34
BCD4
BB33
3D47
BC58
3D04
3CCE
BCAC
3D59
BC78
3B5D
3D46
BCE4
3CBD
BCDF
3D40
3B10
3D53
BC15
BD94
3D0C
3D8D
BD81
3D1C
BDAE
3CC5
BD9A
BCED
3DB0
3CA5
BDB0
3DB1
BBFB
3D8B
BD48
3D06
BD0D
BDDF
3D7A
3D48
3D91
3D17
BD05
3D04
3D16
3D0B
3D46
3B9F
BB9A
3BDE
3D3C
BC74
3CA2
BD2B
BCD0
3D31
BC4A
3C68
3D3A
3BEA
3BD3
3C5A
BC4A
BC93
3C75
3CB9
3D24
BC3E
BCD4
BD18
3B96
BCDB
3D0B
BCAC
BD90
BD72
BCD9
3BC8
3C85
BD20
3BB0
3D76
BCD7
3D91
3D1E
3CB6
BD41
BCE2
BD8C
BD84
BAEC
BDBA
3DA7
BCDD
BDCF
3CB5
BD10
3C82
BD99
3D9F
3DA5
3B33
BCDD
BD81
BD42
3CB4
3D5C
3D3D
BD27
3D2A
3D2D
3CD6
BA12
BC78
3C92
BD2E
3D33
3A49
BCE7
3D49
BCD9
BA48
3D1A
3B0F
BC0E
BD64
BCFD
BDA5
BD18
BCB5
3DA8
3CF6
3DC1
BD6C
3D38
3C70
BD58
BC81
BE15
BDA2
BBFD
3CC4
BE33
3D77
3C9B
3D0F
3D05
3CE0
3D38
3E3F
BBE9
3D54
BD68
3D1A
BB23
3C99
BCF6
3DD2
3CE6
3C98
BDB6
3D19
3C60
3C0E
3C9D
3C84
BCB1
BD2E
BD35
BD5E
3B16
3BAB
3D37
BCD3
BD16
BA31
3BDB
3D75
3CF2
BBDC
3D1F
3D89
BCD6
BD8D
3CA3
BD0E
BD2B
3DDF
BD75
BD4B
BCD3
3DF6
3CB2
3CBD
BBBD
BCDF
3D20
BDAD
BDD7
3D2F
3E3C
3BF6
3D74
BD34
BCB0
3D5C
3B11
BC86
BC1F
3C17
3D37
BCDD
BC3D
3CEB
BC44
3BCE
BCB1
3DB9
BD33
BC84
3D16
BAE3
3D48
BBBB
3D4C
3B02
BD6A
3B62
3D45
3D83
3C8E
BD67
BD13
3CC2
3D86
3D10
3C91
3D16
3D40
BBAB
BD86
3A98
3BC4
BD4A
3C76
BC90
BCDC
3D17
BD3A
BC81
3CB1
3B3D
3DC9
BD39
3C6E
3C8A
BD85
BD48
BC9D
3E19
BC2A
3C40
BE06
3D76
BC2C
BCDC
3D36
3D20
BD70
3D87
BD1B
3D64
3D74
3DB4
3BF1
BC79
3CF8
3D8B
BCED
BBDD
BDB2
3C93
BCD9
3CE1
BD51
3C17
3C17
BC81
BC51
BD90
BD64
3A1A
BDC5
BD68
BCEE
BAC5
BCE5
BD45
3CA0
BD78
BD68
BD51
BD7B
3C80
BD7B
3DE8
BB90
BD23
3B90
BCC9
3DB8
3C7C
3C52
BD9B
3C0C
3D62
BC18
3D35
3A26
3B92
3C4B
3D56
3D9B
BD36
3B0A
3BC0
3C57
BC5F
BC9D
3D49
BC86
BD59
BD7B
3D9F
39EC
BD63
BBB5
3CBF
3C84
3D0C
3AD7
BD48
BD82
B9AB
BC38
3C36
3D40
BCFE
3CAA
3D37
BD68
BD46
BBC3
3D9E
BD5A
BD79
BC5E
3D26
3CB8
3DF1
3D87
BD10
BD71
BC1F
BDB2
BBB6
3C5D
BDBA
3D7A
3DE3
BC25
3C12
3CC4
3CC1
3D1C
BD18
BCE0
BD4D
BB78
BD54
3D78
BE09
BAA0
BD14
BC6C
BD8D
BC89
BD07
BC89
BB43
3CEF
3CE1
3D06
3B4A
BDAC
BD8A
3CC2
BCF2
3DB9
BD08
3C5C
3C53
BC8E
BD58
BCDB
3D82
3C74
3A5D
BCAB
BD71
BD1B
3D6E
BD76
BD38
BBCF
3D8F
BCBC
3BB6
3C90
3DA5
3CB3
3D06
3CDF
3D95
3D5A
3D75
BCB2
3DAB
BD23
3D8F
BDC5
3C9C
3C95
BC8E
3D99
3D2B
BD15
3CA0
BDC9
BCDD
3CC6
3AE6
3CD9
BBB8
3D17
3D1F
BD3D
BDE1
BD86
3D60
BD55
BCE8
BAF6
BC4D
BCC4
BCC1
3CA0
3DB1
BD1F
BDAF
3D12
3CAA
3C8A
BB33
3CFF
BCCC
B979
BCA0
3C95
3C95
BCB1
3CD1
3C47
3C99
3C4F
BD0E
3DAB
BD6A
BC0E
BD0E
BBFF
BD9E
BD88
BD08
BCA4
3CEA
3CFB
3D25
3DAA
BC35
BD26
BC60
BD68
BCB3
3C57
BD24
3D7C
3DC2
BD0D
BDF5
3CB3
BC83
3D93
BDBF
3DC6
3D97
BC80
BCD8
BDAE
3C93
BD17
BD94
BCDE
BD54
BE1C
BD91
3D11
BD3D
BD50
BD13
3CA2
BD84
3D41
3C8A
BBDE
3D2A
BE17
3DDC
BCF4
3DBD
3D99
3DF4
3DE8
BDA9
BD7E
3D1D
BBC9
3D25
3CCA
BD4E
BD4F
BCBA
3CA9
BD10
BD69
3D2A
BD04
BB89
BCEF
3D39
3CE3
BD9C
BC82
3D79
BCA2
3CC2
BB36
3D10
BD98
BB92
3C0A
BD22
BD90
3D87
3D9E
BC8E
3D57
BC03
3C96
BE0E
3C1A
BD9A
3DC1
3D6C
3C39
3D11
3DCE
BCB8
3E1A
3D01
BCB4
BB8D
3D52
BD74
3DB0
BD60
BD54
BD85
BB92
BB9E
3D5D
BDC0
3CB7
3D09
BD2D
BD16
BD1D
3D8E
BC92
BCE4
BD21
3CE9
BC68
3E0D
BBA0
3D50
3D17
BD52
3D2A
BDAC
3D6D
3C23
BCD4
BCDE
3C87
3C57
BD0B
B9A9
3C5A
3D20
BD86
3CCA
BC90
3CD7
3C30
3D98
3D1B
BCDF
3D1D
3B03
3C88
3D90
3B34
BD02
BB4E
3CE0
BD3C
BD8F
3D27
BD9A
BBF4
3BE5
3CF0
BD35
3CF5
BC5C
3A1B
BD48
3C9C
3C33
BD50
BB43
3D84
BC15
BD57
3D79
3D25
BD03
BC38
BCBF
3C95
BD1E
3C6A
3C3F
3B68
BD33
BD75
BD10
3D43
3CFD
3D34
3DC6
3D58
BD7C
BBE4
BB41
3CC8
BCFE
BCDC
BC9A
BBC3
BD18
3A8E
BCEF
BD81
BD02
BD4F
BA57
BD7F
BC24
3BCE
BCA3
BD35
BC9F
3D9A
BD65
3BBE
3C31
3C45
BD90
BCB5
BA78
BCAD
BD7D
BD21
3D36
BD87
3CB9
BBAA
3CB7
3DEE
3CB6
3C86
3CDB
BBD2
3D25
BD9A
3D7A
BC84
3C14
BCC3
3C8E
BDAD
3DD1
3A85
BDA4
BD03
BD72
3C6E
3DA8
3D0C
BBD8
3D0B
3B77
3CEF
3CF9
BBB8
3E0A
BB47
3CDB
BD91
3D1D
BB09
BDE7
BD11
BC9D
BC64
BD13
BD40
BD01
BD5C
3D8D
3CBF
3C88
3C48
BC5D
BD20
3C28
BD2F
38FA
3D8F
3CD6
BD2F
BDB0
3CDD
3D65
3C2D
3DA5
3C52
3D8D
BDD7
3DE5
BD48
3C87
3D94
BCCA
3D45
BC63
3D8F
BDA3
BBA4
BD41
3D4C
BD48
BC2D
BD1C
3C09
BCA9
3CC7
39F2
BCFE
3D0F
3CC5
3DB9
3CB9
BCBB
3D8F
BCFD
3C6C
BD95
BBB2
BD16
3CA9
3CC8
BDDB
BCF9
BC30
3D9B
3D38
3B41
BC06
BD12
BC12
BBF9
3CD2
BCFF
3C9C
BD54
BD84
3D23
3D12
3C3E
3D8E
3DE5
BC68
BD34
BD11
BCD2
3A5B
3BB1
3D08
3C48
BB26
3C6F
BB3E
BD99
BCAE
3C42
3D77
BD0D
BDC2
BD31
BC6C
BC76
3DC9
BC78
3C81
3D73
3C93
3C1B
3B47
BCAF
3C8B
BC3A
3CAE
BD74
3C1A
3CEA
3C39
3D2A
BD5E
3D78
BD23
3A6C
3D3F
3D0F
3D6C
3C91
BC9A
BCBC
BD09
BDCB
BD0E
3CBE
3CDB
3CAD
BE07
3BCF
3D09
BD3E
BDA9
3D8D
3CDF
3982
3D50
BBF3
3D2B
BC9D
BC46
BB84
BBC5
BD22
3BDF
3BA1
BC5A
BCF1
BB99
BCCE
BD33
3D76
3CE2
BBB8
3DD1
BC1F
BBEE
BC79
3D1D
BD0F
3D52
BD30
BC30
3CB0
BB74
BD3A
BD38
BD4E
3BDE
BBDC
BD67
3E05
BD20
3D30
BDD8
BD62
3C11
BD07
BD99
3D70
BCF1
3C94
3D0F
BC8C
BDDE
BCD1
3DB2
BD26
BD0C
BCDC
3A81
BD3D
BB2B
BD23
BD9A
3BCA
BCCA
BD54
BDED
3CC8
3D93
3C3A
3D15
BCC0
3B84
3CEE
BC90
BC19
3D84
3C01
BC37
BD4E
BD36
3CA4
BDAB
BDE2
BCA3
3D46
3D81
BD23
3D0A
BCD3
3D73
BD20
3E43
3BC3
3BCF
3D2D
3C9D
3CF9
BC08
BBB4
3D06
BCE8
BD57
BD91
3C67
BD01
BD91
3D89
3C27
3C9A
3CAB
BCC0
BDB6
BD88
3D3A
3BC3
BD9A
BD84
BC6E
BBC5
BD05
3D0A
BC55
3C8C
BB5C
3B49
BCA0
3CC2
3DE3
BB9C
3C71
BA71
3D19
3CBD
BD69
BD2A
BD85
3CAA
BC9C
3BCD
3D5F
BD4C
BD50
3C7E
3D2D
3D22
BD80
3D61
3C92
3C8E
3D1F
BC73
3DBE
3CDD
BCF1
BD0C
3CAD
3CD0
3BC3
BD55
BCEF
3C25
3CB8
BD55
3D27
3CA7
BD2C
BCFB
3BB9
3D51
BCB9
3D10
BB76
BC9C
BBD0
3DA8
BD87
3D83
3CAA
3CE5
3CCD
BD95
BD8C
3CEB
BC27
3B0F
3D37
3C8C
3D19
3C0A
3E3C
BD35
BC54
BC87
3D27
BC94
BD2B
BB92
B872
3DA8
BD08
3D9B
3BAC
3C3E
BC93
3D15
BD88
BA3B
3CF4
3D42
BDAF
3D41
BD41
3C48
3CEF
BD29
3D3E
3DCC
3D68
3D22
3CE5
BD3B
3D0B
3C16
3D61
3C58
BD1B
3CB5
3CC7
BCA6
BCB3
398A
BD9D
3D02
BCCC
BDEF
3CCE
BD0B
BDB0
BB56
3DC8
BCC5
BDB2
3D11
3CD3
3DBF
BCB9
BCD7
3B95
3C91
BCBF
3C24
BC95
3C5D
3ABC
3C09
3DB2
BD1F
3C87
3C92
BCD5
BB6C
BDA2
BBAB
BCDF
3D5A
3CC9
3CAA
BD30
BDEB
3D4F
3C9E
3BB1
BC29
3CC1
BDB8
3D37
BD24
BCE0
3CE5
3D1F
BB33
BDAD
3CE7
3D7E
3CA1
BDDB
3C5D
BD17
3C6C
3CD3
3DDF
BD0C
BD0A
3B08
BCE0
3DB0
BD27
BD2B
BDBB
3D21
3DB0
BC98
3D4C
BCAD
BC89
3CD1
BCAC
3C55
BC93
BD09
BCA9
BBB7
3C73
3C8D
3C94
BD3D
3D12
BC2A
3C83
3D1B
3D72
3D9E
BD66
BD93
3C5D
BCAF
BBF6
BCCD
3C63
3BDB
3D03
3BBC
3CB2
BDB8
3C2F
3C81
BD8A
BDD9
3D11
3C6E
BD12
3DBE
BCC0
3E03
3C7B
3DA5
3D2A
BD05
3CB4
BC24
BC2F
3BED
BCCC
BCEC
3CAF
BD84
3D59
BC57
3D73
3B98
3CB7
BBA3
3DC8
BCE1
3C9A
3D77
3C7B
BD80
BCB8
3D66
3CCA
3D00
BC62
BD4B
3CE7
3CB3
BAE9
3ADB
3C6B
BDD3
3BB0
BCFB
3CD1
BC8A
3D03
BC50
3CFC
BD90
BCBF
BD27
3C8B
BDDB
BD66
B9C3
BB7A
3D1B
3C90
3C8F
3DEF
BCAD
3CC2
BB27
BCB4
3D32
3CC5
3CAE
3D6E
BD1E
BC74
BD0F
3D5E
BB64
BCA1
BD98
3B19
BB9A
3B85
3D32
3D83
3CD2
BD86
3AF5
BC9B
BCA5
3CAF
3D9E
BCD3
3D27
BC0A
3CD9
BCBF
3D0A
3B2A
3A0C
BD02
3D7C
BCD0
BD49
3C13
3CCF
3C3C
3BC5
BC83
3CF5
BC2A
3D18
3CC2
3C99
BD38
3CBB
3D58
BD6C
3D52
BDFC
3D6D
BBD3
3D2A
BADA
3CEC
3C16
BD1B
3D9B
3D1B
BBFA
BD2C
3AB8
BD87
3AE3
3D78
BDDC
BCA5
BD7D
BD5A
3CD0
BCD6
3D8C
BC27
BB5B
BCD4
BC02
3BD6
BE2F
BD58
3D91
BCDD
3C92
BD29
3D0E
3CAB
BD60
3D42
BCBB
3D1D
BCD3
3D9F
BCFB
3D5F
3DB5
BC27
3C2E
BD3B
BD11
3D5C
3CEA
BD3B
BD2A
BCC6
BD06
BB13
BD2E
BCB9
3D9F
3DCF
BAE7
3D71
BCDC
3CE5
3B91
3B43
3CCA
BD42
BCEF
BB9A
3CC0
BDBF
3D44
BCB4
BC7C
3BEC
BD72
3D45
BC70
BBE9
BD35
BDA3
3D67
BC84
BD29
BBBB
3D45
BD5D
3D6F
BD04
3CAF
BBF1
BC4F
3CC8
39FC
BE14
3C28
3CC9
3C98
BD37
3B8B
3D10
3D6B
3D86
BD06
BDE1
3D3C
BCFE
BCCC
3D2B
BD2F
BCFD
3CFC
3D63
3D8E
3CAD
BCAD
3C8D
BD80
3CF2
BD28
3C6B
BBB3
3D36
3DB5
BC96
BD17
BD45
BBF7
3CE0
BD08
BCD9
3D38
BD25
BC3F
3CBB
3C52
BD34
BD10
3D45
3D4B
BBCE
BC49
BC6D
3DA4
3B1A
3D40
3D16
BCB0
3D1F
BCFB
BD35
3C03
3D07
3CA5
3C8E
3D48
3D0D
BDAA
3CBB
3D62
BB4B
BD54
3CED
3BC2
3ACB
3B13
3C0B
3AF6
BD02
BC48
BDCC
3C4E
3C81
3BD7
BD48
3CAD
3B05
BACB
BD36
3BDC
BCCC
3D02
BCA6
BD29
3D5D
BBA6
3D93
BBDF
BC84
3D6D
BCA7
3DAA
BD02
BCD2
BD80
3C09
BD28
3D01
3CB1
BD0D
BD0C
BCA5
BB5C
BD1D
BC3A
39FB
3D1F
3C91
3C9F
3AD8
3CC5
3D34
3CD1
3BD2
3CC5
3D11
3D03
BC40
BD49
3D4B
3D42
3B95
BD18
BC83
3CDB
3B93
3D8A
BB05
BD8D
3D65
3D5F
BC50
BCF0
3D18
3D00
3B11
BCFE
3CCB
BC9B
BD27
3D2D
3D66
BBA7
BCE6
BD75
3D5B
BCCD
3D88
BCD2
BD01
3C49
BB45
BD0F
3DAD
BD22
3D45
BCB3
BC30
BDAE
3D00
3AE0
3BD3
BCA6
BCD0
BA74
3D0B
3D5C
3D80
BC5E
3B89
3E0E
BCDD
3C4A
BD27
BDCD
BDF7
BC1B
BC76
BD6D
BBE0
3D00
BCF1
3D28
BDE3
3D12
3CAE
BD0C
BC8D
BCFF
3D3A
BC77
BCB9
3DE2
BD03
3D68
3C76
3D68
BD63
3D42
3CE5
3D5F
3C8A
BD2E
BD20
3CDC
3D39
BDB6
BCBD
BDE7
BC69
BD98
BCD9
3BB9
3D11
BC10
BD86
3DB5
BDD7
3C5E
3BA9
BD5A
3C82
BD49
BC69
3D8C
3D85
BD78
3DCE
BCA3
3D98
BB16
BCC5
BD4A
BDF5
BD1C
BBFE
BDDE
3A84
BCB1
3D93
BB2F
BD37
3AD3
3DB4
3C63
BC03
BD83
BD64
BD18
BDAC
3DE8
3CC7
BC2C
BD89
BD92
BD66
BDC9
BD89
BD3B
BD17
3DC4
3C63
BD2F
BAF1
BDC6
3D14
3CE0
3DC4
3C64
3D90
3C81
BDB5
BBDA
BCC9
BA5C
BDD4
BD12
3D22
3D18
BDA5
BBCA
3D94
BCF5
3C6D
3D33
BCB4
BDD8
3DE6
BD90
3CEF
BC5A
3C7E
BDAA
3C00
BCCB
BD72
3DD7
3AE3
BDA5
3D8A
BC31
3E09
BD44
BE42
BDB8
BCBF
BC15
3A2B
3D0D
BC17
BCC8
BD24
BCFE
3C67
3CEE
3D0A
3D77
3D97
BD04
BDE8
3E21
3C41
BCD0
3C61
3D97
BDFA
3D97
3D02
BCC2
BCAE
BDC7
BC97
3DA5
3DBA
BDBE
BD9A
BD9D
BC82
BD81
BD4B
BD13
3C9E
BCFD
BDB8
BBF5
BCD3
3D40
3D26
BCB8
3C92
BDAB
BD19
BD15
3D9C
BB10
BD41
BD3D
3D07
BD23
3D93
3D8D
BD73
BC73
3D18
BD1A
BB03
BC2A
3B16
BD3F
BDA3
BCB8
3DF4
BD0D
3DC2
3C26
BD59
BDBE
BC74
3D7A
3C7F
BCAE
BD80
BD79
3D10
3D11
BDEB
BD37
3CB3
3CF4
3D2A
BDCB
BCC5
BD77
3CDE
3D7A
3D06
3D6F
3DB1
3DB9
BDA9
3D77
3D9D
3D8E
BC9F
BD4A
3DB3
3D8A
BC78
BD1B
3D6C
BCDF
BCF5
BC81
3D1F
BC72
3CE4
3D56
3CB6
BBD4
BBA0
3BED
3C83
3D26
3D6A
3D0F
3AE6
3B5F
BE1E
3D41
BDFA
3C2E
BD18
BDAF
3B3D
3D34
BCDD
BC29
BCED
BCF1
BDA3
BD7B
3D30
BCC5
BC7B
3D25
3DAE
3D2F
3D6E
3D8F
3D1E
BC63
BD92
3BEA
BCCE
3D3D
BD6C
BDB0
BC98
BB8D
3D1B
3C66
BC93
3C11
3C68
3C88
BC03
3C94
3CD1
3CAE
3D9F
3CCF
BA38
3E10
BDA6
BC7B
BC62
BC0A
3DE9
3C0B
BB9F
3D94
BC9F
3CF7
BD0D
3D70
BD09
3BC0
BD3D
BD1A
3D1F
3BA9
BE12
BC7F
BCA9
BC6D
3D07
BCE6
BD81
3D1D
3CBE
BA51
3C4E
3CCB
3D3E
3D97
BC37
BDA1
BBC2
BD2C
3D21
BD2E
BB7D
3BF4
BD31
BBE4
3BB6
BD32
3CAB
3C57
3BD1
BCC8
3D40
3C24
BD82
BC40
BB77
BC36
3CA0
3CD3
BCBD
3C42
BD68
3CE9
3D01
3CC5
3D85
3CCD
BBEB
3CDE
3D53
BD10
BD34
3DA4
BBBF
BD4A
3D61
BD1E
3D4F
3D7C
BC65
BD74
3CF9
BD9F
BCAA
3D23
BDB7
BCFB
BA65
3CA8
BD45
3D96
BDF1
3CB9
3C8A
BD35
3CB5
BCD9
BD4A
3CA7
BD52
BD42
3BC3
3D15
BC02
BCAF
BC31
BD58
BD8E
3D3B
BC0F
3D79
3BAE
BD13
3D20
BC95
3C9D
BD21
BC79
BDB3
BD98
BBC3
3C90
BBA4
3D8C
BC87
3D15
3CDD
3CD0
BCCD
3CC5
3E21
BC08
3D1C
BC85
3DAF
BDE0
3C94
3B09
3E0E
3CA7
BC24
3DA5
3DA0
BB14
3C54
BD3C
3BCE
BD05
BDAC
BDB4
3C96
BBAC
BBF5
3D81
3DA4
3DB4
BBA3
3E42
BD1A
BCAD
BBBC
BCA3
3CA4
BAE3
BD25
3D04
BB02
BDB0
3C82
3CA0
3D2C
BE0B
BDA8
3948
BD9E
3A9E
3CF2
3C00
BD2E
BBC2
3D30
3B15
3C83
3AB5
BCEE
BC7A
BCA2
BBD2
BBCE
BCE0
BD9A
BBCF
BC99
BDEB
BCEE
37EF
3C60
3C69
3C53
BD30
BB8F
3CBC
BD72
BD86
3D21
BC8C
BDA6
BC93
BD5A
BD1F
3D01
BC84
3CC6
3BE5
BCA5
3CFD
3D50
3C62
3DB0
BD73
3C81
3C27
3B76
3CD3
BD9B
3D84
BD1D
BD99
BCF4
3D96
3CF2
3B3C
BD89
BD9C
BD0F
BDBA
BD8B
3D57
BD70
3D90
BD61
3C8B
BDE9
BD59
3B7C
3DB0
3D7E
3D73
BD48
3C77
BC30
3CAA
3C33
3D44
BD4A
BDAC
BD7B
3C37
3E0D
BD1E
BC7C
3B10
BCCF
3CF4
3D8D
BA94
3CD1
3BBA
BD09
3DB8
3D71
BD6F
BC99
3D20
BD61
3D8F
BADD
BDB0
BB23
BDDA
3D4C
BD55
BD78
BDFA
3C1F
3BB6
BDAD
BD17
3D18
3D70
BCA9
3CAF
BDBA
BD1F
BD87
BB4E
BDF7
3C1A
3CA7
3D1F
BE1A
3C2C
BC15
3CEA
3C43
3CDF
3DA1
BE15
BDC3
BD11
3CA1
3D67
BBDF
BCE7
BCE0
BDAC
BD19
BDE2
3D42
B9F9
3DE7
3BDF
BBEE
BA66
BAE8
BCFF
BD88
BD3E
3C2B
3CB8
3C0B
3D9C
BBFC
3D05
BCDF
BCED
BDBB
3DE6
BC8C
BCCB
BD8E
BDBB
BCED
BDBE
3D66
3C9A
BD7A
3D54
BCBB
3CA9
3CDF
3D93
BC4D
BBDA
BD10
3C7E
BD5B
BD4D
3D4E
BD7B
BE17
3CB7
3C1B
BD69
BD0A
BE55
3CD9
3C15
3C02
3C13
BA5D
3D4F
BC45
BD6C
BCEE
3C6B
3D37
BCC5
3D53
BCE2
3D17
BB90
BC94
3D47
3C88
3D8A
3D16
3D9C
3B9E
BD66
BCDB
BD66
3E26
3B7A
BDB1
BBB3
3C74
3CCA
3D54
BCD7
3CE0
BD6F
3C16
BC95
3D50
3E24
BCE0
3B27
3D40
3CA2
BD91
BCA0
3C82
3C49
BC69
BDFC
3D1A
BD08
3CAD
3D2F
BDC0
BC8A
3D3E
3DA1
BD02
BC53
3C10
BD5D
BCDE
BCC6
BCC5
BDE1
3D8B
3C9F
BD1F
BD45
3D65
3D7D
3C1C
BCD5
3CFA
3D13
3C44
3D92
3AAB
3DA3
BBE9
BD0B
3C81
3635
BD17
BC3E
BC89
BB27
3D33
BD8B
BD60
3A4B
3DB3
3D57
BC6F
BDA4
BC4A
3D34
BD00
BD08
3B9C
BB5F
BD41
BCB8
BD27
3D68
3D63
BDE0
BC04
3D83
3B9A
BBB2
3B0F
3C02
BD19
3CFC
3DC5
BCA3
3DD4
3D03
3B73
BD99
3D82
BA72
BCA1
3DA0
3CAB
3CD6
BD2B
3D4C
BDDB
3D2E
3D04
3C37
BC0B
BC3A
BC62
BD06
BBFB
BB5D
3C0C
BDA4
3AA1
BCD0
3CCC
3C8B
BCAC
3CC5
3D06
3D14
3C33
BD8E
BC89
BC9B
3D0B
BC15
3D71
BC06
3C07
BD38
BBC1
BD35
BBCF
BD80
3BEA
3DF9
BC92
3D37
3C54
3CD5
3C4A
3D3D
3D10
BCB5
BD1D
BC2E
BC92
BD35
3C81
3A28
3D9E
3DA7
3A9E
BD93
BCD2
3DC0
3D3A
BD22
BD2D
3C3F
BCB4
BC12
3DF7
BD98
BB1E
3D3C
BBFF
BDD4
3CA0
BCE1
3CBE
3CA2
BCBB
3B94
3CED
BD93
3C9D
3D57
BCC6
3C59
BCF8
3D1A
BBD4
BD10
3D70
3D09
3D30
BD62
BA0D
BDA0
BB82
BC11
BC80
3B6E
BC9F
3C8D
BDDB
BB8D
3CCD
BD34
3D5A
3CDF
BD86
3DD7
BB59
3C3E
3D88
3D3F
3C84
3D7E
BC2F
3DA2
3C18
3CB9
3CF8
3CA9
3B43
BD6D
BD24
BC84
BCFB
BC03
BCB9
BBED
3DB2
3CF3
BD28
BC93
3D84
3D92
BC5B
BD60
3BA5
BD37
BE08
BDC2
3AF6
3D9E
3B8C
3D8A
3C2A
3CA9
3C8E
BDEA
BCCC
3D58
3CA0
BC8F
BD05
3C93
3C9B
BDB5
BD7F
3B72
3C7D
BCF5
BD33
3D24
3CB1
BDD1
3D46
BC86
BC0E
BCA8
3D3F
BCC7
3DAE
3B4B
3BC4
3CE3
BA46
3DA8
3C0C
BDD0
3CC3
BB6B
BD30
3D4D
3AE6
BB1F
3D51
BD15
BB19
3CA3
3DB9
BB1F
BD71
3CF9
BDFA
3D34
3D4F
3BF6
3DBB
3D3A
3E1B
BD81
3C83
BD08
3CCE
3B9A
BDAB
3C77
BDB0
BCC3
BD90
3D83
3CFD
BD62
3C65
3B7F
3CF6
BDDB
BCF6
3A44
3C18
BD3D
BCF0
3B68
BD26
3C0A
BC29
3D5B
3B7B
3BBE
3D5D
3DAC
3C95
39E0
3D5C
BC6F
3B89
3D81
BC53
BDA4
3E09
3D82
BD80
BBD1
3D08
3B46
3D3C
3D0F
BDF1
BC35
BD94
BDBE
BD4B
3C2B
BD1F
BBAC
BB5B
BD3A
3D5C
3C9E
BCB2
3CCD
BC85
BD2F
3D0F
BDC3
3D10
BC14
3CD6
BD20
3CCA
3CFD
3C97
BD28
3C43
3D50
BC34
3D80
BC86
BC1F
BC8E
BD63
3BF2
BCB2
3D49
3D38
BAB8
BBC1
3D21
BD40
3D11
3C87
BDC5
BCF0
3DC8
BB9D
3D3B
3D42
3A9B
BDF3
BD55
BD22
BC89
BB5B
BE0B
BD13
BD85
BBC1
BDC6
BCA1
BC1E
BDBF
BDD7
BDA7
BD29
3D20
3CF2
3D3F
BDFC
BD99
3D3F
BDAB
BBE9
BDA3
3BCD
3C02
3D41
3CCC
3AB6
3D74
BBA9
3D9B
BD24
BD12
BD18
3C08
3C4A
BD10
3B93
BD2C
BD7C
3CDA
BAE5
BD67
BCF8
3DB5
BC53
BD10
BC12
BC7D
3BDA
BC09
BC24
3C89
3BE0
3CAA
3D49
BC97
3DE5
BD8B
BDA5
BC01
BC8C
BC75
3D68
3BE4
3D84
BD9D
3CCB
BD85
BD55
BB4D
3D1C
3D44
BD96
3B84
3D5B
BCFF
3D35
3C0F
3D41
BC8E
BC96
3BA9
BCBB
3D20
BD96
BD10
3D5E
BD71
BDEA
BD80
3CDB
3D60
BD80
BD1E
3DA9
3D8E
BC49
BCAD
BCDC
BDD3
BC4E
3D55
3B8E
3C26
3DBE
3D23
3B88
BCDD
3D06
3D24
3E02
BC97
3C60
BC0A
3D4F
3D91
BD7B
BCA6
BD96
BCC9
BB47
BD1B
BBA5
3D77
BDA1
BD66
3D09
BA48
3B23
3CC1
BCBC
3D35
3BDB
3D4A
BDB4
BD00
3C61
BCFF
BD08
BD8A
3A95
3CCE
3C76
3DBA
BD91
BBED
39DD
BDE2
BD70
3D19
3CEA
3B3F
BBC9
3D80
3D16
3C61
3D70
BC5C
3C25
3B3E
3D2C
BD1B
3CC7
BDD2
3C55
BDB6
BD90
3B58
3DBB
BD82
BD07
3CEB
3C4A
3D8C
BA40
3C6D
BD8E
BD09
BBC2
BBFD
BC1C
BC57
3CD7
3C00
3DC3
BDC3
BCFD
3B70
3CD1
BC1E
3BF9
3B77
3C84
BCB4
3D87
3B25
BDAC
3C0F
3BCE
3D2E
BDA5
3D6D
BBAC
BDBB
BCD4
3C65
3BE1
BBB4
3CC0
BBEF
BBF1
3941
BC90
3CF4
3D0E
BCA9
BD75
BCD8
BC04
BD72
BCAB
3A74
3CBC
BD70
3CDB
3C5F
3CFA
3C7F
3CF9
3CB6
3BC7
3D39
BD70
3D36
BDA7
3DD2
3C34
BD81
BD16
3D9B
BD1E
3CAA
BC94
BD45
3CFD
BD6D
BD8E
3D5B
3DB4
3D2C
3D71
3D97
BA82
3CA1
3DA2
3D45
3DD2
3D10
BE56
BDB1
BD0E
BDDF
BD2B
BD09
BDCB
3CCB
38A8
BD18
3E20
BC40
BB06
3D16
3D28
BD21
BC96
BCF2
BD28
BB09
3D41
BD9C
3C42
3D9A
BB9A
BD79
BB9B
BBC1
3D16
BC98
BD3C
3D0D
3D21
BE10
BBEF
3D6D
BC81
BD5F
BD19
3CC5
BDD2
3DD0
3D31
3D3C
BB3D
BD80
BAAD
BD0E
3B48
BD42
3C20
BE1A
3D66
BD9E
BB9D
BDAA
BD00
3CCE
3D4D
3CB8
3DA7
3DF6
3CBC
3D55
BC8C
3CAA
BCEA
BCBA
3E10
3C7C
3C2F
3DAC
BD59
3D4B
3AE2
BDB8
3D06
3C98
3C1F
BD5E
3D71
BCF5
3D05
BB82
BCAE
3C69
3D52
3AC5
BC82
BD64
3D6B
BD21
BCC4
3AAB
3D16
BBE1
3D61
3C14
3D46
BC77
3BE4
BCD6
BCF3
BCBD
BC0A
3D15
BCF7
BCF6
BD2C
BDA3
3BB3
BADA
BCBF
BD06
3D72
BC02
3C05
3D12
3DFA
BC0B
3D18
3A12
3D6B
3D04
BD16
BCF6
BD29
3D57
3CE3
3CD3
BCD5
3BE5
BD3C
3D55
3C91
3D36
3CF2
BC03
3AC7
3B4A
BD2F
3CFB
3E0C
3D0F
3C21
3B2C
3BD7
BC26
BDEF
BCAE
3D0A
3BE8
BB52
3DA6
3D51
BD2D
3B2E
BCB5
3C89
3D61
3B67
3DC5
3C6A
3D83
3D85
BB89
BD45
3D46
BD2B
3D5A
3CB5
BD96
3C96
BCB7
3DBB
3B37
3C88
3D6A
3CE2
3B84
3D60
3D67
BC3B
BC53
3D33
BCC9
3D7F
BDC2
BB0A
3AA7
BAAA
3C6B
3E24
BCA1
BD92
3C33
BCAA
BCAA
3D14
3DCD
BD81
3BC9
BCDE
3CE2
BC48
BD4E
3C9D
3CEC
BD1E
BDA6
3C9B
3C77
BDB8
3E05
3CA0
BD15
3D7D
BD6F
3DB5
3BF4
BC83
BBC4
BB2B
BCA5
3C69
3D5F
BB90
BD0A
3D99
3D88
BD4F
3D13
BC9A
3CA0
3A9F
BCFA
BDA8
3DB8
3CA0
BC4D
3D5F
BD36
3CC0
BD82
3D52
3BF0
BD0A
BD21
BD0E
BD96
BC2D
BD39
BB81
3C4E
BD24
3D27
BC9F
3C94
3C23
BB9A
3CD0
3DAC
3C0B
3AC8
BD6B
BC8E
BDDD
3D2F
BC52
BD52
BD62
3D5A
3D58
3D99
BD87
3CE0
BCD9
3D8E
BC67
BC4D
3DBB
BC90
BD8A
3CBC
BD0A
BC88
3C63
3C36
BC97
BAE8
BC7F
3DCC
BC13
BD2E
BC01
BD7C
BC8C
BD87
BBD5
3D27
BC8A
BCB7
3D07
BC8A
BCA4
BD1F
3CC6
3C93
3BFB
BD08
3C79
BD26
BCDA
3CBF
BD1A
3D1F
3CA9
BE16
BBCA
3D6C
3D23
3DB1
3D7E
BCEB
BCC7
BD0C
3C5C
BD72
BD3D
3C16
BD35
3D75
BD83
3CFF
3B09
3CCE
BD72
3C9D
BD47
BD02
BBB6
BB93
BCF3
BC03
BCE4
BCCC
3C18
3D0B
BD0D
BD02
3D91
3B78
3D17
3DF9
3D25
3D19
3C1D
3CCE
BE34
3D18
3E18
3C03
3BD4
3BB6
BD1C
3BEF
3C80
3C3D
3CED
BD71
3AE3
3CBA
3E02
BD39
3A81
3CBD
BD0B
3CC3
BD35
BD04
3D97
BC78
3D06
BDAA
3CDF
BC42
BCC8
BDAD
BC97
BD8E
BCD3
3C39
BD92
BBCC
3D2A
BC8C
3D8C
BD40
3CA6
BCF8
3C86
BC73
BCE0
BD63
3D84
BD54
3C76
3D82
3DA3
BDA4
BCB7
BD0B
BC7B
BD8F
BB1A
3D97
BBB8
3D31
BCCE
3CED
3CA3
BA8C
BC2C
BDB0
3CCB
BD4E
3D6D
BD0D
BDA3
BCB1
3E21
BC49
3BD5
BA5C
3C43
BD9A
BD66
BD12
BD5A
BD8E
BD19
3BA9
BDA0
3D8B
3CF1
BDAF
BD21
3D19
3D37
BCB1
3D11
BBC3
3D73
3C8C
BC8C
BCDB
3DCC
3D6E
BCAE
BD7A
3C29
3CC1
BD0E
3C5C
BCF2
3B28
BD43
BCA5
BDA6
3D09
BCC2
3C03
BD41
3D9A
3DA1
BC2F
BD2D
BD64
3D3B
3C29
3C6C
BCEA
3C9C
3C9C
3D83
3D9D
3D74
3B18
BD52
3C08
3BEB
BCBB
3CFB
BD20
3BC7
BB7C
BCD9
3D82
BD65
BC4B
3CA8
3D60
3CE9
BD36
3D71
BA0C
3C03
3BD1
BD2F
3BF0
BC90
3D15
3D70
3C8A
3C98
BD64
BC87
BCC6
BD95
BD55
BD78
BD7C
3D43
3B86
3C36
3CE3
3D53
BC8F
BD4B
BC1B
3D4E
BD56
3D2D
BC9F
BD8D
3C52
BDE0
3D41
3C12
BA9B
3CA2
BCB4
BD04
3D14
BD27
BD95
BD05
3C91
BCB4
3C00
3DEB
3D5F
BDC3
BC3E
3CF0
3C09
3C8D
3C87
BD89
BD36
3D3F
BD99
3D18
BDF0
BBBF
BC6D
3DB5
BDAC
BD92
BC2A
BD50
3D89
3C57
BD27
BA87
BD8E
3BED
3D16
BDD0
BB6C
3D2A
BB84
BCAA
3D55
3D7B
3CA3
BC34
3D45
3B89
BBB5
3C5B
BD3F
3D06
BC54
3C04
BC02
3B5D
BC7F
3D36
3B86
3D5D
BCE9
BC80
BD1C
3D34
3DBE
BC6E
BD85
BC9B
3D8D
BB8D
3B12
BBA9
BD1A
3C33
3CCB
BDA2
3D9A
3CDE
3BEC
3CFD
BC41
3D8E
BCEF
BDAB
3D15
3D2F
3C1A
3DA0
3D23
BD41
3B81
3C81
3CB9
BA92
3B79
3D2B
3CDD
BBFE
3D32
3D44
3CC8
BCB5
BCDE
3C0F
BD41
3CCD
BD06
3DD2
3D2E
BBBE
BC6F
3D03
3CA8
3D47
3C64
BCAA
3D03
3DD1
BCD8
BDA9
BCC5
BD12
BC26
3CF0
3D82
3B9C
BD0F
3C16
3CA3
3DB9
BCB6
3D0E
3D4E
3D02
3D26
BCC7
BC90
BD3F
BB3B
BD15
3D34
3C44
BCB8
3CCF
BC86
BDD9
BD83
B99F
BD4E
BC82
3C35
BCA9
3D19
BD88
3DA0
3D83
BC8D
3D24
BD58
BC31
3C0F
BBCC
BC71
BE17
BB91
BB68
3CFA
BD51
3B88
BC04
3D33
BB4D
3CCF
3DA0
BBB9
3D00
BCE9
3C4A
BB31
BD8F
BC5F
3CCA
3C1D
BD07
BBDE
BC91
3D56
3CE1
3D3E
3C9F
3A83
3AA7
BD3F
BB21
3C8F
BC39
BC6E
3B18
BC33
3CE9
3DB2
BD8C
3C92
3DA4
BC81
BC77
BDA0
BCCC
3E27
BC8D
3CDB
3D1B
BD99
3D81
3CCE
BC4C
BCB3
3DCD
3DD4
BCB0
3BE0
3D62
BD10
BC13
3CC7
3DA7
BBA4
BC8B
3D3C
BD72
BD6F
BC95
BD37
BDB9
BD55
BCFB
BD78
BD51
3D17
3AA5
3D95
BDD1
BD24
BC99
BAE9
BD15
3D20
BA04
3D60
BD09
3CD7
BCCE
3D47
BD29
BC91
3BCB
3A57
BCA1
3BD6
BB0C
BB1D
3BB1
BC91
BCB1
3CC8
BD99
3CD4
3D31
BD80
3C92
BD04
BC9D
BD97
3D9D
BB15
BC02
BB93
BD25
BD81
3C15
BD5D
BD4A
BD0B
3DE0
3D27
BDA2
3DE6
3D87
3D0D
BDB4
3D20
3D1C
BD8E
BCEF
BD6A
3DDF
BD1D
3A02
BC07
3D83
3B8B
BD91
BD2C
3C27
3D33
3C15
3BFB
BC57
BD33
BBFA
3C86
3CFF
BD37
3D5A
3CDC
BBC0
BDA8
3B3C
BC3D
BD15
3CA3
BA85
BCC0
BBCD
3D9B
3C5B
3C92
BD48
3AB9
BC9C
3BFB
BD6A
3D8E
BD06
BD11
3D46
3DA7
3D1A
3C6A
BD0B
BBAE
3D1B
3C8D
3D56
3CC0
3C82
3C95
3D65
BD00
3C53
BCED
3E1A
3DC6
3D97
3C0E
3D08
3C86
BC63
BD5B
BD01
BD6C
BC7A
3CDE
3D21
3C9C
3BD0
3C27
BCBE
3C41
3B35
3DB0
3CFE
BDC3
BD32
3D9C
BD5F
BD20
3D0D
BAC0
BD2E
3D6F
3DB3
BCC4
3C71
3B68
3D27
BCE0
3D4D
3D80
3CB4
BC3A
3C2D
BCEA
BD83
BD35
3CFC
3DCE
BD51
3CFE
3CA9
BD8B
BD1E
3B16
3CA9
BDBE
BD59
BD29
BC20
BDA8
3D0D
BD89
3D84
3D34
BD03
BD24
3D50
BB6B
3BE5
3D85
BE11
BD23
BC77
BD05
3D55
BCD4
BD31
3D3C
BD87
BD36
3D81
3C66
3DAA
BD0B
3C0D
BCDD
3DCF
BCBD
BD4C
BAC4
BC19
3DB0
BDC9
BC95
BD43
3BAA
3D3D
3D88
3D1B
BD54
BB5A
BC34
BBA4
3D84
3AD9
BC88
3D54
3DA3
3D79
BBF8
3D13
3DB5
BBA4
BA61
BCB1
3D2C
BD13
BC0F
3D07
3C9C
BC0E
BCC4
3DB1
3D1F
BDB0
3A84
BD72
3CCF
3C95
3DC4
3DC7
3CA8
BA82
3E6A
BA89
BD9F
BD20
3BF0
3D2B
3D10
3C62
BCEF
BCE0
BB8F
BBFA
BCCC
3D3E
3DB2
3C99
BD24
BB29
3DB7
3D2D
BDEC
3B52
3D22
3C73
3C3C
3DD2
BCE0
BA88
3D5C
3D4F
3CC8
3BEB
3BB2
3D22
3C25
3C68
3D29
3A53
3CCE
3C5D
3D99
3D5F
BD10
3D00
3CEA
BC7F
BD42
3D2C
BCB1
3AB1
BCEC
BDA1
BCE2
BD80
BD77
BD3A
BDBE
BD96
BBAD
3D9E
3D4F
BCB7
BD6D
BD39
BDDC
3D32
3CC2
BCC7
3BEF
BC8A
3C1B
3D16
3D3E
3CE0
3D1D
BB69
3C26
BD9F
BD00
BE2B
BCBE
BDD5
3D0D
3D41
BD9C
3D15
BDFB
BD90
3B82
3D7F
3B79
BDFF
BBF0
3E3C
3E00
BD82
BDEF
BCE1
3DA0
BCD7
BDA0
BDD2
3C08
BD3B
BD03
3CA0
3D0D
3D08
3D05
3D0F
3C5E
3BE8
BD3D
BD00
3C85
BD26
3C0F
3CEC
BCC4
BE20
3D8F
BCE6
BD42
BD27
3E0A
BD88
3D8F
BB20
3C6F
BD8A
3D04
BD62
3DFF
3C9D
3DBB
BC31
BC5F
3D35
3CC8
BC05
3C42
BC75
BD27
3D25
BB9A
3C91
3CDB
3C51
3C27
3CFC
3D49
3C2E
3A75
3D8F
3B60
3A3E
3D85
3D2C
3D85
3DD8
BD0C
3DAE
3D92
3DEC
3D7D
3CCE
3BA1
BDAF
3CAC
3D3B
3C96
BB1E
BCF9
BC6E
3D0C
3D4E
3CC1
BD10
3DB3
3C80
3DAF
3C2A
BB5E
3D23
3C86
3C8B
BD0E
3D27
BDCE
BC95
3D6C
3D8E
3DFE
3D3C
BC67
3D5B
3CA9
BC8E
3C1A
3C5A
BCF3
BD9E
BD16
3B09
3D30
BD33
3D03
BBF4
3C1F
BC5A
3CB3
BC06
3D85
BCEA
BC64
BC9C
BB9A
BD18
BD56
BCE2
3D24
3CAA
3CA7
3D41
3C2E
3DA9
BC2D
3D92
3C4A
3D9E
3D10
BC00
3CDE
3C06
BAFB
BD30
BD9E
BCB0
BC9C
3CCE
3CEA
3BAF
3AD1
BC77
3D50
BD1E
3D0F
3B13
3DC4
BD26
3DC9
3B0F
BC2E
3D38
BD97
3C71
BD84
3B88
BD81
BBF0
BE4D
3D03
BD02
BD1B
3CDE
3B5E
3C9D
3D82
3B90
3D26
BCDB
3D5A
BD17
BD07
3DD6
3DD8
BD0A
BCEC
BC97
BBE7
3C40
3D35
3C88
BDC2
BD52
BD2F
BD5D
BBDC
3D3E
BD01
BC60
BD74
3CFD
3D57
BD00
3DEE
3D3A
BD94
3C88
3D04
BBAA
BCBC
BD14
BBE9
BCF7
3DB4
BCEE
BDA8
BC53
3D10
BC91
BD58
3CF5
3D05
3CC8
BCC9
3B86
3D6F
3D38
BD3E
3B2B
3B3B
3CC0
3D1C
BC7A
3D28
BCB5
3D5C
BC3D
3CB7
3D2F
BAC5
BCAE
BC84
3CE9
3D53
3BD1
BCA7
3C45
3CAE
BCFE
BCE9
3D00
3DAD
3C0D
3D8D
3D2B
3D82
BD2F
BDD4
BDB7
3B9E
3DAA
3D01
BD0E
3D08
3C0A
3DF0
BDCF
BDDA
3D36
BE0D
3D49
3C6E
BD52
BD65
BDD3
BCD1
3CC1
3C90
3CD4
3D4D
BD55
BCB2
BD8B
3D6A
BBD7
3DE6
3D77
BBF8
BDB0
BBD2
BD3A
BD9A
BCF4
BDA0
3D7B
3DA0
BD3F
BA35
3C06
3D46
BCD5
BD20
BAAC
BD47
BC4E
3D74
BD77
BD84
BCB6
BC4A
BD98
3CEE
BC0F
BBE3
3C86
BB9D
BD20
BDC5
BD7F
3D0E
3CB0
3CBF
BC70
BDA5
BC92
BCCB
BD5C
BD49
3D53
BD37
BD65
3D64
BBB5
BD8D
BC92
3C8F
BDEB
3CBB
BCAC
BD4F
BD21
3DBA
BD96
3B5B
BCBB
3D78
3DAF
3DAC
3D9E
3DB2
3CDA
BC9F
BD3E
3D62
3BF0
3C8F
3CD0
3D0E
3C93
3DBA
BC54
BD84
BBF8
BC7D
3D71
3BE0
BC5C
BBA3
BD7C
3C61
BCE2
3C28
BB56
3D43
3A70
BBE8
39C7
3C41
BDB2
BD85
BCD8
BCB8
3C5E
BCD4
3A82
BD2B
BC90
3C37
3CC8
BBDB
3D35
BC6D
3C48
3D4E
3D18
3D73
BD2E
3C8B
BD0F
3CD8
3D8F
BBC8
3DA5
BD05
BC2D
3D97
BC03
BD75
BD3E
BCDA
3C0A
3D3D
BD39
3CAC
3D76
BD7D
BE0C
BD0D
3CFB
3C24
BDB9
BD86
3D59
BA45
3D24
BDA2
BBF7
BC8F
3C19
BD2C
BCEE
3D37
BC28
BD17
3CF3
BC6E
3CA7
3D39
BD75
BD4D
3D69
3D43
3C45
BD01
3C5D
3DAB
BDAA
BC24
BDAF
BC30
BCA6
BC8F
BC02
3C00
BD29
BC84
BD89
BC88
3D1F
3DA5
3DAC
BC0D
3C7E
3C9C
3CEB
BD22
3D05
3D8B
BBD7
BDA7
BD25
3D87
BD7E
BBBF
BCCC
3D8C
BCA3
3C20
BCC6
BD2F
3C84
3C84
3C1A
3D2B
3D86
BCB4
BE0E
BC9F
3CDF
3D5A
3D24
BD18
3DB1
3D59
BCBE
BD2F
BD6F
3D87
BCC3
3D4A
3D53
BD82
BCD0
BC53
BD22
BB27
3D5D
BBED
BD80
BD28
3D2D
3D6C
BB29
3DB4
3CA1
3CE1
BC93
3D58
BD9C
3CD3
3CC0
BDA0
BD75
3C28
3D50
BC08
3D30
3C10
BD2B
3DC6
BD30
3D11
3CA8
3D20
BD85
B80B
BB2B
3DA8
BDAA
3D67
BD39
BD2D
3D6D
3D31
3C2A
3DC2
BD04
3D06
BDB6
3B67
3D84
3BFA
BE07
3D73
BD8B
BC9C
3BA7
3D8A
3D06
BC85
BCA4
BCE2
3D97
BC99
3D39
BC77
3D73
BD30
3D0E
3DEA
BD49
BB92
3D89
3D85
3D98
3D9D
BD98
3CF4
BCC0
3C34
3C67
3D49
BD16
3CA9
BCB8
3CD5
BD21
BD0F
3DF4
3D0D
BDB4
BB9C
BAC5
BD4A
BCE3
3CCB
BCAC
BCDD
BD6E
BCB6
3B9A
3CD1
BD33
BD45
BC10
BDE3
3BDB
3D2E
BD48
BC4A
BB9B
3D83
BCB3
BD91
3DB1
3D07
BB9D
3BC6
3B16
3B04
BC8C
BD7E
3DC9
3BD5
BD6A
3D23
BC17
3D9E
BCD5
BD6D
3CFA
3CD6
3AA2
3D02
3BDE
BD2F
3DA3
3BEF
3C73
3D2B
BD1C
3D99
3DB5
BC06
BD54
3C2D
BD09
3C59
3BEE
BC3A
3D8C
BC5B
3C14
BC68
BC8F
BC65
BD7C
BCB6
BAA4
3CC7
3CAB
3C9A
BB9F
3D4F
BD68
BCBA
BC15
3DB1
BDA1
3D8C
3C5D
BD1B
BCD4
BC69
3D19
BC56
3DB7
3CC1
3DFF
3CB1
BDA6
3D70
3966
3D37
BDB1
BC2F
3D3C
BCBF
BC66
3D02
3D26
3C09
3D4C
BD47
BD80
38FC
3D49
BC02
3C66
BC94
3AB6
BDFD
BD0B
3D88
BC96
3B07
3C0B
3D8C
BA94
3C8B
3CFC
3C1F
BC23
3D00
BD05
3DE9
3D30
BC86
BC5C
3D39
3E0C
3B9B
BA6B
3D49
BDA5
BC52
BC4D
3BD6
BE26
BACA
3D81
3D5E
3BD5
BD1E
3CCC
BD40
3D9B
BCC0
3D0B
BD25
BD71
3DB3
BDDE
3DFD
BB71
BD77
BC8A
BB33
3D87
3D37
BD50
BD7B
3B7D
3C63
BD47
3D89
BDCD
BD2C
3C33
3CEB
BCBC
3D36
BC40
3C92
3C1F
BBF6
BD7C
BCA0
3C52
BDE9
BDE0
3E01
3D05
3DBB
3D93
3D8D
3D4E
3D0C
3D8E
BDE3
3D1E
3D36
3D96
BBD1
BDE9
3C27
BCB5
3B02
BC01
3CA8
3C81
BCCF
BBD6
3B55
BE04
BBC2
3D56
3E23
3D78
BC19
3D30
3CE5
3CB3
3BB7
3C39
3C7D
BDA3
BD96
BE24
3D01
BD94
BCC7
BD29
3CE2
BC94
3D12
BD2A
3D42
3D60
BD69
BDD4
BD7B
3D19
3DBE
BE03
3D04
BD73
BD6D
3D7B
3C96
3D71
BD2E
3C8A
3C82
BDC8
BD2A
3DDD
B992
3D63
BD07
BC23
3D17
3CAE
3D1D
3CC5
3C84
BC61
3DD5
BAD4
BCA2
BDAD
3CE7
BDAD
3E20
BB8D
BD0D
BD84
BBD6
3C91
3D35
BD64
BCA5
BD1D
BD7E
3D2F
BB85
3E0B
BD65
BD8A
BD7E
3CA4
BD60
3CC0
3D11
3D07
3D19
3D92
3D18
3D12
3D0B
3C3B
BBDF
BD96
BD5E
BD94
3BC9
BD7D
3D58
BD26
BCA6
BD36
BB18
3D95
3DA4
BC17
BD04
BD9A
BD2C
BCE6
3B93
3CB5
BC27
3D33
BCBF
BBE5
3DCF
3C0F
3C81
3CA0
3D73
BC87
3CA4
3D38
BCE3
BC68
3DA6
3B38
3DB0
BAC8
3D13
BD12
3DCB
BD8D
BDC5
3D0E
BDB5
3BC1
3DC0
3C40
BC3C
3B62
BB47
BD24
3CA3
3DAF
BC7C
3DDE
BD2A
BD87
BD0C
3D5F
3CEC
B88A
BE1A
BB8A
3C96
3C46
BCBB
BCD6
BD18
BB0F
BCE6
3B9B
BCF0
3D0D
3D57
BC85
BD84
BCFE
3B85
BC61
3C95
BB5F
BC3D
3C0E
BCB4
BA34
BCA4
3DF5
BCD0
3D14
3CAF
BCF3
3CB5
BE32
3D16
BDB8
BBA4
3D33
3CD3
BCB0
BBE6
BD85
BBFA
3CC8
BD94
3BEB
BD35
3D80
3D29
BC03
3A7E
BD26
BD2F
BD33
3BF3
3CED
BD0D
BDFF
BD87
BAF9
3C42
3C00
BC95
BDF4
3E0B
BD34
BD08
BCCF
3AB7
BC4F
BDB3
3C06
3DCC
BDAE
BCCC
3CB6
3D2E
BB4F
BC44
3D7A
3C61
3CB9
BD48
BC82
3D83
3D75
BC50
BD93
3C70
BD8F
BBBA
BD3B
BC53
3D96
BD1F
3CFE
3CA5
BB97
3D03
BD83
BA73
BBF2
3BC7
BC75
BBA0
BD35
3D26
3D07
3B42
BDDC
3D03
3D30
BD9D
BBE2
3BD2
3C1A
3D27
BC15
BCFE
BB52
3DD6
3B9D
BDA2
3B49
3CA1
3B94
BDA0
3D15
3CF2
BD6E
3BBD
3D47
BD87
3DF4
BC6A
3D79
3CC2
3DB7
BD04
3D8F
3D47
3CA7
3B73
3C34
3D5C
BCCF
BCB4
3C54
3D15
3CCD
3D81
38C6
3D5E
B8F3
3D1B
3C6D
3CC0
BD1E
BD12
BACF
3CD2
BDA1
3D02
BD88
BCBE
B9D6
3D92
3B28
3D7E
3D5E
BD08
3D23
3CF8
BCAA
3C9D
BD82
BCB4
3C2A
3BA6
BCDD
BC14
BD28
BE02
BC63
BD03
3D3B
3CB3
BBA7
3D47
BC47
BB38
BD44
3ACA
BCB8
3C8C
3D79
BCC7
3D32
3D99
3D53
BC7B
BC81
3D8C
3DC8
3D8E
3C94
3D5A
3DEC
3A24
3B89
BD9C
BC94
3D49
3C50
BC83
BD5B
BBCC
3D4A
BC8D
BD04
BCFF
3E09
3D8A
BD2E
3C1C
3D30
3CB1
3D3D
3DF8
BDC1
3D89
BCA9
BD71
BC9C
3D31
BCEB
BE14
BDE4
3D3B
BD8D
BD11
BDF1
BD6F
BBD7
3CC9
3C88
3BF2
3CC3
3DDA
BD0C
BCDB
3DA1
BC27
3CB5
BDBB
3CE0
3CB1
BD68
3D3F
3D60
BD85
BAF9
3DE6
3DAC
3D93
3D4B
3CD2
BA12
BD90
3CEA
3CBA
3CB1
3D7F
3C6B
3CC8
BC8D
3CB2
3D0D
3D66
3C02
3D3C
3BEA
3D50
3D32
BB4E
3CA9
BC9B
BD89
BD1F
3D75
BC05
3B9B
BBF8
3D8D
BDA5
3DD7
3CED
3D6A
3D57
BA00
3D8A
3D0A
3D91
BD16
BD84
BC95
3DEE
3CD7
BCE8
BDF7
BDC9
BD1E
BD66
3DBD
BD88
3C6D
3CE3
BBE0
BCB0
3DB9
BCC8
BC5F
3C55
3E1A
3CEF
3D2A
3C14
3CCB
BD2E
BC93
BCB0
3E03
BBE4
3D34
BCC6
3D39
BCA8
3D83
BC44
3D07
BDF4
BCD8
3D4B
B817
3CAC
3C55
3D13
3C9F
3C84
3CA4
BD3B
3CB3
BD0D
BC45
BD2C
3CEF
BD6D
BC9A
3CA7
3A88
3D7B
BD26
BDF5
BC6A
3D59
BBF9
BCF9
BD46
BD5C
BC8B
3D09
BC95
BD89
BC1B
BBE8
3D90
BD7F
BD20
3BD8
BD6C
BBA9
BDC1
BD3A
3C93
3C83
3CD2
3B9E
BCEC
3CA0
BCFA
3DC5
BC82
BC0E
BC3D
BCD6
BD91
BD9F
BE02
3CC0
3D89
BDC8
3C48
BBD7
BBF0
BC99
BD39
3BBF
3D46
BB81
3D8C
3C29
3D20
3D69
BBE1
BD5F
3D06
3D8D
BDDC
3B94
BCED
BC07
3B3B
3BD9
3C24
BD41
BC83
3D68
3D82
3D29
3C90
BCD8
BBD8
BCF3
BC23
BD00
3D34
BCEE
3BCF
BC1F
3DAF
BBFC
3D02
BDA0
3C00
3CB2
3A2C
3D03
3DE2
3D91
3DB5
BC48
3D32
BB55
BDB3
3D8C
BDCF
3D40
BCE1
3ACD
3B02
BD97
3DDD
3B9C
3D67
3D27
BD10
3DA1
BD11
BDBB
BD98
3D05
3C8C
3CEA
BCDE
3D02
BAA4
BCB2
3CEE
BD6C
3D11
3D1A
3CEC
BCAD
BDB7
3C97
3C09
3D8A
3BCE
3D4F
BCC6
3B34
BD50
3C57
BCD9
3CC5
BD65
3DFD
BCCF
3B41
BD99
3BA5
BB2C
3C53
3C7B
BD74
3D0F
3CAA
BD86
3CA3
BD84
BC23
BCA2
3BBF
3A27
BD76
BD66
3D89
3CC3
BD00
BD3E
BD36
3CF4
BD7F
3C1D
3D0A
BC9E
BC70
3D10
BC3C
BDB9
BCC0
BC0D
3D1F
BC10
BD34
3D0D
3B4C
BD80
3BED
3D77
3C4C
BCA3
BC90
BD79
BDB3
3D42
BCF8
3DBF
BC78
BD4E
3B40
3CA7
3CF7
BD60
3CF1
BC9D
3D2D
BC6B
BC9F
BDB6
BDA5
BB8F
3C66
BCAB
BCB6
3D80
BBA9
3DEE
BC00
3D8F
3C84
3B85
3CB7
3C0D
3CFB
3D76
BB44
BCE3
BD65
BD20
BD85
BD88
3D3B
BCBB
BD3A
BD2A
3D8A
BC25
3C85
BC97
BD0F
3D91
3D19
BDB9
BC8B
BD14
BD40
BD65
BC1D
BC99
BD42
3DE3
BD1F
BC87
BD91
3DDB
BBBD
BC8A
3DD7
3D64
3D9C
3D83
3C91
BD06
3D22
BD3E
3C5D
39B7
BCC8
BD76
BC72
BDB5
BE3A
3D09
BD11
BD83
3C93
BCFB
BD02
BCAE
3CC4
3DC1
3BD7
BD2E
3B81
3DE5
BAAF
3C32
3C9F
BCC8
BCC7
BC45
BD3F
BD35
BCA7
BD13
BCCD
BDF8
BC26
BD16
BD82
BDE3
3DF5
3D04
3CBC
3CA8
BC91
BC89
3DE3
3D3D
3D98
3CFD
BA8B
B901
3CE9
BD18
3D1D
BC02
BD18
3D56
3D8A
BC85
B9FE
BDDC
BD72
BACD
BD80
3D82
3D68
3D95
3D03
3CEE
3D6E
3CFC
BC0E
3D5D
BCE9
BB85
BDE1
BD5C
3D95
BD8B
BDAE
BB0D
3DC4
BD48
3DA0
BE20
BC9B
3D1B
BCBD
3D6B
3C68
3C15
3D8C
BD25
BD42
BDA6
3CFB
BC43
BE21
3D83
BCAF
3CB1
BC9D
3BAD
BC96
BDDE
BDB7
BCD4
BB69
BC86
BD1F
BC5E
3D2F
BCB8
BC4F
3D09
BA29
BDE9
BC15
BBE2
BCD5
BD4E
3E01
BCCE
3BAA
BD43
3C5A
3C07
BCCD
3D15
BD93
3C23
3C0F
BCF4
3D86
BD07
BCDF
3C8A
3DA4
BC70
BBA9
3CC3
3CF3
3CCA
BCAA
BCE2
BCBA
3D0F
3D6E
3DAF
BCC6
3B71
3D51
3D2E
3D20
3D47
BCF2
BC7E
BB6A
3C2C
3D38
3D59
3D2D
3C6F
3C96
3D03
3D40
BBDF
3B23
BA89
3D5F
BAC0
3BFF
3DAD
BCA4
390F
3C56
BA24
BD15
BD03
BCBB
3C27
BCDD
BCDE
BC2F
B825
BC78
3DF5
BD19
BBC1
BBF0
BCEF
BC0B
B9DD
3D08
BB47
BC47
3CC1
BC91
3C8B
3D2C
3C8C
BB07
3D3D
BBB7
BB40
BC1D
BDAC
BC9B
BAC8
BCFD
BC94
3B2F
3CB9
BCF4
3C29
BCD2
3C5E
BB96
BDF1
3CEB
BC05
BCE5
3CEE
BD31
BC42
3C5D
BD29
BD99
3CF4
BC90
3C41
3DBD
3D1D
BCAB
BD14
3D4A
3D31
BCBB
3BE1
3D5F
BC5D
BBD5
3C16
BB14
3D01
3B60
3A3C
BC87
3C5E
BD4D
BCA6
3D90
BD5C
3AF8
BC01
3CE3
3CD0
BD0A
BAD7
3C5F
BCA4
BD8F
3D37
3D1B
BDF2
BCD5
BCCB
BB83
3D9E
BCC1
3D19
BB08
3CF1
BBE5
3D24
BC82
BD88
BB28
BDD6
3D9B
3CB3
3D6B
3D57
3DB9
3BBD
3DAF
BC31
BBC5
3C98
3D36
BC9E
BD7A
3CF4
3DC3
BD6A
BD36
BD2C
BC1E
3C42
3C1B
BC8A
BD3F
3CD1
3D28
3C5E
BD03
BB23
3D05
BD0E
3BDB
BD68
3CE8
3CD2
3DE1
3DB5
3D8F
BDE0
3CA6
3D3D
BCF8
BC9D
39A2
BC83
BBD8
3D01
3CC4
BDA8
3CCD
3CE8
BC47
3DED
BCE9
BC99
BDA4
3DA5
BC87
3D60
BD11
BE2D
3C16
BDF2
BBEE
3CF0
BD24
3C98
3D27
BCAC
3D10
3AF4
3D65
3D05
BD76
BCEA
BC98
BB31
BBEE
3C0D
3DDF
BBB6
BC12
BC09
3DC7
3D57
3D97
3B72
BD46
BD69
3D53
3D9D
BC75
BBF5
BC95
3CCB
BCA1
BC97
3A8F
BC12
BD03
BB54
3B3A
3C31
3CE3
3DC6
3D02
3D69
3D35
BD0C
3D8A
3C4C
BC62
BD4A
BD10
BD36
BE15
3D57
BDA3
3D60
BD3A
3BF1
3CC7
BD03
BD65
BB50
3D17
3D19
3B70
BC0B
3A39
3D35
3D42
3D62
BCDB
3C91
BD63
BC9F
3D1F
BD8C
BCA0
BBC8
BC4C
3CF0
BD90
BC28
3CB0
3C94
3BA9
3C31
3DAF
BDB6
BD4C
3D42
3B3F
3C47
3D46
BCEE
3C61
3DC2
3CE6
BC30
BCC5
3D33
3D72
BD6D
3DC9
BDCA
BD0C
BC73
BD67
3D40
3C0B
BCA5
BCFE
BD8D
BCE3
3D24
3A60
3A8B
BC71
3D63
BD0F
BCA8
3D0D
3B67
BAB6
BDE4
BD47
3DAD
3D2E
3DE6
BCC6
3C8C
BD99
3C1A
BC7C
BD8B
BD57
BC82
BD4A
3BA9
BD93
BC71
BD89
3D7C
3CD0
BD16
BD2A
3B6A
BD1A
3D60
BBCE
3C96
BA79
BAA8
BB73
3CD9
BDD4
BDAE
B9B8
3DA8
BB31
3CCA
BA89
BB88
3DC1
3D0F
BC5B
3C8F
3D01
3C1A
BCBD
3D46
3B5E
BD36
3D68
3D09
BC8E
BD04
3D39
3C6F
BD99
BCB6
3DA4
BD08
BD71
3C90
3B4A
3D09
BD50
BD8A
BD77
3CD0
BD70
3D9F
BD03
BD78
3D57
3CED
3CB3
3D89
BD1E
BCD5
BD5D
3C93
3D98
BCB6
BC04
3D94
BC2E
3BAE
BD57
3BE9
BD6E
BC0F
BD00
3D15
3C5B
BD8B
3D4D
3C06
BD1D
BD05
BDA1
BCB2
BD8F
3E13
BD43
3D63
BB8B
BBCF
3D1F
BCC7
3CB2
BC94
3D81
3942
BD2D
3D0B
3D72
BC7D
BCD8
3D29
BBFD
BD29
BB01
3D9D
BD0C
3D2F
3CB5
3D10
BBA7
BD42
3CBB
BE1A
BDC0
BD58
3C39
3CEE
3CA0
BC81
BCC6
BD16
3BEC
BCE8
3C47
3D3A
BDAB
BCAA
BD0A
3BB7
3D86
BBC4
3BC8
BCBB
BC3B
3D66
BCAF
3D4A
3CA6
3D59
BC22
3B26
3CD8
3BB6
BDC6
BDA2
3CC1
3D0B
3CD7
BCBD
3C3F
3D09
3C8A
BD83
3B9A
3D16
BE1A
3D87
BC9C
3B9F
BBF6
3CAA
BDA4
3B9F
BD88
BD53
BD31
BD67
3C6A
BD37
BD6F
3D29
BC32
3C75
BCF1
3C33
3DB5
3DF4
3D2E
BC4E
3C76
BCD3
3A2B
BDE3
3D2A
BCA2
BC5A
3D3B
3CF2
3C8D
3D4D
BBBD
3D42
3D16
BC78
BBD6
BCB7
3D45
3D97
BD09
3C08
BC73
BD1E
3D34
3CF5
3C9D
BCBC
BD02
BC59
BC16
BD49
3CA2
BD3B
BD4D
BD47
BD60
3C05
BD5D
BDB1
3CBA
3D8E
BD7B
3A92
3C46
BC10
3C8C
3D7F
BD2F
BCE0
3CE3
3C65
BD32
3D0B
BD3E
3D7E
BCD5
BD16
3CFC
3D38
3D0D
3D2D
3D23
BC33
3DCE
BCA6
BDC5
3CC7
BCF9
3D0D
BCD4
3C7D
BB36
3DAE
3D2C
BD24
BDA2
3CA8
3C87
BBD0
BD3C
3D80
BB95
3905
3C7E
BC75
BD07
3D1F
3C07
BCAD
3C4D
3D64
BB6D
3DA6
3CEA
BC94
3B8A
BCB2
BC0D
BC82
BCF1
3D0C
BD40
3D86
BC83
BCB3
BD09
3C0C
3D28
3B50
3DF3
3CCD
BC0D
3CF4
3D88
3E2C
BD89
3D6D
BD58
BC65
BD3F
BD30
BD88
3B55
3CE0
3C79
BD03
BCE8
BC9F
BDAB
3CF6
3BA8
3DCA
BC79
BC05
3C40
3D33
3C9D
3D36
3D09
3C48
BCA9
BC20
3D95
3DAD
3C92
3C24
BC1C
3DC0
BC60
3D05
3DB0
3B14
3B82
BC82
3E00
3BBA
BD5B
BC08
3C80
BCF7
3C5E
BD0C
3CC3
3D5C
BD35
BC05
3C7D
3D3D
3D94
BC6F
BD80
BD22
3D1D
BB31
BD2C
3C33
BCF4
BC62
BD4D
3DAF
BB85
BC90
3D56
3DF0
BCA4
3BA2
BC21
BD9F
B9B2
BE24
BC60
BD64
3CC6
3DD7
3D9C
3BC2
BD22
B823
BC1D
BC0B
BD87
3D7D
3CE5
3D2E
BD88
3D56
BD5F
3D21
3BED
3D00
3BA9
3D75
3D41
BC58
BBD2
BBA0
BC65
3D2B
BC75
3C1C
3BF0
3D27
BD84
BD53
BD73
3C0A
BD55
BD25
BD47
3BCA
3DD5
BD09
3D8C
BC2B
3C8D
3D94
3DBD
BD6D
BC74
BCCC
BDDA
3D80
3D0D
BBB7
BBC6
BD85
3CED
BD66
3CA1
BE49
3CD6
3DA3
3CAB
3D17
BC94
3D43
BC05
3AFA
3C41
3DBA
3D89
BCEF
BD83
BDA3
BC89
3B9E
3C84
3BB3
BABC
BBB7
3DCE
3CC1
3D87
3A83
3C41
3D10
BD12
BC31
BD73
BCAD
BD1F
BCE9
3D5A
BC82
3D2E
3DA5
3D53
BD21
BC65
BCE2
3CCE
BD39
BC1A
3C00
BCB9
BD8E
3D59
BD7B
BDA4
3D31
3D1E
3D2B
BDAE
3DD7
BCE4
3C7A
BC23
3D7E
BD32
BCA4
3C3A
3D5D
3B8A
396B
3D9F
3DC8
BD35
BDA9
BD62
BD14
BD97
3E13
3CBC
BBE4
3CEF
BD0A
BB9E
3E09
3D71
3C1F
3C7A
3DE8
3B77
3CBD
3E0D
3D50
BDBA
3D44
3D59
3DD7
3B77
3BA5
BCCF
3D47
BD22
3BAB
BCD0
3D60
3D76
3CE9
3948
3C70
3D3F
BD04
3D22
3D62
3C38
BCAC
BD3F
BB16
3A6D
BCBC
BD22
3BBB
BD44
3D34
3BED
3CCD
3D3D
BBA4
3C18
3D19
3D77
3DB9
BD52
3D14
BD90
BCBA
3D5C
3DB5
BC2A
3CEF
BC8E
BD06
BD86
3BF2
BCBA
BD0E
3D89
BD0E
3C9D
3D02
3D6D
3C46
BD11
3C9D
3C02
3D42
BD0F
3CD7
3C2F
3D05
BC54
3CAA
BD44
BD58
3D59
3C20
3CD7
3D1F
BD5C
3CD4
3BCC
3C2E
BAAC
3AA0
3C2A
3C7E
BC29
BD2E
3D61
BC47
3C87
3CAE
3DB5
BD4F
3D24
3CBE
BCAF
3D5A
3CE4
BD5B
BD1C
3D63
BD91
3D35
BB98
BC0F
BCC3
BCED
3DDE
3CBD
3CA8
BD43
3AB2
3DA2
3C91
3D47
BD7A
BDB8
BC98
BCD9
BC7B
BD21
3CC8
BC17
3CD1
BC04
3D5A
BC0B
3D69
BD38
3D99
BC55
BD1C
B5F3
BBB7
3CAB
3B86
3D80
BC69
3D08
3D20
3C78
3CD1
3A5F
3D3C
3DB8
BD4F
BD47
BCE7
BC92
BCEE
BCBC
3BD7
BD90
BBEF
BC9E
BC2D
BDD8
BBDF
3CE0
BDD6
3D1F
BC92
BC26
3D25
3CCF
3D62
BD9F
BC0E
3DA6
BDD2
3CCA
BD6F
BD9B
BD3C
BBA8
3CCD
3CBE
BB1F
BDB2
3D52
3BB4
3D56
3D4D
3C7F
BC68
3C71
BA63
BCE2
3CE9
3CA4
3C8E
3C3B
BDF4
BC20
BC1A
3CD8
BD67
BCB5
3D4F
BBA3
3CE6
3DA3
BD1C
3BF3
3D75
BD9B
3CB8
BD35
3D02
3D4A
BD25
BD2A
BD1C
BD02
3C74
BCA5
BCC5
3CF0
BE1C
BDA0
3D5C
BDBC
3B24
3D0C
3AC0
BDBC
3DAF
3CF5
BCB3
3C0C
3D29
3C6B
BCDE
BCBF
3D43
3D32
3B54
BCDF
BDA5
3C89
3D51
3CDE
3D32
BBFD
3D4B
3D07
BBF3
3AF9
BC60
3C63
BDF6
BD8D
BCCD
3CAE
3D05
BD10
3D63
3CB5
BCC8
3D8A
3D6F
BD74
BD26
3CC0
BCB7
BD10
BDB3
BCA4
BC0E
BAB7
3D3B
BDA3
BD94
3D82
3D5D
3D7C
BD13
3D8D
3D31
3D7E
BD16
BDF1
3D26
3DB2
BBBB
3CE8
B7BF
BD77
BD40
BE04
3B9D
3CFC
3DD3
BC01
BC9E
3D5A
3C98
399C
3BC4
3DD2
3D26
BC48
3DC5
BBE9
BC32
BDC5
BD08
BE15
3DF4
BD76
BDF5
3D0F
BD2F
BD1C
3C5E
BC0B
BCF0
BDF3
3D19
3E17
3D3D
BE28
BC9C
BD57
3CA2
3C7D
BD4F
BE17
BCE9
BE0F
3D61
3B85
BDAF
BD70
3D47
3C5F
BD85
BD73
3D56
BC0D
BBDB
BD22
BCB7
BCB1
BBE1
3E12
BDDF
BBBF
BCF5
3D75
3D97
BBAF
3C8E
3C1A
BD43
3D32
3CB9
BC28
BDFE
BD2C
3D15
3D99
BC45
3C81
3B48
BCE4
BB8C
3BFA
3C1B
BD91
BD3E
3D87
BCED
BCB3
3BCA
BBFA
BC0A
3C3C
BCDA
3D98
3B25
BD7D
BD21
BD6E
BD0A
3DAB
BD3A
3DA4
BDBB
3D3F
BBA1
BDE3
3DAC
3D85
3E0E
3BB7
BDF4
3CC1
BD13
BD2C
BCC1
BB06
3C2A
3CDE
BD94
3D07
3CA9
3C31
3CE2
3D3E
3D0D
3D8B
3CBB
BC98
BD8E
3D4E
BDBD
B792
3CE8
3D46
BC37
3B94
3D50
BD28
BD6A
3D22
3CAD
3C4C
3DB6
3D25
3DB1
3D6E
3C75
BD05
3D0C
BD6B
3CA2
3CC9
BDC5
3D83
BBED
3D7F
3CA5
3CEB
3D10
BCCD
BD1B
3CCA
BD03
BDB8
BD07
BBC5
3D0B
3C21
BDA9
BCB6
BDA8
BD99
3D0D
BCAC
BD5E
BC59
3C7B
BD06
BB06
BC20
BB9A
BC95
BCAC
BC2C
BD38
3CB6
BC41
3D42
3D3D
BD69
BD70
3C6D
BD6D
BCB3
BD17
BDA0
3CEE
3D83
BCA8
BC3A
BCAA
3C13
3BBA
BDCE
BC8E
3DAC
BB17
BC1F
3CEA
BCE1
3B21
BCBE
3D47
BC2C
3E0E
3D3C
3C3B
BD7E
3B01
3D44
3DDD
BD19
3DA3
BD20
BD06
3D13
BD1F
BCF2
BD20
BCF5
BC9B
BC39
BC2A
BDC4
3C08
BC1A
3D77
BCEA
BC53
3D7B
BC89
BC94
3CB0
3D6E
BCE8
3D48
3D89
3D25
BD3E
BCFE
3CF4
BD4C
BC3A
BB85
3DC5
BC9F
3B1B
3D1C
3C3E
3D75
3C18
3D44
BD8E
3CCC
3C6D
BCB0
BE4D
BD02
3CE6
3B43
3D6A
3DA0
BD0C
BD51
BCF0
3DA0
BD17
3D4D
3D05
BC9E
BDC8
BD40
BDE7
BE14
3CA6
3E14
3D8E
BC03
3B0E
BD88
BBC9
B8E6
3D26
BD26
3CFB
3CF9
BCAD
BD81
BCBF
BD88
3CE4
BDDE
3D32
3DA3
BDAC
BB90
BD70
3C96
3D5F
3D19
3DF3
3CEC
3D1E
3D85
3D0E
BC69
3DAB
3DD8
BD9C
3CD1
BD9D
BD95
3C9C
3D32
BCFC
3C54
BDA9
3C92
3D29
3D07
BC53
3D76
3E62
BDCA
3CB0
BD62
BDBB
3CEB
3D7A
3CBF
BD86
BD3B
BDDB
3CBD
BCC0
3E02
BC99
B9F3
3D62
3C0C
3DB3
3C0B
BCE3
3DF7
3D6B
3B06
BD2A
3E13
BDE9
3D00
3CB7
BD96
3D5B
3D9B
3E28
BD84
3CC9
3D37
BCFC
3D86
3D8C
BCA5
BCF1
BCD8
BBBB
BCE7
BC98
BA4E
3B3E
BD03
BC1F
BBA1
BBE0
3C89
BD66
BC1C
BCE2
3D3C
3BE2
3D8E
3A6A
3D56
BAC9
BDB0
3D9D
3DA2
BC9D
3D16
BD07
BD3D
3CA6
BCCE
3D0B
3CC5
3C4C
BE09
BD44
BBE1
3D9D
BD5C
3D9B
3D5D
3CF9
3B56
BD4D
3D0E
3CBB
BD3D
BCB4
BDF4
3C96
3D2E
BC9F
BC08
BCCF
BC95
3C98
3CCE
BA77
3D28
BD27
BB3B
3D57
3BBE
3C47
3D30
BCEE
3D30
BCB7
3C86
BC69
BCF5
3C95
3D36
BD3C
BD9C
3DC7
BC6A
3D1C
3D34
BD4C
BCFA
3D95
BC7B
39B7
BCB6
BD8E
3CA2
3CB5
BDCC
BDB1
3D88
3C3E
3CA0
BC86
3D10
3DB6
3D23
3C0B
BBCD
BA30
BC46
BC49
BD22
BC0B
BD19
3D94
BDAA
BCCC
3D19
3B95
3DEB
BD0E
BE07
BC28
BD01
BC37
BDB2
BC67
3AD5
BCDB
BD7D
BD77
BD31
3DBD
BC0D
3CDE
3E79
3E6B
BDC9
BDDA
BDCE
3C2C
BDAD
BDB8
BDB3
3D34
3D25
BDB1
BD8C
3CB5
3D48
3DF0
3DE1
3DC4
BD21
BD4B
BD12
BD57
3DDE
BD7F
BDF9
3D9B
3CDC
BD39
BD4B
BD2D
BD2E
BCCB
BDB0
BB8F
BCC9
3E25
BE00
BD38
BC53
3E44
BD02
3CE1
3D92
BD2A
BC24
3D40
BC71
3BC5
BD3C
BDB6
3D44
3DA3
3DD1
BE05
BDD8
3CFA
BD79
BD1E
3DB5
BC5C
BDB9
BD40
3D37
3DA8
3CBA
3DBA
3E2B
BDD3
3DBC
3DAF
3DE8
BC02
BD76
3D88
BDCA
3D08
3D38
3DCE
BDDD
3CA1
BC43
3D67
BCD8
3D63
BE08
BD63
3D9C
3C42
3C3B
3DAE
BD20
3DA5
BC17
BD12
3DB8
3B5C
BCC3
BDDC
BCC6
BD22
BC95
BDC5
3CD3
3D4C
BDD0
3CC3
BD35
3D51
3C0A
BCB4
3D1D
3DE8
3CAF
3B9C
3D34
3D21
BDE4
3D4C
BCC4
3DBB
BC53
3D7D
3B7E
BC77
BDB1
3CB3
3BF3
3D80
BD32
3CCF
3C38
BC5A
3B9D
BD86
BCAC
BC32
BDA4
3C62
3DED
BD0C
3D4C
BD6C
3CEA
3D77
3C46
3C5A
3D2B
BCE0
BD0A
BD26
BDC2
3B71
BD03
BCCE
BD71
BD67
BDD8
BD7C
BC75
BCC1
BC82
3A8B
BCB5
3C24
BCEB
3C79
3C72
3D21
3AE6
BD14
BCC4
BD70
BD0F
BC93
BD47
BC1A
3D13
BC48
3D4E
BD9C
BD04
BC39
3D39
BD12
3D5C
3D7A
BCE5
3C05
BCD8
3DB1
3CE5
BD16
BC31
BCA3
3CB3
BBC2
BBBB
BD2B
BC28
BDBA
BC13
3C79
3DDC
3D2A
BD39
BD58
BD95
3D73
BD3E
3D21
BD88
3D8C
BD9A
3DE1
3D93
BD24
BCDB
BA1E
BDA5
3E14
BDB5
BCE0
3D8F
3D9F
BC49
BD97
BCB0
BDAC
3BAD
3D2A
B91C
3BBD
BBD3
3C2C
BD40
BD65
3DCC
3BF8
BCA2
3D31
BB46
3CF7
3CF6
3D4C
BC07
3D21
3ABE
BC26
3DCF
BD8C
BD56
3AFC
3D4C
3D85
BD98
BCC1
BDA8
BDFB
BD6B
3D94
BD4E
3CD1
BD07
BB45
3C9D
3DAF
BDB3
BCB9
3DC6
BD8F
3B82
BD1E
3D77
3D96
BC07
BBA0
3D04
BDB1
BBA6
3CCF
BD63
BD78
3D5D
3D2D
BD04
3CFB
BCC4
BCAD
BCAB
3D64
BBA9
BDDE
BD42
3D36
BD80
BD97
BD0F
BC92
BCF6
BB93
3D10
BC87
3D4D
3BFE
BC40
3D03
BD97
3D5D
BD06
BD15
BCBC
3C99
3D0D
3C1C
3BB7
3D5C
3D6D
BB36
3D07
BC4D
3D3F
3D61
BDBA
BD50
3C8B
3C97
3A1E
BCA4
BCDE
3D5B
BCA5
3C92
3D1F
BD26
3D15
BD88
BC45
BD71
3D57
BC39
BAB9
3D0A
3BD7
BC4F
3D51
3C80
3C4A
3A9B
3DBE
3B9F
BDAA
BB08
3D6E
3CCF
BC74
3C80
BBFC
BDDA
BB8A
BB23
3D11
3C29
BD03
3C1F
BC97
3CD4
3B1D
BD49
3D87
3D32
BA98
BD44
3D4C
BCBB
BC37
3D0B
3D0E
BD7B
BB8E
3D09
BD2D
3D66
BC69
BCF1
3D45
3D1A
3A83
BC0A
BC31
BCAA
BB58
3D3F
BD8A
BDAA
BC81
3C92
3C9B
3C47
3CB3
3D58
3E04
BCF2
BC83
3D12
BE0D
3CB8
BCDC
3D04
3DA2
BE08
BDBF
3CA9
BAD9
3D51
3D53
3C15
3DAB
BD60
3D90
3DC7
3C8C
3C82
3BB4
BC61
BD90
BD31
BB4E
BD91
BDA8
BDAF
BD4B
3A79
3D27
3CEA
3D02
BD31
3CCA
BDC1
BDB3
BD05
3D3F
3D0F
3DA0
BB3D
3CE0
BD8E
3C8C
3D2E
BBB1
B99F
3CDF
3B4F
3C6E
3C45
3C6C
BDB7
BC0A
BBE2
BD7D
BCF9
BCB7
3CCA
3D4F
BD9C
BD40
3CBB
BD9B
BCDB
3DDA
3D24
3C98
3D1E
3CCD
3C21
3D20
BC11
BBBE
3C8A
3D2B
BCD3
BB81
BDFB
3B62
BA3E
3D6A
BD27
BDB0
BAB5
3D08
3D2A
BD93
3D00
3DD4
BDC7
BC43
BBAD
BCEB
3C31
BDEB
3D66
BC4C
B9AE
BC12
3D30
3CF9
BDD9
BDD4
BD43
BAF8
BC77
BDED
3C56
3DAF
3D58
BDC4
BD54
BDE6
BD2F
BDBD
BDA4
BD38
BC42
3D23
BDAE
3D97
BDB2
3CA4
3CF8
BDE3
3D00
BCA0
BD1E
3D7C
3DA4
BC8D
3CAE
3D17
3D9B
BBB6
BD75
3C84
BE20
BC39
3C39
BDBC
BBB2
BD26
BE08
3D20
3E17
3D35
3E45
3D08
3D69
3C42
BD9E
BD44
3C93
BDD5
BB87
BB76
BD81
BCC6
BD03
3C96
3D7F
3CF4
3C48
3DFA
3D9F
3D18
BD8B
3C73
BC11
BD23
3D82
3D3A
3DE6
3D5A
BD9B
BB7D
3D35
3D32
BD82
BCB0
3D44
BC54
3BA5
3D26
BBDC
BD67
BD2E
3D86
BB87
3C25
3DB7
BD84
BCFC
BCE8
3D24
BDFB
3B0E
3C8D
BD45
3D46
BC68
BD1D
3DC2
BD44
3D63
3D28
3D70
3DA1
3DDF
3D47
BC43
BD90
BD1C
BB2C
BDA0
3B7D
BC63
3C8E
39E4
BCB3
3D2A
BCAE
3DA3
BD5C
3DDB
BD8B
3DAE
3AC1
BDDA
BDEB
BD87
BCD3
3D59
BD0D
3D84
BB63
3DD2
3D24
BD4B
3D5E
BCBF
3CEC
3BB2
BB93
BD9A
BC9E
3D31
BB72
3CD2
BD14
3C5A
BD04
BDA3
3B4A
3D3F
BB7B
3D28
3CDD
3979
3DA9
BD25
3C50
BDB6
3DAA
3CFB
378F
3CE4
3D84
3AC4
BC2C
3DBA
3D13
3D95
3CFE
BE08
3D21
3B7C
3CAE
392F
BD13
BD66
BD6B
3C84
3DB5
BC30
3C9F
BD24
BD10
BC8A
3D3A
BD3A
BD90
3CC3
BD5F
BC50
BBCB
BC96
BD5C
3D21
BD4A
BCE3
3D9C
3D16
BC77
BD38
BCBD
3D37
3CB5
BDA7
3E21
BDA1
BDAC
BC44
BD11
3DFC
BBE4
3C05
BD9B
BC83
3CC2
BC23
3C84
BDDE
3B9C
BC21
BC63
3DC6
BD32
3CC7
BBAD
3D69
3CD5
BD66
BD7E
BD40
3D64
3DF5
BC69
BC8A
BBC5
BCDA
3CD5
BD49
BC50
BBDD
BC54
3AFA
BD68
3CCB
BCF1
3AFF
3DAC
BC67
3CB0
BCB6
BD43
BD33
BBE9
3B0F
3C84
BD9E
BD2E
3B8E
BDF1
BDAE
3D65
3D10
3D18
3DD3
3D46
3D2F
3D29
BC52
BD63
3D4A
BC84
3CF6
BB19
BCC5
3E00
BE03
3D10
3A55
3CBF
BD21
3C8C
3C05
3900
BDB9
3D98
BCC8
3D93
3D90
3D24
BD85
3D0F
BB34
BCAB
BDE7
BD1C
3D7F
3D11
BDEA
BCAC
BD0D
3ABB
3CEF
3CC4
3D09
BB70
BD8B
BC07
3D2B
3D32
BD9B
BD33
3B9F
3D42
BD0A
3D39
BC7C
BDB8
3C9B
3D6C
BD81
3CC7
BE15
3BD6
BD48
BD4D
3D57
BC39
BD11
BCFB
3D7E
3C9C
BD3B
3D9E
BCF9
BDAD
BCE2
3CCC
3CA3
BD40
3C8D
BD6E
BD89
3C78
BD21
3D8F
BCA8
3C5D
3D66
BCD5
3D07
3C1B
BD0B
3DC4
3D44
3B9B
BDB2
3D65
3CB2
3DA0
BD5E
39C9
3BD5
3C3F
3C67
3C8C
BBC3
3D64
3D93
BD4B
BE3F
3D4D
3CA0
3DBB
3E1B
3D4E
BC9C
3D99
BD4A
BD74
3BAF
39DD
BC8A
3C14
3D57
3D93
BD85
BDA5
BD4A
BBDE
3CE2
BD29
B917
BD08
BCA1
3D1A
3D24
BD8D
BD16
BC0A
3CAE
3D86
3C92
BDC7
BD88
3C3B
BD5C
BC1F
3D2B
BD94
BCC4
3DDD
3DD4
BDCD
B896
BD22
3D07
BDBA
3D64
3B4C
BBBD
BD9E
3CA3
BCEE
BC96
BD93
3D53
3CDF
3C5E
3D65
3CBD
3DF7
3D3D
3D8E
BD49
3CC1
3D4F
3DA8
3CBC
BD36
3C35
3D2E
BD5A
3CC4
BD5E
BD34
3D23
3D16
BDFB
3DA3
3D17
3D69
3C77
BCF2
BC4F
BC11
BCC0
BAC6
BCE3
BCFD
3D95
3B88
BC87
3B96
BCC3
3D82
BDC4
3CD4
3DA0
3D96
BD77
3B6D
3CA4
3DC1
BD37
BDCA
3D6B
BD88
BE14
BD98
BD99
3CAD
BD5A
BDC6
3C2D
3D18
3CB6
BD80
BCD9
3D04
3D8D
BD93
3D89
3C9E
BC73
BD03
3D14
3DBA
BD57
BCB6
3C04
BC9C
3CE1
3D80
3D14
3DBF
3D69
BD8E
BD8D
3C9A
3DA4
BC5A
3B9F
BD0D
BD3C
BC85
BD06
3D44
3CD7
3D05
BC9E
3CD2
3C3D
3CA0
3D95
3D50
3C6A
3D5A
3D20
BC26
BD48
3C9D
3C55
3D4B
BC2A
3B56
BC1E
3DA5
BB4E
BD95
3CC5
3D64
3D1B
3CD6
3DAE
3D74
BAC5
3CDB
3CFB
3D49
BC9D
3D82
3D5E
3B39
BD56
3D12
BD3D
3C98
3D0A
3DD3
3DA7
BD7D
BDAD
BBA3
3D3E
3D77
BD8B
BD08
3C71
3D4D
BCEE
3D48
BCA1
3D3A
3C39
BD2D
3CC8
3D07
BDD0
3C9A
BD12
BC9F
3D12
BCE0
BC88
BC9A
BC7E
BBF1
BCC9
3D31
BBE4
BDBA
3D05
3C08
3D9A
BB2D
BD7E
3D0B
BC9F
3C42
BC4F
BCCD
BDA6
BD70
BC5B
BDA5
BABB
3D06
BC0D
3D8E
3C1F
BD20
3CBA
3D84
3CA5
BCE1
BD29
3D3C
BB03
BC52
BB29
3D0A
BD0A
3D81
3D3D
BC8F
BDE9
3D19
BCA5
3CF1
3D12
BBBE
3C9A
3D5B
3C03
3C9E
BD47
BD72
3C39
3D0B
3D67
3C74
BAC3
BC4C
BD75
BCBF
3D36
BC84
3D92
3871
3D1E
3CD3
BB4A
3DB8
BCF6
BD7D
BD41
BCA1
3D1E
3D3A
3BCB
BDA6
3BCA
3D52
BD5F
3B4B
BD42
BDCC
3D1E
BCAE
3D4C
BD1B
BD20
3CC5
BD84
3CAC
BD2D
BD90
3B82
BAB3
3DA8
3D00
BD54
3D8C
3DA5
3D04
38E8
BB9D
BCAF
3E12
BD51
BC1D
BDAA
3D3F
BD56
BDCA
BD73
BD84
3D2F
3E02
3D2E
BBF7
BD30
BC84
3D55
3DE7
3CF5
3AA0
3C6A
BD5D
BC94
BBB2
3C09
BCB7
BCB2
3B14
3C83
3C8D
3D3C
BC99
3C5A
BC6C
3C5B
BCFA
3D2A
BD4B
398E
BCB2
BD8E
BC89
3DA9
3DA4
3D2B
BD05
3D62
3D14
3BB4
3D8D
BD24
3C96
3CC2
BD2B
BCAE
BD02
BD9C
BCA1
BB8C
BD69
BD01
3D4C
3CB7
BE14
BCEB
BC8A
BDB4
BC6A
3D47
3C25
3D93
3D6D
BC97
3D6C
3D17
3D48
BD62
BB25
BD6D
3D06
BD85
BD24
3AAC
3DEB
3DC5
BD19
BD4F
BC9A
BD7E
BBD4
BD07
3C9E
3DAE
3D9F
BC40
3D48
BD4D
3CE0
3C54
3DB2
BC71
BE11
BC91
3DB5
3DBB
BDCC
3C64
3AF9
3CF4
BD9A
BDFA
3D37
BD0F
BD9B
3CE4
BCB3
3D6D
BD39
BDDF
BD42
3E18
3B97
3D71
3D46
3A35
3D74
3DA6
3DB9
3CCA
BD51
3D01
BD77
BD8E
BDFC
3DC8
BCD5
BCC8
BDAB
3DB7
3CCA
3C2D
BD08
3BFA
3D4F
3D70
3DD2
3D26
BD03
3D24
3D76
BC6E
3B3F
BC90
3CC2
BD6F
BC9D
3C71
3D2D
3D24
3BFA
BD3D
BCF6
3D2B
3C80
3B91
BE1C
3CEB
BCB3
BDB0
3D64
BCDD
BCB8
3CFF
3D92
BDA1
3C97
BC81
BC91
3D11
BCB2
3D07
3D45
BD51
BBBA
BD7C
3C29
3CD9
BD30
3C4F
3C25
BCF1
BDDE
BC35
3CF4
3CC2
BCF1
3D3B
3C13
3CA8
3DBA
BC75
BCF7
3DFB
BDB2
3D33
3B68
3CE4
BD98
BDA1
3D85
3CD5
BC9A
3C6F
BCA2
BCAE
BD15
BB57
BD23
BCA3
3CDB
3CCE
BD05
BC1A
3D58
BD8A
3C07
BD32
3D69
BCE1
3D75
BCA9
3CCD
3D01
3D75
BCEF
BC8A
BD6E
3DE2
BCF8
BD02
BB5E
3D0C
BB93
BC98
3BAD
BBC8
BDD6
BBA5
3BAC
BBA4
3B3E
BC57
BD6D
BDEB
BBDD
3CC9
BCF8
BCA9
3C9A
BD29
BC11
BC96
3C19
3B64
BD88
BC37
3D46
3CE3
BD2E
3C3A
3CC2
BDE7
BC4F
3C04
BD2D
BD01
3ABC
3CEC
BD0A
3CE5
3C0E
3CDC
3CBE
BD55
3D56
BD02
3CAE
3DA6
BDE0
3AA7
BD3C
3DA9
BD4C
3D8E
3D30
BD0E
BD94
BD52
3C07
BCA6
BC80
BBC1
BC0F
3D32
BC37
BBEE
3DF6
3CB1
3CEB
BDC1
BD06
3DB1
3D84
BAEB
B99F
3D84
BBAB
BD4F
3D29
3D80
BC97
BCD3
3DF4
3D0E
3D0F
3D36
BD38
3C99
BD75
BC0A
3E08
BC22
3D53
3CC5
3D80
BD91
3BBD
3C4F
3CCD
BCDF
BD7E
3C16
3D10
3CE5
3DFF
3C59
3D25
3DAB
3CEF
BDCA
3D10
BD29
3D99
BBF7
BD8B
BDB0
3D7E
3D46
3C44
BB48
3CC3
3D8E
3AAF
3D63
3D6C
BBF0
3D5C
3D83
3D96
BC3E
BD81
3D19
3C4B
3D37
3B77
3DEB
BBB1
3C9F
BDAB
BBE4
3DCB
3C95
3C94
3B56
BC22
3C8F
BCA6
BD47
BD13
BD89
3D25
BCE2
BB42
BCD8
BC60
3D77
3D82
BDA5
BC58
3C2C
BD06
BBAF
BC4F
3D8F
3B26
BD41
3B49
3C4C
BC07
BD07
3A92
BC96
BD15
3CEA
3BFB
BDCD
3E29
3DD5
3D7D
BCEA
BD8F
3DC1
BDA1
3CD3
3CAA
BD19
BD43
3CFA
BD40
3D21
BD29
3C40
3D42
BD4B
BE28
3DC3
B997
BD47
3CEA
3CE3
BDEB
3D69
BD1F
3C95
BCC7
BC1D
3CB4
BDB3
3CEB
BD64
BD9B
3D01
3D82
BE04
3C46
3E03
BD92
BCDD
BD73
BD7B
BD1C
3D05
BCF5
BDD1
BA39
3CBB
3D29
3C67
3D3C
BCB0
3B1A
BD27
BD16
BCEB
BCB1
BBF2
BD30
3C46
BD78
3DA7
3A50
BC1D
3DC4
3D0D
BE08
BD1D
BAA8
3DD0
3CFB
3D32
3CC6
BD60
BD5F
3D30
BD80
BC50
BC4D
BC73
BD9D
BCE9
BCA9
BC33
BC99
BC56
3C03
3CF4
3DC5
BDC6
BD29
BC9C
3CBC
BD38
BCF7
3CC6
3B64
BB08
3C0E
3D08
BD1F
3D7F
BDBF
3C89
3C4A
3D12
3D23
3AC8
BD27
3CAB
3DA9
B996
BD34
BC4B
3CBC
3CB6
BD06
3C56
3D19
3D2B
3B83
BC2D
3DA7
BD1E
BE00
3DC5
BCE1
BD71
BDD1
BCB0
3D9A
3CA0
3DB7
BD91
BD18
BBD9
3D81
3C54
3C8F
3D94
3D51
3D75
BCDA
3DA9
3D10
BCD5
BCA6
3C96
3D78
BD34
3DAA
BE1D
3CCE
3D0B
3D0D
BD3A
BBA0
BD63
BD05
3C4A
BA91
3D4D
3D0F
391A
3D8B
3D24
BD16
BD19
3BAD
3D41
3C3F
BDBE
BD43
BCBD
3D3A
BD6C
3D0F
3E1D
3DF5
BE07
BD70
BDA7
BD22
BD82
BD10
BC99
3D58
3D8E
BD04
3C3F
BBDA
BBF0
BAD6
3D57
3D89
3C35
3C08
BC62
3CC4
3E34
BC93
BD1E
BD38
BB98
BD66
BC55
BD06
3D73
BC88
3D54
3DAD
3CAA
3DC6
3CF2
BCCF
3D5D
3DAE
BC24
BCB2
3CB5
BCCA
3CB3
BD67
3C77
3D49
BD9E
BD19
3D45
3D08
3D9D
BDBE
BBF5
BB58
BD58
BC80
3D93
BD19
BDC9
3D6C
3C09
3D6C
3C77
3E13
3DAC
BDDC
BBD4
BD02
3C88
BDA5
BCD0
3D15
3C03
BCDC
BC15
3C0B
BD9C
3D5F
3D03
3C0C
BD35
3D6A
3B94
3C36
3CE6
BD2C
3D69
BCAF
3D03
3D39
3D4E
3C8C
3D40
3D73
BBCE
BDAB
BC23
BD23
BD52
BD48
BC9E
BBD8
BCA7
BC1E
BD4F
3D7A
3D33
BD4C
3DA6
3DF7
3DA8
3D3B
3C10
3CAA
BC97
3D81
BD1B
3DC9
3CD5
BD56
BD27
BCB1
BD61
3D7D
BD46
3D4D
BD58
BCF0
3D45
3D06
3D2E
3D87
3D42
3D2C
3DA9
BD52
BE0D
3D22
BD95
3D60
BC88
BD05
BCD2
BD4E
BD9D
3D09
BD63
3D5A
BCEC
3D2A
3D09
3BFD
3C41
3DE7
3D4E
3D6B
BD2B
BD8E
3DAE
BD6E
BD87
BD7F
3C50
3C44
3D05
BDB5
BB0D
3D81
3D78
3DA8
3D2B
3B38
3CEB
3CC1
BD6E
BD67
3D34
3DAC
BBD2
3BAF
BD28
3D59
BD66
BCF0
3D4C
BC88
BD0C
BD36
3D31
3C03
BD8E
BD74
BD0A
3D36
BC9B
BC8B
BCB5
BC92
3D0E
BD02
BB51
BB63
BD0C
3DC2
3DB0
BD2E
3A8B
BC8C
3CD4
BDAC
3DFD
3CA9
BC64
BD29
3D18
3CF5
3D8E
BE16
3CA9
3CD0
BC98
BD40
3BF9
BD47
3D7B
3DC3
3C64
BD13
3D70
BC4C
BDB1
BD1E
3C1A
BCED
BD84
BC2E
3B6E
BC05
BB8D
3B46
3D69
3B39
3D79
BC1E
BC52
3D9C
BD48
3D97
3DC6
3AA7
BCA5
BC82
3DAD
3C60
3C71
3C9C
BC8E
BC83
BD10
3D21
BCA1
BC99
3C7D
BC46
3D57
BA9F
3CC8
3CF8
3C85
3CEE
BC01
3CAA
3D0A
BC50
BCBE
3D27
3DCE
3CC0
3DB1
3DB5
3D5B
BCE6
3D88
BD65
3D97
BC0F
BBC6
3D39
3D0F
3CAA
BBBD
3C54
BC0D
3DFA
BD75
BD1C
BCED
3A44
BDF3
BD03
BDA9
3CA3
3DC1
BD11
3D97
BD07
3DF1
BC39
3D4D
BC88
BDD2
BC11
3C89
BD2B
3D03
3CEB
BDB3
BCE6
3D2E
3D09
3CDE
BC3F
BCA6
3D71
BC14
3DC3
BD1C
3BCC
BD86
BD59
BB1D
3C01
BD4E
BD52
3CE3
3CD6
BD38
3D4D
BD42
BDF2
BC89
BB59
BD72
BD7A
BC8E
3D0C
3D73
3C6F
BA81
3CB7
3CEB
BDB6
3D49
3C43
BE09
3D63
BD94
BCF9
3D9E
BCD3
B9F1
BCDD
3E00
3CB3
3B58
3BE5
BAD4
BD9C
3D95
3D3B
BDEC
3D37
BD6B
BD9F
3B0A
3D9C
BDD0
BDBE
3D28
3D43
3D4E
3D68
BD68
BCF2
BD23
3D87
BCB4
BDA0
BCC8
3CC3
3D80
BD88
3DAC
3CEB
BE05
3CED
3C58
BB1F
3D7E
3D21
3D82
BC34
BD37
BD5B
3D86
BD50
BD9C
3CF5
3DCE
BD41
BCA4
3D4B
BD72
BD7C
BC10
BC35
BD94
BCF3
BA0D
BBC1
BC69
BD34
3CA1
38C6
3D22
3D5A
3C52
3BFE
BD7C
3BE2
BA69
3DDA
BCA1
3D90
3D09
3CC5
3C65
3DB2
BD99
BC62
BC88
BC1C
3C06
BD9A
BC38
BD26
3C6F
3CEB
BD2D
BD81
BD05
BD23
BD70
BD45
BD5C
BC81
3C62
3CBB
3C4B
3D1E
BC15
3DA6
3CDA
3C1C
3C6E
BCEB
BD3E
BD59
BC40
BD3E
BC17
3C5C
BD0C
BBE9
BC51
BA53
BC97
3D93
3BB9
BD7F
BDB0
BC80
BCD4
3C74
BBFA
3CC0
BCAE
3C48
BCA6
3D72
3D14
BD12
BB02
3D14
BD3B
BD5F
3DCA
3D49
BD30
BCBF
3D3B
3D3C
3CB5
3D91
3CC0
3CE8
3CE8
3C3C
3BFE
3B85
3D5C
3C85
BC88
BC94
BC90
3D63
BCBE
BC9E
BD62
3CBD
BA9E
BC84
BD1A
3AA5
3C27
BD7D
3C6E
3E05
3E0E
BD27
BD04
BD04
3DA0
3C87
BCE9
3D3D
3D76
BB41
3CD7
BD93
3D75
BD0B
BDC3
3D06
3D3E
3DA4
3C5C
BD40
BC21
3CB5
BD3E
3DB2
3B27
BDD9
3CD8
3C99
3CC3
BBF9
BD93
BC8C
BD79
3C25
3CDE
BC54
3C44
BC94
BD2A
3D12
BD87
BC1A
BCA2
BA44
3D3F
BB57
3C5F
3CB2
3C4D
BC04
BBED
BCA0
3B3F
BCFE
BCA4
3C64
BDC8
BD12
3D58
3DB8
BDC2
3D5D
3D8E
BD99
3D4D
3DB3
BD6F
3C92
3C21
3D78
BCB0
BD20
BD5B
BB82
BD89
BCBD
BDAA
BCB9
BB46
3CA3
3C6B
BD69
BCA8
3A6F
3D48
3AF9
3B56
3BF8
BCAF
3DD6
BDE1
3CB8
3BC4
3D0D
3DB9
3C5F
BD86
BB0F
BD13
3BAC
BD00
BD5C
BB86
BDB2
BD0D
BCD8
BD89
3D13
BC70
3CC6
3C92
3CA6
3C89
BD01
3C04
BC08
39B8
BC08
BD11
BD80
BE09
3D17
3BFF
3C4F
3CA4
BCD2
BC00
BCB1
3D3F
BBCF
3D2E
BCFF
BDC6
3D9E
3D6A
3C6D
BD0B
3D17
BD9C
BDC9
BD95
BE13
3A87
BD4B
BD36
BD4C
BD17
BDCD
3DA6
3C98
3D46
BD0A
3CA0
BB8D
BC97
3CB2
3D3B
BCCA
BBBB
BD5E
BC99
BDB9
3CC0
3DA2
3C78
BD59
3D4E
BCD2
3C58
3B6F
3D85
BD1B
BD9B
BD17
BC74
BC79
3C9E
3CD7
3CC8
BE08
3CC4
BD07
3B3F
BD42
BDC0
BD8C
3CAA
3C3D
BCDC
BD87
3C54
BD16
BCB2
3D8F
BD50
BC31
3B0F
3DF7
BC6D
BD16
BDAA
BDBC
BD94
3C36
BCF4
3DAB
BC64
3DB7
3D76
3DAC
BCCD
3DBB
3E1C
BBB8
BD3E
3A05
BBE6
3D7D
3D38
3D7B
BB9E
BD1B
3D7D
BB39
3D72
3B38
BDD1
3D73
BD38
BBC9
3C14
BCAF
BD48
BCB0
BCA2
3DF0
3D2B
39C6
BD5C
BCDF
3B59
3D0F
3A9E
BDA9
BBE0
3CD8
3D4B
3DB2
BD20
3C4B
BDD5
BD0B
BA35
BD89
BCA1
3D1E
3B99
BB90
3D3E
BD78
BDAD
BD2A
3DB6
BC43
BDB7
BCF1
3CC2
3D7E
BD45
BD9B
3D8C
3DB5
BC1B
3D4E
BC9F
BDDD
39F1
BDF2
3D63
3D11
3D54
3B5C
3D62
3CA3
3D7E
BD11
BB95
BC18
3D47
BA2E
BC1C
BD26
3CBC
BC21
BB7B
BD1D
BD9E
3AB3
3D10
BCBF
BC72
BB12
BCBA
BCEB
BD2C
BCA7
BD0B
BC9B
BD51
BD98
BB72
BD08
3DBC
BD54
BBF9
BDDE
3D33
3C9D
BC61
3D66
BD26
BDCD
3D0D
BD99
3D64
BCE3
3C80
BBA0
BC93
BD1A
BD3B
BC02
BD52
BAA5
3B83
3BB6
3B8B
BCBE
BD1E
BDBD
3D68
3CA8
BC91
3BDC
3D02
BCEE
BD19
BC24
3D55
BD11
BCE4
3CBC
3D5A
3D77
3D82
3D57
3DC7
BD1A
BDA1
BD08
BC97
BD07
BC73
BD44
3C4A
3A6E
3C0A
3C0C
3C6F
BC0F
3BD8
BCDE
3C26
BA9C
BD0C
BDB8
3C86
3C69
BD36
3BB0
3C26
BC95
3DD0
BDCE
BDDF
BC56
BCD4
BC91
BC81
BBD2
BD3A
BD1F
3C42
3D0B
3CCB
3D8B
3C06
39F2
3DA1
3D28
3A85
BCCD
3BA4
BC58
3BD1
BDA1
3D9E
BDDF
3B0C
3C7D
BB36
3D39
BDE4
BD67
3D15
3AC7
BE10
BCF0
BD34
BD2E
BDAE
BC3F
3DB4
BDA8
BD24
3D49
BDAA
3C92
3CB8
3B3F
3BC5
BC71
BA05
3C09
BB6A
BC91
BBBE
3A92
3C3A
BCBF
BCD9
3D4C
3D2C
BDC2
BC3A
BD25
3AFC
3D02
3BC2
BBAC
3B36
BD77
3C13
3C16
BC99
39E3
BCC2
BBE3
BB6F
BCD9
3DA6
3B1C
BC98
3C89
3C87
3ADD
BD25
3C93
3D77
3CCB
3D2F
3CDB
3D37
BD87
3D07
3D55
BD37
BDAF
3C65
BD08
3DAB
BD7F
3CCF
3D15
3CFA
BCB0
BD0A
3C0E
BCBF
3D41
BC86
BD9D
3D81
BD2A
BD2F
BD8B
BC4C
3CBC
BC8C
3C5A
BCB1
3C49
3D62
3C96
3DB8
BC0E
3D8E
3CAC
3CEA
3A97
3C8F
3D69
BCF3
BBEE
3D7B
3D0C
BDB0
BC56
3D20
BD15
3CDF
BD0F
3D06
3DBE
BC7D
BC63
3CAE
BD6D
BD10
3D96
BDF6
3DBA
BD46
BD14
BB04
BB71
BCEB
BD22
BDEC
BD04
BDA7
BC1F
3D58
3C8B
BD36
3A87
BA05
BD0E
BDA4
3CB8
3D97
3CA8
BD54
3CE7
BC31
BDA4
3D48
3BF7
3C89
BB23
BCF9
BD06
3D23
3CDF
3CAB
BD19
BD46
3D1E
3DA6
3E14
3C9D
3C0A
3D80
3DB8
BD28
BDB2
3D39
BD68
BCC5
BD33
BD5B
BD1E
BD6A
BCD5
BD04
3A2C
BD05
BC03
BD16
3D40
3C71
BDB5
BD35
BBF1
BC5A
3DAC
3C84
3CC6
3CAA
3D05
BD38
3CE2
3CF7
3C92
BDB4
3D13
BD5D
BC6C
3D5C
BC84
BC55
BCED
BBB0
3BBC
3D54
3C37
BD1E
3D31
BCF1
BCD7
BD21
3C1F
3D6A
3D8F
3C0F
BCBB
3CEC
BBBA
3CE3
BBAA
3D07
BD8A
3D3E
BB94
3D26
BD92
BD4D
3D35
BD8D
BC6E
BDCC
3C52
3CAE
BCE3
3C05
3C15
3D8E
3D0E
3C6F
3B9A
BD8E
3AE4
3CAB
BCE9
3D24
3CC7
BB3B
3DFC
3DFE
BC1C
3D9C
BC7E
3D1C
3CC3
3CC6
BDA6
3C05
3AAC
3D02
3C3E
BCA1
BB1D
3CCA
3D93
BBE1
3AA7
3DDD
BD25
BD81
3CAE
BDC5
BC0D
BDCF
3DBF
BD81
BD83
BD3E
BC5A
3CF8
3B91
BD16
3C0D
BD02
3C0D
3D2C
BD09
3D1C
3D2A
BDF2
3C86
BD34
3CE0
BD3A
BCD7
3D40
3D7C
BCC6
3DA6
3CC2
3B33
3C83
BD31
3C38
3D59
3CEF
3B88
BC11
BD93
3B92
BE00
BC71
BC94
BD69
BCE6
3D8E
BC53
BD60
BCFD
3C5E
BA72
3D4F
3E01
BC7E
3C3B
3D3D
3C75
3CAA
BDF5
BD4A
3D9A
3CB8
BE09
3DD3
BDF5
3DC1
3C24
BC97
3D8C
BCB4
BD49
3E00
3D9C
BD04
BD48
3AE1
3CFF
BC65
BCA9
BD3A
BD9B
BCD5
BC81
3C2A
3CA1
BC80
3C80
BD29
BD61
3CE5
3C11
BD23
3D48
BD35
3CB9
3D81
3E18
BADD
BC65
BD8B
BCC5
BC84
3C88
3CC2
BDBA
BC21
BDB2
3BDE
3D67
BD01
3BBC
BAA2
BBC1
BD06
3C58
BD5A
BC32
BCF6
3D2A
BCC2
BD29
3BEA
3C4E
3CD0
3CB7
BCD5
BCDF
BD39
3D4E
3CEC
3B3E
3D29
3D84
3D41
BC9D
BB35
3CA5
3D59
BCD2
3C4F
3D29
3A26
BD65
3CB9
BD40
3D0D
3C93
BCD3
3DDB
BC03
3DAB
BCBC
3C1E
3CF7
B9F1
BCEF
3CD7
BBFC
BCD5
BD46
BD6E
BD1F
BD9A
BD8D
3C22
3C2E
3C96
3D23
BD83
BD04
3D19
3DA1
3CA5
3D1C
BC54
3BE6
BC42
BC61
3D1E
BC7A
3D4D
BC24
3C68
3D9D
3D0D
BDAB
3CED
3C17
BD36
BE01
BC95
BD84
3D75
BD35
BD40
BCCF
3D83
3D93
3D07
3CD7
3CA9
BD2F
BD4F
BCF1
3D80
BC20
BD77
BD10
BD0E
3D69
BC1F
3D37
BCCD
3BF1
BB5E
3DA6
BDA5
BD43
BC51
BC22
3D25
BC11
3D33
BC03
3D9D
BD9D
3CCA
BD45
3C05
3BEC
3DDA
3D31
BCA3
3CB1
BC2A
3C6A
BC7D
3C2D
3D55
BD2D
3CB6
3D26
3CEB
3D07
3D2B
BD74
BC2A
BCCB
BDAF
3A6B
BD40
BCEA
3D94
BC5A
BD57
BC84
3D3A
3D82
BCE8
3D1E
BD47
3B95
3D9A
BCB3
3D13
3D17
BCAC
3D4E
3C97
3D6B
3CC1
3C5A
BC9C
BDAA
3D87
3C73
BC8A
BBCB
3B75
3D87
3C5A
BD24
3C5D
BC9A
BC3F
BC87
3DAE
3BDF
BC60
BDA4
3BE6
BC47
BCE4
3DE8
BC14
BCE7
3B2B
3D49
3CB3
3DDF
BCD4
3D21
3D0F
BCB5
3D1C
3C61
3B5B
BD69
BDA8
3CDD
3CDC
BD56
BC11
BE1B
3C92
3C74
BD06
BC57
BC3D
BCD7
BC1E
BCA9
3C7D
3C0D
BC8E
BD33
3BC5
3D0A
3CA0
BD1D
BC34
BD0A
3BD3
BD11
BD87
BD7B
3B3D
BD63
BD5D
3D9E
3D3B
3CE1
3D5A
3C48
BD47
3DD5
BC99
BD1A
3CF3
BD5D
3D11
3A9C
3BE6
BDC9
B985
3CDB
BCB4
BD60
3DF7
BD8D
3B38
3C97
BDB6
BD91
BCC9
BD57
3E09
BB08
3C31
BC7B
3CD4
3D9C
BB36
3D87
3C78
BB03
3D99
3D3A
BCC0
3C6C
3CAF
3E1B
3B0C
3D01
3C50
3C55
BBCB
3D71
3CF9
3B20
BCBF
3C92
3CA7
3CB1
BCEC
3D69
3DB0
3D4D
3C69
3C8B
3D26
3D8D
BCFE
3C3B
3D92
3C19
3DA5
BD34
3DA6
3D81
3D30
BC45
3DBD
3B31
3BE5
BCF4
3D1F
BC54
3C2D
BD82
BC95
BC25
BD6A
39C3
3E1A
BCC3
3D27
3CB3
BD6A
3CEC
3C7B
BB9D
3B1C
BC26
BD6C
3D31
BD4F
3DBD
3B14
3C50
BC48
3D39
3D8F
BDAE
3D52
3D55
3D1B
3C9D
3C64
BCAA
BC6A
3D04
3DB1
BD08
BC91
BDDC
BD75
3D2A
3CBD
3D12
3DEA
3CBF
BBC4
3C94
BDA9
BD96
3D97
BE05
3DB1
BB00
BC25
3DDE
BE07
3DEB
3BF2
BD44
BC9C
BD08
3D4E
3D58
BC16
BBCE
3D91
BC7D
3C20
3C2A
3C96
BD15
BCA6
3C9A
3CC5
3C46
BDAA
BC9E
3D09
BD20
BD24
BD24
3D6A
3A09
3A64
3D90
3D09
3D5D
3C34
3DCC
BCFC
3C1F
3D5A
3DC5
BD7A
BE08
BD36
3D0D
3CC3
3C85
3CD9
BC88
BD24
3D44
BCF3
BD18
3CED
BCF4
3BA8
BCFC
3E06
3901
BD69
BB68
3CD2
3AB9
BD5B
BC45
BC78
BB7F
3D0C
BD3E
BD83
3A92
BD5C
BC82
3C68
3C5C
3D12
BC57
3C31
BD53
3BF0
3D85
B8D6
3D1C
BB63
3CFD
BD11
BC18
BD3C
BD19
BCEF
3D1D
BCDD
BC9C
BAE0
3DDD
3CB4
3AF1
3C54
3D4F
BCDB
3CEE
BD3B
3B04
BD1C
BCDF
BC28
BCAD
3DE6
3D9F
BB87
3D5A
3D88
3D67
BC1C
BD63
BA99
3C3A
BC71
BBC2
BC95
BC42
BD05
BCCA
BCB0
BCCF
BD7F
BD01
3C58
3CDF
BB7D
3D33
BD32
3CE0
BD27
BD52
3DC1
BCD1
3C14
BC09
3DB8
3CCC
3C8A
3D01
BC94
BCBB
399C
BCBE
BD31
3CBE
3D53
3D43
BD4C
BD24
3D80
BBAA
3CCE
BD01
BB3D
BBD3
BBE9
BD87
3C86
BC07
3CE7
3C91
3CED
3C1C
3D60
3BE7
3CBB
BC92
3D11
BC83
BB90
3C92
3CC7
BA9E
BC4C
BC39
B9A4
3CEC
3C26
BAFA
3DBD
3CC6
3C4D
BCFC
3D6E
3A85
3C05
3D69
3D80
BCBE
3CAC
3D88
3D1F
BC59
3C77
BC31
BD12
BD25
3C8B
BD4E
3C19
BD4D
BCD6
BD89
BD09
3DD2
BBF0
B8FA
BB70
BD08
BC1C
3CA8
3E12
3C0A
3C4E
3CF1
BC18
BC55
BD8F
BD84
BD13
BC9E
3D96
BC07
3CDA
BC58
3C87
BD29
BCE4
3B76
3CB8
3BE8
3CFB
3CB9
3C78
BB9D
BC71
BA4E
3CE5
BE3E
BE27
3D81
3E1B
3D8A
BD55
3D5F
3D94
3E08
BBDD
BDD1
3DAE
BD9B
BD05
BD15
BDF3
3D46
3C56
3C5B
3D17
3C9D
BDCE
3C26
3DDB
BD14
3D7F
3DDA
3D92
3D8F
3DA1
BBE9
3BA6
BD82
BCC6
BC8C
3BF8
3D6E
BCCF
BC43
BDE2
BD14
3BB2
BC47
3C99
BD05
BC68
3E01
BC9C
3A3A
BC9F
3D40
3D04
BDC1
3D6B
BD35
BA88
BCD4
BCA3
3B59
3C21
BD43
BE01
BD39
3D28
BC44
BD9D
BE2D
3D05
BDCB
BCDC
BDF1
BD04
3C50
BD9A
3D74
3C10
BD55
3CC8
3DEE
3D66
3C1F
BD37
BC31
BE1A
3D60
BC67
BC6B
BD24
3D61
3D26
BA64
BCA3
3D8D
3D50
BDDB
3D61
3DB2
3BD2
BDB7
BD21
3CD4
BE0B
BBC7
BD60
3CD5
BD14
BBC2
3E00
3BEF
BC87
BBD2
BCCB
BC71
BD48
BCF8
BD4B
3DBA
BDE2
3D1E
BD0B
3C3A
3D87
3E3A
3D13
3D5F
BA8A
BA8C
BD44
BA05
BB91
BC14
BCB7
3CC2
BBD7
3CAA
3C46
BD0A
BC66
BD3A
3C9D
3D95
3B03
3CB5
BD78
3D0B
3D85
BDA0
BC8B
BB11
3D81
3CBC
3BE7
3DA5
BCD1
BD4E
3D65
3DB3
3D36
3C9E
3DA8
3C8A
3C33
3CEA
3D94
3D01
3CFA
BDCE
BD9E
3CD1
3C6C
BCAF
3CD3
BDB2
BD41
BA5E
3C8D
3DBB
3DB8
BD6D
BCE0
BB92
3C4D
3CE9
BC86
3C92
3C17
BD9F
3D41
3D8A
3D64
3D57
BA98
3D13
3C8A
3C4F
BC97
3D09
3B66
3C40
BBDB
BC82
BC14
3D0E
3D1C
3CBD
BCC9
BD2B
3D2F
BC53
BD60
3D8C
BC4D
3DA1
BB3D
BD87
BB91
BC9A
BD14
BC5B
BC8D
3AA7
3C7D
BD82
BC71
3D32
BD29
BD41
3C27
3CD4
3D39
BD1E
BC86
3DAD
BC3E
3CF4
BD3D
3D1A
3D4D
BD9C
BD1E
BD8A
BC34
3D29
BC38
3D0E
3D04
3BBC
BD14
BBAB
BA8E
BBEA
BD07
3D17
BD8F
3C82
3ACB
BDE8
BDD3
BCC8
3D46
3BA1
3C77
3C1E
BCAB
3BC4
3A94
BD8C
3D02
3CC3
3C74
BC11
BC45
BC17
BD47
3C0C
3D2F
3C8D
BDF6
3D04
3DDB
BCE7
3DE3
3CAB
3DBE
BD9C
BC41
3D1B
3C9E
BD98
BD38
3D51
3D28
3DA6
3D5A
3CE5
3BCC
BD16
3D06
BD58
BD6D
BD04
BD37
BC60
3D89
3C1C
BD56
BC8C
BD22
3B9D
BC9A
3CE4
BD67
BD7A
3D27
BB6C
BCB0
BD68
3DDC
3D45
3D78
BD20
BB4A
BD92
BB48
BD3B
3D8C
BCE1
3C9D
3CC5
BCA2
BD79
BD62
BDDF
3CE7
3CB9
BD10
BD95
3D27
BC60
3C9B
3C17
3BE8
3D49
BCD0
3C95
3B55
BCCF
BD14
3D0B
3D40
BD59
BD0D
3D43
3D12
3D97
BD14
3DAD
BDE4
3CF4
BD6A
3D85
BD26
BCA9
BC15
BCFA
BD26
3D02
BBCD
3D4E
3D51
BBFA
3B0A
3D15
3C44
BD8B
3B6E
BCFE
BC3B
BC9E
BD02
BAE1
BD09
3A64
3CB8
3D67
3D9D
BD54
BC3E
BCCB
BD08
BC59
BB89
BD31
BDF9
3CA8
BCB1
3D50
BDB6
BC96
BC3A
BC10
3D3F
BDEA
3BDF
3D1C
3B10
3D94
BD1C
3C3A
3D7A
BD07
3DA0
BD22
3D2D
3C2D
3DBA
3DBE
3CFA
3D14
3D63
3C98
BCCB
BBED
BD93
3D08
BD45
3CA4
BD31
BD39
3BE5
3D96
BB03
3C24
3D8B
BDB9
BD45
3C6C
BD9B
BD1E
3CCA
3DF5
389B
BC42
3AC3
3D46
3DC0
3C9A
3C20
BD36
3D5D
3D02
BD44
BCD6
3D1F
BCFD
BC63
BB21
3B94
BCC2
BDA9
BBB6
3B5F
BD5A
BCC3
3C7A
BC9C
3D91
3C6F
3D12
BD4C
BD1A
BCA5
BD43
BD9A
BD23
BD76
3D5A
3A63
BD6C
BD04
BC03
3C2D
3D86
BAF5
BB2D
3C74
BA2F
3C33
BB13
3BD7
3CF0
BD17
BCCA
3CED
BC0D
BD99
BD2B
3CA2
BC5D
BBBD
BD12
3DF6
BA9E
BDA5
3C42
BD96
BC58
BDAE
3C87
BDBA
3C00
3C4A
BCDA
BC8F
BD1B
3CCF
BD0A
BDBB
BCEB
3C87
3D14
3D6F
3AF6
3A34
3D33
BD80
3D04
BCDA
BDC3
3DF7
3C0D
BCC0
3D71
BD17
3C3B
BC83
BC82
3D69
3D03
BC5E
BBFC
3D01
3C64
BE1B
BD5B
BD8A
BCC3
390A
3D83
3D81
BD36
3B5D
3C68
3D44
BCDC
3CE7
BBFE
3C40
BDB3
3C70
3D44
3D49
BD72
3BDA
3D27
3D89
3D30
BD60
BDE1
3C7B
BD76
3B23
3DE0
BD78
BD87
BD43
3CDF
3CD3
BD01
BD48
BC5C
3A3D
3AD1
BD79
BD82
3D17
3B39
BC8C
BD40
3C27
BD1A
BC25
3C5B
BD8E
BC81
3CD5
BC33
BC99
3D15
3D15
3D1F
3C60
BD9C
3D83
BCC8
BBC3
BDBA
3CF6
3BD7
BC97
BCC2
3D54
3DDD
BBAE
BCD2
3BDA
3C11
3C05
3C74
3B07
3CF5
3BE8
BD73
BD55
BC59
3C0D
BD1B
3CF4
BCC0
BD2A
BCC9
BD0C
BDFD
3D99
BD4F
BC1B
BCBE
3CAD
3D5D
3CD1
3D8A
3DC4
3DAA
BD29
3D5B
BD5A
3C82
3CFE
BCAE
BD65
3DA7
3B84
BD45
3D53
BBF0
3D46
3CDF
BDF4
3DA0
3B71
3B10
BC84
3D24
BCD7
3B85
BC9F
BD70
3C50
BD55
BD07
3D14
3E21
BBEA
BB1D
BCAD
BD2B
3C93
3D48
BCC8
3D87
3C6F
BC98
BC80
BD6B
3B4A
3C2A
BDF1
3BF8
3CD0
3BBD
3CD8
BC3E
3D15
3CF2
BBFC
3B09
BAEA
BC73
3D84
BCD7
BD94
3C2D
3BAE
3DBF
BD82
BDAA
3D9A
3D56
BA53
BD22
3BE7
3D13
3CAA
3BC1
399C
BDC9
BC82
BC92
3BDD
BD47
BD3C
3DD4
3C4B
3C35
3CC7
3B05
BD17
3D55
BD4F
BD01
3CFE
BDD8
BCF6
BBD2
3DB5
BD8F
BD50
BCB5
3B1C
3DAE
BD4F
3DEA
BD97
BBF9
BCC3
BC80
BBE1
BBD3
3C52
BD59
3D57
3DC4
BD31
BD2A
3D58
3D07
BCED
3D20
BC6C
3DB7
3C4C
3C71
BDB3
3D44
3D41
BD08
BD87
3CBE
BD30
3C9A
3D7A
3CDC
3CA7
3D07
BC26
3D76
3BA8
BE2E
3D0A
BC71
BC30
BDA2
3C6E
3D08
3C6E
BB4B
BD4E
3B94
BD66
3D17
3D84
3B9E
3BF0
3DA9
3BE0
3CB2
BA8C
3CD7
3CA8
BD1D
3DC3
BD60
BC19
BD9C
3CDF
3DC7
BC14
3C7D
BD02
3C72
3CA3
BD98
3BDC
BB4C
BD58
3C6B
3D02
3D78
BCF9
3C30
BA7C
BC3B
3D84
3B84
BCD8
3D23
3D47
BD31
3D29
BD9A
BC05
3D26
BD69
BDA5
BC5F
3CE3
BC35
BDDB
BD22
BDA1
BC91
BC10
3DBB
3CE0
BD38
3DB4
3D02
3DE2
3D73
39D5
3C0C
BD91
BD0D
3D8F
3C63
3CE2
3C74
BC6D
BD28
3DC5
BD5E
BA81
3D57
BCAE
3CBF
3C9F
3D85
3C7D
3D9E
BD85
3C8F
3C68
BD0D
3CE7
BD44
BD35
3C06
BDCF
3DBA
BD12
3CC1
BC72
3BFD
3D47
BD96
3DA7
3C3E
BB05
3C61
BD51
BDCA
BD48
3C24
3D8C
BD8C
BBF0
3CE7
3D05
3C5A
BD5C
3B42
BBBE
3C1B
3D0C
BD9C
3D31
3CA7
BC39
3B24
BBA2
BCEA
BC99
3D5B
3CE1
BCDB
3D46
BD09
BD34
3D5E
3CE6
39D7
BD32
3C9E
3D6F
BC38
BCF1
3D92
3C18
3DA3
BD82
3CC4
BCF3
3D67
3DA0
3C81
BCF6
BCE0
3C8C
BC9D
BD73
BCE4
BCA3
3DDE
3C85
BD85
BC23
3DC1
3D7F
3BEC
BC50
BCDE
3D0C
3D98
BC58
3CFC
BC84
BD3A
3D87
3E26
3C81
BCFF
3B6E
3D37
3C91
3C90
BCEE
3CED
BD41
3D57
3B53
3D77
3DF5
BC08
BDC1
BC3E
BD91
BD77
3D19
39E4
BC61
3DA4
BD94
BCBF
BC48
3D0D
BD24
3BD8
3D1F
BDA4
3D5C
BD5D
3BB6
3CB2
BDC4
3D4E
BC2D
BCD5
3D37
BBB9
BD4D
3BFE
BD2B
BC76
3D1C
BDB6
3CF2
3D9C
BC8F
3D83
3D11
3C01
3D8A
BD0C
3D80
BC6C
3D28
3C6F
BC3F
BD18
BD07
3BA2
3D1F
3C83
3BB8
3C27
BBFF
BD39
BBF1
BD1F
3D4F
BCF1
BD0D
BC98
BDAC
3D27
BD4D
BD99
3C9D
3CCD
3C81
3CE5
BCC3
BD88
BCBB
BD2F
3D26
3D46
BDD4
BD25
BC97
BC45
3D11
3C95
3D1F
BC5D
3D56
BD18
BBB6
BCB1
BD58
3CDF
BD50
BCE5
BC5C
3CC5
BAB9
3D7D
3CF3
3C85
3DB0
BD0D
BC66
BCDD
3C0A
BD9D
3C85
3D4E
BCA0
BBD9
3CEC
3D45
BC63
3D02
BCDA
BD0E
3D5B
BA6B
3C15
3C8C
3D30
3B9E
BD2C
3C02
3DA7
BA49
3D28
BC97
3D5B
BDB0
3DB2
3C73
3D80
BBC1
BDAA
3D48
BA3A
3D41
3B8B
3CFF
BD86
BC08
3C21
BD13
3D3C
3C32
3D37
BD0A
BD11
3CE4
BE1C
BCF0
3D31
BB00
BD68
3D2E
BDA8
3AF9
3D34
BD92
3C82
3D10
BDA7
3D3B
B793
BD3A
3CEE
BD84
BCC3
3C92
3CD4
BD7C
3D2C
3C66
3C52
BC1E
3D29
3DA7
BB9B
3A59
BD28
3D13
3D03
BDD1
BDA3
BB96
3D88
BC5B
3D60
3BA7
3D20
3C0E
BE17
3D69
BADD
BBA1
BD9D
BD26
3D8F
3DB3
BD24
BC10
3A7A
3C37
3D9D
BCFE
BCAF
3D9D
BA89
BDBE
3CB7
BC75
BDB7
BBE8
3D9B
3D8C
3CF8
BD14
BDCC
B93B
BCA9
3D00
3D92
BC5B
3C1E
BA03
BD01
3C42
3C11
3D8C
BBCE
BCC3
BD4B
BCE0
3D0D
BC4E
BB90
BCAD
3D3C
3A76
BC5D
BD71
3C16
3C9C
BC3A
BC24
3B9B
BC58
BCAA
BDA6
BC75
BD85
3CA7
BD6A
BC9A
3D09
BC5E
3D07
BD59
3DAC
BBE2
BC28
3D11
3C76
3D42
BD05
BC4B
BCC3
BBDA
BD41
3DD3
BCD4
BD40
3C9C
3C63
BD30
BCA6
3D47
BDCA
BC1A
BD70
BBC4
3C87
BD85
3D92
BCBF
3C54
BCB4
BC67
BC79
BC8F
BDA7
3C5A
3C85
3D29
BC51
3C6E
3D8A
BC0D
3CA2
3D05
3C8B
BD09
BB82
3C71
3C67
3C36
BCEC
BB90
3C8D
3AC5
3D53
3D93
3C5F
BD09
3C69
BC07
3C8D
BCFA
BCF4
3C2C
3C93
BC1A
3D50
3D04
BCEE
3C91
BD78
3C21
3D44
3CB8
BDA3
3C13
3D85
3DE4
3DAD
3C96
3D95
3CE8
BCE7
BD14
3DF7
3C5C
39AF
BCB9
3CC0
BCE3
3D91
3D19
3C88
BCB1
3C58
3BF3
3BD8
BC26
3D0A
BC4F
3CA7
BB18
BB9B
3D47
3C80
3D04
BCBF
BC6A
BC42
3CB5
3BE0
3CD5
3D82
BD34
3CA2
BCF3
3DA2
3CC3
BC97
3AC4
3D4F
3C6C
BBD2
3DF7
3C8F
BC78
3D0A
BBFC
BDBC
BC26
BBB8
3D82
BD16
BD91
3B80
BD00
BB5E
3D78
3C87
3DD0
BD1B
3D2C
BC93
3B94
3D0A
BD21
3DAD
3C5F
BCF1
BD90
BB08
BCBB
3C89
BDB1
3C03
BDAB
BCA4
BCE7
BC49
BCC3
3C49
3C46
3B13
BCD8
3D31
BD8F
3D0E
3C89
BD64
3D4A
3C5D
3CC1
3C87
3D10
3C68
BD54
BD1E
BCDA
3C05
3D04
BD3D
3BB6
3CF8
3C11
BCD9
3C1B
BD08
3DA9
BCC4
BD3C
3C2E
BD7B
BD05
3B32
BCDC
3D40
BC33
3D7D
BD8D
3997
BE03
BA30
BCE4
BD8B
3D76
BD6C
BD99
BC23
3CD0
3D3B
3C85
3D0E
3C48
BB9C
3D87
3D00
3CD6
3DA8
BCDF
BCD2
3C31
BE17
3CAF
3CF8
3D46
3DA4
3D79
3C23
3E06
BCCD
BCB5
BD5E
3DD8
BD5E
BCF9
3CD3
3DC1
BD60
BD8A
BC1B
3CEC
BCAA
BD13
BBF7
BD4E
BD42
3C74
3C7C
BC80
BC9D
39A8
3CD3
BC1E
3D6E
3C8C
BB1B
BDC3
3D1E
3D31
BBEB
3D32
BBAF
3BDE
BC82
3DF1
BD89
BD60
BC4A
3D72
BD27
BD30
3A66
BD0F
3DEE
BCD7
3C58
3CBA
3D46
BB36
3D78
38B6
3C00
BD1B
BDC3
3D88
BB92
3B0C
BC22
3CD0
3B29
3C8F
3CA0
3B89
BD0B
B9DF
3B68
BD8D
BD4A
3D82
BD6F
3CC5
BD57
3D11
BC75
3DA2
BD05
3C2B
3D82
3C1D
BBEB
BE03
BDCD
3DBE
3D85
3D74
3C3A
3D0B
3BC7
3D6B
3D84
39FE
3D72
3D39
BD86
BD04
BDDB
3D94
BD29
BC64
3CBA
3D96
BCB6
3C3E
3C25
BAE6
BD4D
3DBB
BD8A
3DB5
3C49
3D1F
3B5D
3B06
3D23
BB56
BE19
BDC7
BD0B
BD2D
BE55
3D05
BCF6
3BD6
3D02
3CEF
3C89
3DC7
BC0B
3D48
BDBD
3A91
BDB0
BCFD
3D1E
3C63
BD1D
BC64
BD94
3D22
3D4E
3D49
BCDC
BC80
3C68
BD82
BDDA
BDA5
3D9B
BDB9
BBCA
BD9F
3C6D
3C8B
BCB6
BD75
BD3B
BC11
BD0B
3D26
BD05
3D55
BD26
BCC9
BD26
3C6A
BD7E
3C26
3C96
BD1C
BD3A
3C94
BD93
BDA4
3BAC
BC5B
3D1C
3CD4
3DB0
3B3A
BDCA
3D12
BC67
3D20
BBFC
3C94
3B04
3D39
3B45
3CD2
3CB2
BD1D
3AD2
BD5A
3CB6
3D43
BD3B
3D20
BC88
3CA4
3D30
BD90
3D0A
3D6B
3C0D
3C48
BD66
3D85
BCC5
BD3C
BD33
BCB6
BCFF
BC7D
3CDC
3BA9
3C9D
BD7C
3DE9
3D3F
BD61
3DF3
BD10
BCC0
3C94
3CBD
3DD3
BD06
3BD5
3D96
3DDF
BD78
BC89
3C55
3DAC
BE17
3CEA
3D43
BCBD
BD04
3C0B
3D1B
3D5C
BB70
BCBA
3D27
BDB3
BD40
BC77
3D37
BDB3
3D20
3C84
BD3E
3C9A
BD0A
396E
3D12
BD37
BD9B
BC85
3D2F
BD9D
BD84
BD0C
BD13
BDB2
BD04
3D4A
BD1C
3DF0
BD89
3C15
3D0F
3CF3
3CB3
BCD6
3D16
3DA7
3D18
BDD7
3C28
3CDE
3DF1
BD65
BC5B
3D92
BDA8
3DE8
BD96
3A9F
BD66
3D68
3D7A
BCE3
BD95
BC28
BCDA
BD6F
3AF0
BDC4
3D9F
BB80
3A1D
BD36
3C95
BC6F
BD7C
3D8B
BDCD
BCD2
BDA6
3C5A
BC86
BC0D
3D0A
3C0D
3DB6
3D9C
BD60
3CBE
BB85
BD83
3D9A
BD97
3D0D
3C16
BD89
BD64
BD89
3DC9
3D2F
BB36
BB7B
BD8A
3DFA
3D04
3DA5
3D8B
BD3E
BD83
BCBD
BC84
BCC9
BD22
BD25
BCA7
BDAC
BC4C
3D93
BD5F
3CDE
BD8E
3E28
BCBD
BD09
BCC4
3BAA
3C09
BCB7
3C88
3C3F
BC8D
3D25
3CE2
3B2E
3D85
BC3B
3D86
BBB6
3CD8
3CC0
BCDC
BD4E
BD66
BD8A
BCF9
3C8F
3CB7
BCED
3C8E
3D22
3C92
3CD3
BBAD
BCF7
3D9D
3CD4
BB10
3B1B
3C71
3CA8
3DA0
3D38
3C6C
BD13
3CA8
3D01
BC78
BCC0
BD8B
3CDC
3D80
3D59
BD10
3D3F
BC86
3D3B
3D90
BCBF
BC8E
BD8F
BB09
3C86
BD57
BC8E
3B29
3CC2
3B02
3BB1
B91C
BC8E
BD2B
BCE8
3D62
3CE2
3948
BDA4
BD88
3D47
BD08
3D3B
3D22
BC82
BC58
BB34
3D8F
3CBF
3B8C
BD1A
3D10
3BE6
3CFD
3D15
BD33
3CBE
BB8B
BD60
BC89
BD29
3C27
3D84
3D26
BD2E
3C7A
3D8D
3D0F
3CB3
BAAE
3DD3
BB43
3C34
BD91
3C96
BC46
BDA3
BDB5
BC7B
3D50
3C06
BC88
3CFA
3CA7
BD21
3C45
3D27
3BD5
3C8A
3CE0
BD0B
BA38
BCA8
3D6F
BC78
3C8D
BC66
3D82
BB1F
BC11
BD45
3D41
BC36
BD07
3D54
3D39
3A91
BD30
BB86
BCC5
BCE1
BD91
3D4C
BD61
BD0A
BC59
BB16
BD16
3D40
3D49
BD03
3C5A
BD5F
3CBC
3D67
3D21
BD3B
BD3A
3CB8
BD37
3DA9
BC1D
BD8A
BCE0
3C5B
BC80
BD6D
3D90
3CE7
3C82
3D3D
3CE2
BD93
BA5A
BCF8
3D02
BC8A
BD22
3CD6
BD01
3C9E
BCAC
3D7A
3D15
BCA7
3E08
3C3D
BB84
3CCE
BCEA
3C1C
3D7E
BC76
BD15
3C32
3A82
BD13
3CC5
3BB0
3C13
3C3F
3E06
3BFA
BC2C
BD66
3D96
3D03
BB82
BD72
397E
BD25
BC21
3CD0
BD4F
3E03
BC0B
BBBB
BB79
BCDF
BD45
BB30
BBCB
3D6F
3B50
BD0E
3D0B
BD47
3D40
3C73
BC46
3CF2
BC3B
3D38
3C25
3D9A
BBF9
3CF6
BCE0
3C66
3C7A
3C20
3CB7
BD24
3D66
BD83
3C81
3DDD
BD0E
3D2B
BD87
3DD2
BB65
3D31
BB6C
BD43
BD24
3DA3
3BEB
3DD2
BDA5
BC94
3D92
3D53
3D38
3D98
B7BB
3DBC
BBCD
3D9E
BD13
3DC8
3D47
BD55
BDA0
BD20
BDCC
BCFD
BCFA
3AA2
BC7C
BC3D
BD52
BD22
3D99
BD45
BBE0
BD97
3CAD
BDA7
BD1F
3E11
3C8D
BC89
3D58
3BB5
BC12
3DB2
BCF5
3DA3
B991
3CC8
3D17
3D50
BDD1
3CF3
BBBB
BC9D
3C81
3D9E
BC95
BD92
BD81
3D3F
BD14
3716
3C8E
3D04
BD5B
3DEB
BCB7
3D03
BCF3
3CF7
BC98
BD45
BCD1
BD74
BC21
BD6A
BD9F
BC37
BDCE
3CB5
BD08
BD51
BDF4
BCAC
3C25
3D6E
3D5C
BAA0
BBA4
3D01
3D72
3C1C
BE0A
3D78
3C54
BE1A
3D28
3C0B
BCCD
3C87
BD76
3D0A
BDDC
BC11
3D58
3CBC
3D2F
BCD4
BDC8
3D60
BC1A
BD08
BC07
BCCF
3D3D
BC2A
BCAC
3D46
3D5A
BD38
3C75
BD82
BC95
3C4D
BD33
BC30
BC67
BDBA
BB01
3D42
BCD0
BD33
BDCA
BDA7
3BFA
BC52
3D19
BDAE
3CF9
BDD0
BD68
3D54
3BF4
BD8E
3CE3
BD04
3D20
3CA5
BDB5
3C93
3CE1
3D92
3CA1
3CE7
3CED
3DD6
3B28
BC3B
3D08
38E8
3C84
BC24
BD5F
3DA5
3CCB
3BA7
3BC7
BD40
BB8D
3C28
3DC5
3DD1
BD35
3BB5
3CD0
BC99
BC85
3CCD
BD09
3CE0
3DA3
BCAB
3AD3
3BED
3DBA
BC5C
BD39
B7A6
BD6F
3D19
BCA2
3D04
BD47
3CE7
BD52
3D27
BCD6
3D32
3D67
BD0A
BC69
3C02
3A31
BC5C
3D60
3A89
3CC2
3CBB
3D65
3D89
3C55
3D68
3D01
BD7F
3CDA
3B93
3CCE
BDC3
3D08
3C9B
BC15
BC9B
3D12
3D09
BC07
3D40
3D09
3A07
3C5A
3CD5
BD21
BCFB
BD64
BC2A
3C76
3BE1
3B1F
BCCE
BC47
3AE5
3CFD
BC32
BDBB
3ADE
3C23
3B3C
3D85
3DA3
3C69
3CF0
3D82
BD17
BD00
3D08
BD98
3D5C
3D43
BCD6
3CA7
3D3D
3D05
BC72
BC82
3DCD
BD5D
3D3E
3CB4
3D8F
3C4D
3CE2
3D38
3D40
BCEB
3C3F
BD13
3D42
BDA0
BD08
BD92
BBC1
BD22
BC8D
BC78
BDC9
BCA0
BBB2
3B38
BE05
BCBC
3CC3
BD15
BD76
3CC7
BC8A
BC32
BD87
BD23
BDB4
BDAB
BDDE
BBE6
BCE1
BB06
BCA2
3B00
BC09
3C87
3BC8
3BCD
BBC7
BB24
BD93
BD53
3CE7
BCD9
3C36
BCEE
3B8B
BC7F
BCC7
3D0D
3C8C
BD28
BD78
BD31
BD2E
BCBA
3A40
BDAD
3E05
3CCE
3D0C
3DCE
BC80
BD00
BD8E
3C99
BDF3
BAA3
BD4F
BC50
3CAC
BB53
BC2F
3DB0
3DAE
BD06
BC73
BBA1
3D41
BD2B
BCE4
BB84
3CBD
BDA2
3BEE
BD41
BC02
BC8B
3D01
3D77
BD49
BD1B
BCDE
3BA3
BCCC
BDA0
BD15
3D20
BC91
3D12
BBAC
3C24
BCBF
3BA9
BD8B
BC87
BD6B
3D07
BC08
BC00
BD89
3D17
BD93
3D12
3DB1
BBCD
3D1D
BCD8
3D83
BD9B
3D0B
3CE1
3D3D
BC19
3B6E
BE2B
3D6D
BD5F
BC5D
3D82
3D06
BD70
3B82
BD92
3CFD
BD09
3C86
BBD8
3CBD
3C8D
3DB1
BC11
3C1E
3B29
3D49
3CE1
BCF3
BCFD
3CCF
BCD9
BAFF
BD87
3CE6
3C4C
BDCC
BC07
3D65
3C81
3C21
3CE2
BD79
BD0A
BC8C
3C7B
BA57
BD4E
3AF0
3CC7
3B84
3D90
3CA6
BCA9
BD73
BDB2
BD2A
BC8A
BC40
3D49
3D59
BD9D
BC81
BC95
3CD8
3D3A
3D47
3D6C
BCC0
3BEC
BCE9
BD0D
3BC8
BC90
BD1E
BD6F
BB95
BDE1
BCE7
3C23
BD01
BC4B
3C5E
3BA7
3D86
3C77
3D03
3AD8
3C50
BD02
3BCE
BCAC
B8ED
3C95
3D10
3CEF
BBA1
3CA2
3D85
3CD3
3CC6
3D13
3CAF
BCEF
3D9B
3D2C
3CFD
BD79
BB25
3E32
BBAB
BCE0
BD29
3D40
3BAE
BC4E
3DE1
3D4B
3B26
3E00
BD80
BCE1
BC07
BC9E
3D9F
BCBB
3C8F
BC6C
BDE5
BD5A
3D12
BC5E
BCA9
BD0F
3C5C
3D21
BD6F
3D4B
3C6C
BCEB
3D67
3CA4
BB31
BC87
BCE5
BDA0
BDAD
BD3C
BD97
BCB7
3B79
3C26
BCB6
BCD6
BC7B
BD41
3D99
BD76
BCCF
BD4C
3BFB
BC7F
3CC9
BC0F
BB9F
3D85
BD72
3C00
3D85
BC43
3DA7
3CF8
3D89
3D9F
3D4D
3DBF
3B1E
3C9F
3C8A
BD56
3D03
BD60
BD93
3CAF
BD8B
BC8C
3DEE
3DA4
BDB0
BCF3
BBF4
BD14
BDB2
BD0E
3DF3
3D61
3D83
BB43
BCA7
3D86
3C9D
3B09
BCE1
BD94
BD91
BCC5
BDDD
BC3A
3D82
3BD0
BCF1
3D99
3DB1
3D31
3CC6
3D06
3D49
BD0B
BBFD
3B22
BC9B
BCA3
BD96
BD42
3BD6
3D71
BD56
BCC0
BBDC
3D87
3B13
3D11
3D53
3C84
BC6A
BD0E
BBE5
BD09
BC91
BD0A
BDE2
BB32
BB62
BD7E
3E2B
BD58
3CDA
3C84
3D0D
BD2D
BC46
BCE3
3E19
3A96
BC94
3A6A
BD90
BA35
BC7A
BD5E
3DB5
BCBE
BDBE
3C7F
BE2B
BC06
BD1D
BD93
3CE7
BCED
BC55
3D4B
3C5D
BD06
3D0C
3AAA
3C84
3D13
BCAF
BD0E
3BDF
BDCD
BD4D
BDAE
3C31
BC65
BD5C
BCB1
3D9C
BC79
3D79
3C58
BC83
BD1E
BDD3
3D5C
3C00
3C4B
3D08
BC68
3D3B
3DF6
3D5B
BCF5
3BA9
3D21
3C05
BD07
3CAD
3D64
BCED
3D4E
BD46
3D1C
3D8A
3D8D
BC99
38A4
3D21
BCCC
BDC4
3D24
BC3C
BBF5
BDB3
BD36
3A86
BD28
BD66
3E28
BCF9
BCAD
BD44
BD30
3D33
3D1F
BCFB
3CEC
BBB4
BD30
3D39
BD8D
BD2B
3D78
BCAD
BC6C
BC7B
BD3E
BCCD
BD50
3C2E
3D15
3CD4
3C06
3D18
3D6A
BD0B
BCB4
BD18
3CA0
BDF5
BDEC
BC02
3D88
3BAD
BCA5
3BD3
3CBE
3DB3
BC7C
BD05
3CAB
BE15
3DB0
BC4A
3A83
BE12
BCFE
BD20
3BBA
BD7D
BD75
BD1B
BC08
3C06
3D8D
3D6B
3D11
BD8F
3D8B
BD25
BDB8
3D25
BD95
BD13
3C60
BC69
3D5D
BCB8
BD8D
3B93
3DA9
3D36
3C34
3D04
3CB8
BD53
3C92
3D0C
3D85
BB0A
3CD6
3C53
3C86
3DAA
BD25
BDE7
3D21
BCF4
BD0A
3DA1
BD39
BCC3
BA68
3A9C
BB03
BDDB
BC96
BD90
3CDF
BD7E
BD1E
BB05
3B95
BAAF
3D31
BD68
3CEF
3DA6
BD3E
BCC1
BB9A
BCF8
BDA1
BCD1
3D90
3D57
BCFA
3D5C
3D78
3BF6
3CD1
3C80
BBFA
3B94
3CBF
3CAD
BC9A
3B09
3C94
3E15
BDA6
BC29
3BD4
BD80
3BE7
3C23
BBC9
BB40
BCB3
3D0A
BD8A
3BDF
BBE6
BD45
3DA2
BD01
BCB3
3BC2
BD00
BDA3
3CEA
BCA7
BD17
3B76
3CE6
3C59
3BB9
3DC0
3E11
BCA6
BD9A
BD55
3C2A
BD33
BD5E
BDA6
3D46
3CFC
BD82
3CFA
BD6F
3C16
3D41
3D1D
3D72
3D97
BCA5
BD66
BDA8
3D55
3CAE
BDB4
BC29
3D1D
BCB1
BCA7
BD8F
3CA4
BCBE
BDE5
3D01
3BA3
3CD9
3D74
3D7A
BCE0
3D91
BCEE
3CA7
BD37
BD96
3BE9
BBC0
BD10
3CFA
BD1B
BC8F
BD63
3D9D
3D90
BD0D
BCF9
3D82
BD14
3D8E
BD07
BD42
3C84
3CF5
BCE8
BCD2
BD8D
3C0F
3DF1
BCEB
3D65
3E1D
3D6A
3CC2
3B72
3D66
BD83
BD83
3C84
3CAD
BD17
BD75
3C82
3C31
BC1A
3DAB
BD2B
39FD
3D28
3CFE
BCC6
3CC8
BD7D
3E0F
3C55
3B8E
BDB5
BD2E
3C32
3D0F
BD7D
BD5D
BD43
BCCA
BC67
3AAA
3C5C
BC54
BD51
3D44
BD22
BD35
BC35
3D6A
3D88
3D1C
3D38
3C82
BDA8
BB36
BCE3
3C98
3C96
BA81
BD5B
BC69
BDA3
3CEC
BCFB
3D80
3DC6
3DC5
BD23
BCE5
BD26
BCA5
BD63
BCAD
3D24
BC06
3D86
BCD0
3CEC
BD9A
3CDB
3D13
BD60
3BAB
BC5A
BAAA
3DA2
BC5B
3C8C
BCAC
BDA9
3D9B
BC87
BCC7
BD8D
BCB1
BBE6
3B8B
BD24
BD63
BD55
BD64
3B5D
3CDB
3D3C
3DAF
3C8F
3DA7
3D2E
3C91
BD48
3BED
3CC1
3CEB
BC8D
BDCC
BCB5
BB9F
3D82
BD48
BD0C
3CA0
3C36
3D11
3DA3
BD87
3D41
BCD8
BCBD
3D94
BC8A
3CCA
3D64
BD5B
3B0F
BD61
3CA7
BC5E
BD1D
BAE5
3DB4
39F1
BD50
BC41
BB55
3D47
3C63
BBCB
BCBB
3C2D
BD38
BC5B
3A39
BBD0
3C0B
3C8A
BDC2
3D73
BC58
3CD1
BAB0
3C1A
3C87
3C68
3D45
BD23
3D37
BCF6
3CD7
BC98
BD6C
BD0A
BBD5
BD71
BD0C
BD22
3CBA
3C77
3AC8
3D3F
3C03
3D78
BB3E
3D93
BD55
3CFC
BC03
3B6E
BD86
BDBB
BD4D
3D30
BD06
3DBA
3D55
3DB6
BC7A
BCBB
BD1B
BD36
BD06
3C2E
3D38
BC27
3DD5
BABB
3D17
BDB5
3CB8
3D72
3B0B
BB2B
BDD8
3C52
3D9B
BD11
BCDD
BD5B
BCE4
3CF1
BD30
3D04
BDB2
3B6C
3A23
3D28
3CA7
BD2D
BD46
3DC7
3D5E
3DAF
BCA3
3CC3
BB91
3CD9
3C40
3B94
BD63
BD58
3BA2
3D1A
3BB4
3CA3
BC8D
3C83
3C90
BDDD
BD7A
3CDD
3D95
3B04
BCDE
BBF2
BCFD
3DA9
3D89
3D03
BC90
3C02
3D84
BCFF
BC84
3D03
BC31
BCE2
BD36
BC3E
3D32
3B5B
BDB4
BDB8
3C9B
BCFE
BD3F
3C09
BCBB
BCF3
3C17
BD0E
BB91
3D33
3C2B
3C46
BDAB
3CB8
3D01
3CBE
3CE3
BD4F
3CC7
BDB1
BC68
3CF8
3D0D
3DB0
BD7D
BCDD
BC96
BC9F
BD61
BDE6
BC8A
BC85
BCC5
3CCC
BC9A
3D8B
3D9C
3D21
3D4D
3D15
BCD4
3D69
3CF9
3D16
BCCC
BD06
BD22
BD1B
BCA1
3D3E
BD0D
3C80
BD82
BC8A
BD37
BDD6
BCD7
3C05
BD05
BC11
3DA6
BB8B
3C60
BB89
BC34
3D62
BC2F
3D88
3D91
BC82
BD63
3CDB
BD1D
3CAA
3D78
3D8A
BD1A
BD48
BD3D
BD16
3CFF
3D04
BC6F
3CBA
BD60
3C8F
BD0B
3D7D
BBA2
3D96
BD0E
3D97
3C8F
BD36
BCBC
BCC7
3BF2
BC43
3D16
BC46
3C91
BC4E
3CAE
39FD
39A2
BB9D
BADC
3D33
BBCA
BCDD
3DBD
BD9C
BD68
3B2F
3D0C
3D75
3D2B
BDA1
3CD9
3D68
3D21
BDD5
BC84
3C13
BD92
BCAE
3D23
3D17
3CA3
3D4A
BB86
BC32
BC4A
BCC7
BDD2
3DCB
BC33
3D77
BCDD
BD25
BCF9
BD25
3D41
BCDB
3A39
3D57
BCE3
BD98
BD02
3D79
BDCA
3A1F
BD4C
3CEE
BDA4
3C3C
BD22
3D99
3D1B
BC77
BB53
BC63
3D1B
BCC4
BD14
3D3C
BDE8
BA19
BD16
BB83
3D0A
BD09
BD62
BC91
BC4A
3D90
BD3E
3CCB
BCA6
3D15
3C11
BD81
BB6D
BB7B
BC3F
BA8E
BDA1
BBC3
BD8F
3C9B
3D94
3C2B
3C94
BB4E
BD19
BD1E
BD1E
BCC2
BCFD
BC8B
BB9F
3D63
3DC8
BD85
3D58
3C73
3AC9
BB37
3D51
BD02
3C50
BAED
BD87
BCD7
BB9B
BCFA
BD30
395D
3D2A
BD70
BD2D
3D4A
3D10
3C0D
BE0F
BBE3
3C7E
3C32
BCA3
BD8D
3C92
BB5B
BCE4
BDD2
BDFD
BD9F
BC88
3D1A
BCAF
BC09
BC3F
BCB6
3D1F
BB92
3D25
3C44
3C76
BBC5
3D11
BD8B
3CA1
BBBC
BDAA
BD4F
3D81
BDA5
BB6B
BD9F
BC01
BBFB
3D12
BC52
BCFA
3D9A
3CB9
3D19
BDBB
3ABE
3C1D
BD25
3CC8
BD30
BB94
3D40
BDAA
BD07
3D14
BD76
3D2A
BDE4
BC10
3CDD
3C5D
3C5B
3C64
BC20
3E1B
3C3E
BD42
BCBB
3D55
BD14
3CB8
BA8A
3D0A
BD9D
BC92
3C9C
BE20
3E0B
BD0C
3D7D
BB83
BCAC
3DC5
3AD3
3DBC
3DA1
BC2B
BCA4
BCAB
3DC9
BC47
BBCA
3D52
3B1C
BD01
3C6D
BD99
38DF
BBEF
3D1F
BD22
3D07
BD0E
BB89
BBFD
BD16
BBFF
BD16
BDA9
3D0D
BC6A
3DB8
BE21
3B1C
BD44
BDC1
3DC7
BD1D
BAAB
BD87
BCED
BDBB
3716
3C27
3BE7
B98B
3D00
3DF6
3DB7
3D00
3CE2
3A17
BD55
BD01
BB78
3DB2
BCFF
BCD0
3C39
3D5A
BD5C
BCFA
3B9A
3BF2
BD87
3C10
3DBC
BC9F
3C45
3C9B
3D43
BCEB
BBD9
BC7D
BC4B
3BC4
BC69
BB47
3D3C
BCB2
3CC8
BD6E
BD73
BC81
BB2A
BC7B
3CA7
3D27
BCDC
BCD8
BCC8
3C91
3D55
3B7C
BDC7
3D2A
3D81
3C13
3D24
3D5E
3D59
BD82
BDAB
3D4B
BC43
3D3C
BC14
BB83
BD0C
BC9A
3D22
BC4F
BDE9
3D6E
3D5B
BC5D
3AA3
3CFA
BC85
3CE4
3E29
BBB4
BA3A
3D91
BD44
3CE8
3D34
3C72
BCA3
3CF2
3D95
BC02
BC91
BD12
BCD5
3CE4
BD36
3C8F
BD39
BD00
3C89
3D83
BB4A
BCA7
BCC3
BC1A
3C52
BC8D
BB46
3C6F
BC82
BC03
BB98
3CEE
3D44
3C07
BDED
3DB5
3D0F
3D20
BB26
3BE8
BC2D
BC87
3BCB
3C25
3C60
3D4E
BCB6
3C7D
3C32
3D7A
BD4F
3D16
BC7B
3B89
BDA2
BD26
BC3D
3C22
3BFD
BD6C
BDCA
BCB2
BC66
BBA5
BD9E
BB98
3D34
3D58
BB93
BCB1
BAC0
BD91
BD65
3D67
3D3A
3CC0
BCB2
BD0A
3B94
3D96
3C9B
3D2B
BD9C
3CC8
BD72
BD58
BD0E
3DB9
BD48
BC67
3D00
3C7F
BD17
3D40
3AF4
3AD8
39D9
BCCF
BC64
3C94
3C66
BD5C
3D9F
BBC7
3D12
3CF7
3BDD
BD86
BCE8
3D71
BBD4
3D31
BD1B
BADF
3B6B
3BBB
BD06
BD84
BD33
BCFE
BD28
BD00
3C1C
3CE0
BD5E
3C3C
3D0E
3C2A
BD6E
BD30
3D40
BD02
BB5B
BC15
BD23
3C01
BD1E
3BAF
3C28
3CA5
3CA5
3D6A
3C9F
BC1B
BA13
3C40
3DC9
BD00
BD50
BAA7
BD27
BDD8
BD31
3C94
3D34
3D58
BCA3
3D3C
3DCD
BDF4
3DA4
BB8E
BD46
BC1F
3D78
BC56
BE10
3D41
3D0A
BD85
BBC8
BD42
BD36
3DAC
3D0A
3DEC
3C91
BD9C
BD1A
BD24
BD71
3CC6
3D85
BDE8
3D4F
3D95
BDA9
3DE4
BCB6
3DB1
BDDF
BCD0
BD4B
3AA9
BD7C
3C54
3D4E
3D74
BD3C
3DCE
3DAA
3C02
BD7A
BD36
BD17
BC30
BD16
3C8B
BD3A
3D6E
BCAB
BC8D
3D44
BC72
BCEE
3C1C
3ACD
3C97
BCE8
3CA3
BD6B
BC7B
B980
BBA7
3D31
3C34
3E53
3D82
3D8F
3BA7
3D25
3D2C
BD9D
BD49
3D0C
BD1B
BD7C
BD6D
3D2C
BDD5
BDB7
BC9D
3C84
BBA5
BD6A
3D2D
BD82
3C8D
3D71
3CA0
3DD9
3D46
BDA9
BDBA
3E10
BDB4
BCF2
3D23
3DC9
BD6F
3D05
3D6D
3D09
3D62
BD4B
BDBC
3BCA
BD0A
3D19
3A43
3CFC
BC5C
BD32
3D29
BC4F
3C99
3BDE
BC92
BBF9
BCF9
BCD9
3C55
3C8A
BD0F
BD01
3D33
BCAC
BCE8
3CB6
BD33
BB3B
3CA3
3B9D
3C48
BC13
3CA5
3C35
39BC
BC29
BC5F
BBEB
3BDB
3C9E
3D54
BD33
BC99
BBC7
BBF9
BB11
3CD2
3D1D
3C35
BD1B
3CA1
BCF9
BCF4
BC88
3C98
BCBE
BCFD
3CA2
BCD3
3CF0
3C81
BC5F
3CC1
3CAF
BC9B
3CCE
3C7C
BD8C
3AB6
3D79
BCC6
BD1E
3CF9
3C75
3C92
3D36
BCBF
BD18
3CD9
3CCE
BD5C
3CC8
BC49
3CD6
3CC0
3D12
BCB5
BC4F
3BEF
3AD4
3B09
3CDC
BA27
BCBD
BD8A
3CD0
3C5E
3CB7
3C3D
BD00
BC66
BC3C
BC07
BCCC
3C9D
BC8C
BC40
3CDE
3CA7
3D3B
3A68
BBC0
3D08
3C6B
BC81
3C68
3CA0
BCB9
3CB6
BCD5
3CAD
3B13
3CB4
3CF0
BCB3
BD15
3CC6
BCAB
BC95
BCDA
BD05
BA9D
3C33
BC11
BCD0
BCAF
3C91
3C86
BCAE
BC61
BBEB
BD21
3C9A
BC31
3CEE
3C0D
3D23
BCD9
3C72
3B8D
BC56
3CBD
3C07
BBB6
3D23
BCDA
3B77
3C57
3C2B
BC9C
BD49
BC40
BC88
3CE9
BC95
3ADE
BCA0
3BAF
BC29
BD00
BCB7
BC5A
BC15
3B80
BD2D
BD3A
BC85
3D10
BD62
3C6B
3C80
BD73
BC6E
3CC2
BD3E
BC85
3C0F
3B7E
BCF5
3D0D
BC62
3D7A
3C97
BC4A
BCFB
3D58
3C4C
BD20
3CDC
3D02
BC9C
3CAE
BC27
BCDE
3B32
3C96
BD0C
BC8E
BBAF
BCA0
BB87
BC37
BCEB
BCA7
3C8B
3C0C
BCE9
3CF0
3BE3
3B3B
3B20
3B7D
3BC5
BCCD
3C97
BCE8
BCBF
BC7B
3B7B
BBD1
BBA6
BC7A
3A51
3CCC
BD70
BD68
BD86
BD26
3C32
3942
BD03
BC71
3CC0
BCC7
BBFD
3CFA
BCC4
3D1F
BD5C
3D8E
BC88
BCFC
3C97
BDAA
BC8B
BD8D
3CA9
3C67
BD8A
BCDC
BCA0
3CD1
3C38
3CB6
BC37
BCB7
3C12
BC80
BC91
3CAD
BC26
BBDE
3AD1
BC44
3CD9
3AE3
BCD5
BCB8
3B66
BC0C
BC9A
3CFF
BBDE
3C86
BC44
3CEB
3BD5
BC84
BCA0
3C88
BCB7
3C65
BC4E
BD1B
BBBD
3CFF
BC9B
BB02
BCC4
BC95
BCB1
BC54
3C8F
BC8E
3BD3
BCA8
BA85
BBC5
BC8E
BBBF
3C8D
BC9D
3BF0
BBC0
BC2B
3B8B
3C07
3C0A
BAEA
3BD5
BC20
BA14
3C01
BCE4
BC20
3D51
BABA
BB62
3D2C
BABA
3C97
39EF
BC8E
3C18
BBD4
3C98
BC77
3C23
BCA1
3C85
BCCA
3C16
BAA9
BC1A
3B4F
BB06
BBC4
3C7B
3C8F
BC97
BCEC
3CBA
BC7B
3CCE
B9AE
BC64
3C81
BD20
BC54
BCBE
3CA1
BCEE
BD0D
BC82
3B25
3CB8
3B0A
3B67
3CA4
3C25
BC61
BBDC
3C3B
3BBE
BBB7
BBF1
3B8D
BB72
BB8F
3C39
BC60
BC24
BBA1
3BC1
BBF2
BC6D
3B32
BCEC
3A26
BC1E
3ACF
BBC0
3B92
BC98
BC7A
BBFA
BC78
3BB0
BB8C
3BCF
3CE7
378C
B9E6
BBF8
BBE4
3C00
BC37
3CA7
3BCD
3AA0
3CE0
3D04
3C0D
BCB9
BCE6
BB20
3C78
3C0C
3C72
BCE0
BA5F
3CA2
BC85
BD09
BB45
BC37
3C6E
BACD
BBE6
3B71
BB1C
BBA2
BC61
BC10
3C7C
3B21
378A
3CD7
BBFD
3BB6
BBA6
BC4D
3B91
3B7F
BB2E
3C2A
BC43
BCB6
3BAE
BC3D
BB5E
3CB6
BB61
BC48
B9FB
3C89
3A95
BAA7
3B96
BCCA
BAD2
3CB9
BD0C
BBCE
BB0E
BBAD
3A9C
BC44
BC69
BC9F
BB2B
3B39
3C94
3CCE
BBF2
3BE2
3B21
3CBE
3D0A
BBF0
3B04
BD26
BCE7
3BA9
BA85
3C99
BC92
3CE3
BBA1
3C58
3CBD
3C91
3C05
3C6F
3C87
3CA7
BB20
BC4A
3C3E
BC95
BC1F
3C62
BC18
BCA5
3B9A
3C54
BC54
3B9A
3BA5
3B35
BC32
BBFD
3BAD
B925
BA72
3C38
BC75
BC3D
3C38
3C8A
3C56
3CAF
BC8E
BD08
BD2A
3CA0
3C10
BC86
BD0B
39F3
BD02
3C50
3CC2
3C63
BCB5
BCD5
3BE8
BC86
3A94
BBDC
3CEF
BC84
BBFC
BA9B
BB9A
3BFE
3CA6
BC38
BCA1
3C24
BC6E
BCDA
3CDA
BC87
3C4F
3A8A
B8F7
BB53
3B96
BC3D
BA7D
BB45
BC2C
BA5A
B95C
3D8D
BB98
BA5D
3A90
BCBC
3B9D
3BAD
3BFE
3C94
BCB1
BD91
3B7B
BCB1
3C03
BD6A
BCB8
3CC5
BC81
3CCA
BBBB
39F7
3CD2
BBDC
BD07
3CCA
3CDA
3BA7
3C8E
3CE4
BC8F
BC12
3C8C
BBB0
BCA0
3C4D
3B95
BC3B
3C79
BC08
BCCE
3D13
3C10
BC46
BC97
3B01
BCE1
3C32
BCEA
3CF9
3C27
3C22
BB1F
BB9D
3D54
3CB2
3C9B
3CB5
3C0B
3CB6
3B30
BC18
3C2F
BCB0
BBF5
3CA1
BCAF
3D13
BD3E
3D0E
BCB7
3B4D
3BAD
3D25
BCB0
BB24
3B46
BBA9
3CC4
3C8D
BD2D
BD06
3C08
3D0E
BBAE
BC87
BC9E
BD1C
3C9D
3C5F
3AD2
BC33
BC69
BA63
3C28
3BAF
3BB9
3A6F
BB71
3BB2
3C31
BCA5
BC20
BB89
3A9A
BCBD
BD07
3CA3
3CF9
3C13
3D1B
BCE2
BAFC
3CF7
3C5C
3B8C
3CE1
BBA4
3BE3
3C3C
3C7A
3C20
3AD1
3D29
3A31
BB0B
3C4F
BC0F
BB0E
3CA8
BA76
3AA1
BBC5
3CE0
BBAB
3C0B
3BCC
BCC7
3CCF
BCBD
BB9B
3CCF
3BD3
BA75
BB75
3C79
BD00
3BA3
BD02
BC85
3CCE
3C17
3C2E
3ABE
BC30
BB90
BB4C
BCCD
3C86
BC0C
3D07
3B4C
BC26
3C94
3BB3
3C4E
3C91
BBD9
3BF6
3C63
BBA4
BB91
BBC7
BCA4
BBD5
3C46
BCA0
3D11
BB50
BC45
BC18
3CD5
3D14
3D03
3CA7
3BD9
BB93
BC89
3B8E
3B2B
BB81
3CBA
3B48
BCCB
3CE6
3C8C
BC8B
3C46
3CD6
BAAD
B92C
3C38
3CDE
BC05
BBF9
BB5C
3AAE
3BD9
3CF7
3CA8
3C57
3C7C
BC8D
3C8B
3CBA
BB8E
BC16
3C70
BCB2
3B43
BD03
BC51
BD55
3D39
BBE2
BBB3
3C8D
BD74
BC88
3BA9
BD77
3C40
3CAA
3BA1
3B95
3C84
3C47
3C6C
3C85
BC2C
3C80
BC95
3D0D
3C9A
3D26
BC85
3C18
3CDE
3D01
3CB5
3D1F
3C9A
3D05
BCFF
3C9E
BCE4
BD08
3CC2
3D12
BD23
3BAF
3CBD
BCEB
3C5A
3D1D
BD03
3CC3
BCF9
BD09
3CC2
3D1D
BCDE
BB4A
3D26
3C9E
BCAC
3C88
BC60
3BB2
3C80
BBEE
BBBD
3D5E
3B9C
BB7B
3D16
BC83
3C89
3CA5
3D22
BCA8
BC52
3C8F
BD16
3B37
BAA6
3CBC
BCA6
BC8E
3D4A
BB9F
3D85
3CC1
3ADB
BCA9
BCA9
3C91
BC0B
BC62
BCF0
3CC6
3D2F
3D33
3CFA
BD04
BCD2
3D13
3CFC
BD0C
3CCB
3CDC
BCB8
3CE2
BBE0
3C60
BC8C
3CC5
3D17
BD0F
3D0A
3CC3
3CCF
BD08
BCE6
3CC7
BCCD
3C39
3CF7
BC14
BD21
3C67
BBF5
3C60
3CDE
3D23
BCE9
3C2D
3C7E
3C8F
3BB2
3CA5
BC87
3BE7
BB6F
BC60
3C4E
3CB2
BCC4
BCB9
BD20
BC21
3D10
3D24
3C14
BBBA
3A92
BD51
3C8D
3C0A
BB16
BC23
3D43
BC83
3C93
B9DD
BBB0
BAF0
3B85
BAF9
3C84
3ADD
3BCE
3B24
39C7
3920
BC91
3B60
3B27
BBF9
3CDE
BB82
3AFF
BB8F
BCAD
3CD0
3C9C
BB0E
3CD4
BB93
3D1A
BB73
BD83
3C40
BCAF
3BF5
BBD9
BD24
3C12
3D18
BD28
BBF2
3C48
3C08
BB7C
3CDF
3B1D
BB6A
3C36
3CFC
3B92
BD08
3BA8
BB21
BC5B
BB55
BD29
BBD4
3C55
3CD7
BAF1
3D1D
3C42
3C9E
BCF0
3C41
3C90
BBB8
3CA6
BC9D
BC71
BC14
BC4D
BBB1
BCC5
BA79
3BED
BBB4
3CC7
3C09
BC94
3CD0
3C89
BCCC
3CF5
3CCE
BC8C
B98F
BD0E
3CC7
BCCC
BB30
3B7B
BCB6
3CF8
BD68
3BE4
3C54
3BC2
BBE9
BCD8
3D29
BC7D
3C92
3C82
BC26
3B78
BD0C
BC5C
BCE8
BBE0
BC52
BCC9
3C58
BC1C
3AE5
3C62
BD73
BC87
BBA9
3CBA
3D08
3C93
3B7E
BC32
BC68
3CDE
3C60
3AA6
3D48
3CFC
3C9C
3B1E
BC42
3B13
BB85
BC13
3CE0
3D44
3C51
BCCD
3D11
BC86
BC4D
3C2C
3C1C
BC3F
3C22
3CD0
BC38
3BE2
3C64
BCF9
3CBF
BC3D
BC4D
3CBB
3C6E
BD1D
BC29
3B2F
BD04
BCB1
3BBF
BBA2
3BBA
3CC1
BBEA
BD0F
3C1D
3D0C
3B22
BC52
3CC6
3D0A
3CC2
3BE6
3C88
BCCC
BC9C
BCCD
BCA2
BB0E
3C8B
BCC7
BD00
3CF5
3C0F
3D27
3D3B
BA98
3BC4
BCEE
3C53
BC95
3BA9
BB84
3C39
3CA4
3CED
3CC6
BBBC
BC4E
3CB6
3C46
BC53
3CF0
3C3F
BCEA
3CE9
BCAA
3CD9
BCB4
3CD0
3CA2
BC4A
3CAB
3CD3
3CAB
BC61
BC52
3C95
3C19
BD54
BCA4
BAFA
3B07
3C95
BD27
BCF7
BC55
3CE1
3B98
3C9E
BD0F
BC13
3A29
3D13
BD17
BC89
BC27
3BE1
3D35
BC22
BA2E
3D43
BAC9
BCDB
3BBF
BC72
BC57
BC00
BC24
BC9D
3BED
3B04
BA88
BCE2
BD10
BB7E
3C96
BC25
BC49
BAA9
BB6E
BCF6
BBC3
BC9E
3D18
BD0E
3C9B
3CD1
BC46
BCCB
3D02
BCCD
3B59
3C97
BC42
BD03
3BE9
3A0C
3C98
3CC4
3A32
BD04
3D34
3AEB
BD2E
BD74
3D01
BD07
BA49
3CF6
BC2E
3CD7
3CE4
BD81
BCCF
BCBB
BD81
BAE6
BC07
3CED
BC9A
BBB0
3C1E
3B0E
3C28
3B69
3C22
3C14
BB20
BC97
BBEF
BB5D
BCAD
BA66
3A3B
3CE8
3C4E
BC3F
380D
3C61
3D7F
3CC9
BC7E
BCDD
BD2C
3C4B
BBDB
BD06
BC97
3CBF
BAEF
BC8A
3ADC
BAD4
3D1C
BD34
3D62
3A08
BD2B
3CDB
BD16
3937
BD8F
3CB9
3CAF
BD54
BB97
3CE4
3C74
3C1E
3CDC
BCD0
3D37
3B9F
BD22
BD06
3A3B
BCC0
3C20
BC04
BAAB
3CA5
3C2D
3BEA
3C68
BB68
BC3B
3C1D
3AF8
BCA1
3CF5
3CA7
BD0C
BC9E
BBB0
3D39
BB0F
3BAD
BD21
BBA3
3BBC
3C0C
BCDA
3CD0
BC3E
BBA4
BB10
BBB7
BA98
3BFC
3B91
BB8D
BCA6
3D06
3B98
3977
3CAD
BC1D
BAE7
3A8A
BCBC
3C33
3BBB
BBE3
3BFB
BC9A
BC87
3C48
BC9C
BBDF
BC09
BB57
3CE5
3CA0
BBBE
BBA6
3B21
BC67
3B81
BC41
3C8A
3C8A
BBBC
3B9A
3C09
3B54
3C1C
BCC5
BBB7
3B1A
BC86
3C74
3B9E
BC47
BBEC
BC9A
3C9A
3C93
3B21
B85F
3B60
BCA7
3C0C
BC52
3C9E
3B28
3C2B
BB1D
BC1F
3C9F
3CD2
3CD2
3D0C
3C8C
3CDC
3ABD
BC4A
3C4C
BCA8
BC5F
3C10
BC86
BD6C
3D6F
BD33
BCA1
3C96
3B97
3CDD
BC8D
3D00
3C4E
BC03
3C9B
BC5C
BC5E
BB18
B9D8
3C82
BCB4
BCC0
BBB2
BB0B
3C51
3D12
3B28
BCEA
3BB6
BB02
BC2B
3B3E
BCA8
BBBC
BC32
BBC1
BBC8
3C03
39B7
3C8A
3C05
BC56
BD30
BC43
BC0D
3D07
3C79
BCBF
BCB9
3C06
BD27
BAEE
3C61
BC6D
3C65
3BE4
3B8F
3B7C
3C5D
BC51
3B82
BCBB
3B4A
BC6C
BC9A
3D2C
3C17
BC5D
BC97
BC8E
BC41
3CA4
3C82
3C87
BC77
BD21
BC22
BC67
3C7A
BD09
3CB0
3C89
BC45
BC47
3B4F
BC59
3C5A
3CB7
BAB0
3BB0
3A9E
3C05
3B29
BC9F
BCBE
BB03
3C54
BCC7
BCAA
3B9A
3C80
3C93
3BE6
3B8F
3A71
3A49
BB71
3CAA
BC96
BB84
BCAF
3BAC
BB8A
3CC6
3BBE
3C90
BB25
391A
3CE3
3CB9
3C91
3D0A
3B15
3CA1
3C9B
3B13
BB67
BCAE
3BCA
3C74
BC73
3C8E
BD20
3D57
BC8B
3C7E
BC1F
BBD3
BC73
BCDC
BC1A
BC82
BC07
3C38
BC7E
3C38
BC0D
BC4A
BC76
3C77
BBDA
3C84
3B30
BC5E
BB97
3C9C
3C90
3AE4
BC6E
3AB2
3B7E
BC59
BAF3
BACE
BA72
3C6E
BC20
3A7D
BC5C
3BB6
BC86
BBE2
BCBC
BC72
BC8C
3C8A
3D39
3D06
3D01
3C1A
BC11
3BE7
3BEA
3ADA
3A82
BBD4
BA89
3CE2
3ABC
3C4A
BC5E
BBE3
3BCD
BCFD
BB8E
3C19
BC1D
3C8B
BBB8
BB81
BC51
BB04
3C5E
3D16
39F6
3C50
BC4A
3B4F
BB1D
BCF4
BC91
BC3B
3ACE
BC1B
BC2D
3B86
3C48
3BEF
BA3E
3B9D
3CA8
BCE6
3C52
3CB6
BCE6
BBE0
3C19
BCE0
BB01
BCAF
BCC4
39D7
3C2F
BC9C
3CCE
BCE1
3CE9
BBE5
3D13
3C25
3CE8
BAC2
3BC8
3D18
BB93
3C5E
BC9E
BC56
BC0E
BCC5
BB17
BC71
BB45
3BDF
BB86
3C9F
3C05
BCB4
3C22
3C8B
BCBB
3CD4
3C86
BC76
3B9E
BCDC
3C69
BCE2
B8DC
3C27
BCDE
3A52
3BC1
3C0A
BAA1
BD23
3BB6
BCAC
BB20
3D1E
3C80
BC45
3BD9
BC84
3CBB
3C16
3BD9
BD03
BC59
3BCD
3C1A
3CA3
BC8B
3C5C
3C81
BC6A
3BE5
BB81
3BF5
BC4B
BC9A
BCAB
3C18
3CA6
3C64
3C62
BC01
3C8F
BD0A
3C52
3BE8
3B74
3B13
3AE3
BD03
3A25
BBDE
3CE7
BCF4
3BAB
3C73
BD5D
BC1E
3C8D
BC9A
3C12
3ACD
3A05
BC84
3BCC
3BF1
3D5A
3BC4
3BE6
BC7C
3D25
BC5C
BD34
BB99
3B66
3CA5
BC21
BCA7
BC70
3B18
3B6B
BC2D
BB82
3C55
BC73
BC18
3B22
BCF7
BD00
3CCD
BC52
BC69
3C4F
3A04
3BA3
BC8A
3A9A
3C09
BD60
3CAB
BD1C
BB20
BBEA
3BE7
3C5B
BC27
3BAC
BA1E
3B23
BD59
BD2B
BD39
BD28
B9D2
BC18
BCAA
BA4B
3B38
3BEA
3AC3
BC0F
3AE5
3CCD
BCB5
3CBB
3C0C
BCB6
3C29
BD29
3BE1
BCFE
3BC7
3C8C
BD15
3D23
BC72
3C98
3CAA
BBE6
B971
BC56
BBBA
3D71
3CE0
3C80
3C8D
BC94
BD0B
3C7D
BD72
BB38
3C69
3C80
3CA8
3AC9
BBA2
BBA3
BBD7
BD4D
3D37
3CD2
3D0E
BBA9
BB94
BB3C
3CE8
3C11
B9B9
3C93
3CF3
3C79
BC2B
3CE5
3C68
3C34
3C7B
BC2A
3C1C
3D4A
3ADA
3B0E
3ACA
BC93
BC1B
3D14
3BDD
BB90
3C09
3D24
BC6C
BB85
3C87
BD2B
3D0D
BD1D
BC70
3D0E
3C87
BD2A
BC87
3B56
BD24
BC48
3D30
BCF2
3CF9
3BFC
BB89
3C50
3D0A
BC63
BBD4
3C63
BB03
BC54
3D6C
3C87
39BA
3C03
BCDA
BD70
3CBD
BC33
BCC2
3C6B
BCA1
BD0B
3CB7
3CDF
3BB0
BC76
BC4A
BC45
BC5A
3CB9
BADC
3B83
3CFB
3C9E
3C78
BC83
BC46
BCB0
3C4B
3C05
BC20
3D13
3C27
BD05
3D32
3D79
BD7E
3D35
3D16
BC20
BBD9
3C9B
3D1D
BC9E
BC9A
3B70
3C32
3C26
BCA4
3B9E
BBBF
3D10
BC79
3BC7
3D0E
BCCD
BD16
BB12
BCF0
3C58
BD3A
BC47
BA2B
3D21
BC34
BC64
3CD7
BD0C
BC77
3CC1
BC98
3B75
BC70
3CFD
3C68
BBCB
BB7C
BBAC
BA9E
B7D5
3D0B
BD68
BBC0
BADC
3CA7
3C88
BBC9
3C1A
3C64
3C19
3CA7
3C91
3CD8
BC61
3BC6
BC6D
BC90
3B88
3CA7
BCB7
BBEC
3C99
BC8F
3C87
3C3C
BCBF
3CBA
BB33
BC75
3CB4
3C47
BC9E
3C6C
3D41
BCB8
BC94
3BD5
3C96
BB22
3B05
BBAB
BB83
3CE6
BBEA
BD0E
3D3D
3BA3
3CB0
BC58
3CCE
3B0A
BCC3
BBF1
BD5E
BC43
3B86
3D27
BC4C
BD0D
3CFF
BC55
3D95
3C1B
BBC1
BBA7
BCB3
3BD5
BCB7
3C36
BD40
BAD3
3C70
3CB6
3CD4
BC89
BCA8
3CB5
3CC2
BCBA
3CB6
3CB7
BCF1
3CA9
BA24
B8E2
BC42
3CB4
3C3C
BC8D
3B22
3CB5
3B1C
BC73
BCBE
BBD8
BBEF
BCA3
3D1A
3C11
BCF9
BC91
BCDD
3C75
3D48
3BA9
BD01
BC09
3D1F
3C3B
BC98
3D02
3C2D
3BA4
BCAA
BCDE
3B9F
3C94
BB87
3A09
BCB1
BD15
3CCA
3C60
BC27
BCC5
BC7E
BD37
3CD5
3BEB
3BCB
BCB8
3D06
BC92
3AB6
BB70
BC86
BC99
BCAE
3B30
BA4A
BB86
BB97
3B8B
B9EC
BAB2
BD4C
3B82
BB0C
BC17
3C0A
BB52
BA6A
BAE6
B8C0
3BE1
3D4D
BB56
3BF6
BAF6
BC51
BC9C
3AE4
BB61
BD2E
3D57
BC25
BC42
3D2D
3C22
BCEA
BC7E
3C83
BC6B
BAD9
3C4A
3CA9
BCB6
3C01
3CBE
BC54
BCB0
3C66
BCD1
3B78
3C34
BC8C
3BFE
3C33
3CAF
BC8B
3CBB
BB03
3CE3
BD16
BC17
BC08
3CCB
BC78
BD6F
BD09
BCA7
BBDF
3B14
BB9E
3B8A
3B5A
BBCC
3C0D
3B97
BB95
3B8B
BC98
3CEA
BCC2
3BDE
3B29
BB9A
BD23
3BAD
3B88
BAC0
3B99
BCB8
3C5E
BB5A
3CDD
3C3E
3C98
BC44
BCB2
3CB7
3BD5
BCE2
3CBF
3BAA
BCFA
BD07
3946
BCF1
BCBA
BA91
BC31
3C32
BBEA
BBF0
3C4C
BCE4
3C0B
BC77
3C02
3C51
3C75
3CB7
3C4B
BBE3
BC42
BC34
BB10
3CC9
3D67
3CDE
BAC6
3C25
3C16
3BFF
3C64
3D0C
3CC2
3CBD
BD0A
3CAC
BCE0
BCEA
3C5F
3CD1
BCE2
BC51
3C2C
BCC3
3CBE
3CD6
BC54
3C42
BC5C
BCC8
3C44
3CD7
BD70
BC97
3D3B
BCBB
BCA5
3D26
BC28
3C99
3C34
BBED
BC8F
3CD2
3C65
BC17
BBDC
3C68
3C35
3CDD
BA8F
BD01
BBAC
3BF0
BB68
3A97
3BF5
BC98
BCB6
BCF3
3D47
BC25
3D22
3D2F
3C30
3C5E
BC95
3D01
BC94
BC40
BB8D
3B21
3CAF
3CDA
3D0D
BC93
BBC8
3D0E
3CB8
BCCC
3C51
3CB6
BC93
3C4A
BCAC
3CEB
BC3D
3C40
3CFA
BCDB
3BCA
3C48
3B86
BCBF
BCDC
BAC8
3C88
BD09
BB14
3B29
3A1E
BC3F
BC5D
3A49
3CB5
3D28
BC2D
3C03
BB75
BC98
3C2A
3B98
3BEC
BB62
3C03
BBD2
3CB1
3C22
BC47
BBE7
BCFB
3C97
3C1F
3C10
BAEA
BB5C
BB4F
3BCE
3B8E
3C31
3CCE
3D57
3C46
BBB1
3C65
3BE5
BC37
BBE8
BCA2
3C91
3C41
BB74
BC65
3C85
BBBA
BBA9
BC6D
3BAB
BBDA
3CAE
3BBE
BB83
BC5B
3C05
BBD1
3B3B
3C30
BBEC
3B2D
3C05
BD0C
3C02
3B80
BCD0
BB18
3CC0
BA9B
3BE8
3B9A
BB1E
BBB0
3C60
3C19
3A02
3CC3
3CAC
BC8F
3CC4
3C67
BBAA
3C89
BB42
BCA1
3C7E
3B28
BAEC
BA7A
BC9F
BC05
BB1F
3B1B
3BD6
BC8B
BC4C
BB2F
BC52
3BB0
3C58
BCF1
BC4F
3C10
3C95
BBF8
BB10
3B04
3C3E
39CC
BBC2
3BA2
BA75
BC04
3BBA
BD2F
3D96
BD9F
3B95
3CA5
BC23
3CFE
3B81
3D63
BBCF
3B37
3CEF
3CC3
BCB6
BC10
BCA9
3C76
BC64
BD0E
3CC5
3C3D
BC91
3D5E
BC74
BD27
BC5A
BC90
BD93
BCE1
BD0A
BCF7
3CE8
BB81
BD03
3D08
BC77
3CEB
BA1D
3C4F
3C20
BCBA
3CE7
BC81
BBFD
BC1F
BBAF
BBC2
BD31
3D5B
3CA1
3C81
BC1B
BB6A
3AEC
3BCD
3C58
3D55
3C4F
BBA5
3ADF
BC86
BC73
3B80
3C20
BC09
BCF6
3D33
BC81
3CD1
3BA3
BD23
3D3A
BBC3
BC06
3D3D
3BA8
BD20
3C72
3D2D
BCEC
BC87
3C33
3C24
3C8E
3C9D
BD3E
BD06
3CFF
3D49
BBEA
3CBE
BD27
3CED
3CB6
BBFA
BCC9
BCAD
3CC5
BBED
BCA4
3CCD
BC2F
BBAB
BCB5
3D24
3CA1
3996
3D23
BC9C
BC45
BC6B
BBDC
BD10
3C86
3C47
BBD1
3C8E
3C48
3C92
BBD3
BD12
3C8F
3C77
BC5D
3D17
3C92
BD37
3D3E
3D49
BD77
3D50
3D32
BC02
BBD6
BCC2
3D3D
BD36
BC31
BC89
BD09
BA95
BD46
3C49
BC51
3CF3
3C91
BC9F
3C91
BCE1
3D2E
BB5B
BADD
BCA9
BD68
3AF5
3D00
BC15
BC65
3B77
3C94
3B4C
3C34
BA19
BD39
BBF1
3D01
BBC7
3D19
3B86
3CB6
BC3A
3C54
BBB1
BBCA
3B8D
3CA2
3D42
3CC6
BC30
BCB2
BC14
BC76
BBE5
3B99
3D10
BAFB
BBBD
3B86
BC19
BB9D
BCDE
3A78
BB41
BC30
3C94
BBD9
3C02
BB9A
BC95
3CA2
3CD2
BAB9
3CA3
BB91
BD30
3C6C
3B73
BD4C
BABF
BBF0
3CD1
BBB9
BC92
BB32
BB6A
BB67
BB79
BCD0
3C24
3C1D
BA80
3CD1
3C8C
BB59
BB88
BC07
BCD7
3AB7
BBD1
BC25
3C26
BC9B
3C26
BB48
3C9F
3B94
BC19
BCB0
BC13
BB56
BC65
3B2F
BB8B
BD39
BBFA
BB91
3C27
3C14
BBF5
3BF9
3B22
BB55
3C7A
3BA6
BCA7
3CAA
3C71
BBB5
B9C6
3CA2
BB8A
BAAB
BC34
3CAE
BBC2
BB04
BB59
BC35
BCBF
3C64
3C16
3C01
3C33
3C80
BBEF
3B8E
BBC7
B87D
3BAB
BC2E
3CE7
BC28
BC36
3D2B
3AC0
BCF8
BC3B
3CB6
3C8C
BC58
3CDE
3D04
3D31
BD24
BBFB
BB22
BBD4
3C88
BC05
3B25
BCA7
BC9D
BD0D
BD79
BCDA
BC2A
3CA6
BCC8
BC4E
BC20
3C37
3C82
393D
3C00
BC49
3C76
BBD1
BC95
3CDF
3C80
BC8B
39B3
3C6B
BC41
3C0D
3BEA
BCAD
3C8E
BCC1
BC26
3C94
3BC4
3D54
BB7C
BB3B
3CB2
3BB6
BC86
3B96
3B95
BB56
3C8B
BBFB
BCED
BC82
BD10
BAAD
BC77
3BCA
3C30
3C94
3B37
BC34
3CDA
3B92
BCDE
3CA7
3D07
BB8B
3C76
3D07
BBE2
3C48
3C01
BA9E
3CB6
BBA7
BACE
BC9E
BB9F
3CA5
3C09
3AC9
3BEF
3CD7
3BD7
BC1B
3C71
3C24
BC46
3BD7
3C34
BC5C
3CA2
3C59
BCF1
3CC8
3C65
BBC9
BC39
3BAF
3C88
BC93
BC2E
BCA8
BB2F
BD34
3D59
3BD6
BAF9
BC85
3C8F
3CE3
BD02
3BB0
3938
BC5D
3CC0
BC5B
3C57
3BFB
3D06
BC0F
BC39
3BB3
BB84
3C48
BB4A
39AF
3C93
3CA2
3B81
BC5B
BCCB
3BCD
3C3E
3D28
3C21
BC9D
BD32
BC98
BC67
3A4B
3C91
BD36
BC54
BC59
BCB0
3C10
BBD1
BD20
BBE7
3A5C
BC1E
3C77
3B44
3C8C
BBBC
BA14
BBB1
BD0B
3C45
3BD3
BC6E
3CE6
BCD8
BC88
3C80
BCD3
BC78
3D29
BB8E
BCDA
3D52
3CB5
BC79
BC1F
3BC2
BCC4
3C4C
3CE5
BC20
BD00
BCA1
BC45
BCBA
BD05
3C05
BC0C
BCBA
3CF7
3C9B
3CA2
3C69
3C4F
BC83
3C99
3C0C
3CB4
BC4D
BCD1
BD01
3C24
BC66
3C73
3B8D
3ACE
BCB3
3CE1
BC1D
BC64
BC51
3C9D
3CA2
3CBB
BC1B
BC2E
3C4E
BD14
BC31
3D06
BCFC
3BAC
BC74
3C6C
BCF8
BBAD
3C1A
BB89
BCEC
BB90
3C93
BBC5
BB33
BB2F
3D5F
BCAF
BCCE
3C5A
3BB2
3D55
BC37
BD66
BD89
3B21
3C28
B92A
3BA5
3C8F
BAA9
BC98
BC2B
3C20
3A70
B8B4
BBEF
BC0A
3B94
BAB0
BBAC
3C28
3CCA
3CA3
3BBE
3CD4
BCAD
3C90
BC8C
BD0A
3B28
3B8D
3C20
BCC9
BC1F
BBBF
39AB
3C05
BCC0
BD48
BB18
3C9C
BD1B
3C39
3BF9
3C1E
BB32
3B82
BC60
BCEA
3BF3
BAC6
BBBC
3CD8
BCD2
BC36
3BF9
BCD2
BBBF
3D99
3CBC
BBFD
3D4D
3CCA
BD54
3CDB
BC02
BCC7
3CA8
3CBC
BCBE
BD04
BC04
BD13
3CA9
BC56
BC89
BD0B
3C8E
3C3E
BC19
BC09
3C4D
BC33
BCAF
BC80
BCCF
3CBC
BC26
BCCC
3D2C
3CEF
3BF3
3B9F
3BC6
BC87
3A53
3CFF
3B0D
BCED
BD0A
BCCF
BA6F
3C73
BCB1
BBC0
3C0D
BCE9
BBD0
3D01
BCF2
3D16
BD44
3D40
BCDE
BC31
3BEA
BB9C
BCE1
BCDF
3C1B
3AC6
BC81
BD29
3C0B
3AA5
BCBD
BD2F
3CF1
3CBB
BD25
B97A
3C38
BD6C
3D12
3D1A
3D69
3CDA
3D64
BC69
3C84
3C8E
BD03
3CC5
3CAF
BD01
3D0F
BCFA
BCB3
3C8D
3900
3C25
BD2D
3BF4
BD36
3D27
3C84
BAC5
3C37
3C06
BD83
3CB2
3BAB
BCCB
BCCD
BCB6
BD55
BD40
BCFF
3D5C
BD1A
3D4F
3D44
BD2E
BD13
3D35
3D12
BCB4
3D2A
BD41
BD50
3D03
BCC1
3D2F
3D2C
BCC3
BD4E
3DC3
3B97
BD98
3C6C
3CA9
BD23
3BD7
BCD6
BCC3
3D17
3C4D
BD86
BCC3
3CCE
BCF3
3C79
BCED
BD03
BC52
3D04
3CEE
BCDA
3CBD
3C70
BC8F
3D02
BCD3
3D04
BD34
BBC9
BD36
3C08
3C67
3CC7
BA92
BAE4
3CE1
3BAF
3C6C
BD31
BDA4
BD91
BD8B
3CA8
3BA3
BD62
BCEC
3D07
BC97
BD05
3CE1
BCF3
3C99
BC85
3B85
BCBF
BD61
3D28
BC3F
BCDA
3B9B
3D32
3D3D
3C06
3BA2
B86B
3B99
3B47
3CF7
3B02
BC1C
3CC5
BC97
3BD5
BBEF
BBDD
3C71
BC65
3AE1
3C84
3D2E
BC42
3C18
BC43
BD26
3B39
BC41
BD1B
3B21
3BB6
BBC5
BC86
3D0C
BB2B
3CEE
3B6E
BC05
BCB7
3AE9
3D37
3CF0
3D08
BD29
BC0C
BA8D
BB27
3C85
3C44
3CE4
3C30
BD03
3D66
BC12
BCBB
3B7F
3C8F
BCC5
3C0A
3CD2
BC4B
3BFB
3C38
BD1E
3CFC
BAFD
BC36
3D03
3C29
BCA3
395F
3CC8
3D02
BBA0
3C57
3AB6
BCA7
BC07
3B5E
BC5C
3D13
BC5F
BC34
3D02
BC0F
BC13
BB8C
3D2E
BC39
3CA8
3C40
BA84
3C8E
BC84
3B22
BCEC
3B17
3CD5
BBA1
3D43
3D26
3C31
BB35
BC8D
3D1A
BC26
BC9D
BCDE
BCB7
BA3D
3BB5
3CF7
BA5B
BC9F
3C81
3C15
BC29
3CB2
3C14
BCD5
3D12
BD56
3D3D
BD2B
3CE8
3CD9
BCA8
3BEF
3D01
3D13
BC2D
BCB6
3CA2
BB90
3DA3
BC43
BCA5
BC97
BBB3
3D95
BC5D
BC8A
BCAF
BC81
3C40
BCB7
BD24
3B25
3C4B
3B00
3BAB
3BBE
3C07
BC14
3BBC
BBA6
BC84
3C1B
3C33
BD16
3AB2
3CA1
3D5F
3BD1
3CC9
BCA5
BCCC
3C82
3C9A
3BFE
3D04
3C3B
3BD9
3C68
3C88
3C79
B91A
3BBC
3B4A
3C22
BC05
3B1B
3B4A
3D3A
BACF
BAA5
3C52
39E5
3B53
BB88
3BE1
BC0B
3835
BD58
B9AA
B9DB
3BE7
3CBF
3AA0
BC94
3D6F
3A8B
BC85
3C19
BCB4
BAAC
3CBD
3C72
3C22
BC97
BA50
BD0A
3C83
394F
3C97
BC3F
BBFD
3BB9
3BBB
3C3B
3BF8
BB9C
BCDA
3D13
3C23
B9FA
BC24
BBEE
3C9B
3D03
BC89
3CDC
3CD0
BB15
BD05
3D48
3D1C
3CCA
3C6F
BAC4
BBD9
BB8B
BB8E
3A98
BB1A
3A3A
BB6B
3ACC
3B80
3D59
BD47
3CCF
39A6
BC61
3B8D
3D39
3A69
3B22
BB11
BAB6
3CDD
BBBB
3D54
BAC8
BC6E
3D24
BC0B
3CA8
3C08
BD92
3CBB
BD22
B9AF
3CAF
BC70
3BB0
3D8C
3B77
3B5E
3AF3
BC2E
3BD7
3CAA
BC84
BC6E
3BE0
BD08
BBA4
BC38
3C38
BC0B
BAF3
379B
3A48
BBAE
3B6F
3B7E
BC41
3D05
BD12
BCEC
BB67
3A2D
3CA4
BCD0
3BCE
BB23
3C54
BC84
B8D2
3AEE
BD31
BBF2
3BF8
BD40
3C57
BAF7
3CA1
BCB8
BBC6
3C8A
3D50
3C1C
3C90
BCBD
3D53
3CA6
3BF7
3D28
BC43
BD12
3C6D
BCFA
3CEC
3D0B
BCBE
BCF6
BBF0
BB98
BCB0
3CC6
B806
BC99
3C9A
3BB9
3BAD
BC09
3CEF
3BC4
BCA6
3CF5
BD02
BC2F
3CA8
BBEB
BC57
3BB0
3C0E
3C9D
3C26
3C3C
BCE0
BBF6
3CE3
BD10
BCF1
BD2E
BC6F
3C43
BC3D
BC90
BB43
3C19
3B81
3B13
BC4A
3C43
3C58
BCAA
3D2A
3C67
BC8E
3BF1
BD84
3C87
BD5E
3C24
BBF6
BD74
BC4E
3D54
3BF5
BC93
BC7D
BB9C
3D3E
BCD3
BCB7
BCA2
BC51
3CB2
BD07
3C8D
3CAA
3C47
BD23
B971
3C85
BCDC
3C91
3CDF
BCE2
BA9D
BC8F
3C96
BCAF
BC17
3B99
3BE4
3C66
BC82
BCA5
BD27
3D1E
3C40
3C7C
3D02
BD3B
3B59
BC43
BCB8
BBC9
BC77
BB93
BC94
BB56
3CE0
3C88
3C3D
BA24
BCA4
3C65
BC0B
BCA5
3C9F
BA47
BCC5
3C4C
BC8B
3BDE
3CC5
BC85
BCC9
3CF3
3BD3
BC86
3D51
3C13
BC28
3B8A
BC9E
3B85
3C8A
3C03
BC1E
BBA4
3BA1
BD1F
3C13
BC2D
3AA8
BCFE
BC44
3C62
BAEA
3CE7
3C38
BC56
BDA1
3C2E
3CD9
BBA4
3C96
BCA4
3B9F
3C81
BB61
BB2E
3C3F
3C93
BC8C
3C23
BC7D
BCB4
BC9D
3C30
3CDF
3CB0
BC86
BCC3
3CE4
BCAF
BCAE
3C8D
BC80
BD38
3D0C
BC53
BC97
3AB0
3C7F
BC47
BC84
3BFC
3CD0
3BD2
BB79
3BFC
BD5F
3D31
3CD3
BD0C
3D02
BD0C
3C86
3D83
BCC2
3BD8
3C51
3C21
B9C8
3BE5
BD70
3CDA
3C8F
BB0A
3B21
BC8D
BBA6
3BC0
BCF1
BD45
3C38
3CE6
3C5B
3B96
BCB8
BC34
3D29
3D29
3D92
BC36
3D00
3CA7
BD7B
3D14
3C35
3C84
3C96
BC2C
3CBD
3CB7
3CB9
BC72
3B83
BCA6
BC55
BC73
3CA3
BCBA
3C73
3C9D
BC9B
B9C8
3CD1
BC8A
3C6D
3C43
BCCF
3C4E
3CDD
BD2B
BCEF
3C49
BD6F
BCAF
3D16
BB3E
BA5D
3BC1
BC29
BC96
3C65
3C32
3CEA
3C04
3C2D
3C89
BAE3
3C89
3CCA
BC9F
BD12
BDA6
BB47
BB93
3CF9
3C43
B9AE
BD18
3BD0
3D79
BAD6
BBE5
BC18
BCC7
BC21
3B1B
3CA5
BD89
BC86
BBD2
3C75
BBDF
BCE0
BC5D
3CC3
3CD2
BD06
3CF1
3CAB
BCF3
3C75
BBE6
3CD5
BD2D
3C9B
3CC8
BCB7
3C88
3C7F
3CF8
BCD2
BBD2
3C6E
3BE8
BC9C
3D14
BBC1
3CB4
3C99
BC08
3CE0
BC53
BC16
3C56
BB8E
BD1D
BC41
BBD4
3C13
3C65
BCA1
BC17
3CD4
BD07
BC9D
3C86
BD13
3C8A
BB9E
3C38
3C2B
3C5B
3C83
3C88
3C27
BC85
BCC2
BD1C
3BFF
3D2C
3D80
BD25
BD34
BBB0
BBCD
3CB6
3D10
3D1F
3D01
BD13
3CEF
BCC9
BD0D
BC94
3CFC
BD16
BCFB
3D0B
BCD9
3D1C
3C59
BD16
3D2B
3CB5
BCA4
3D2F
3C56
BD8E
3C11
3D59
BCB3
BC8B
BA38
3CBF
BB0D
3C2F
BC08
BC9D
3D40
3B44
BCBC
3D14
BCBB
3AC5
BBE2
3CBF
BC46
3C08
3C3B
BA57
3C86
3BBD
BB61
BC33
BD31
3D69
BC80
3D7E
3CB3
BBA5
BD01
BD04
3CAE
BD88
BB87
BCEC
BCD0
3C91
3CC9
3D74
BC2F
BD04
3D0F
3CF5
BCEC
3D07
3CF6
BD2B
3D1E
BCE9
3D02
BCDC
3D1D
3CD6
BCEA
BCE1
3D26
BA1B
BC96
BD2C
BCE6
B949
BD5D
BC0E
3CA3
BB5A
3C29
BCEC
3BE1
3CF6
3D5A
BC1C
BB1D
3C81
3B06
BC71
3CB1
3D10
3C95
BB81
3BBE
3BDF
BAC5
BC94
3C9C
BD61
BB7E
3D06
BBB1
3AAF
BC97
BC37
3C91
3D29
3D2E
BC36
3C11
3BAC
BD3C
3D49
3A97
BBBE
B9CA
BCBD
BC4E
3C21
BC15
3CD6
BBF6
3C94
3C93
3CCF
BC32
3C82
3D40
3C9A
3C70
BD02
BB4B
BCA5
3C4F
BCFB
3BFB
3C46
BB0E
3CCD
BC0B
BCD2
BCEC
3C39
BC52
BC6F
3CEC
3BFE
BAD7
B988
BB9E
3AF8
BC92
BC0A
3C27
3B3F
3C45
3D27
3CBE
3BBF
BCFE
BC92
3B9D
BBCB
3D23
3AFF
B9CE
BD54
B9FE
3D06
3B8B
BC4D
BBDD
3B71
BCB5
BC11
3CC3
BCB1
3CA5
BC5B
BB92
BCF0
BA10
BC5C
BC67
BC00
3BC3
3CAC
BC37
BC4A
3C94
3D37
BD28
3BFF
3C78
BCE6
3C4D
3D3F
3C61
3C9F
3B89
3CBA
3D3D
BD19
3C58
3CD7
3C30
BCDD
3C83
3C02
BB92
3D06
3D5B
BD4A
3C3B
3CBB
3C3A
3C7C
3D54
3C75
3C9F
3C93
BC63
3C63
3CFA
BD0E
BC63
BCD8
3CD2
BBF0
BCDC
3C94
3BD9
BB81
3CAB
3C14
3CB7
3CC0
3CA4
BBE8
BD27
3CDE
3CE3
3BD6
3BDD
BBD1
3C53
3C0A
BB74
BBF4
3BA3
BBDD
BAF6
3C05
3B08
3A84
3C74
3AA9
BB47
BC42
3C25
3A49
BB83
BC30
BBEA
BB7A
3C22
3D06
BBAA
BD3E
3C87
3B92
3C83
BC3A
BCB5
BCB6
3D37
BB8E
BC9C
BCE1
BB8B
3C0B
3CEA
BCC0
BB9C
3D41
3C1C
3CC1
BC96
BB04
3C6C
BCA4
3D0A
BC40
3D23
BD69
BA98
BCBD
BCB4
BB22
BBC9
3C8D
BC11
3D18
BB4D
BBDF
3CB3
3C48
3C97
BC5E
BBA4
3B4C
3BFE
B8E0
BB39
3AB0
B9B0
3ACB
38E5
3AC3
3AD9
39BD
BB0B
3B6D
BB83
3C93
BB53
3C73
BC05
3C1C
3CC1
3A20
3BEE
BCF9
BBA7
3D5D
BC69
BA48
3BF8
BCE9
BD48
3D23
3C5B
BCC7
3A52
3C31
BCCF
BBF7
BB6D
3C66
3BF3
BBD4
BC6E
BA39
3CA8
3D21
3C99
BD1C
BC94
3CE7
3CAE
3D2A
3D2D
BD24
BD26
BCB2
3CA2
3BF0
3D89
BD37
BB79
3CA8
3C58
3D0A
BC82
BD14
3C06
3BCE
BC1D
3CA6
3C44
3CE2
BC0F
3B54
3C10
BD35
3C9E
3C33
BC3E
3D02
BD0E
BD08
3C96
BD11
BC29
BD04
3CA2
3D86
3BBE
B93E
3AA1
B928
3CC4
B6DB
BCE8
3C2C
3CBA
3BFF
3BCF
3C26
BC34
BCB7
3B36
BC81
BD3F
3CF5
3D52
3CCB
3D26
BA8C
BCF5
3B0E
BD09
3C4C
BD6A
3C62
BBFE
3C8B
BD25
3D4F
3CE3
BD1D
BCF1
BCB3
3CE0
3C9E
3C00
3D13
BA02
3C98
BC77
BBD3
3C3E
BD09
BC45
3CF7
BD29
BC60
3CBD
BD0A
BD17
39C8
3C47
3D28
BD16
3D09
3CAA
BC0B
3CF2
3CFD
BC9A
BC41
BAE9
3C57
BCC6
BC99
3CAD
BA2D
3C03
3CFA
BD02
3B53
BCDB
BD09
BCF9
3C28
BD28
BD3B
3D20
BC59
BD19
3D53
BCA6
3D2B
BCF2
BBE5
BC36
BC3C
3C83
BC3F
BC9A
BBCD
3BA9
3A19
3C05
BCE1
3C7F
BB97
BC7E
3B18
3C4F
3BFD
3D5D
3BFB
3CCE
BD15
3B6E
BD19
BD10
BD17
3D15
BD09
BCA1
3C32
BD12
3C1B
3D01
BBC1
3C0E
3D22
BD16
3C0A
3CF8
BCE3
3C06
3CA6
BCD4
BD1B
3C0C
BC13
3B02
3D20
BC11
BC9E
3C5B
3CE0
BCDA
BC71
BCA3
3D3E
3CBB
3BBB
BC7F
BD14
3CBF
BD07
BD09
3CCD
3C50
3BF8
BD0E
3D33
3C92
3C0A
BB07
BC8B
3D17
BCEE
BCCB
BCA1
3CE3
3CC6
3CDD
3D43
3D36
3C29
BCE4
BC61
3D27
3D02
BD10
3C08
3D01
BBE0
3C0D
BCFA
3D21
BC79
3C13
3D1C
BD15
BD0F
3BFF
BC5F
BD0C
BCCB
BD0E
3BA4
3CCF
B977
BC64
BCCC
B915
BBB9
BB8E
3BF7
BC29
BA91
3C8C
BCA6
BC7F
3CA3
3C1D
BCFB
BB9C
3C26
3AA1
3CAA
3AE3
3BA7
3C2B
BCB9
3C1A
3D03
3CBE
BAE4
BC74
3A27
BCC2
3CC0
3C15
BCD3
3CBB
3CB3
BD34
3D09
3C52
BB8F
3A3C
BCDB
BBFC
BC8C
BC0F
3C5A
BC63
3BE2
3BEA
3CBF
BB16
3BA3
3D29
BBBF
3BAE
BCE6
3C06
3BBB
BC2F
BCE4
BB46
BC2D
3C09
3C99
3C01
BC98
3AF2
3BB8
3C7B
3BF5
BAE4
BCAD
BA46
3B6C
3AD1
BB8F
BBD4
3C37
3C0C
BC80
BB9D
BC5F
3BF6
3C1D
BC55
BACA
3C05
BC3B
38E6
BCC8
BC9E
BB9A
BBA8
3BFC
3CF6
BC72
3B05
BC95
BCA0
3CC8
3C9D
BCA7
BB82
BC8F
BC27
BD06
BBB9
3C2A
BBC8
BBC4
3A32
BB5F
BC14
3C25
BBD3
3AAB
3C31
BC9A
BC0B
BBAE
3AA3
3D4F
BC27
3CEE
BB71
3C81
3D2B
3C89
BD6E
3CBA
3CE5
BAFB
BBE7
BD42
3B9E
3D21
3D9A
3CD9
BB72
BC1D
BB1F
BCC1
3BD8
3C0C
BCE4
BCAD
3CC8
3C58
BC82
3C3B
3B14
BB98
3D41
BC40
BCD9
BC69
3CB5
3B87
3C81
BCD0
3C8D
3C40
BC96
BB9C
3B2C
3CB5
3CBC
3BCC
BB35
BC62
3C93
3D47
3A93
BC3F
3C64
BC67
BB78
3CCD
BB61
3B39
BB5A
3C8D
BBB4
3BFC
3C11
BC2B
3C6B
BCC0
BBB7
3C6A
3C1D
BDA5
BCC1
3CDA
BD54
BC8E
3D09
BD17
3D31
3CC2
BC9B
3B8E
3AD9
3CF2
BC7F
3BCA
BCBA
3C32
3D0A
3D05
BB81
BBF2
3CA6
BCDC
3BCF
3C57
BCA2
3C45
BCB6
BCFC
3B8B
3C54
BCBC
BC5A
BC9B
3CC9
BC8C
3C7B
3B74
BC61
3D1D
3D17
3D05
3CED
3B8F
BB1D
3CAF
3B14
BB7F
3CA2
3B9C
BCC8
3C84
3B32
BC08
3C7D
3C88
B903
39F7
3C21
3C85
BC7F
BC0F
3A20
B9D5
BBDB
BBEA
BCBE
BBE1
3CCB
BB37
3CAD
3BCC
BC72
BD86
3C37
BBCE
3BC5
3CD5
3BBD
BC69
3C93
3AD2
BB61
3C9F
BC53
BC30
3C79
3C37
3D3D
BBF9
BC49
BD04
3C09
3C48
3C30
3D10
BD19
3A7C
BC95
BC29
BBAF
3D12
BC25
3AE5
3C23
3BCA
3CCB
BBAC
BC57
3C09
BA1F
BBC8
3BB6
B9F7
3C94
3A16
BB91
3BAC
BC7B
3B31
3C49
BBAC
3C83
BC20
BCA3
3BB8
BC19
BB9D
3CCD
3C97
3C4C
3CA3
3CCB
BC58
3C93
3C6C
BD06
BC9B
3CF1
BBCA
BB43
BC55
3C41
3BBF
BBD4
BCBC
3C36
BCB9
3B18
3D1C
BBF3
3BD2
3B8A
3B8E
3C77
3CB8
3C54
BC9E
3CFB
BB6B
3C52
BBC3
3BE2
3C8B
BA82
BCBC
BC40
3C84
3CD0
3C5C
3D0E
3AE1
3B60
399D
3B74
BB0B
BC52
3AAE
3BC3
BC75
3CA6
BD11
3C97
BC40
BBD3
3B77
3C67
BC3F
3BEC
3BCF
BBFB
3C88
BB85
3CA7
BD04
3C11
3D24
BB67
3D03
BCDE
BD8A
BD0A
3CB0
B910
BB81
BCB3
BA5D
BC46
BB1B
3C54
3C2A
BCAE
BC27
BAD6
BBB8
B9D4
BAE5
3BDE
BB6E
3C91
BC0E
BC1A
3C06
BC4A
3CAA
BBD9
3C80
3BEA
BB83
BC97
BB5B
BA30
3B06
3BE6
BC2B
B8E8
BC69
3AA8
3BF5
BCBF
BBD6
BB26
3C52
3BC2
BA9F
3AA8
BB22
BBF8
BC2E
3B99
3C2E
BBB3
BC22
BBED
BBB4
3B89
3D06
BC8B
3C70
3AD1
3CE5
BD0C
BC93
3D03
BB8A
BC6E
3D31
BCF6
BBAE
3CD3
BCE6
BBF3
3C24
3B95
BCE2
3C5D
BC49
BC2A
BC45
BBA3
BBE3
BC5E
3C88
3ACA
3B42
3BC8
BC0B
BC18
3CB3
3C04
BBE1
3B1E
3C88
3BD0
3D08
3CA6
BC31
BC0D
BCAA
BBE7
BB10
BAE3
3B71
BB67
BB89
3BAD
3C2B
BBE2
3D2E
BD5D
3D69
BBA7
BBF5
BB28
BC3D
BBD9
BD07
BBDE
3B86
BC5F
BBE4
BD4B
3C19
3CCA
3C70
BB0A
BD55
3C38
BC97
3D04
3CF7
BC8C
38F1
3CA0
BC61
BBA0
BC4E
BCC3
BC44
3C44
3AD5
BC2F
3CA6
3C0D
3D20
BA81
BCB4
BD1F
BC97
3C71
BBF5
BCF6
BCDC
BC8D
3C99
BD1A
BB35
BA92
3CAE
3CA3
BC97
BCEF
BCC4
3CF8
3C4D
BC41
BCC2
3C40
BC19
BB88
3D44
BBAB
3BA6
BC3B
BC8C
399D
3BA2
3C3A
3CCE
BCB5
BD37
BB28
BCB0
3C36
BD31
BC87
3C9C
BD15
BBD8
3CF3
BC8B
3C5F
3BF9
BCC1
BC79
BC22
3D11
3B8F
3C2D
BC8C
3C73
BC36
BC45
BC4D
BC90
3CFF
3D3B
BC47
3CB2
BCA2
BC0A
BB6A
BADF
BB07
BD67
BC10
BBFC
3CDF
3C9E
BCC4
3C77
3C73
3CE4
3D69
3D2F
3D37
3D12
3C86
3CFC
3CC6
BC06
3BAB
BC82
BB8C
3C83
BC9E
3C23
BD06
3D62
BCA7
3B98
3B3A
3BCC
BCAE
BCCB
BB78
3B8E
3B1C
3BB7
3CB9
3B5B
BC95
3CDE
BCAB
3CFD
3C0E
BCE6
BC9A
3BA0
BC76
BC91
3C96
B89F
3A62
BC65
3C8F
3C3F
3C29
BCD4
BBC5
BC55
BCEC
3CED
3C83
BD2B
BC8E
BBB8
3D6F
3C3E
3CC2
BD84
BCBD
3C87
BD1C
BB11
3D8F
BCF0
3CD8
3CE8
3C5E
3CB2
BC35
3D6B
BB34
BC93
3D4C
BBCD
BB4E
3C91
BC70
3BCC
BD03
3CA1
3AAC
3D0B
BC37
BCCF
3CC3
BC03
3C2B
3CCC
BC34
BB9A
3CC9
3D1E
3CB6
BC87
BD19
3CB9
BC93
3CB5
BC88
BC25
3BAE
3B9F
3A48
3910
BC7F
3BC0
3C15
BC48
BD2D
3A1F
3CEF
3D31
3C60
3BD6
BD34
BB11
3A6A
3BB9
BC0C
BA69
BC79
3C0F
BCED
3CF2
3CC3
3C19
BCBA
BC16
3CA0
3D34
3C98
3D6E
3C88
BB05
3B9E
BC1D
3C6D
3C6A
BB86
BCDD
3CE0
BCD6
3B3F
3BB1
3CB8
3B60
3C10
BCE2
3CE2
BC75
3BEF
BC5F
BCB1
BCC4
3CF7
3C88
BC52
B990
3C9C
3CC5
3BAB
BCFB
BC41
BCF5
BB8C
3CFA
3AAF
3C10
3D25
3B7E
B919
3CA4
BBAC
BB81
3AB1
BC5B
BA0D
BC12
3CF9
BC90
3B8F
3A8E
BB45
3AE0
3C0D
3BD5
BC00
3C1C
3D35
3B81
BC08
BCDB
BCC5
BC7D
BCA7
BBC8
BC63
3B10
BC2F
BBAA
3C57
3C52
3BE5
BD86
BC4F
3BC8
3BD7
BC16
3C4E
BBD1
BCD3
3B94
BB6A
3D8B
3C98
BB48
BCD4
3943
3B5B
BAD2
3D38
3C5B
BBF5
3CDC
BD1F
BCBA
BBB0
BB41
BC19
BC36
3C0C
3CDD
BB25
BC32
BC4B
3CDC
3C6A
3BAB
BB23
BA40
3C88
BBEB
BBDC
B9B8
3BA4
BD27
BB31
BAB4
BCF4
BC25
BBDC
BC02
3B80
BB8F
B9D7
BCD7
BD83
BD13
BCDE
BAC8
3CB3
3BE4
BC2E
BC51
3C70
BC1E
BC4D
382E
BBAB
BD68
3D8C
BD73
BBAF
3BAC
3C0B
BCA6
BB68
3D09
3CA6
3B80
3A8D
BCE0
3CBA
3C42
BC50
BD83
3CC6
3D05
BD22
3C7C
3C1C
BD34
3CC8
3C48
3D87
3CC3
3D2C
BC2A
BBA5
3B87
BC16
3CB1
BBB7
BBB2
3C8A
BCB6
BA30
3BF9
BBE9
BB8A
BCDA
3B60
BCC2
3D01
3C86
3D12
3D1E
BAD8
BD32
BC1A
BC0C
BCCF
BCB7
BCD8
BCE4
BCB3
BCD2
3CF5
BCB3
3C95
3CBF
BD97
BC90
3CDD
3C2F
BB4B
3C5B
BD13
BCEC
3CBD
BBFC
3DA1
3C81
BBE6
BCF2
3D8F
3AA5
BDB8
3CAC
3D03
BCDE
3A8E
BD06
BD07
3D4E
3D12
BD7B
BD11
3C73
BD52
3C51
BC5C
BD48
BC77
3CF2
3C16
BCC6
3C81
3BF6
BAEA
3C74
BC9B
3C5B
BD2C
3C82
BD10
3B31
BBBA
3C83
BC41
BC90
3D0F
3C10
3C4C
BD81
BD79
BD5E
BD81
3C6C
3A73
BCEF
BC79
3C6D
BBEC
BC72
3C5A
BC37
BC9C
3CCD
BC08
BBD5
BCC5
3C84
BD56
BC17
BC59
3C8F
3D14
BCE2
3BB9
BB89
3BEF
3C31
3D48
BCC3
BD6C
3D07
3B82
3CFA
3D89
BCBD
BD2F
BD39
BD12
BCE5
3CAA
BD05
BD12
3D17
BCFE
BD16
3D41
BCF8
3D2B
3B4E
BBE5
BC81
BC5B
3D39
3CE3
3BED
BD7D
BC00
BD10
BD51
3C60
3D8C
BC86
BC21
3CA7
3C82
3D18
3D8D
3D68
3D48
BD7A
3D0A
BD80
BD73
3CDC
3D4D
BD5B
BD84
3D09
BD67
3D8A
3D40
BCFC
3D1A
BC90
BD4D
3D1A
3D3E
BDA3
3C5E
3DBB
BCF2
BD05
3D53
BCDC
3D82
3D0B
BD1C
BBF4
3D42
3D13
BCD7
3C95
BD4B
3CD9
3CE5
3C91
BCFD
BCEA
3D19
BCF3
BC63
3CDA
BC5E
3BB7
BCF7
3D76
3BFC
3D21
BC92
BB32
BBA4
BA6D
3C34
BC7D
BC6D
3B5F
3D39
3DA7
3D96
3DC9
BCD7
BCBA
3D92
3D4A
BD4A
3CFF
3D62
BD2F
3D11
BC57
BC29
3D3B
3D14
3D35
BD48
BD49
3D1C
BD7D
BD4C
BD7E
BD7A
B8E7
BC3D
BB89
3D00
3D20
BC25
BC57
3C9D
BC97
BC8C
3C13
BC61
3C4A
3BEF
BAFC
BC09
3BF4
3C76
3B9B
BBF0
BBDD
3C79
3C1A
3B89
3D0A
BCDC
3C01
3C40
3BB5
BC36
3C59
BD15
BB91
BCC7
BCAE
3B4C
BC95
3C60
3C03
BB54
BCA7
BCB2
BC24
3CD8
BCC5
BBAB
BCAB
3C94
3BDC
BBED
3D8D
3B0C
BC08
3CD0
BCD7
3C03
BBEF
3C2D
3C53
BCCF
BD90
3B3E
BCCA
3C1E
BC8F
BC2A
3C8B
BBC5
3582
3D0F
BC98
3BEA
3C04
BBDB
3C07
3CDA
3B92
3B37
3CDB
BB6C
3B87
BCAD
BB18
BC5B
BAEF
3C82
3D03
BC6F
3BAB
3CC5
BCA7
BB4A
3D4C
BA90
3C98
3CC1
BBB4
3CA1
BC47
3C64
3B05
BB27
3B59
3D65
3CF3
3D19
3D04
3C80
3CE4
3C54
BC26
3BDE
BCDA
BC2E
3CDB
BCA6
BC15
3A80
BB8C
BCDD
3C35
BAD7
3D5F
BCD2
3D02
3B5B
BBDB
3D4A
3C19
BD86
3C95
3D5F
BBF7
BBDD
BD29
BB68
3CAA
3CFC
3AB1
BC21
3D7C
3C7D
BC13
3CB5
3D75
BC69
BC49
BC22
BC71
B8F5
BB08
BC6D
3BA4
BD39
3C3A
BD14
3BFE
3C77
3B9F
BC73
3BE2
3D6F
3B8C
3CC7
BCBF
BD1B
3D15
3C67
3BA9
3C4E
BC1B
3C12
3ACE
BAC9
BC62
3D20
B9FE
BB4D
3C8A
3B48
BBE4
3D13
3C2E
B8A2
BCCB
3C51
BCA8
3BCA
BC86
BBF7
3BB4
3C45
BCC5
BD4E
3B13
BD20
BC07
3D03
BD64
3C82
3CB2
3CD1
BB61
BBFB
B9A0
3C15
BBA1
3C1C
3C7D
BC66
3D29
3CE7
BC82
3BAD
BCFD
BCA0
3A70
3D1F
BC4B
3CD7
BCC5
3B8F
3CC8
3C87
3C37
3D08
BC77
BC60
3D2C
3C6E
BCA2
3CD2
3BC3
3C80
BC77
BBA4
BB98
3B96
BA56
BB95
3C35
BB91
BBF6
3C59
BD58
3D46
BD3D
3C05
3C92
BC0C
3D1E
3C01
3D38
BC15
3B2E
3D2A
3C69
BBBF
BCD7
3BCA
3D7C
BC11
BC4A
3C29
3B2C
BD2C
3D64
3C33
BD90
BD78
BA2B
BD80
BCED
38AE
3C04
3C22
3BC7
BCB1
3C0B
3D2E
3C91
BB26
BBEF
BB67
BC5B
BBF7
39C8
BBA5
BD06
BD76
380A
BC15
BCE1
3D2E
BCC1
BC86
BCCA
BCB5
394D
3C62
BC22
BC26
BC29
3C13
3C36
3B5E
3CFF
BC45
3BBB
BCA3
BD0F
3C84
3C13
BC51
3C8F
BCEF
BCD2
3C9C
BCEC
BC5B
BD9C
3BEB
3D9F
BD38
BA45
3CCF
BAE7
3D65
3C25
BD24
3CB8
3D3A
BB05
BCF3
3CBD
BCC8
BC5F
3D0A
BD02
BD04
3C8E
3CA6
3BBD
3C6B
3C81
BD31
3C8D
BD12
3D02
3C25
BC01
BBE7
BCBF
3C43
3C52
BC1F
BC5C
3C1F
3C77
3D3A
3D00
3CF0
3CF1
3C98
3CFF
BB7B
BC8A
3CAC
BD11
BC88
3CD6
BCDA
BC2A
3B01
3B61
BD06
3B98
3C38
3B61
BCE9
BC2F
3CAA
BBA3
BC23
BB6E
BCA9
BB10
3C8F
BC2D
BB1E
BBF0
BD49
3CB5
3CE3
3B92
3D12
BCBD
3D42
3C6A
3C6C
BD07
3CAB
3C30
BD0B
3D05
3CA1
BCC7
3D15
BC2C
3C29
BD02
BC86
BC12
BC0D
BC26
3B31
3B51
BC83
3D8C
BCC8
BD22
BC5A
BD1E
3C43
BC6B
BC5B
BC22
BD2F
BD3B
BCFB
3D4C
BD3D
3D11
3D35
BD6A
BD11
3D3D
BC8B
BD20
3D07
BCE1
BD28
3D5C
BD2C
3D6E
3D0D
BD2C
BD28
3CB8
BC19
BD1F
BC36
3C16
BCEB
BD09
3CD8
3B8C
3CE5
3D14
BD73
BCFD
3CC3
BDA9
BC00
BCB1
3C9C
BD30
3C29
3C8C
BC1E
3D0B
3B36
3A58
BCC0
3D42
3D4C
BD13
3CA7
BD72
BD77
3C55
BBEB
3CEB
BBF5
3CF2
BC50
3D49
BC93
BD14
BD42
BD40
3C84
3C9D
BD54
BCE4
3D07
BD14
BCED
3D36
BD45
3C94
BC83
3CFE
BD29
BD1B
3D18
BD6D
BD34
BD2D
3D16
3D3D
BD39
BBF0
BD15
3C69
3CEE
3C4C
3A37
BD27
3C30
3CEB
3C64
3D15
3B34
BCC7
BCBD
BC39
BCF0
3C07
B91D
BB46
3B6D
BC90
BAC5
3B80
BCBA
BBE7
3C0E
3C32
BA19
BBE0
3C9F
3A1F
BC92
BB01
B9B0
BBF8
3C99
BC46
BB80
3C31
3B43
BBF5
BB9C
BCA1
3CF4
3C91
3C01
BCD0
3D10
BBD8
BC3B
3BE0
3C4B
BC8B
3CF6
3C0E
BB9B
BC64
3C9F
BC8D
3BD1
BC2C
BC51
3BDA
3CA3
BD57
BCC0
3CDA
BD0D
BC11
3D4A
BCB2
3CC3
3BBB
BCEC
3B13
3CA6
3B89
BC96
3C16
BC32
3BDA
3D20
3CA1
BCBD
BA9C
3B20
BBCE
BB98
3C14
39DA
3B99
BC39
3B7F
3C30
3C85
BBA0
BCC6
3B73
BCDC
BCA8
3C87
3C9E
BCFE
3CB1
3C9D
3CFC
3C8F
BC59
BB79
3CA9
3C1B
BC85
3C78
3B5D
BC2B
3C48
BD2A
3D86
BD86
3BFE
3CE5
BC86
3D2A
3BE9
3D68
BC49
BABF
3D34
3C2F
3C35
3A96
BCBA
BD3D
3C19
3CD9
BC80
3D01
3B14
BB25
3BD2
BC9C
3A9C
BB6C
BCAF
BCA2
BC50
BC07
3CB7
BB22
BC5D
3C67
3AA6
3C4B
3C70
BBA8
3C62
BC0C
3C67
BB26
BC2D
BC16
BD04
BCC5
BCE4
BC9D
3B56
3B8C
BB8B
BB21
BADC
3BDB
3C3E
BC2C
3B50
3A53
BCC5
BBFB
BBFB
3D3F
3BB4
BBD9
BA9A
BC38
BB93
3BF1
3C47
3C1E
BC2C
BD4A
BBB3
BC27
3C43
3CC1
3C5F
BCC7
3B93
3C17
3C02
3B95
BC98
BCB2
3B67
3C58
3C89
BBB2
BC65
3CFF
BC75
BB46
3CC0
B967
BC08
3B14
3C3D
BC5E
3A19
3C19
BCA7
BBA1
BCA2
3C5D
BAEE
BCE8
3BBD
BC0E
BB66
3C8F
3973
BC4C
BB8D
3D19
3D28
3C9C
3C6B
3BA8
3A84
3C38
3C35
3ADA
BB31
BC6E
3B0C
3C48
BC17
3D71
BD86
3D4F
BC3D
BC05
BAED
3CEA
BC32
BC9B
BBD0
BBFE
3C3D
BC09
3C20
3C32
BB4B
BCDE
393D
BC95
3C05
3C48
BB53
3AC2
3AEB
3D0B
3D11
3C38
B9EB
BC9A
3C8F
3BBE
BC8F
3C37
3CAB
BBA1
BAC2
BBF8
BC51
3C34
3D10
3B52
BCD4
BC96
BD0E
3D14
3978
3B66
BB97
BA97
BD44
3CD3
3B8E
BC26
BC7A
BC40
BC88
BCD5
BC46
3C7F
BC34
3C70
3C5A
BC80
BBFE
3C46
3B22
BC28
3C26
BC64
BC2C
3C3E
BC51
3C82
3C0F
BC51
BC2F
3CD8
BAF3
BC96
3BC4
3A32
3CAF
3A1A
BC6D
BB8C
3B99
BCC5
BC5D
3C58
3CDC
BC98
3C8B
3C1C
BD20
BCC7
3CD8
BC10
BCCA
3C1B
BC9A
BC21
BC12
BC4E
3D1D
BB08
3C5D
BD02
3D08
3BAB
3CE0
BC83
3B26
3C86
BB28
3C62
BCCF
BD46
BD14
BD11
3C1A
3C25
BC95
BC22
3C2A
BC2F
BC0A
3C72
BC53
3BD8
BC20
3BFB
BC49
BC59
3C16
BC3D
BC5B
B97D
3C22
3C73
BA90
BD1C
3CFE
BB02
BCA9
BC5B
3C7E
3D40
3ADA
BC95
BBAF
BCD9
3C4A
3AE5
3A1C
3C80
3CF7
BBC8
3B3D
3C15
3A9B
3C22
3C68
3B78
BC0B
3C9F
BA26
BCEF
3B5E
3C04
3C2D
BC6F
3C20
3AC8
BC8A
3D03
3BAD
3D4C
BC82
BBC5
BC3B
BC30
BC4D
3BA1
3BA9
3C73
BC14
BC25
3C2A
BBA2
BC35
BC88
3ADA
BBA6
BBD4
3C40
BBB8
3B7F
B810
BC62
3C6E
3C4F
BA23
3C87
BA9C
3D8C
3C5B
BD49
3D38
3C98
BC87
3CF4
BD18
BD02
BA0B
3BE4
BC8E
BB0C
3B98
BCC0
3B4E
BB75
BBE5
3B2C
BC9F
3BE4
3C3C
3CCC
3A3C
BA93
BBE9
3C84
3D44
BCAC
3C11
BC01
BA97
3BDB
3C07
BC82
3CAE
3C7D
BCAC
3CA5
BD30
BBD8
BBB7
B982
3C43
BB8E
3BD1
BB80
3B27
3A41
3A24
BB96
3C8B
3CD6
BD03
3CC8
3C3A
BB80
BB35
BCAF
3C6F
BBD3
BA9B
BB58
BBA7
3CE2
BCA6
3CA7
3C99
3CB0
BC74
BD30
3C62
3BF3
3C39
3CDB
BC3A
BBD0
BCCD
BC92
BCC3
3CDE
BD07
BCDD
3CC7
BC8E
BC76
3D06
BCF1
3CCB
BCCC
3CB8
BCC7
BBDF
3A51
3BC4
BBD8
BBFE
3A94
BC8E
3BA8
3CBB
3C17
3C83
BB2D
BA8C
BB4A
38C7
3CEC
3C6D
3C08
BCE0
3C9C
BC80
BCA8
3D1E
3C64
BC97
BCB3
3C35
BC53
3CA2
3C86
BC65
3C48
BD10
BC44
3C4F
3C81
BDAB
BC69
3D8E
BD05
BCEE
3D75
BCAF
3CF3
3C98
BC93
BC49
3D03
3CEB
BCBD
3CD3
BC48
3CA7
3C70
3CBB
BC9E
BC9E
3CDB
BC2B
BC7F
3C73
3CBF
BC97
BD0B
3D27
BC08
3CE9
3C29
BBD4
3C10
BC42
BA9B
BC66
3BE7
BAD3
3D0D
3CB9
3CE2
3CC0
BB09
BB86
3CD3
3C03
BC2C
3BE9
3C2D
BC51
3C57
B9CF
BC1F
3C77
3C34
3C9A
BC6C
3BE8
3C4A
BC1A
BC47
BCB2
BBDB
3C67
BCF2
BCC8
3C36
3D80
BC50
BCBD
3CC7
BD02
BD16
3D33
BC9F
BCB3
BC64
BCED
BD3F
3C8B
BCA7
BD10
3C78
BC80
BCA0
3D24
BC0F
3D12
BCA2
3C09
BBBA
BBEC
BBC6
3B78
3CDB
BC97
BC16
BCF6
BCB5
3D05
3D4A
BCCA
BD0A
BB51
BAE4
3C9F
3D1A
3C33
3CDA
BD12
3C33
BCC0
BD02
BC26
3CE8
BCF9
BD00
3C17
BCCB
3D11
3C95
BBF4
3C85
3C1F
BCA4
3C8B
3C92
BC7A
3C5F
3D72
BCA6
BC16
3BD7
3B37
3D0A
3C96
BD22
BBF8
3CBA
3D27
BCC3
3BA3
BC8F
3CF2
3C5C
3C6D
BC8E
BC89
3CE8
BCA1
BC33
3C4B
3CD3
3C28
BD07
3D6C
BC0D
3D6A
3B8B
BC2F
BC7B
BC98
3C55
BD6C
3BB3
BCDE
BBA9
3D39
3D30
3D82
BC3A
BC81
3D19
3CCB
BCBA
3C17
3CE1
BC5A
3C20
BC13
39DC
3B60
3C54
3CED
BCD4
BD06
3C60
BC49
BC92
BD0F
BCEB
BD1A
3D70
BD1E
BAA7
3C0C
BCC1
3D07
BCAC
BD87
BD96
BC6E
3B06
3C72
3D3A
3CCB
BCB4
BC8D
3D10
3D06
BD68
BBAC
3D04
BCED
BB40
3CB9
BC48
BC4A
BB7F
3C86
BC97
3CEA
BC91
3B17
BACF
BC97
3D19
BC5D
BC82
BCC8
BB21
BC63
BC90
BB92
BCCA
BCDD
BC9C
3C02
3CBA
3D07
3CBE
3C8A
BCE0
3C89
3C83
BD10
3D0A
BC3B
BD03
3C85
BCE9
BC66
3D14
BCEA
BD02
3D61
BC0F
3A92
3D66
3CE0
3A1D
BADC
BCD0
B9A1
BB9A
3ACA
BAA8
B9A4
3D73
BB94
3CC7
BC90
BD6A
BD32
3BFC
3C61
BB1B
3D76
3A27
BBF2
3C14
BD09
3CAA
3D0F
BC36
BC1D
3C0C
3C9A
3C53
3C55
3C52
3D01
BC33
3AEE
BBB3
BCF6
BCB1
BBA4
3CF2
3CEC
BCEC
BCE8
3D01
BD07
BCFC
3CCE
BCE4
BD3A
3D21
BD31
BCFF
BC05
3CD6
3CE3
BCEA
3D34
3D18
3C0A
3D04
BC45
BB48
3C74
BC9B
BD38
3D04
3BFA
BC75
BC10
BCBD
3B8C
3CA9
BC8A
3C0B
3C47
BBE4
BD10
3C1E
3C09
BB9B
3CB9
3C3C
BC83
3C8B
BCB3
3CB8
BCB8
3B8D
3C06
BC97
BC88
3CCB
3BBA
3BA0
3CD8
3A78
BCED
3BA9
BC95
BB88
3C65
3C57
3B91
BD14
3B97
BC26
3CC0
BAB3
3C5C
3CB4
BCF3
BCA8
3CC2
3A6A
3A39
3C5D
BBBC
BC9C
3B27
3A0F
3CFC
3C80
37B3
BC94
BBBF
3A03
BD28
BB0C
3C77
BCFC
3CCA
BC84
BC25
3B9D
BC36
BAC7
BA80
3C28
BC20
3CC8
BC13
3B8A
BCC8
3CB8
3C58
BC99
3BB1
3C3D
BC85
BC9C
3CC4
BA15
BCD4
3AF4
BC05
BC9C
3ACF
BCA0
3CA2
3BC5
BBFC
BB54
BC50
BC56
BC08
BCCF
BCBE
3B98
BB47
BCDE
BC53
3C90
3B06
BC44
BA37
BAD7
BCD8
3D1C
BD16
3AFE
BC25
3C8B
BC24
3ADC
3C22
3C70
3C81
BBFE
BBE1
3CC9
3C13
BBD1
3C2D
BC9A
3CCC
BC90
BC95
BC89
BC04
3CBF
3CB4
BC8E
3CC6
3CFE
BC0E
BC1E
3C4D
BCCD
3C1D
3C95
BBF6
BC0A
3CE4
BC15
BCA3
BC6E
BC1D
3CBA
3CDE
BCD2
BC96
BB5A
B8DF
3C08
3CA1
BBB8
3B52
3B55
BC37
BC5B
BC73
3A6C
BB94
BBE9
3ACF
3C28
3C3A
3C33
3CC0
BC35
3BFC
3CA1
BC81
3C4A
BC44
BC4C
3C63
BC80
BCA2
3C46
BC83
BC47
BD0E
3C44
3CCF
3CBA
BC12
3D05
BC18
BC29
3BCA
3CA9
3BF3
BC21
BC2E
3CA7
BC4D
3CC4
BCAF
3ACD
BC4A
BC4A
3C64
3CB4
3CBB
3AD9
BB70
3B03
BCCE
3C7F
BC0C
BC65
BC93
3C02
3C63
3B5C
3C76
3BE7
3D37
BB5D
3C0D
3C48
3982
3BF1
3C47
3C42
3C6A
BBD3
BBF7
3BB9
BC38
BC2D
3C00
BC7B
BC0D
3B79
BAB4
BC73
BC25
3C40
3CD0
BC81
3C80
3C4D
3C20
3CC7
3ABA
3B27
3C17
BC41
3A4C
3C04
3D3D
3B1D
BCCE
BBBF
BCC2
BC2C
3C45
BC18
BC1C
BBFF
3BA5
3C03
BC2A
3C6E
B9EB
BC29
3C05
BCAC
BC4F
BBA2
3C4A
3C2C
BA3C
BC69
BCC9
BBCA
3C5A
3CF9
3CC8
3D7E
BB3A
3BC7
3A70
BBF4
3BC4
3C7E
3BA5
3C3F
3CCF
3C3E
BB7F
BB8A
BC9C
BC3E
BD58
3C4D
BC16
BC92
3CEC
BC9E
3B2C
3B51
BC99
3CDF
3D5E
BC65
3CDD
3B28
BB8A
3C5D
BB9D
3B2E
3A82
BD1F
3C3C
BC10
3C13
BC2E
3C11
BA0B
3C94
3C44
3C30
3BFF
3C9E
BC14
3CC0
3C05
BC7C
BBD5
BD0D
BA49
BAEC
BBD8
3B98
BCDB
39B2
3C86
3CDA
3B8D
BC20
3C26
BCB2
3B8B
3BE9
3C04
BC32
BCE8
3C13
3BB7
BCB3
BC75
BCD7
3C0F
3C83
BC80
3CD0
3C8A
BCE8
3CD2
BCB5
3D1F
BCF6
3CE6
3C35
BC77
BD1A
3CE3
BC22
BC64
BBC4
BD09
3D33
BCF0
BC40
3CDC
3CD0
BC8C
BD35
3CB2
3CCA
3D15
3D0C
BD52
3BED
BC53
BD15
BCBE
3D48
BCCD
BCF8
3D05
BCE7
BC9F
3D08
BCE5
3C95
BC7C
3CB5
BC55
BC06
3CE0
BB50
BACE
BCEB
3CF0
BC97
BC4F
BCA8
3CB8
3C0F
3ABE
3C87
3C96
3CC5
3D64
3D03
3D0F
BD3B
3D23
BD1D
BD16
BB8E
3D1E
BD20
BCB6
3CD3
BD15
3CE7
3D1C
BD04
3CD2
3BB7
BD21
3CC8
3D1A
BC87
BC88
3CFF
BD2B
BC4C
3D0D
BCF6
3D22
3C33
BBEF
B966
3D18
3C20
BD1D
3CD6
BCC8
3D05
3C8F
3D2A
BB8A
BD10
3C83
BD1A
BCEC
3C89
3C49
3C1E
BC10
3CDC
3C85
3D21
BB72
BC32
3BA1
BCD5
BB6B
BBD3
BC01
BC95
3CC8
3D6A
3D78
3D36
BCF3
BCBB
3D3E
3D18
BD23
3CE9
3D11
BCF7
3CE3
BD3A
3D1F
BCE2
3CDF
3D40
BD24
BC4E
3CDB
3BB2
BD1E
BD0C
BC69
BC1E
BC0E
3C2A
BC55
3D44
BC53
BCF5
3D02
BC79
BCF0
3D2B
BC6A
BD02
BC45
BC51
BCB3
3B2B
BC84
BBB7
3BC4
BCDC
BC98
3C8F
BCAD
3D15
BCC2
3C22
BCB5
BAE0
3C0F
3CA0
3BE6
BD34
BC09
BD18
BC9E
3D14
3D0C
BC7E
BC52
BC34
BC97
3C7D
3C60
3D21
3BC6
BCDE
3D3B
3AD7
BC45
3B65
3A9D
BC40
BCBD
3C9F
3ABA
3CEB
BC35
BD06
3CEB
3AE0
3C16
3CF4
BC34
BD87
3CF6
3D9F
BC5A
BCB9
3C8D
3C27
3C47
3BE8
BD05
BC74
3CFE
3C89
BC1B
3CEF
BCD0
3C2C
BBAF
3B8C
BCBD
BC4D
3C9C
3BBB
BB48
3C52
3CB3
BCB6
BBB7
3D54
BC98
3D48
3C6F
BB22
3B3B
BBAD
3C3F
BC69
BBBC
BCEB
BC6F
3C30
3C85
3D5C
3C79
BC41
3C69
3AD0
3913
3C87
3B58
BD04
3CF2
BCEC
3CB1
BCBD
3CC8
3C01
BAF7
BC8C
3CF1
3B26
3C13
BCC3
BC69
BAF9
3D90
BC30
BC9E
3CF1
BC6A
3D4F
3BF0
BDB4
BC11
BCAB
BCB6
3CC3
3CB5
3A23
3CDE
BC8C
BB07
3B30
BC23
BB85
3C3B
BC0B
BD5E
3CE4
BB80
BCA2
3B02
3CB7
3CE9
3CB0
BB91
BC44
BC2A
3C6F
3D3D
3D56
3D18
BD4D
BCA8
3B40
BBA1
3C7D
BC53
BB01
BC13
BC97
3CC8
BB1F
BC0F
BC3F
BBA2
BBA7
BCCC
BBAD
B95A
3CAD
BC14
BB27
3B09
3C81
3BEF
3B5F
BC24
3D98
3C52
3C04
3D8C
BBBF
BD34
3C96
BD18
3C10
3AA8
BCD7
BC37
3C84
3CB1
BBB0
3BB9
3C55
BCBB
BBB0
BC02
BC38
3C82
3D39
3A3E
BBF0
BC9C
BCA4
3BBC
3D2A
BB91
BC18
3C25
3CBE
BCA4
BAEC
3D05
BB50
BD0E
3C6C
BD16
BBD4
BC74
3C73
3CA2
3C2A
BB82
BC56
3C7B
BC85
BBEB
3BEF
3AAA
BD39
3D2A
BCCF
BB05
3C89
BA1B
BCC1
3B30
3C11
3C0A
BC99
BC82
BCDA
3DA7
BB4D
BC74
BB52
BC3B
3D0A
3C00
BCE2
BDB6
BB54
3C81
3CB1
3D06
3BF7
BB10
BC68
BBE9
BB84
BCEB
BC97
BBAE
3B20
3B7E
3C3D
BD11
3CD7
3D1B
3C4B
BD45
3C46
BD28
3D08
BD5B
BC61
BB9E
3D84
3C82
BCF8
BCF5
BC62
BC8A
3BB3
BA99
BD15
3B92
BBB3
BBB2
3BC7
BC68
BB26
3C82
BC43
BB8D
BBF5
BBC5
3C00
BB84
3BD1
B9E6
3B5F
B8C3
3B04
BBAF
3DB0
BBBB
BC8B
3DB3
3C1C
BA67
3C87
BCC5
BB8E
BBCA
BA21
BC21
3BE8
3CCD
BC1C
BC37
3ACB
BCE4
BCFB
3C46
3BB0
BB54
3C59
3B63
BB91
BC61
BD18
3B19
3D58
BBE8
3C51
3D89
3C96
3C9B
BD39
3D1F
BCB3
BC57
BADC
BD68
BD2C
BCF1
3C24
3BC7
BBA7
39F0
3B8A
3A10
BC66
3C12
3C94
BB94
3CB1
BD37
3D1D
BBD1
BB36
BC00
BD06
BBA0
BC2E
3B6D
BC65
BC21
3C71
3C86
3B15
3B90
3CCB
BC9A
3C7C
3C65
BC9A
BCC0
3D00
BC84
BC1B
BC9D
BC4A
BCDE
3C7C
3AB0
3B2E
BB8F
BCEF
BC3C
BA37
BBD7
3C77
BC9E
3C2B
3B13
BB47
3CA5
3C4D
BCA5
BCB7
BBE7
BB9D
BCCF
BC57
3CFB
3C04
3CC9
3C71
3C4B
3BAE
3CEA
3D0D
3C81
BCD1
3D1F
BC86
BC8E
3D86
3C6A
BC91
3BFA
3C8D
BC54
3C0B
3CA9
BCE5
3C75
BD73
BC82
3C6D
3CA8
BC9C
3B4E
3D32
3BE5
BC85
3C61
BC40
3C8A
3BC9
BBDB
3CF8
BB00
BC40
BB4C
BC3F
BC68
3C45
B90D
BCBB
3BFB
BC89
BB25
BCB0
BBC6
B9CB
BC77
3C0B
BB2D
3C9E
BB7F
3BB4
3B54
3CB0
3CB4
BCA1
BB60
3CBA
3AE9
B9EC
3D51
3D18
3D20
3D23
BC41
BBED
3CC7
3C6E
BC89
3CA2
3C4F
BCA7
3CBB
3C1E
BD0B
3CE9
3C83
3C37
BC5B
3CCA
3C8C
BB8D
BC93
BC80
3C82
BC0B
3D11
3BB6
BB9F
BCFF
BB17
3D18
BCA5
BB07
BC81
BBAB
3C25
BC91
3C87
3BE6
3CB6
BD22
BC8D
BC0E
3C08
3C85
BC26
3C5A
3C8B
3C09
BCF4
BBE9
3C14
BB49
BBC4
3C29
BA1A
3B28
BCFE
3A84
BD14
3D34
3B81
3A1A
BCA2
BC0D
BC1D
BA0E
BC1E
BD15
BBC0
3C40
BD32
3B2A
BB80
3C54
3B39
BAC9
BBA5
BC82
BAB2
3BDB
3BC8
3CAB
BC72
BC82
BAD0
BC5E
3BB5
3D1D
BC42
BD0D
3D07
BBB2
BCD3
3BAB
BCA2
3CDE
3CDE
BBEA
BC4F
383E
BB21
BD03
BC1D
3BFA
3C1C
BD1F
3BB0
BA0D
BB51
3D10
3B42
3AA7
BC83
BB87
BC38
3C9D
BBF6
3A28
3C3E
3B06
BB4B
3A95
3C64
BCC8
BC36
3C91
BCCE
BC9A
BC99
BB3E
3C12
3C6C
BAD8
BBBA
3B9A
BCBB
BAEA
3CD9
BC87
3D96
BDA6
3D86
BC8F
BC7E
3AE4
BC1B
BC89
BCFA
BAB2
BB85
BBE1
3CEE
BCD7
BC02
B8C9
3D81
BCE4
BD46
3D3D
BC92
BD06
3D6C
BCCA
BC56
BC64
BCD3
BDA5
3CEA
BC02
BCCF
3BED
BD58
BC13
3CD3
BD67
3D38
BAC1
BA70
BCBF
BC03
3CFC
3B63
3BBE
BD0C
3BD7
3C13
BCAF
3A1E
3D3A
BBEC
3CF7
3C83
3BE5
3B1D
3D21
3D56
3C96
BD3B
3D42
BCE8
BCDF
3D2B
3C8C
BCC9
BC49
3CA5
BCA5
3CBD
3CC4
BCC7
3CAB
BD1C
BC9B
3CAA
3CC3
BD9D
3C4F
3DB7
BCA5
BCD5
3D51
3B5D
3CAB
3C45
BD74
BCC1
3D54
3D4D
3B45
3D23
BCA4
3CE9
BBC0
3C82
BD08
BD01
3D08
BCBB
BCE5
3C9D
3B4E
BAA8
3B00
3D5A
BA51
3CA8
3C89
3B32
BAB6
3A62
3A9E
3B7F
3C4A
BCF5
3D21
3D47
3D45
3D68
BBB3
BBDC
3D26
3C82
BC8A
3CAD
3C98
BD01
3CC1
BD05
3C89
BBB4
3CB0
3D18
BCB0
3C35
3CBB
3BF8
BCA5
BCCE
3B0A
3C04
3C4E
BD0A
BC5C
3D23
3A78
3A44
3C4A
BD62
BBC4
3CB4
BC82
BD12
BD0C
BC2A
3D3E
BCEE
BC5D
BC31
3CE8
3CB4
BC0B
3C9C
BAE2
3C91
BC9A
BC58
BBE5
BC77
3D1E
BC44
B9E4
BD05
BBBA
3AA5
BCD0
3B84
3CB5
391C
BC6E
3A25
BB54
3C5F
BC8D
B901
BBBC
3B1D
3A87
3BAD
3BB6
3C39
BC5F
3C20
BCD3
BC3E
3C05
3CA3
BC79
3BE1
BBF3
BBF3
3C68
BBF6
BC76
3D42
3B00
3A81
BC07
3C71
BD24
3CAF
3C1C
3AEB
3C42
BBED
BC7C
3AC9
BD0D
BCDE
3C5C
3CC0
3B54
BC85
BC03
BCCE
3B8C
3CDA
BC8E
3C5F
BC8B
3B97
BC5F
3BB0
3A92
BBC2
3BCB
3B59
3CAC
3C4E
3B3A
BC85
BBB3
3CC8
3BCC
3C51
BB1D
3C6F
3C87
3C70
BC12
BC43
3C8D
BC62
BC09
3BF7
BC1D
BA92
BC0E
3CA1
BC09
BC13
3C4E
BC2A
BBD2
BCEF
3C5B
BBF3
BCC0
3D5A
BD84
3D03
3D43
3CB4
BC27
BD59
3C93
3D43
3D52
3CD1
BBAB
BC54
BCC5
BBDE
BBB6
3D14
BC95
BC28
3C82
BCAC
BB0C
3BA9
BD39
BC04
BB76
3CF4
BC5D
3CCC
3C1C
3CCB
3CEC
3C14
BC08
BD0A
3D4F
3D22
3C2E
3C35
BA10
3C82
3C7C
3CA4
3D33
3CF4
3CE1
BD2B
3CE3
BCE6
BCFD
3C61
3CE5
BD04
BC95
3CA2
BCBF
3CE6
3CFA
BCE2
3CB0
BC8E
BCCA
3CAE
3CFA
BDCC
BCE5
3D58
BD73
BCCC
3DAA
BD4A
3D1D
B968
3BFE
3B56
3D14
3B48
BD0C
3CD9
BB75
B9CC
3CBE
3D23
BB94
3C43
BB92
BD11
3CDC
BC27
3CC9
BC9B
BD06
3C01
BCE1
3D26
3C94
BB9F
BC3D
BCA0
3AC4
BCAA
BC67
BC91
3C97
3D0B
3D38
3D04
BCC6
BC99
3D19
3CC9
BCD0
3CB4
3CBF
BCCD
3CBE
BC62
3CD8
BCB1
3CAD
3D1F
BCF9
3BD0
3CB4
3C2F
BCC7
BCFC
BA1B
BC5E
3D35
BD1C
BD34
3D07
BB66
3D36
3B29
BDDA
BD27
BC9E
BB5A
3CE7
BC09
3BD1
3C86
BBB8
3B69
3C1D
BC76
3C85
3B12
BC9F
3C49
BBA5
BC95
BBBD
BBB2
3C38
BCE4
3C22
BC56
3CE6
3AA0
3C94
3CF1
B8A0
3C2D
BD38
BC56
BCAA
BC91
BCA3
BD3D
BD28
BCE2
3D01
BCF0
3CE1
3CE1
BC97
BCE2
3CF1
3C42
BCEF
3CCC
BCC4
BCFF
3D0B
BCE3
3CAB
3CE3
BCDF
BD00
3D90
3D46
BCBF
3D4E
3C8A
BDBA
3D1F
BCF2
BBF6
BBB6
BB5B
BD2C
BBC3
3C8B
BD2F
3CBC
BB2E
BCCA
BCF8
3C6D
BB23
BC02
3CA2
3A03
BC20
3B92
BC8E
BA07
BC4C
BB91
BCDF
3BC3
3CA8
3C05
3C94
BBDE
3BB1
3C7B
3CB8
BCFE
BD3C
BD53
BD0B
3CD9
3CD9
BD2C
BCF1
3D04
BD07
BCE0
3D0B
BCFF
3BBC
BC68
3CBF
BCEF
BCC7
3CE0
BC02
BCED
BC1E
3CE9
3CC7
BB25
BD04
3DC5
BCD2
BC8C
BCBF
3A7D
3E0F
BD3A
BD9A
BD5B
BDB6
3C7E
3CB2
3CCE
3D12
3DA0
BC8B
3D88
3D6C
BD6F
BB54
3D3A
BD9A
BC7E
BD34
3D18
BD19
3CA0
3BCF
3CA1
3BBB
BC99
3CE4
BC65
3D28
3D6D
BB11
BCDA
BD30
BBF2
BBA1
BB00
BC16
BD94
BD89
BD26
3D2F
BCC9
3D2F
3D2B
BD65
BD2E
3D27
3C8B
BD5E
3D22
BD14
BD41
3D49
BD51
3D70
3D30
BD4F
BD43
3E02
BC10
BD9F
3DDD
3D31
BDB6
3CEA
BD7F
BCCE
3D26
3D2D
BD0C
BD55
3D45
BCEE
3D3F
BD01
BD8C
BCF5
3D1C
3CF4
BD50
3D5D
3CB5
BCFD
BD7F
3C8B
3D79
BD78
3CAF
BD51
BCA9
3CEA
BC9F
3C41
3BF7
3D54
BC80
3C6D
BD68
BD6E
BD92
BD81
3CE6
3D23
BD87
BD3B
3D4F
BD68
BD36
3D76
BD59
BCBA
3CCF
BCC1
BD57
BCD7
3D1E
BCD8
BD51
3C95
3D38
3D13
B92D
BCC1
3CCE
BA5E
3B9E
BC82
3BC7
BC72
BBEB
3D01
BC15
BC21
3C3C
3BD4
3D06
3B47
BBBA
BCB0
3C86
3B42
BCB8
3D2C
3C38
BC26
3D6F
BC91
BD5B
3D64
3B2C
BB68
BD41
BCA8
BD08
3CCB
3C62
BD17
BC9F
BCD0
BD5E
3D2E
3B81
BC3D
BAC6
BC3F
3B29
BD17
3B6B
3C24
BC8C
3C25
3B57
3C91
3B85
BA15
3C1C
BC21
3BBC
BC54
3B11
3B8D
BC47
BC96
3A9C
BC58
3B02
3B85
BC08
BB21
3C1E
3BB2
3C9A
BC0D
BB36
BBAE
3B8A
BC05
BCA2
BAFA
3C29
BB4C
3B96
BC63
BCA6
BC58
3CAA
3BC0
BCE9
3BB5
BC18
3B6F
3D37
BCA0
3BBA
3BB1
BB85
BBC6
3C1D
BC6D
3CEF
BC65
BCB1
BBDB
3CF3
3AE9
3CF0
BC70
B996
BCDE
BC0B
3AAF
BBA0
3AD4
B3DB
BC03
BABA
3C43
BC48
3C9F
BC81
3BB3
BC46
BBBE
BA0F
3C40
BC5B
39A6
3B15
3B19
3BC5
BB3D
BCB8
3BFE
3C35
B9FD
BC9F
3C43
BC57
3C62
3D33
BC39
BC46
3C47
3C0E
3AB9
3D29
3CC6
3BF9
3C02
39F3
3AB2
3B31
BBD4
3AD7
BB5E
3C9C
BC87
BC94
BC0A
3A17
3B58
3B18
BBE5
3B09
3C86
BCC9
BCAD
3C02
3A96
3C7C
3B98
3B7B
BBAB
BBCF
BCDB
BBC0
3C8C
BCF1
3B2A
3C26
3CE6
BBA8
3C3C
BA90
BCB7
3B70
BB9B
3BE8
3CFC
BCD0
BD00
BA89
BCD3
3BED
BD11
3C0F
B9CA
BC18
BC25
3B94
BC98
3C41
3C22
3CAF
3CC2
3BC3
BCAF
BC3D
BC03
3C2B
BC0E
BCA5
BB4F
3C81
3BB9
BB41
3CAC
3AB5
BB02
BB35
3C95
3AD8
BCCB
BABB
BC47
BD06
3C0E
BC32
3CD8
BB6D
3C67
BB8B
3CA4
3D26
3CC5
3C26
BB12
BB4A
3C80
BBA7
BB95
3BAA
BC9B
BB78
3CE7
BCDE
3D37
BD71
3D72
BCC1
BC66
3BFC
3BF1
BCD7
BCF6
BB01
3C80
3929
3CAA
BD35
BCAE
BC9D
BCC4
3CAE
BB51
BC98
BC62
BB0C
BC0A
3CAB
BAD7
3CA5
3CC4
3B3E
BD50
BCC1
3C11
3CCB
3D09
BCE4
3BE5
3D0D
BCE1
3BB7
3D01
3D20
BB9D
BD1A
BC49
BBDF
3D37
BC4F
BC98
BC35
BC1A
BBFB
3C74
BBB5
BA9F
3C5C
BC2C
BC6D
BC9F
BACB
3CEB
BD74
BC42
BB32
3C58
3BFB
3BF0
BC5F
3C5D
BC6F
BBC2
3C44
3BC5
3BC9
BC69
BC73
3BEC
3C3A
3D29
3B04
BD45
BCD7
3CBA
BD2F
3C99
BCA5
BC92
3C36
3B87
BD0B
BCE8
3B32
BC8C
3B14
BC99
3CC0
BCEC
3CF7
3C55
BC91
BB52
3C9C
BB22
3CA4
BD3B
BD78
BD03
BB19
BCB5
3CE5
BD0B
3C1A
3B48
BCCF
BBB6
3D03
3CF9
3C8B
BC12
BCD4
BD1A
BC53
BC25
BB90
3B8A
BB1C
3B64
3C1A
3C0C
3BCD
3DAC
BDB7
3DC1
3BDC
BCCA
BB17
BC76
3BA4
BD8F
BC87
3C14
BCE2
BCE3
3D00
BCD3
BCB7
BCC1
3C89
3D2A
BD19
BD23
BD1A
BD13
3C92
B8A2
3D78
3C73
3D2D
BC88
3C91
3C96
BCEF
BB66
3B37
BCE6
3D24
BC7E
3C59
BB98
BC3D
BC2E
BBED
3C56
BCDF
3C80
3BA4
3A8A
3C11
BC89
BCA0
BCC5
BC27
BC85
BC6A
BC58
BD26
BD0C
BCB8
3CD9
BB65
3D0C
3CF5
BD3D
BCDF
3CE5
3C9D
BCBA
3CED
BCE8
BD18
3CAE
BCAC
3D4F
3CF5
BCAC
BD18
3DB5
3B45
BD4B
3D5D
3D63
BD40
3C64
BC94
BD2A
3C89
3D18
BD62
BD01
3C6F
BBEC
3BDC
BCE0
BD31
BCD7
3BBD
3CBA
BC29
3C88
3C7F
3B40
BCB4
BC2B
3C77
BC99
3BAF
BCE9
BC73
3B91
BBAB
BABC
BC8B
3C70
3C1F
BCA0
BD34
BD4F
BD4C
BD12
3C9A
3C42
BD1F
BCC3
3CDC
BC9E
BCD2
3CBD
BCBC
BD56
3D78
BD50
BCAD
BC9E
3CCD
BCA1
BCB1
3CAF
3D02
3CD3
BAD1
3C4D
3CCB
3B8C
3B53
3D2F
3B84
3C9F
3C1E
BD4F
BD52
3CED
3C92
BD01
BD25
3BDC
BD3B
BC71
BCF1
BBED
3CA1
BCA5
BCB5
3C14
BCC9
3CA6
3AFB
3B9E
3C70
3C04
3CAC
3CEA
BB1F
BC65
BD1D
BCD3
3C3D
3D35
3D71
BBE6
BC5F
3B8C
3BE1
3C39
3CA6
3CD5
3C67
BC7B
3C5E
BBC1
BC81
3D92
3C39
BC8E
3BF5
3C60
BB95
3C0E
3C5B
BCE0
3C8C
BD94
BBAD
3C92
3C61
BCC4
3BF6
3D44
3C2B
BBBD
3C98
BC53
3C10
BBB3
37C0
3B92
3CBB
BC6E
BC8F
BC35
BBE7
3A08
3CF9
BC47
BCCE
3B42
3CA9
BCAD
3C14
3BDD
BCC2
BC91
BD32
3D1C
BBFE
3D23
3D59
3B21
BC9B
BB9C
3C1B
BCA4
B981
3BBA
3D6A
3D27
3D16
3D2C
BBCB
BC55
3C81
3BEE
BC02
3C50
3B8E
BC6B
3CBB
3D4E
BD81
3D47
3C72
B789
BBEE
3D2F
3C8E
BC01
BBDE
BCA3
3CCF
3CB0
BCD4
3C12
3C8A
3CBB
BCE9
BD2A
3C2F
3C46
BC51
3CF8
BC60
3C57
3D07
BC89
BD35
3CC0
3B06
BC61
BCD2
BCB1
BA09
BB53
BC65
3CE6
BCA6
3CA4
BD36
3ACB
3CA2
3D11
BD06
BD07
3CFC
BBF4
BBEE
3B93
3CB4
BCC7
3CF4
3BF1
3B8D
3B30
3C95
3C25
3C38
BCDC
3D45
BA89
BBA9
BB87
3BB1
BC31
3B8E
BAE9
B88F
3BB1
BA78
BB6C
3ABD
3C0E
BA2C
3A66
B9C4
BD99
BC08
3D95
BCC4
BCE6
3D4F
BD0E
3CBD
3CB8
BD18
BC55
3C83
3D19
3CC8
3C80
BC88
3C79
BB73
3C7F
BC96
BC67
3CE5
BB6C
BC64
3C87
3C82
BC85
3BF2
3D0B
BC13
B89E
BC04
3C6F
3A4C
BB94
BB5E
3CEF
3B82
BD03
3C45
3CB5
3CDA
3D19
BBB0
BB7A
3C3F
3C07
BC14
3BA4
3B7C
BC20
BA44
BDBB
3DB1
BD84
3AAD
3CF1
BC0D
BBCD
39E5
3D0A
3AC9
BC2A
3B96
BC67
BC40
BB4E
BC7D
BD11
3D10
3D0D
BCD8
3C55
3C05
BD1B
3C9B
BBDF
3C3A
3CB3
3B9E
3A5D
3CBD
3C6A
BCA2
3C8F
3CB5
BCC0
3C36
BD76
3BBF
3CB5
3BAA
3B8B
BD2D
BBAD
BB8E
3D41
3CCB
3B34
3CB1
BC03
BD31
BC0C
BB52
BC0A
BA5F
BB87
BCEA
BD09
BC31
3CBF
BD03
3C6A
3C6F
BD52
BC0F
3C37
BB06
BC43
3C20
BC6A
BC7E
3CA0
BC4E
3D44
3C2A
BC48
BC7B
3CE0
BC16
BD82
BB7A
3D0A
BD0D
3C38
BC8C
BCC8
3D05
3B4D
3BDB
BCE4
3BE4
BC94
3D0A
BC3C
BCE5
BBDE
3D20
3C82
BD52
BB53
3BE3
BC87
B90F
BC02
3BEE
BD07
3CA9
BA92
3C24
BAED
3C2A
BC61
3B65
3B35
3BA0
BC4B
BD76
BD79
BD5A
BD69
3A62
3B04
BCD7
BC0F
3C05
BC5A
BC28
3C69
BC85
3B0F
3C53
BC7E
BC53
BC18
3C0B
BCB1
BC6B
3B28
3C4C
3C87
BC32
3B06
3CF4
3C8E
BC02
BB12
BA5C
BC2F
3CB9
3C2F
BB7D
B9D6
BA70
BA6F
BC91
BBDA
3C63
3BDA
BD02
BA07
3CFA
BB93
BCF1
3CA7
3C08
3BBA
3BF7
3B45
BB56
BB4C
BC42
3B98
BC28
BA86
BC87
BCF0
BB76
3C99
3D03
BC34
BCE7
BBD2
BB21
3C21
3C7E
3CE6
3C8A
BA92
BCD8
BC88
BC8C
BC23
3C62
BC47
BCD1
3CB2
BC8B
3CAC
398B
BC48
3CD7
3C6F
BC0A
3CE3
39E7
3BF8
3BB5
BADA
3C55
BCA5
3C1F
3C25
BC0C
3C28
BC98
BBC4
3CCB
BA87
BCCB
3D04
BCF9
B90E
3B14
3CDC
3BDC
3BA6
3AD1
3B98
3C50
3B81
3C96
BCBD
BD12
BBC1
BC3D
3C08
3C63
BC99
3A9D
3AB4
BBC9
BCD1
3BC2
3C5C
BC08
3B6A
3989
3CC3
BBB3
BCBD
3C93
3C97
BC85
3C94
3CA7
BCC6
3CB6
3D5F
BD84
3D93
3CC1
BC93
BBEC
BD2B
3CCB
BD76
BC0E
BC8C
BD28
3BDF
BD2B
3C4F
3D00
BBD4
3C85
BD17
BBD4
3CA3
BCC7
3BF9
3C2D
3CF2
3CE4
3BCA
BCAD
3D30
BBC6
BB7D
BBFE
BD13
BC82
3C88
BC7E
3C4C
BC7B
3CF5
3AF4
3CB2
BCAD
3CC7
3C32
3CD5
3CB0
BD1E
3D0C
3CA6
BC57
3B8B
BC86
BAE1
3AF1
3B6E
3C50
3C2A
3C6A
BC6F
3CC6
BA0F
BC22
3BD2
3C55
BC82
3C94
3C90
BB82
BB48
3C09
BCD5
3C96
BC2F
BBCF
3C93
3C10
BC05
BCCB
3B69
BD02
3C79
3D28
BCB3
3BBC
BCB4
BC37
3C16
BA35
BB3B
3C5A
3C7F
BCBA
BBC8
BC81
3CE5
BC7A
3C13
3C1D
BD4A
3C25
BB58
3D8B
BD42
BB76
3C9C
BCCA
3D57
3D16
BADF
BA63
BC9D
3A23
BBC7
3B82
BD32
BC41
BC1D
3C09
3C0E
BC26
BCA7
3C18
3C39
BC3B
3CB0
3C0D
BC98
3CA2
BCA4
3CAE
BD09
3C9A
3C85
BC4A
3CD6
3C93
3D0C
BBC5
BC30
3CE0
BAAF
3CA0
BBFE
BCB1
BC99
BB05
3D47
BD04
BD43
BCCB
BCB9
3C31
BA54
3B9E
3CBF
3CCE
BCAF
3CA4
3CE1
BD0F
BC3A
3CCF
BCE2
BCB5
3C97
3A46
BD03
BC01
3C94
3C82
3CEB
BC95
BC3D
BD2F
3CE8
3C4C
BB85
3C57
BD54
BBEE
BBFD
BBBB
3C26
BCD7
BD1D
BCD2
3BE3
BBE4
3C51
3C07
BCE4
BC80
3C53
BCD8
BCD7
3C58
BB5F
BCA2
3CCE
BCC5
3CFC
3C95
BCB8
BCAF
3D82
3BBC
BCB0
3D16
3C71
BCAC
3C46
BD0D
BC26
3CC0
3C0E
BC78
BCB3
3CDD
BCE5
3B85
BC40
BC8E
BD01
BC41
3CAD
BBCB
3CF8
3C5A
BC7B
BD53
3B05
3CD6
3CF5
BB24
BD51
BBF5
3CF7
3C23
3C5D
3C38
3C9E
BCB2
3D43
BD04
BD03
BD28
BCFD
3CAB
3CAF
BCE4
BCD1
3CDD
BD20
BCB2
3D1A
BCC4
BC1D
3C29
3C05
BCE0
BAC4
3C50
BD1F
BCC9
BC6F
3CA5
3C09
BCED
BC0E
3C7B
3C28
BCD0
BD5A
3CA3
BBD3
BBB6
3D64
3C45
BBA3
3A5F
3C03
3C82
BBB4
3B9A
BAB0
BCAB
BC06
3BED
3C3F
BCBF
3C73
3CD8
BCE5
3BF1
3CBF
BC4B
BC94
BD01
BBBD
BACE
3C22
3CA9
BC1A
BCC0
BD35
BCDF
3BDF
BB85
3B13
3C31
3B5F
3C26
BC7C
3C5B
BB84
BC99
BCA5
BCA5
BCCD
3CBA
BC71
BCB5
3C53
BCD1
3BBD
3C94
BAE7
3C35
3CF2
BCC6
3C42
3C89
3C2C
3C48
BD0B
BB64
3BAB
3BB7
3C68
BC8E
BC18
BBBD
BB41
3BB7
BA31
3A0C
3C0D
BD0B
3B20
BC7C
3BD2
3D04
BC5C
BCFA
BD22
BC10
3BD7
3C63
3B89
3BD6
BCA4
3C9F
3BFE
BD3B
BC87
3C40
BCA3
BCE6
3C5E
3BE3
BBD6
BBD1
BB50
BB88
BC84
BC90
BC79
3C71
3C95
BC8C
3BE9
3CB4
BAB5
3C12
3B5A
BC34
3CF1
3C2E
3C3A
BCB7
BD49
3C22
BD2A
BCBF
BC12
BD2A
BC86
3D25
BD0A
BC0E
3D27
BB77
3D73
3BC2
BDA3
BD63
3C89
BC1F
BD20
BD81
BB91
BAD3
3B9A
3C81
3C5C
3B2D
BCE2
B8E5
BBD9
BC81
3D2B
BC4F
BD1B
BC84
3C57
3D9E
3C8C
3D0C
BD3B
BC22
BCAC
3BFE
3CB9
3D87
BCF0
BC5F
3C95
3C8B
3CE1
3BA5
3CA2
3BDB
BC76
3CB3
3B48
BBEF
3D1A
BB1B
BC2F
3BC1
BAD3
3BD1
3C58
BAE3
BC9E
3B91
BD21
3BED
3B90
BACC
3C09
3C4A
3CE0
3D11
3C86
BD6D
3C97
BA23
BA0B
BCA3
3C79
3C14
BC1B
BC41
BB73
BC69
3A03
3CA3
BBA7
BD0F
3BE7
3CD3
3BD9
3C7E
3BA0
BC81
3C59
3BEF
3CE7
BCF4
3CD5
3C37
3C53
BD12
3C80
3C31
BCA9
BC7C
3C1B
3CF5
3D27
3CED
3D44
3B14
BAA9
3ACE
BB66
3BAD
BB0E
BC01
BB99
3C15
3BD7
BB8E
BC3B
3AEA
3BD1
3AB0
3D0F
3BD2
3C8B
3BCF
BCAF
3CC2
BBA9
3CC0
3CB0
BC95
BCBD
3C05
3CC1
3C26
3C61
BC1C
BCFE
3B8A
3C9E
BCD9
BB8A
3D39
3C73
3A16
BC1F
3BF5
BB56
BAA7
BAB8
BC39
BD2A
BA99
3D1F
3CF6
39BC
BB9F
BBB0
BCEB
3CD7
3CC7
BCCD
3C5C
3BB7
BCAD
3B2F
BC5F
3C05
3C54
3BAC
BB13
BCF4
3C15
3BC0
BCC0
BB16
BB91
BD39
3C50
BC0D
3BE5
BAF2
BC0E
BC11
3B8A
3BFF
BB3A
3D39
BC1D
BB4E
3B73
3C9B
3B3A
BC75
3CE3
3AEC
BBF9
3C81
BC5F
BCA9
3C4F
3A22
B967
BC56
BCA7
3C9B
3C90
3B3E
BA32
3D03
3CD0
BC16
BD00
BD4F
BC0C
BC11
B924
BBF3
BB28
BC93
3BF7
3CD4
3C82
3ACA
3B13
BCE5
3C03
3C9C
BA04
BCA3
BD2A
BCB2
BC7E
BC91
BC53
BC19
BB26
3C30
BC33
BAAE
3C1A
3BD0
BBDA
BBB3
3C93
BC4A
BB2F
3B9B
BC34
BCE0
BBA0
BB03
BBF5
BAAB
BC54
BCA3
3D90
BCD1
BC8A
3A24
3C1B
3D87
BCFD
BD40
BD36
BCAB
3C89
3B03
3C9E
3CD5
3D5A
BCE0
3C0B
3CA8
BC7E
3C23
3C12
3B94
3CA9
3CEC
BCD8
BCDE
3B98
3BCA
3CC3
3BBE
3B8D
BC82
BD01
BCAF
BC85
3C43
BC1A
BB51
BCAD
3BAD
3C39
3CFD
BD49
BCF4
BC87
3CEC
BBE1
3D09
3CC0
BC7D
BCDE
3CCD
BC19
BC16
3CDC
BB85
BD29
B9D3
BB74
3C8C
3D11
BB5E
BD2B
3DD5
BBBB
BD47
3D5A
3D01
BD84
3C99
BCF8
BC5D
3CE0
3C72
BCE8
BCDD
3C94
BD01
3B85
BC70
BD1F
BD06
3C46
3C7F
BBF4
3CDE
3BB1
BC29
BCB8
3C66
3D25
BA3A
BC2C
BBBB
3B7A
3CA9
3B89
3C2F
3C87
3AEB
BCDE
3CFD
BCD4
BCE5
BD32
BCBC
3C69
BBC4
BD3F
BCC1
3D05
BC84
BCBC
3C5E
BBCC
3CB7
BD0F
3C99
BC00
BD17
3CF2
BCD5
BB96
BC98
3D10
3BB8
BCAA
39D5
BBE4
3C3C
BAF0
3C6C
BC18
BAAB
3D09
BD1B
3C98
BBD1
BCF1
3C22
BC8E
BC9D
3D10
3C77
3BF4
BC23
3B92
BC9E
3C12
3B3C
BCB6
BC7D
3C03
3CC0
3C8A
BBD2
BB6C
3A7E
BD38
3CA9
3BCB
BC07
BC08
BC30
3CC5
BC5D
3B39
3C1B
3C63
3B5A
3BE9
BC1C
3C1E
BC7D
3B39
BCC5
BCAF
3BE9
3C9D
BC65
BC9D
3BC0
BCBD
3C6A
3CD9
3AE0
3B6B
BBF3
BCC9
3B8C
3CD3
BC6E
3C51
3C26
BA1E
BC3F
3C86
3B05
BB3B
BB4C
3BDB
BCA5
3CC8
3C62
BCA3
3CEA
3C8D
3CB7
BD36
3CAC
BBA3
BC80
BC8A
3C09
BC5A
BB57
BC17
BCE3
BCCB
3C85
3C7F
BAD6
3C9A
BB03
3B80
BC8E
BAEA
B9AF
3C85
BCC0
3C8E
3CAD
3C1E
3C26
BC73
B9A2
3C90
3C2E
BC25
3AE4
3C89
3BCA
3B74
BCCA
3C62
3C6A
3B83
3CCC
BCAE
BC93
3B5B
BC92
BCC7
BC64
BC8E
BC7F
3D34
BCFF
BC41
3CA5
3BBA
3D8F
BC54
BD41
BD54
3B9F
3B3B
3BE0
3CB0
3C6F
BC38
BC02
3CCB
3CE5
BC84
BC39
3C6B
BCD4
3C04
3B89
3D52
BD57
BC78
BB82
3CA6
BB49
3C60
BD29
BD18
3CFB
BCE5
BB6E
3C93
BC5F
3BCC
3B95
BB7D
3B48
BC1C
BB45
BC05
3B42
3C1E
3C5D
3BEE
3C48
BC59
3BE8
3C08
BC9B
3C74
BB05
BC37
3BED
BC7A
BC17
3C6F
BC74
BC36
3D80
3BEC
BC48
3D30
3CB4
BDA2
3CED
BC9F
BA42
BBD3
3B8D
3BC0
BC00
3C96
3C5F
BB93
BC5E
BBC2
BC68
BC72
3C8A
3BAD
3CA7
3C68
BBA6
BDA1
3D17
3D28
BC5F
3B33
BCC1
BD10
3B26
BCD4
3CEA
3C26
3C5F
BC83
BBEC
BC0B
3B54
BB20
3C89
3C76
3C8E
BBFC
BC62
3C76
BC86
BC7A
3C48
BC44
BC5E
3C0D
BC5E
BC85
BB81
3C36
3C23
BC67
3C98
3C71
3B95
3C83
3C03
BCF3
BC8B
3B0B
3BDE
3B79
3C8A
BC7F
BCC0
BB36
BC15
BB9E
3C30
3D54
3C0E
3CB4
BCBC
3C1B
3BBE
BC88
3CB4
3C5D
BC06
3C61
BC2D
3BD7
BC3E
BC8C
BC35
BCA3
BAFB
3C13
BB96
BB91
3D26
3C1A
BCDB
BB1F
BCFC
B9CE
388D
BAE9
BB95
BD02
BCC5
BCAD
3C65
3970
3C7B
3C85
BD49
BCA3
3CAB
BC1F
BC9B
3C7A
BC47
BCD1
3CBC
BC9C
3D63
3C9E
BC9B
BCDA
3D43
3B82
BCDD
B9C7
3C95
BD24
BC2B
BC45
3B6F
3CD0
3C3C
BCAA
BBC0
3C54
BCAC
3C1F
3B1E
BD06
BCDE
3CA5
39A5
BC05
3CC1
BB1E
BC4A
BCDD
3BAC
3C94
BCDD
3CD1
B960
BC11
3B5D
3BE1
BB8E
3A8D
3CB0
BBAC
BBC5
BCDD
BCAE
BD0E
BCBA
3C92
3C83
BCDD
BCC2
3CE3
BCC0
BC9F
3CBC
BCB1
BD4F
3D46
BCC5
BCA0
BA8C
3C69
BD35
BC9B
3B77
3CAB
3C90
BCB0
BCA6
3CCE
BC94
3B71
BC31
BC1C
3D21
BD36
BD4A
BCDE
BC90
3B07
3CA0
3D3D
3C89
3AA8
BD46
3C0F
3C3B
BBEB
3D3D
BC13
3AFC
3D24
3CB6
BC85
BCF4
3BDE
BC57
3B1B
BC33
BC50
BBE8
BC5B
3D1B
3AE9
BD02
3C6E
BCB9
3C05
BAD9
BB46
3A47
BCD4
BC87
BCA3
3CB1
BCD1
3BC6
3C82
BC8F
BCA9
3CCE
BD0C
BC77
3C0A
3B9C
BCAB
3CF2
BC83
3CB5
3C80
BC80
BCAF
3D42
BB8F
BCC7
3CD0
3C85
BD59
BC2B
BBCD
3CAC
BB9B
3CB3
BD3F
BBC4
3D1B
BD23
B958
BBC0
BC25
BD69
3C8A
BBFB
3BFA
3D4F
BA9F
3C62
BCDB
3AA2
BC4A
3BC4
3C4E
BD63
BC9B
3721
3C58
3CC5
BC00
3BD9
BBC6
3D58
3BB0
3A28
BCA3
BCA1
3C97
3C83
BCBA
BC96
3CC0
BCB7
BC41
3CB1
BCAC
3AE5
BC5B
3D13
BC85
BC9A
3CA4
BD18
BC84
BD3B
3C81
3C3E
BD2D
BCB2
3C85
3CC9
3BAF
BB2A
3C69
BB2C
3BC4
BCA2
BD46
3D08
BB39
BCAE
3CB4
BBBA
BD04
BD02
3B8D
BBF7
BC51
BB35
BC20
3C09
BB45
BBB8
BC7F
3D1F
3CC1
BC79
BCBF
BB20
BCCD
3C7F
BB9F
BD3E
BC8F
3C29
BC3E
3C3E
BC1B
3ACF
3BEB
3BF1
3B7B
BCDA
3C81
BC2B
3C35
3BE6
BC1A
BC96
3C63
BC7D
3BF0
BACB
BAD2
B939
3B31
BC29
3B84
3C89
BB48
3B88
3B16
BC85
BC9E
3D08
BBEE
BB49
3BC9
3C02
3C25
3C0D
BD08
BC05
3ACA
3CDD
3C98
3BE5
BC87
3CB9
BCBD
BCF6
3C69
BCA6
BC88
BBC1
BC95
3C17
BC3A
BC41
BC7C
3D3F
3BAB
3D5E
3C74
BC1A
3C59
BD4F
B99A
BC9E
3C40
BD22
BCCB
BC78
BBAF
3B36
BC5F
BC78
3B3B
3C18
BBD7
3A92
3BCC
3AB2
3AD2
BD1F
3D2D
BD44
3A8B
3C97
BC4E
BB5A
3AC7
3CFB
B8EE
BC6A
3BD4
3A2C
BBEA
3B76
3D01
3CB5
3C30
BC93
3BCE
BC88
3BE1
3C67
3CC0
BC81
BD03
3C95
BC8E
BC48
3983
3CAB
3C17
3C93
3B8D
BC13
3C66
BCA1
BBB1
3C73
3CD7
3C25
BC87
3C33
BCB9
3C92
BCA8
BC20
3CEE
BBB1
BBA3
3BD2
B9BA
BC8B
BC8B
BC92
3BF2
BC4B
BC1B
BB9B
3B84
3BD6
3A30
3D58
BB95
3867
3CA2
BC81
3C16
BC67
3B0F
3BC8
BC83
BD50
3BE8
BC80
3AC7
BCC1
BCBE
3B97
BC0D
3C21
3D0D
BCCE
3CBF
BB5E
3C49
3BE2
3C8A
BC8C
BC64
38FA
3C10
BCB5
3C9B
BBA5
BB04
3CBD
BC07
BAC8
3CA1
BBE3
BBED
BCD8
BCAE
BBEE
BB4B
3B73
3CB5
B9BC
3CF7
BC30
BB1A
3CDC
BA87
3C76
3D08
BC4F
B9BC
BB9B
3C3F
3CA2
BA9F
BC48
3C37
BC8C
BC42
3C7A
BC3A
3CA2
BCEC
3CBF
BC8D
BBAF
3BA1
3D30
BC81
3BF2
3BDC
3B83
3D06
BC0E
BD06
3BBA
BC9C
3B80
3BBF
BD10
3CB1
3CD2
3CCA
3BA7
BC3B
3C85
3C96
BC95
3C81
3B74
BAD2
BC86
3B68
3C88
BBCA
3C5D
3C9A
BC8C
3C4A
3C81
39E5
BC9F
BCE9
BC0C
3C18
3A8A
3CA2
BC96
BCDA
BD2A
BD08
3C0C
BAB1
BB84
BBA6
3B29
3C5D
B9FD
3C8B
BC8B
3C34
BC7B
BC83
BD69
3C8D
BC65
BCA7
3BD7
BC91
3C5E
3B91
BB2C
3C13
3D80
BC6E
3C0E
3B87
BCE1
3CB0
3CFD
BCF1
BC69
38B6
3C91
3C50
3BAB
BC78
BC95
BC6D
3C8E
BC9B
3C75
BC82
3C15
BC76
3C99
3B92
BC23
BC50
BCC5
BC6F
3C23
3CB7
3CAA
3C89
BC89
3C4A
3C62
BD58
BCCA
3BE7
BCAF
BC5A
BBAA
3C8D
BD08
BCF5
BC79
BBCD
3C19
BC29
BC00
3C87
3C9B
BC8F
3C00
3CA1
BC65
3B77
BD67
3D5F
BCE6
3C10
3CA7
BC9C
BD4F
3C07
BC1F
BC42
BC67
BD29
3C14
BCE1
3C24
3D3A
BC46
3C95
BB4A
BBC0
3C4B
3C6C
BCD3
BB11
3D11
BACE
3B6E
3C80
3D22
3C3C
BA7D
BC6F
BC9F
3BE9
BC24
BB96
BC97
BD43
3D2B
3CB9
3BA6
BB2D
3C8F
BC68
3D35
3CE2
BD5C
3CC5
BB82
BD2A
3CA5
BC8C
3ABF
3C0C
BA6E
BC9B
BD24
BBC3
3BEC
3C3D
3CBF
3C2F
BBE8
BB9B
3B04
3D29
BC2D
3C83
BCCA
BB46
BB8C
BC22
3B31
3C11
BC2D
BB51
3C34
BD21
BC4A
BB93
3CB1
3CDD
BD1B
3C29
BC71
3D01
3BD1
BBC5
BCDF
BC0E
3C57
3CA5
BC0A
BB97
3CA4
3CBF
3C2A
BC98
BB86
BB14
BAEE
3D99
BD27
BC83
3C9F
BC0A
3D23
3CA0
3A72
38E3
BCDD
3B52
BC19
39C6
BD03
BBBD
BCAC
BC5E
BCB3
BAF7
3B4A
BC9A
BC2D
3C12
BC10
BC70
3C78
BBE9
BD11
3D38
BD77
BC27
3B80
3B75
3D03
BC2C
3D6B
3C16
3BE5
3D3B
3C79
BBA0
BC4F
BCAE
3B8A
BC75
BCC1
3BCD
3D28
BB5F
3C1F
BC18
BCA1
3CA0
BC21
BB3D
BC76
BCC7
BC29
3CCE
3CAC
BCCD
3C7D
3D03
3AFE
3CA9
BB29
BD5A
BC33
3B97
BB3C
3C5C
BD40
3CB4
3C92
BCF3
3C1D
3CA3
BC54
3C32
3C16
3BAE
3BA4
3CE5
3D54
3CA4
BC88
3C12
BD04
BCB3
394F
3C9F
BC8A
BCBA
3D05
BCE7
3CC6
3C90
BCB4
3CFB
3BAB
BCCA
3CFA
3C93
BD08
3CE9
3CBA
BCCA
BBF5
BB5E
3C4A
3BF2
3BBA
BC98
BBCE
3C29
3C09
BCC3
3B99
BCC0
BAC6
3B0A
3C21
BC3C
BB91
3C85
BC12
3B93
3C6E
3B62
3B86
3A2A
BC86
3B8B
BC37
BCC3
BC3E
BBC5
3CC7
BCC0
3C72
3B38
BB1E
390C
3CF9
3CE1
3D0D
BC40
BCA2
3D0A
3CD5
BCD8
3D04
3CE5
BD13
3CFB
3A3F
BBD8
3C6B
3D07
3C49
BCA1
BCC4
3D04
BCE8
BCD4
BC67
BCEF
BA93
3C86
3CF5
39DF
BC7D
BC07
3C28
3C82
3D14
3CA2
BC63
BB69
BC35
3CC6
BB48
3C3D
3C89
3C3F
3B87
BBFE
BCE3
3B13
BC3A
BCCD
B9AE
BCB7
3CAE
3C7D
3CBF
BC85
3CF0
BCF8
3CA9
BCE3
BD06
3D29
3D56
BC67
BC7D
BD04
BC6F
BC34
3BF5
BC14
BCEA
BB20
3B8C
BC10
3C89
3BAA
BCD5
B9C9
3A40
BB96
BC24
3C33
BAA9
BC21
3BE4
BBD1
3CBE
3C26
BBB4
BC25
BCFF
3B05
3CB6
3CB0
BC94
3D35
BC2E
BC1E
3B23
3C92
BC7A
3D04
BB48
BB66
3C87
BBEE
BB42
BD0A
3CA7
BB08
3C68
BC7D
3D54
3C99
BBFD
3C55
BD2C
BB44
3CB8
BC63
3C17
3CDF
3BA1
3BC1
BCAC
3CAE
BCE9
BC31
B913
BD1E
BD27
BCD3
BC79
3AA0
BB27
BC54
BB9D
3BC8
BC2C
BBCD
3C80
BC1B
3BA5
3B22
BB24
BC16
BB86
3B60
BCD5
BC1D
BAB9
3C54
3993
BC3A
BCC5
3D8A
3BF7
BC50
BC66
BC30
3CEA
3AF2
BD17
BD13
BC6F
BBED
3CB2
3C0D
3C36
3C78
BC2C
3C8C
3C83
BCE3
BC91
3CBA
BCA5
BD0D
BC0D
3BE5
3BD1
3CE4
3B62
BB52
3AF0
BC56
3CE8
3C78
BC3D
3CF7
3B71
BD1F
3C82
BC33
BC28
BC14
BCB1
BC82
3B42
BC5C
3A92
3CAD
3C4A
3C2F
BCA6
BC30
3C10
3D2B
3C0C
3C4D
BCE1
BC1E
BC65
3BCA
3CA0
3C18
3BC9
BC1D
3D04
BA0B
BBC2
3D81
3BB9
3C95
3C34
BD23
BC6C
BAA5
BC56
BC25
3B51
3D17
3AAE
3C84
3B42
BD30
BC04
3CE1
BC03
BCBE
3B96
BC4D
BC86
3C93
BC6D
3C9B
3BFC
BB0D
3C98
3C26
B9A3
BB4B
BC9F
BC24
3C0D
3C38
BCE5
BD12
BD12
BCB4
BCF1
3C1B
BA7C
BC4A
BC4F
3C24
3C10
BC6D
BBAF
3C2D
BD10
3D53
BD7E
3BF8
3AE9
3BD9
3CE4
3BF3
3D70
3C0E
3C6F
3D32
3BF8
3C83
BA1D
BBBC
BC0E
BC83
3C07
3B9E
3B29
3D33
BBF3
BC97
3CEC
3AA8
BBE1
3BEC
3B30
BCB6
BCC6
3AEE
BAA8
3C38
3BAD
BD46
3CC5
BD1B
3BD3
3B93
3C20
3CCC
BC3D
BD07
3918
3CD5
BB85
3D09
BB1F
BC03
3B28
3B7A
3BBD
3B36
3B95
3CE9
3C9A
3C2D
BCE3
3D08
BC83
BC30
BD7B
3C4D
BC6A
BCAD
3C3E
BC45
3C04
3BC7
BC1E
3C2E
3D81
BC46
3C20
3BB8
3D27
3BB7
BC57
3C6A
BCF0
BB97
BC2E
BCD9
3CA7
3D0F
BD16
BC64
3C7B
3B05
BC58
3C85
3C95
3C1C
3C92
3BF3
BC72
3C5D
BBD7
BCB7
3ACB
3D08
BCDB
3B54
3CFF
3C89
BD13
3C90
3A86
3CB0
BC9C
B8F3
3C16
BB30
3CE8
BCA9
3C15
3C91
BB0B
BC3B
BC3C
3C69
3C74
BC8B
3C48
3C42
BC65
3C0C
BD9F
3DC3
BD8B
3C3F
3D08
BC89
BD18
3C28
3C9C
BC1C
BC1A
BCEE
3CC0
3B8C
BD04
3BFA
3D16
BD0B
BC27
3C03
3B32
BBCC
3CC2
BCB4
BCB8
BC3F
BC96
BD4F
3CDD
3C0E
BAA8
B986
BC90
3900
3C03
BB25
3D17
3C49
BC43
BCC1
BC53
398E
BAE8
3B45
BCEE
BC2F
3CD3
BBB5
BCFA
3CA7
BC13
3C97
BBF2
BC95
BBC3
3AD1
3BA5
BBCB
BA79
3B88
3C29
3C4C
3D3A
BC86
3C3A
BC56
BCB5
3C8A
3C28
BC43
3C8A
BC9B
BD33
3C99
BCA1
BC38
BD77
3C6C
3D5D
3C20
BB93
3CD4
BC2C
3C88
BC18
BCF2
3C9F
3D15
B9E2
BC60
3CA4
BCBE
3B48
BC10
3B03
BD02
BC85
3CD9
3CC5
BC8B
3C99
BBBD
3CD8
3C42
3C05
3BE1
BCBB
BD05
3963
BBEC
3CF4
3B63
3C35
BAD3
3C1A
3D48
3C49
3C67
3C9F
3C91
3CB2
BB91
BC52
3C86
BC8B
BC4E
3C2C
BCA8
3C42
BCF0
3D02
BC9D
BBE5
3C89
3CB1
BC99
BC16
3C98
3B47
3BAB
BC87
3DA5
BC71
BCE6
BC24
3BFC
3DA2
BC0F
BD05
BD75
BB8B
3C14
BCA5
BB4B
3C95
3C1D
BC8D
3C1A
3CBD
BCA3
BC47
3C36
BC07
BC08
BC61
3D06
BC82
3C6B
3C91
BC6A
3CC2
3BDE
3C35
BD13
BBAB
3D90
3CEC
BBD8
BCB7
BCFE
BBF7
BC07
3BE3
BCAB
BD12
BC16
3C2D
B8A9
3CF4
3C9B
BCD8
BC85
3C1C
3D03
BD0E
3CDD
BC8F
BCC6
3C84
BCE4
3CB9
3CD4
BCE9
BCC1
3D29
3C89
3A1D
3D92
3CDC
BC98
3CBA
BCD7
BD0A
3B9D
3CBF
3CEE
BBDC
3CAC
3C15
3BA7
BC6B
BD32
BC9A
3CD4
3CAE
BC6F
3A60
3CC9
BCB3
BD47
3CC2
3AC9
3A07
BC44
3CC2
3B59
3C57
BC93
3991
3CBE
BC7B
BCA2
BCC3
BD2F
BD17
BCC6
BC8E
3C4E
3C94
BCDA
BC97
3CA7
BCE3
BCC2
3CC6
BCE6
BD21
3D68
BD94
BCF2
BA79
3C84
3D05
BCE7
3D84
3CE7
3BB8
3D25
3CDD
3C3A
BC42
3C97
3D4C
BC98
BD88
3D00
BD24
BCE3
3D97
BCC0
BC5E
BCBB
BCCE
BDA9
3C92
BCD7
BCAD
3B08
BD2B
BCCE
3C91
BD0E
3D22
BCCB
3D00
BC43
3B75
3C80
3C97
BD24
BC96
3CA7
BD17
BBFB
BCB1
3D11
BC9E
3C86
3A09
BB88
BC46
3D25
3BA8
3CA4
BD3D
3D50
BC30
BCA6
3D05
3C95
BCEF
3CC0
BC10
BBDD
3AF8
3CA9
BBC3
BBA8
BCEC
BC53
BBC3
3CAC
BD93
BB1A
3DA7
BC04
BC33
3D27
BCA2
3D26
3C2D
BD63
BC76
3CD3
3D0E
B8DB
3CB2
BD1A
3CBF
3C0E
3BA8
BCD9
BD06
3D17
BD04
BCCF
3C8B
3C3C
BCF2
BCDD
3DA0
BC8A
3CE0
3D04
3BD6
3B04
BC95
BB59
BC30
3CA4
BD31
3D1E
3CBE
3D24
3D53
BBE2
3C06
3CF3
3C5B
BC90
3B06
3BF0
BBFF
BB6E
BDC4
3DCC
BDA8
BBA6
3D57
BCB8
3D21
BBAF
3D79
BC2E
BCC7
3D0C
BAD6
3D4D
BC1D
BBBD
3D81
BD23
3D07
3C98
BDA7
BD52
3D19
BD03
BC36
BC2E
BA1F
BD2D
BC4A
BCB3
3C1C
3A8B
BD3B
BB63
3C58
BD5F
3DBF
3B9C
BD67
BCCA
3C40
3D92
3D42
BC0A
BDA3
BD3A
BC8F
3A76
3C5E
3DCA
BD50
B979
3BD1
BC37
3CDC
3B25
3D2A
BBA7
BD0B
3DA1
3C0B
BB98
3DAC
BC8D
BB68
BBB2
BBB7
3C88
3D08
BC7A
BCC8
3BCA
BD9C
3CC7
3BDE
BC76
BC85
3C9F
3D8E
3D17
BCA5
3C0C
BB46
BB9C
3CBB
BCB3
3AA8
3D2B
3C3D
3C17
3CF1
BC7E
3C7E
BC68
BD08
BCED
BC77
3D6F
3D3B
BC26
3C69
BD5B
BC1D
BBAF
3DC6
BC4C
3C4D
3CEB
3CE7
BC83
3C9A
3D0E
3BBE
BD35
3C53
3D67
3D64
3D22
3DB3
3D0C
3C8A
3BBA
BC96
3CAF
BC0A
BC89
BC48
3C53
BD3C
3C49
BC4D
3AD8
3C1E
3C73
3D32
3C17
3CD7
3CB5
BCF0
3CFE
3B8F
BC9F
BAA9
3CA7
3CBE
BCBF
BCF0
3CB8
3CA5
BD0D
3CBB
BBE6
BB61
3BF5
BC84
BB88
3CA1
BC68
BC83
BB60
BD12
BC96
3CB9
BC90
3D08
BCFD
3CA7
BC1D
3C00
3B40
3CF9
BD04
BC7E
BCBA
BD13
3C1A
3CA9
3D10
BB8D
BBA9
39C7
3B15
3C89
3D0D
3BD6
3CC7
BD07
3D11
BC3B
BCD7
BAB4
3CE3
BCFC
3C0A
3C65
BC86
3C5D
3C6E
BC92
3C9D
3AE4
BC85
3CA6
3C68
BD0C
BCA9
3D3C
39FF
BC4D
3D61
BCA7
3C88
3C82
BC88
BAC3
3D0E
3CA2
BC4C
3D15
BCAF
3C49
BC59
3C33
BCB6
3A15
3C99
3C32
BB57
3C3E
3CA7
BD09
BC71
3D67
BCB5
3D03
3D09
3B3E
3C42
BCEF
3CFE
BC69
BC3E
BCD7
BC16
3C8A
3CE8
3D29
BC86
BCB1
3CE7
3CC6
BCDD
3C7D
3CA8
BC92
3C89
BD77
3D87
BD7B
3C86
3CF1
BCD0
3BC3
3C87
3D25
BC5F
BCDC
3C6F
BBFC
3D07
3CBF
BCE2
BCD0
3AC9
391D
3C7F
3BAA
3CE2
BB01
3C86
BCDB
BBAE
3C6E
3CE1
BD55
BD0F
3AC3
3D0D
3D0A
BC95
3C3A
3A23
BCAA
3CA3
3B4A
3CDF
3C15
BBFA
3AC3
BC6B
3C99
BCAB
BC1B
BA2D
3D73
3AEA
3C19
BCA3
BC31
3B09
3B31
BCFE
BC3E
BBF5
3D2B
BD6F
3C4A
3C4C
BBBC
BBD7
3C7D
BBB7
3C36
3B9D
BBF4
BC40
3A01
3C40
3A13
3C06
3C53
BC3D
3BD0
3C8D
BCCA
3C53
BC8F
3A88
3CA4
BC99
3A28
3C79
BCAC
BC1D
3B3D
3B1E
BD29
BB50
3A1A
3C23
BCCC
3D02
3BD6
BC7F
3C31
3CB0
BBC4
BCBA
BCE4
BD59
BCC2
3C4B
BC58
3D6B
BC10
3A24
3B1A
3AC7
BCDA
3C4D
3CE6
BC47
BCC3
BD14
BD20
BAE8
BC8A
BCBA
BB52
3BA6
3B98
BB03
BA22
3C15
3DE5
BDEF
3DC0
3C1A
BD45
3C7A
BC4E
3C1B
BD61
3BDA
3C5A
BC86
3952
BC7E
3C0B
3C84
3C92
BC63
BD3B
3CFB
3AE7
3CDE
3B0F
BCC4
3CD7
BBDA
BC95
BBFD
3C68
3C6F
BC79
BB44
362D
3C78
BB26
BC62
BC82
39FD
3CA8
3CF0
BC42
BB6C
BCA6
BCB3
3C56
3C12
3945
BC04
BABF
BD0D
3D4E
3CBF
BB95
BC29
BCB6
BA66
3C6C
BBEE
3B47
3C6D
3B45
3C17
3CA3
BBDF
3C2D
3BC0
3C25
3BB6
BBA2
3B5D
BC0B
3B90
BCA6
3A80
3B5A
3B89
BD26
BAE4
3CF5
BCC2
BCEF
3D5E
BC8D
3C9E
3CCD
BC92
BCE8
3C9F
3D17
BB95
3CE3
3C0F
3CCA
BCAC
3C86
3BD6
BCB3
BC74
3B9E
BCC5
3B94
BC13
3A7B
BC22
3C5C
3BF9
3BD1
3C3D
BB12
3C2D
BBE9
BC07
BC0B
3CA5
BC61
3C59
BB6A
3B8A
BC0C
3B86
3B8C
3A47
BBA6
3B16
3C45
BB7C
BC4F
3BEA
B92B
BB1C
BBA5
3BE6
BBA9
3BBE
3C99
3BC4
3C0C
BA93
3C0F
3C53
3CA8
BC73
3C95
3C97
BD29
3BD3
3AB3
BBED
3D8A
BC13
3A4E
3C70
3CE6
3A7F
3B66
BCBB
3A3F
3C0A
3C01
BB25
3C89
BB36
BB62
3C7B
BBF4
3B85
BCAC
BB81
3BA8
3BE8
BBF4
3C0A
BC47
BBEC
3D58
3D18
BCA0
BB76
BC23
3C07
BA1B
BBA2
3BA8
BA9F
3CF2
BC0F
3BCE
3C66
3B9A
3C0F
BD20
BC2F
3C25
BB78
3C4C
3BAF
BBE1
BC98
BC47
3C49
3D35
3C2D
3C51
BC9C
BC1D
BD0F
BD08
BC03
B9FA
3CB1
BC83
3A52
BC27
BC3F
3CF5
3BCF
BA1F
3C9F
BC03
BB80
BB53
3CDF
3BAA
3C87
BA88
3A55
BCA9
B913
BBF2
BCD0
3D2E
3D1D
BD5E
3CB1
BB71
BD04
3CB7
3C6E
BB4C
3C31
3D31
BCE7
3CE7
BCBC
BC10
BBFA
BC4D
3C11
BC2D
BC2D
BB90
3BA5
3C28
BBAE
BC59
3C69
BC13
3C31
BC8C
3C4C
BC38
3C16
BD11
3C62
BB50
3C28
3C33
BC9A
BC34
BCB4
3C08
3D19
3CA5
3BA1
BA9D
BC0F
BAC9
3CF6
3B2D
3C00
3A20
BD0C
BB9F
3D0B
3D1D
3D02
3C3F
BC4D
BC74
3CC7
BCDE
BC0C
BBC4
BB97
BC4F
BCF6
3C1B
3D24
3CAF
3C89
BC3B
3C13
BB32
3CFE
3B18
BC45
3D14
3BEC
3BF7
3BC5
B9B7
BC0C
BC0D
BC47
3C42
3C8C
3CF9
3CAA
3D91
BC99
3C2B
3D87
BC8E
3CF7
BD00
BC0F
BC03
BC90
BD9D
3CB0
BC9B
BC02
BCFB
BD08
BB60
BCDB
3C24
3CDC
BD1F
3D31
BB14
3CA2
3CE8
BB89
BC6D
BC5D
BC29
3CA5
BC0E
3C92
3CD2
BCB6
3C60
BAB5
BC59
3BE9
BB94
BB59
3CC2
3D06
BCC2
BCAA
3CCF
BC43
3CE9
BBF9
3CEA
3C46
3D0D
BCFB
3C3A
3D66
3C7E
3CB5
3B06
3C0A
3C5F
BC99
BC92
3C66
BC24
BCD9
3C3A
BC07
3D12
BD07
BC60
BC88
BCC1
3CAC
3DC1
BC80
3D68
3C9A
3C82
3DB1
BC59
BBDD
BC2C
3C14
3B2E
3B98
BC8A
BC7C
3BB6
3C2B
3D1C
3AB3
BCCF
3D13
BB8D
3A3F
BCCF
3C1E
BC18
3B33
3CA3
BC35
3C60
3C8E
3C4C
3C12
BD07
BCD2
BC8E
3D0B
BC2B
3D62
BD28
3B63
3D07
BD40
BC44
B8F2
BB07
3C9C
3C8F
3BC9
3C4D
BCEE
3C8E
BC51
3B8E
3D0D
3C81
3C84
BC38
BCAC
3C97
BB4E
3B1A
3C85
3BD2
BCA3
BC36
3B97
3C64
3C9E
3B78
BC9F
3C35
BBA1
3C43
BC3C
3BA5
BCC4
3A93
3CA4
3C4E
BCB1
3A37
BD03
3BFC
3C28
BD2E
BCA6
3C11
3C05
BD31
BC4C
BC80
3C12
3BE8
BC42
3CBF
BD04
3D9C
3CF6
BCC0
3B4D
3BA2
BD9D
39D7
BCF1
3C9C
BBEC
BB77
BBCD
BCA3
BAEB
3C3B
BBC6
3C5D
3C6C
3B37
BC91
BC7B
3C98
3B16
BC6C
BBDD
3BDC
BD0C
3CDD
BD1A
3B9F
BBD1
3C89
BC0B
3BE7
3C79
3C91
3BE3
BB9B
BD14
3D82
BC7A
BBFE
3CD5
3BB1
3D55
BBB9
BD9A
BD2C
39AF
3C38
BB6F
BD01
3CAB
3CB9
BC57
3C23
3CCD
BCB1
BBC7
3C94
B91B
3B87
3C79
BB9F
BC8F
3C44
3BC5
3C4A
39E6
BACB
3BC4
BCD2
3A66
3C60
3C1C
3B94
3B25
BCA9
BC7F
BBF3
BBBC
BC97
BCE0
BC4D
3C82
BC8A
3C6F
3C14
3D6D
BC24
3BEE
3CCA
BC99
3C59
BC51
BA13
3C30
BC91
BD7E
3C26
BC8F
B9F3
3D43
3C01
BC30
3D35
3C8D
BCD6
3C6C
BC9D
BCB6
3BE3
3C34
3BA8
BC59
3C8E
BC3B
3CBC
BC2E
BCCC
BCEA
3C1E
3C08
BBA2
3CE0
BA7F
BC8A
BC4D
3BCA
3B5A
3C94
BC47
BB90
3CAB
3C83
3BC6
3C85
3C8F
BC87
BB54
3C8C
3C99
BBD5
BC03
BBEF
3C55
3CA6
BC87
BC83
3C70
BCAF
BC82
3CB6
BC6F
3D41
BD3E
3CC3
BC9E
BC87
3C4E
3D69
BC93
3C6B
3C0E
3BC2
3D33
BC74
3B95
BB79
BC16
3C1F
3BA5
3D74
BC25
BD77
BCFB
BCEC
BB31
3C8D
3B38
3AF0
3C98
3B05
3D03
3CCA
BC4E
BC16
3C94
BD19
BB98
3A9D
3CA5
BD3A
3AAF
3C1C
3CD7
BB91
3C8A
BCAD
BBF8
3C91
BBCF
BD25
3C7A
BC37
3C3D
3916
BC0B
BC1E
BC96
3988
BCB6
3BF4
39CD
3C25
3C42
3D1D
BCB7
3C79
3C66
BC6D
3C89
BBF8
BC00
3BD5
BC6E
BD16
3C87
BC6B
BC05
3B7D
3C08
3C10
3D0C
3C35
BD8F
3CE0
BC9D
3B8B
BB90
3B7D
BD00
BC26
3CCC
BBE2
3B55
BB97
3C83
3BB7
3A3F
3B18
3ABA
3C56
3AC9
BB79
BC7E
3CB3
3C7E
3B9B
BC8B
BB36
BCFF
3CA0
BCCA
3D04
392F
BB94
BC0E
3C78
3CEE
3B3A
BBD7
BB2F
3CE9
3CDC
BC5D
BCD5
3CD2
BC9F
BCC1
3C5B
BC11
3C71
BC86
3BD1
BC74
BC1A
3C92
3D02
BC3E
3C03
3C60
3BD9
3CC6
BC1C
3B50
BBED
BC2D
3C58
3A49
3D1E
BB6F
BD18
BA01
3C96
BC27
BC87
BC36
3BC7
3C98
BCD0
3AD4
3BB9
3C77
3C0A
3C68
3BCD
BB45
3D1E
3CEA
BD6D
BC71
BC60
3D60
BC41
3CD8
BD6C
BCF3
3CE0
BCD3
BCE1
3CD5
3B86
3C85
3BD3
BAE0
3903
BC30
BB17
BC88
3BCC
BABD
3C5E
3C94
3D32
BCD5
3C96
3BA7
BD09
3CBF
3A74
BBF0
3CBA
BD07
BD42
3CA3
BD0A
BBCE
BC73
3C80
B82C
3C0A
3C0A
BCBC
3CA9
BAC4
BCCA
3BE9
3CB5
3B1D
3B0B
BBCE
BB91
3C95
BAEC
BBCB
BD01
BC48
BBE9
3CCB
3CBF
BC22
BAA4
BD83
3D6D
3CC6
BBB5
BB8A
BCBD
BD16
3B83
BC8A
3D47
BB46
3C5F
BC8E
3C86
3D29
3D21
3CC7
3C9D
3C9A
3D19
BC49
BCCA
3CC6
BCF7
BCD2
3CBC
BCEC
3C8C
BCB3
3C6A
BD02
BC1C
3CBC
3D53
BCF6
3C57
3C91
3C36
3D07
BCCA
BD31
3D07
3C45
3D2A
BA62
BD5A
3CE9
BCB9
3C8A
3CFF
BCC6
3BBA
BC3F
BD04
BB95
3D15
BB91
BCA1
3BD1
BD25
BC64
3D07
BC84
3D54
BCF3
BC03
3C33
BA53
3B9E
BA87
3CC2
BC8F
BCB7
BCC2
BD20
BD04
3CFA
BAED
BC15
3AD0
3AA0
3CA8
3CEF
3C4B
3C68
BD0A
3D0A
BC8A
BCD2
3CD3
3C9A
BCC2
BCC3
3C42
BC85
3CD6
3C99
BCA9
3C65
BCC7
BC81
3C68
3C92
BD81
3C5B
3D7B
BCFD
BCA8
3CD6
BC1D
3CB3
3C36
BCC1
BCAC
3B11
3CBE
3AAA
3CFD
BD2F
3CD0
3AE0
3CEF
BCE3
BCB0
3CE3
BA12
BCC6
3C9A
3D38
3C5A
3BAA
3D81
BCF0
3D52
BCD9
3C07
BA99
BC7F
3CA0
BD25
BC40
BCA2
3D18
3D14
3D11
3D36
BB99
BBC6
3CDF
3C43
BC4B
3C04
3C71
BC5B
3C85
BCD0
3C66
BC01
3C49
3CC7
BCA3
3AF1
3C70
BABE
BC82
BCF8
BBF7
3D2D
BD34
BCBB
3D29
3D08
BCF6
BD2B
3C15
3D68
3C50
3D40
BC8A
BB57
3B9B
BCCF
BD2A
3D18
BB0E
BC0D
3C6A
BC52
BCBD
3CA3
3CB5
3C67
3B98
3CC9
BAE2
BC70
3C6A
3C8F
3AC4
BCB7
BCBB
BCB0
BC20
BD22
3C7E
3C23
B887
BC66
BC6C
BC05
3D62
3C10
3C23
BD4A
3D30
BCB6
BD04
3D2D
3CC8
BD09
3C1C
BAA2
BC90
3C21
3D17
BC67
BA4F
BD33
BCC8
B92E
3D12
BD9D
BCB1
3D94
BD43
BC30
3D9A
BD22
3D94
3C82
BD66
3CDD
3D3E
3CB0
BD04
3D58
BD36
3B94
3C8B
3C89
BC32
BB2D
3C61
BC76
B9FB
3CCC
3951
3CFD
BC8B
3CE1
BB22
3C97
BD14
BCB7
BB91
BCD4
BCF1
BA84
3C01
BCF7
3D2A
3D3C
3D6C
3D46
BB89
3C64
3D35
3C41
BCA3
BB0E
3C2D
B8FB
3BEF
BD1A
3D1B
BD2E
BAC7
3D36
BCEB
3D02
3A1C
3D2B
BCC3
BCB8
3CFE
BC50
3D12
BC85
399C
3D1E
3B82
3D26
3AF2
BD4F
BBB8
3CFE
3C17
BD73
BD87
3A12
BCB4
BC59
BC10
39AE
3CC0
37C4
BA9C
3B83
BCA8
3D18
3CF7
BD86
37A9
3BBB
3D89
3C1D
3D1B
BD62
BD9C
3D1E
BCAE
BC5B
3D9C
BD55
BC25
BBB3
BC94
3C50
3AEB
3CF3
BC8D
BC85
3C8D
BBA1
BAA1
3D4B
BCA5
3C30
BD4B
BC97
3C0F
3D09
BC21
3C2B
BC69
BD29
3C8E
BC5A
BC2B
3BC5
BB53
3CA1
3C9D
3A78
BCD2
3BF3
3C53
3C15
BB08
3C8F
3D0F
BBFF
BCD0
BD10
3A87
3AAA
3D18
BCB2
BD07
3BBD
3CD3
3C63
3BD4
3C01
BD9B
3D1D
BC37
3C8C
3C2B
BC5B
BBDE
3C76
BC60
3D57
3CC6
BCA1
BCA2
3D60
3D42
3D19
3C84
3D46
3D0F
3D10
3A7F
BCC9
3CE7
BCE0
BC84
3C3F
BC2B
3CC6
BD59
3D91
BC8D
3895
3C86
BC24
BC3A
BD56
3C82
BC50
BCF9
BB4A
3CC7
3C04
3BD7
BC6D
3C8C
3C04
BC34
BA46
3CB0
BC88
3AA9
3BD4
BC54
BA66
3CCD
BBEE
BC4E
3B1D
3CA9
3BBB
BC70
3B34
3C07
BD1F
3BAA
3C44
3C8B
BC2B
3B4F
BC3C
BC9C
3D05
3C8A
39C2
3B85
3CBB
BC9E
3CDA
BC29
3A9B
3BC6
BBB6
3C14
3A9A
3BF0
3C1C
BD17
BC8D
BC5D
3C5F
3C87
BC3D
3C05
3C59
BC9D
BAED
3C97
BBEB
3C33
BC6C
BCA0
3C3C
3C93
3D85
BCF2
BD34
3A53
3C10
BD07
BBB0
3C12
3B1B
3CD9
3C07
BCE4
BCCF
BCB7
BC5E
BB4E
3BC4
3C96
3BFB
3C86
BBDA
BC9E
BC4D
BA5F
3916
BC07
BC3D
BC9D
BD2D
3C91
3ACD
3C86
BBBC
3C23
BC9B
BC1E
3B98
3B54
3C8A
BB21
BC19
BBF0
BC75
BC25
BC11
3C44
3C56
BC82
3C16
3C78
BBB7
3C56
3D98
BD9C
3D73
3C30
BC4A
BC37
3C07
3C2E
BD04
BCAA
BB8C
BAC7
3C3E
BD88
BCC7
3C4C
BA1C
3C38
BC9E
BCD3
BC81
3D69
B921
BC1D
3B8C
3D3C
BB02
3C21
BCA0
B98A
BA5E
3BF0
3D36
3BFF
BB4F
3CE6
BCCE
3CEA
BC9F
BC88
BD06
3C57
BD1C
3B7A
BBF2
3D3B
3D43
BBDD
BD50
BD12
3CA4
3CB5
3BCB
3B9D
BCA4
BB9E
3C20
BC5A
3B7F
3B60
BA5A
3C8A
BCD8
BC95
3CAA
BBD9
BC30
3C0A
BC4E
BB81
3C95
BC92
3CE8
3B9B
BC9C
BB61
B985
BBF3
BC9F
BD3B
3CBB
BD00
BCCE
3CB2
BB33
3C51
3C53
BD18
BBB1
3C0C
BCD3
3C4C
3C09
BBFE
BC0B
3C85
BCDF
BC25
3BEA
BCCD
3BEC
BC7F
3D00
3CD6
BD94
3D06
BD05
BD4E
BCA3
3A64
3CCD
BD0F
3CE1
3CA4
BB08
3C9D
3C4D
3C04
BCB6
3B27
3C8D
BBFE
BC53
3C44
BBBD
BC53
3C03
BC8A
BD50
3D7E
BCDA
BC5A
3C20
3C11
BC26
BC7C
BB30
3B81
3CB8
BC4A
BD0A
BCED
B8DC
3C8B
3C86
3B04
BCB3
B989
3998
3B89
BAF2
BB90
3BB4
3D20
BB01
3BFC
3C95
3B99
3C80
BC6C
B94F
3C54
BCA2
3CC7
3B30
3C30
BC84
BC9A
BAB1
3BD0
3C56
3C83
3B29
3AA3
BC75
3BCE
3A31
BCCC
BC75
BC0E
BCAE
BCD6
BCA3
BCCB
BD2C
BCAC
3C7C
3C05
3D22
3CEF
3C29
BCE6
3CA2
3D32
BD4D
3D1B
BCCD
BCD7
3D07
BD37
BC47
3D0B
BD3A
BCD0
3C01
BC27
3CAE
BB98
3C8E
3BEA
BC05
3CA2
BC61
BCAD
3C71
BCBF
3AC0
BBB8
3CB5
3B16
BC8B
BC32
3C94
B9C1
3C89
3C66
3C79
3C30
3BE5
3BBA
3BA4
3CAF
BD28
BBAB
BCB2
BCEA
BC4C
BCBD
3CFD
BC83
BA85
3B3D
BD1A
BBD0
BCC9
BC90
3BF0
3CDF
3D28
BCE7
BCE9
3CEA
BD28
BD08
3D12
BD36
BD18
3D1F
BD59
BD3C
BC26
3CDE
3D3C
BD38
3D7E
3D10
3CB1
3D66
BC1E
BD2F
3BD9
BC3B
BC8C
3C2D
BCC5
BC09
BBB7
3BB3
3C44
BBF1
BD03
3CC8
BAAC
BC6F
BA50
3C91
3C53
BCF6
BD01
3C97
BC17
BC25
3C55
3C0C
BBC0
BC55
BC04
39D1
3CBC
BCC1
BBD9
BBC3
BC45
BD72
BB6D
BCA7
3B13
3C67
3C0E
3C21
3CAB
BC91
BBBA
BBC0
3B81
B9CF
3BB6
BA52
3D30
BBAB
3B01
BC6D
3BBF
3B7D
3C5F
3B02
BC2A
3BD2
BD30
3BA1
3BF1
3AD2
BCE6
3BEB
BBA0
BD07
3C20
3B97
3C14
BBFD
BCF2
BBEA
3BCC
3C83
BBF7
3C1D
3C36
BC8D
BBA4
BCFE
BCD8
BB9E
3B1F
BC1B
3D0C
BC2F
BAF2
BCD6
3CAF
3D1B
3CC2
BAA7
BC32
BC8E
3CC2
BB3F
3C21
3C96
3C7E
BC8A
3C69
3C96
BB58
BC33
B987
3BA3
BAC7
BC23
BC0B
3C10
BB15
BBCF
399D
3C24
3D2E
BD8C
3D7D
3B9E
BC27
3BAF
3B83
3BF1
BCD3
3B3F
BBA6
3A94
3D15
BD6E
3C04
3C3D
3C45
3AA2
BD56
39F1
3D03
3D7C
3A2B
BB3D
3B47
BC18
BC2A
3B58
BCAF
BCA5
BCA7
3CFC
3D67
BBEA
3C29
3CF0
BC88
BC5F
BB71
BBC7
BCA7
BC15
BD63
BADF
3AD1
3C65
3CD8
BD4E
BCCD
BCCF
3D3B
3C86
BA04
3C0B
BC02
3CB9
3CB2
3BB4
3C29
BD60
BCD9
BBDF
3BD2
3C04
3BB4
BD6F
3C9A
BCA1
3C44
3C7A
3BEE
3C11
BBB1
BC90
3C10
3C73
BCDA
BBD6
3A8F
BD8E
BCAD
BB97
BB9E
3C9E
3CE6
3C30
BCC1
BCF3
3C00
BCA3
BD10
3AB7
3C9E
3D32
3C9A
3CB8
BCA6
BC85
BC0B
BC7F
3C07
3C80
3BD8
BBE1
BD74
3CA9
BD3E
BC07
BCCD
3D11
3CA8
BD2C
3AB4
3D10
3D81
3D76
3CEE
3CAB
BCC2
BC93
BC7F
3C81
3C51
BC2E
3C5E
3C94
BC0D
3BCF
3DC9
BDE6
3E07
3C3A
BCA1
BB89
BD32
3C0C
BDE5
BCA0
3BBE
BD8D
BC9F
BAEB
BC9B
BB97
3C9F
3B3F
3C9C
BC74
BCDF
BD0E
3B3B
3CE1
BC09
BB33
3CE5
3CF6
BD28
BC0A
3CCD
B8D9
3D0D
3BC0
BC96
3C5C
BBC2
3CAE
BCF0
3B98
3CA6
3CB7
3CB7
3C41
BC55
BD28
3C86
3CFC
3BF0
3CF5
BD3A
BB89
3ADD
BB66
3C18
BC68
BC9C
BBA7
3B66
394E
3C0F
3C24
BBEC
BC38
3C20
BC0D
BCDD
3C30
3BB0
BC52
3CCE
BCC0
3BF4
3C59
BCC3
BC4D
BC7B
BBBB
3BF8
BC04
3C19
BC26
3B93
3B4F
BC80
3B9A
3C71
3B2F
BCAC
BB80
BC91
3CDF
BCF9
3C91
BD22
BC54
3D11
3C64
3CA6
3D0E
BC67
BD39
3C98
BCDE
BC97
BCA8
BD01
BCAA
3C85
BC42
3CC3
3BAB
3C4D
BC8B
3CA1
BB0C
3BAC
BB97
3C05
3BCA
3C97
BC5E
BC27
3C6C
BCCE
BC29
3CBE
BCDE
BCE3
3D09
BCB0
BCC7
3AFE
3C25
B92E
BCC4
3C03
3C70
3802
BB5A
3B9A
3C27
3AD6
BC6F
3CCB
BBD7
BD0A
3D2C
3C51
BCA4
3CFA
BCED
3C9C
BC8F
BCEA
BD32
3D5D
BC8E
BCAE
3C13
BD80
BCE9
3CF5
BD2D
3D23
BCD5
3D22
3A73
BBDB
BCA5
3C8D
BC8F
3C81
BC8D
BD70
3BDE
3BAB
BC93
BB7F
BCD8
BCE9
BCE2
BC16
3C90
B89F
3A65
BCA7
3D28
3C5D
BC01
BB99
3BCF
BC82
3CDB
3B04
3C0A
BC29
BC07
BCF0
3C16
3C18
3C0A
3C17
BC0D
BD0C
3CD6
3D3A
3B26
BBA8
3D17
3C5E
B9C6
BC81
BD62
BC04
3D4D
3C9C
BC7B
3D83
BD63
3C4C
BCA2
3D2E
BC9B
BC69
3CA7
BD3C
BC8A
3CC1
3D1D
BCDD
3C03
3D8A
BAC7
3CDA
3C9A
BCD9
3BDB
BCC0
BC19
BC94
3C89
BD27
BCDC
BD0E
BBE4
3C63
3C2F
BA5F
3BC9
B8F6
BB0A
3AE8
BB74
BC42
3C70
BD1A
3D09
BD6E
3BC0
3C21
BBB2
3C23
3C1D
3D45
3C2A
BC2A
3CBB
BC0F
BC38
3A97
3C5D
BCF3
3B6A
BCD4
BCFB
3D43
3D02
3BDC
3C4B
3B19
3CB9
39B2
3C3E
BB10
BC24
BCA3
BC24
3D04
BAD3
3C84
3D0E
3B22
BD05
BBBC
BD1E
BCEF
BC00
BC14
BBE2
BB8D
BA50
3D49
BC2D
BCEC
BD1C
3C87
3BD6
BCA2
BCB3
BC69
3C22
BAE1
BC81
BC26
3C92
BB5C
BA60
BC99
BBBF
3BB6
BC72
BBD8
BA71
BB4E
BBFC
3C44
BC1D
3CE1
3B08
BC16
BC11
3C6C
BC9F
BD1D
BCED
3C0C
3D01
BCCE
3CA7
BBF8
3C84
3CC9
BCE1
BB8A
BA95
BD02
3C10
BB6E
3AC3
BB92
3C04
BBE0
3B9F
3C0C
BCAD
3CB6
3C16
3C80
3D17
BD04
3D14
BD0E
BD15
BB9B
3D44
BB4C
BC6B
3D2D
BA3B
3D03
3BEB
3AD0
3BA6
BC29
3C84
3C90
3B7E
BC05
3BAA
BC59
BB6B
3C04
BC0B
BD0D
3CB6
399E
BC1C
3B65
3B10
BD14
BC13
BC96
3B3B
3BE9
BCFB
BB5B
BB68
BC0E
3C45
3CA0
BC93
BC27
3BAA
BBA5
3CBC
3B5E
BC96
3C8C
BC62
BC6E
BC0B
3D19
3C91
BB53
BB9C
BCB6
3C33
BCD2
BD1F
BCA0
3A20
3CAD
BAB4
3C20
3CC9
3C33
BC9C
3BFE
3CF4
BB43
3D22
BCCA
BC30
BC32
3C6B
3C80
3CA7
3B91
3CD3
3C4C
3C8D
BCD9
3CEF
BCA6
BC81
BD79
3CA3
BC97
BBCF
3C6C
BC9D
BB48
3C44
BC1D
3C31
3D84
BCAA
3C26
3C3C
BC12
BC6F
B720
BC3A
BB82
3C04
BCBD
3CD2
3BBF
3A38
BC2C
3C4F
BB85
BC6D
3CA9
3B3F
3B55
3CD4
3D66
BC21
BB1B
BC88
BCD3
BB5D
BB13
3CC7
BC94
3C53
3BED
3BC2
3B94
BCBD
3BE6
3C00
BD03
BC2F
3D1C
BAA8
BC02
BC8F
3BCB
3C77
BB8A
BCD5
BCA0
3C89
3CB3
BCC1
3C99
3C93
BC83
3C20
BDC3
3DE6
BDA0
3C5B
3D20
BCD1
BD2E
3C33
3C9A
BC94
BBE0
BCCB
3CE8
3D5F
BC0C
3B17
BC2D
BBA0
3D6C
BD0A
BCE7
BCBA
BC4C
3C9B
B96E
3B67
3CA2
3CD0
BCE9
3C5B
3CC0
BCF1
3C97
3BFE
BD09
3B8C
BD0C
3C09
3B33
3C88
3C87
BCD2
3C54
BBB4
3CEC
BCD3
3D18
3D1B
3CC0
BC97
BC3A
BC1C
BC1F
BBDB
BC59
BD5D
BD3E
BCF4
3D28
BCD9
3D0D
3CFB
3B29
BCEB
3CFC
3CEA
BCC7
3CEF
BCFE
BCFA
3C94
BCC6
BB73
3CF9
BCC5
BCFD
3D4B
BCB7
BCEB
3D1C
3B98
BD29
B9E8
BCA3
3C7D
3CD4
3CB4
BD16
BCB4
3D3E
BD5E
BB13
BC34
3A66
BD3F
3D11
3C78
BCD2
3C26
3CC6
BCBB
BD24
BB71
3A02
BD01
BC7B
BC07
3C52
3CC8
BC0B
3C11
3C86
3C82
BC26
3CC9
BCC6
BD54
BD63
BD5A
3CC5
3C96
BD46
BD07
3D1A
BCF2
BD00
3D12
BCB9
3D21
BD43
3CC9
BCD0
BD09
3CF6
3C4D
BCC7
3BE9
3CF7
3CD4
3CAB
BC12
3D0F
3B1C
BC59
BD2F
3C5A
3CAD
BCE3
3CDC
BCC6
BD1F
3CE2
3D2B
3D10
3CC2
3C60
B9B4
3C72
3C57
BD09
3CB2
3C4F
BC32
3D07
BCCE
BB92
3CAD
BB93
BC81
BD63
BC1B
BCC9
3D4D
3CB2
3BFE
3D02
B9DB
BDAF
3C9F
3ACF
BCC3
BC9C
BD15
BD52
BD65
BCF3
3D4F
BCFB
3D51
3D35
BD4C
BD05
3D13
3D57
BCFC
3D24
BD7C
BD44
3CD2
BCF8
3D40
3D22
BD00
BD43
3D49
BA67
BD69
3D26
3C89
3B2B
3B12
BCC3
BCE5
3C56
3CBC
BD51
BC7B
3D03
BC72
3BCA
BCC3
BD17
BC73
3C7C
3BE7
BC8B
BCCF
BBA9
BAAB
3C7A
3BFB
3D79
BD83
3C41
BD08
BC19
BC33
3C37
BBB5
BCF3
3D47
3C92
BC5C
BD8A
BDB7
BD94
BDA7
3C9A
3C59
BD62
BCE5
3CE9
BCD5
BD0A
3CE8
BD03
3C51
BBBA
BCBE
BCF3
BD38
3D11
3ABC
BD00
3CFD
3D29
3D42
3CC9
BC4B
3C53
3C79
BBCD
BCA0
3CF2
3CC6
BAA8
3BE9
BCEA
BC2C
3C82
BB6A
BB18
3C70
3B47
BC5C
3C1C
3CAE
3B82
BBB6
39C7
BC2F
3A2A
BB54
3CD9
BCB9
BBED
3C3E
3D0B
3C9C
3C83
BD1A
BC92
3A46
3C4E
3B6B
3C9A
BC7F
BBE9
BB86
BC20
3BF7
BC7C
3D07
BBE5
3BF3
3CC9
3C63
3C17
3C44
BC6F
3BFA
3C92
3C44
3C58
BB17
BCB7
BCDE
3C8F
BBFC
3C98
3C90
BCB4
BC4A
BC24
BB91
3BEF
3B9B
B98E
3CA6
BC17
BCA5
BC32
3D03
3BB8
BC2A
3BBA
3BF8
BA88
BC59
3BB2
BB88
BA85
3C68
3BC6
BC82
3C6F
BC3F
BD57
3D2D
3CFC
BC96
3B50
BB0B
BC33
3C87
BC53
3C39
3C16
3CA6
BCC7
3C36
BC70
BC4B
BC4A
3C3A
3C98
BB97
BC54
BC1D
3C43
3C23
BC31
BCB1
3CB0
3B06
BBBB
BC9E
3C81
BC99
3C6B
3C4B
3CA5
3CAA
3C8A
3B17
3C92
BC8C
3C8A
3C7F
BC5C
BC11
3D0E
3D47
3BF5
BC6D
BD7D
BC94
3CB5
3C15
BCC8
3BC9
3C9C
BC2A
3AD6
B9DE
3B12
3C03
BB8D
B9E1
3C82
BD2D
3C89
3C9B
3CB7
3C7A
BD37
3AE8
3C83
3D27
BD06
B927
3D8A
3D03
BC72
BB9B
BD24
BC2E
BB51
BAF5
BC48
BBA8
3A30
3BA2
3B91
3C43
BA3A
BCC8
39BC
BAF4
3CD8
3C05
3BA8
BC82
BC77
BCAA
3C4D
3CB7
3C1F
3C58
BC7C
3D19
BC24
BD14
3CAF
3C76
BCAF
3D0F
BC88
BC60
3AED
3C5F
BC04
3C03
BC93
BBA7
3C32
B9B6
BB94
3C55
3A4F
3C86
BCCD
BD35
3CCE
BCD6
BCE2
3C7B
BC5A
BD02
BAC4
3D25
3C89
BBA1
3C24
BCF5
3C14
BCDA
3BC3
BCD4
BD65
BD29
BCE3
BCA7
3B89
BC56
BC3C
BB2E
3BE0
3B91
BB82
BBCC
3C75
3C25
BB5B
BCD3
3C1F
BBF6
3A35
3B2E
3C4E
3CF5
3C2D
BAE2
3CB2
3D11
BB36
BB84
3976
BA96
BCAC
BCC9
3D0A
3D05
3A32
3CD5
BCAA
3C1A
BCE9
BC85
BC90
3C2D
BC3A
BC91
3CFD
BD02
BCA5
3CF2
BCFC
3C90
BBDE
BA04
3C2F
BC0D
3C57
3B84
3B67
BC3D
BB98
BBE4
BC41
3D44
3C95
3C86
BC4D
BAAF
BBC0
3C9A
3C9B
3D26
3C42
BC1E
3AC5
BC95
BC6E
3C61
3C2D
BC2A
BCE7
3CB6
BC87
3CF1
3C07
BC96
3CC6
BC13
BC36
3CCA
3C06
BBD5
BAAA
3C63
BB5C
BC8D
3D1A
3919
3BFA
3B46
BC7F
BCAE
3D2A
3C8B
BC9E
3D16
BC00
3CB5
3C22
3CAC
BC1B
BCB1
3C33
BC3A
BC50
3C0B
BB5B
BC8A
BC81
3C02
3C88
3A70
3D01
3B8D
3CB4
BBC3
3CC5
3B7A
BC8D
3C87
3B1D
3CBB
3C9E
3D03
BAC6
BC4A
3C9A
3C77
BC79
3C9F
3C96
BCDB
3CC3
3D45
BD81
3D7C
3CBB
BC0B
BBE7
BCC2
3CCB
BD40
BC4C
BC84
BCEE
BCA9
3D40
BCE4
BCEB
3CEC
BBDA
3D13
3B5B
BD2E
BBCC
BA41
BCE7
BCB9
3C9D
BC75
3BA2
BBF7
3BFB
B934
3B68
3B78
3C78
BABB
BA82
3C57
3CA3
BCAC
BBBC
BC4C
3C74
BC01
3CDB
BC59
BC4D
3CF1
BC91
BC21
BCCB
BB8B
3C2A
BBB5
BC16
BC03
BC43
BCF1
BC20
3BB3
BC1A
3BE8
3C0C
3C8A
BC08
3BE0
BABC
BD09
3C09
BB01
BB7A
3CF7
BD04
BC9B
3BFB
BD07
BB6C
3CD4
3CBC
3B96
3CF8
3CBB
BD60
3CD5
BC56
BC4C
BC6A
3A12
BB8A
3C27
BC61
3B46
BC68
3B8C
BC6E
3BEE
BD13
BC29
3C5C
3C42
BC0E
3B4A
BD00
3D19
3D0F
BC05
BA9E
BCE1
BD30
3A19
BBD6
3CEA
BB99
3BC3
3B5C
3C5B
3C0A
BB14
BBBE
BBA8
3C50
3D02
BC0F
BC4E
3C50
BD07
BC2C
3CE8
BD0A
3B8D
BB98
3B9E
BD04
BB1C
3C01
3C5B
BD04
3A34
3C08
3BDD
3BDB
3B80
BBA9
3C7D
BA23
BD02
B99D
BC77
3B17
3CA1
3CBF
BC41
BC10
3B96
3D1B
BBF4
3CB5
BCAC
BB9F
BC82
3C24
3C74
3AA6
BA68
BA2C
BBEC
3BB1
BBF7
3C81
BC21
3CCD
BC68
3C51
BC7E
3CBC
BAC2
BCF4
BB14
3C97
3C50
BB85
3C3F
3C0F
3BC9
BBC2
3C6F
3B9E
3B76
3BD6
BB42
3A0A
3BA6
B8E5
3A0D
3BE8
3C63
BB82
3C03
3B74
BC55
3C5B
BBE7
BBA4
3C50
3B82
3CB3
BC7D
BD1F
BC0C
BBAC
BC9C
3C4D
BC8B
3CAE
3BC2
BCDA
BCCA
3CA2
3B45
BBAF
3C25
3C6D
3BD0
B983
3C8F
BC78
BB74
3BDE
BC24
3C17
391F
3B91
BC6B
3BDA
3A3F
3C10
BC06
BC07
BCA8
3B06
BBAA
BCD6
BB82
BC31
3B9F
3CA7
3C0B
3C81
BB11
BC06
3B4C
3B98
BB70
3C84
3BBE
BC53
3C62
BBEF
3C5B
BC8F
3C77
BB42
B9E9
3C2E
3C71
3C29
BBDA
BB77
3C1F
3C9F
3C69
3D2E
3B8D
BCA7
3C67
BBFE
3BEE
3C07
BA2D
3BD6
3BDC
BCD4
BBC0
3C03
BC32
BC8C
BC33
38F7
3CE3
BC76
BB21
BBCB
BD54
3B94
3CB4
BCB1
3CB1
3C46
3D04
BAF9
3C23
BBF2
BC7D
3B10
3CFA
3B4C
3D03
BD4D
BC85
3C16
3C0A
3C84
BC75
3C23
B7F7
BACE
3C21
BA9B
B8F7
BD2B
BBAC
B98C
BCFE
3B09
3A94
3C90
BBE3
BC00
3BB3
3D26
3BAE
3BB7
BBE2
BC83
BC45
BC1C
3C44
BC3E
3C0B
3B70
BC2C
BB9A
3CD9
BC8E
3CAF
BC87
BCAE
3BB7
3C5D
3B5E
3CCD
BAB0
BBA7
3B4B
3A96
3C28
3B9E
BBEB
BCDB
BBB5
BC9D
3CAE
3C93
3BF9
3BFC
BB8E
BCDE
BC43
3C44
BB8E
BC98
3C59
BD07
BAF5
BC87
3A4B
BA9B
BB42
BC33
BB96
3C0B
39DC
BB48
BB6A
3BAF
BD23
3D68
BD13
3B9C
3C71
B713
BD06
3BEC
BA0A
3BC6
BBEB
BCFA
