BC39
BBC2
3C1F
3BB8
BC25
BABB
3BC4
B7B3
BB6E
BC16
BBC2
BBF0
BB56
BC2A
BB29
3B09
3C1F
3BC7
BB8F
BC4C
BC12
BBA7
BB1A
3B82
BAAE
3B3F
3B39
3BB2
BB95
3C04
3BAA
3C37
3BA6
3AE4
BC90
BA9D
BB35
BBCA
3B53
BB07
BBB2
BBCA
BBE6
3C5C
3AEC
3C18
3C27
BB8A
BC2F
3B61
3AAE
BBC2
3BF7
3C2B
38D7
BB16
BB32
3BE5
3BE0
3C0F
3B85
3A1B
BC08
BC10
BC0A
3A27
BB4D
3A89
3BBB
3B1C
BB8A
3B7B
BC0A
BB03
3BAD
3C0C
3C7C
3A51
3C1F
BC0F
3B25
3BA9
B94C
3BCE
3C19
3A2C
BC15
BC5D
3B0E
3C0B
3C29
BC1A
38E4
394A
3BDC
3B6B
3B4F
3B90
3BED
B9E5
3B17
B9E9
3B10
3BD9
BC0E
3BAA
BB20
3C2C
3BCD
3BCB
3B38
BAAF
BADB
BB32
3C06
3BE5
BC32
3BF3
3C52
BB86
BB1A
BB0C
B9FA
BB86
3C64
3B23
3C64
3BC3
3BA0
BB8D
BBF4
B91A
3A15
BBE4
3AC2
3AC5
BBC7
3BF9
BBE7
BB31
3B26
BB41
3B9E
3C7D
BB85
BB0D
3B4F
BB82
BB94
BA62
BB40
3794
3C27
BAA0
BC0D
3BD1
BBAC
3C12
3A6C
3C45
3C42
BBF2
3BAB
BB87
BC16
3B02
BB2C
3BE5
BC01
3AED
BBA6
3C22
3A69
BB2B
BB86
3AE8
BA2A
3A9B
B9E2
3C04
3B5F
3B6D
3BBF
3B81
3C1E
3B01
3B30
3C21
BBA2
BBF6
3B86
3B67
3B49
3BAE
3BE8
3C60
BB5A
3B34
BA88
3B2A
3BD9
3BF5
BB23
3B5D
BBAC
BBA0
BBF3
BBB6
39DB
3B7A
BC04
3BAD
BB96
3C46
3A71
BC0C
3B9E
3BCE
3BC5
3C35
3BD6
3B59
3958
3B38
BB06
3B83
BABF
BBF9
BB60
BBE8
B968
BC17
3BF5
3C4F
BAFA
BBD6
BB03
BADF
BAB0
39AE
3AB3
3B70
BBA4
BA61
39EE
BB8A
BB16
3B8A
3BC0
3B66
BC27
BAAF
3C09
3B92
BC20
3ABB
BC92
BBB9
B8AC
3AF2
BC87
B8BC
3C59
BABA
BC34
3A90
3C29
3B0C
BBB7
3B43
3BC6
3B12
3C9C
BC3A
BB1D
BB2A
3B71
BC43
3C1B
BC05
3C04
BAFC
BC01
BC64
3AD2
3C88
BC3D
BAF2
BC00
BC03
BBA8
3BA4
BBC6
3C28
3BB1
BA97
BABF
BC18
BB97
BC1B
BC10
3887
BAFB
3C07
3C45
BB81
3C6C
38FB
BBA0
BC12
3B94
3C50
BB1C
BBF6
3BBD
BBB5
3A8A
3C11
38BC
3A81
BBB9
3B91
3B1C
3886
BC92
3AFD
39C2
BB74
BBB3
BC3B
BBFD
3C87
BBBC
BBFB
B9F5
3A59
3C83
3AC2
BBE7
3B05
3B8B
BC50
BAEF
3B2A
BBD4
B9A5
3BDE
BB9F
BB9B
3BB5
3BF4
BC46
3C1B
BB90
BBE6
BB05
3BCA
3C09
BB47
BAD5
BC12
BB96
3A4E
3AA1
BB47
BA6C
BBC3
BBC5
BC42
BA19
BBAD
BAEE
3AB2
3BD3
BBA9
BB58
3A3C
BB7A
BB7A
3B53
BC13
BC3B
3BAC
BB91
BC88
3B91
3B59
B937
BB3A
BC30
BBDE
BA96
BC03
BB46
3B43
BAA2
3B4F
BB7E
3B7B
BBD1
BB3B
39C7
3C37
3BCB
3C32
3BE3
BB9D
BBB0
BB8C
3B05
3B3E
BAB1
3C7C
BC08
3B6E
3B43
3B56
BA19
BC31
3C65
BC18
BA3B
3B8D
3BD3
3B45
B9D4
BB12
BC0D
3A63
BC05
3C5A
399D
BA81
3B6D
BA01
BC15
3C2D
3A27
BAC5
3C78
3BC4
3BA5
BA3D
39FD
BC26
3AF7
3C4F
BC07
BBCB
3776
BB74
3A97
3A8B
3B8C
BC04
3CC0
3C23
BBFC
3A77
BA92
3C34
3BBC
BB52
BAB6
3AEB
3C31
BBAB
BC19
BB77
3B03
BBC2
3AFB
BCA4
BB82
3A85
3C52
3C36
BB81
3C0C
3BAE
BB57
3AC4
3621
3BD0
3A54
3B68
BB6A
BBCD
37E1
BC17
B9D7
3BF5
3AD4
3ABE
3C82
BB80
39B3
BA64
3A68
3C29
BBBC
B9C6
3BCB
BC1A
3B90
3AB5
398D
3B83
3AE1
3BA2
BC0E
3BB0
BB9E
3A3F
BAC3
3B1E
3B0C
3BC0
3B55
3BCB
BC08
BBCE
BBE0
3A53
BC1C
BAB6
3AE7
BBAD
3BC2
3B48
3BA0
3836
3A5F
3B8C
BBE0
BB90
3C05
BBA0
3B82
BB9C
3C0B
3B95
3C19
B927
BBE4
BBDD
3B75
3BA8
3A3A
3B36
3B48
3C04
3C2C
3A16
BC05
3C1A
BBA8
BA4D
3C24
BABE
BB98
BC27
3C07
BC1E
B952
3BCF
3B4B
3B86
BC3A
BB94
3B52
BB3E
BBAE
BB5F
3ADB
BB9C
3B0F
39C8
BC26
BB56
BC28
BBC0
3B5D
BB49
3C15
BC63
3C95
BBA0
BC53
BACF
3C59
BAF4
3C08
3C79
3C84
3BBA
BC09
BB15
3BD4
BB9D
3C6E
BB51
3BCA
BC22
BB6D
3A0F
3B87
BBD0
3C0E
BB17
3A8D
3BB0
3BA6
3ADC
BBC0
BBC3
BC73
3BF4
B9CB
3A7F
BB33
3B1D
3AA5
BB9C
3B2C
3B68
3A68
B9A9
BC9C
BB2C
3B90
3B4F
3C48
BAA7
3C57
3C08
BBDF
3BDE
BBB4
BBE6
BABF
BB74
3C46
3C14
BAD4
BBD4
3B94
3B04
3B23
3B1B
3BCD
3B9E
3C3C
39A3
3AD1
3C10
BC92
3B53
BA5A
3C89
BB5F
3C01
BBD2
BBB5
3B69
BC49
3B68
BAC7
BBD3
3BDA
3AD6
BA9D
3C4D
BAA6
BACE
BB93
3C26
BB0E
BA55
BB63
BBB7
BAA7
3C44
3BA7
3BCC
3BB7
BC38
3A6D
3AC2
3C38
BB93
BBD1
3B88
BC34
BC26
3B9E
3C34
B9D8
B82B
BC4E
3AB1
39E5
3BC3
3C2B
3C40
BBFF
3ACC
BA66
3B4A
BC34
3C3C
3B6C
3BAF
3BC4
3C4C
BB91
3B7B
BBE5
3C23
3C03
BBA4
3BAF
BBDE
BAB8
3BFF
BC35
3B85
3C34
BBDB
BADF
BC23
BB0D
3C0C
BB83
BC18
3C1F
BB05
3ABE
3BFD
BC04
BC4B
BBA7
B9E7
3B21
3B25
3AD8
3B4B
BB60
BB9D
3B34
BB81
3B7A
BACF
3ADF
3B50
BA5C
3AEC
3B65
39E8
BC84
3AAC
BC0F
BC54
BC05
3B28
BB64
BB3C
3B13
BC22
BB96
BB4E
BA45
3C18
BBA3
3B60
BAEE
3947
BBC7
BBBD
3BF2
3BD6
BBB2
BBF1
3C16
3BCA
3C14
3ACE
BBA6
3C31
B97D
3C0A
BC3F
3BEE
BAD3
BAC1
BB07
BBB5
BBA1
BACD
BC68
BBA0
3C33
3BBB
BB35
3C1F
3BC5
BA9E
3BB2
BB9A
BBF4
3ABA
BB77
BA90
3BB1
BB54
BB88
BBEB
3BD4
BBA1
BB8D
BBBD
3C43
3BA1
BC15
3BFB
BBAB
BBD1
3C3B
BB58
3B38
BB4E
3C38
3A93
3BEF
BC18
BBBE
3BDA
BC43
3C14
BA9B
BC4E
BB03
BC33
BA61
BBA7
3A08
BC0B
3BBF
3C26
BB7F
BB76
BB9A
B9FD
3C2A
3B18
3AE8
3A6E
3B3A
BB51
BB9C
BB8A
3C6D
3B4D
BB18
3B96
3C1B
BBC1
BB31
BC04
BB91
BBF2
3C28
BC58
BB7B
BBF9
BB3F
BB34
BBB0
3B37
BB40
3B52
3BA2
BC40
3C2C
3B82
3C3C
BC48
3A05
3B48
BCA9
BBEE
3B91
3B81
BB10
BBA1
BBC5
BB97
3C09
BC2B
BBFE
BB90
3BC8
3C8C
BC19
3C07
BC46
3AE4
3B4A
3BD3
3B7E
BA45
3BB5
BC6B
3B01
BB9E
BA7D
3BA8
BB9F
3C8B
BB5A
3A10
3B9C
3C15
BB00
BC32
BC78
3AE9
BBFA
BBF6
3ACF
BB6C
3C27
BA4B
3836
BBDB
BB53
BBCB
3B03
BB7A
BB50
39B2
3BFB
B9A5
BC2F
3AB1
BA60
3BCA
3B52
3C80
3C1E
BB89
3C48
3C49
BADA
3B26
BBA1
B9DF
BC4F
BB85
3B7E
3BD5
3B81
BA2D
BBD7
3BE5
3AEC
3C0B
3B5E
BBAD
3BCB
BBD8
3A9C
BB54
BC17
BB6E
3BA9
BBD9
3C31
BC1C
BBC2
3BE3
3B1E
3BD3
3BD2
BB62
BBB8
BBD2
BBED
BBEC
BAD0
3B38
3AD8
BBD3
3B73
3BF9
3BBF
BB70
BBD5
3BE9
3B34
3C18
BBB5
3B2B
BBD9
BBA1
3B61
3C26
3BB7
BBF1
BCAB
BB24
3B1B
3B37
3C44
BC24
BAEA
BAA4
BB74
BB11
BBCB
3AC0
BB91
BC5E
3A65
BB46
BB0C
3C4F
3BE5
BB8A
BC00
3AF3
BBAF
BC00
BB84
3C02
3C5A
3B47
3A1D
3B7D
3C11
3C00
BC1D
3C22
BC18
BA85
BB33
3B08
3AB6
3B82
BABC
3A9C
BBA8
B92D
BC84
3ABC
BB51
BB77
BB0D
BBF7
3C24
3B64
BAB6
3B77
3BE9
BC05
BC11
BB90
BC25
BB9F
BAB2
3B51
3C35
BB94
BC69
BB82
3BCF
BB9C
3A88
BA8A
3A00
BAC2
3C1B
BA40
3C0B
3B23
3B2B
3C0B
BC7D
3AA7
BAFE
3BA4
3A8B
3C7C
BC1B
BC13
BB8B
BC46
BC54
BAB2
BA85
3BA5
3A78
3BEC
3C30
BB8A
BC1E
BA21
3B76
3CB5
BC0C
BBA5
BC11
3B8D
BBA4
3C01
BBC6
3C59
B991
3C09
3B6A
39B0
3BD9
BB4C
B9D5
3B5F
B9E1
BA3B
BB59
BB5C
3BA1
3B54
B900
BB64
BB59
3B98
BC0A
3B45
3B96
3C1B
BBE9
3BBF
BB93
3BB8
3B64
3A66
BC3C
3C05
BC06
BC7F
BC3D
3BD4
B9A5
BBA2
BC42
3C1F
3B70
3B36
BC0A
BBE8
3B9E
BB69
BC26
B9B5
3B8B
3B1A
BA83
BB9D
3BDD
3AB4
BC60
BB37
3C07
BC0C
3B89
BB16
3B1E
BBD3
3BBC
BC81
B992
3BD0
3B08
39E5
3A06
3A70
3C69
BBCF
37C4
BAA7
3BF7
BC0B
BA3B
BC07
BBDA
BB9D
3A4F
BC36
BB1B
3B9B
3BDE
BA25
BB6A
3B99
3C34
3B39
BC4A
BB39
BB60
BBC9
3C17
3A75
BC15
BC12
BBFE
BB96
3B89
3B4A
BC1D
3C33
3C16
BBFE
BB35
3B36
39F2
BC48
3BE4
BAA1
B8D6
3A66
BB57
3B88
BBA7
3A45
3A45
3B06
3B4C
3C1F
3BF9
3AFC
BC5E
3C4B
3B2E
BBDE
BB28
3BFE
3C04
3B0F
3BA2
3C5A
3BFD
BAEE
BBC7
3BA2
BB1E
BC19
3BD5
3B9B
3C30
3C6F
BA89
BC19
3C43
BC0F
B982
BB9E
3B37
3BAC
BB89
BC18
3C1A
3BBC
BB23
BC69
BC19
3BD2
BBB6
3933
BC33
3BF4
3C3E
3BAF
3BD7
3BBC
3C29
3C3B
BB8C
3B8C
BBA6
3AB2
3BBF
BB59
B938
BC52
3C30
3B71
BAE5
BB84
BBA5
BB8A
BC03
BC18
BBA3
3B16
3BD1
BC41
3C18
BB02
BB49
BAB4
3C46
BB1B
3B8A
BB3A
3C9C
3C35
BB9D
3B43
3BC7
3BF9
BBB6
3AD7
3AC9
BB63
3C00
3912
BCAB
BBD0
BBA2
BC0E
3B2A
BBA6
3AB8
3BEF
3B1C
3BA7
3BD8
3B59
BB20
3B67
3A62
BC04
BB32
BC1D
3BAC
3B6E
3A99
3BE8
3C56
BBAE
3BBB
BB98
BB0F
BBD5
BC11
BA4E
3BB9
BBA6
3BD4
BC0D
BC56
3B1F
BBF3
3B67
359B
3AB4
3BEF
BA3D
3917
3BF2
3BAD
BC24
3C11
BC0B
BBCD
BB8F
3ADE
BA85
BABB
3BE2
3B86
3BCA
3B9E
BAE2
3A9D
BC68
3B97
3C19
3BE6
3B80
BB86
BB1E
BB8E
3B96
3BD7
3B2C
BB51
3BD8
3B2F
BB71
3B7C
BAE5
BABF
3B5A
BBA5
3C6B
398F
BBC6
BB2C
BB26
39B5
3C12
BA4C
BC8A
3B8D
BBFD
BC72
3B70
BB14
3872
3ACE
3C04
BB63
BC09
3C22
BBA6
3A8D
BAA4
BB71
BB71
BC33
3C67
BBBE
BBFF
BBBD
3A49
BB39
3BE7
BC2E
BB1F
3BE0
BABE
3A6F
BACF
3B61
B921
BB9C
3BDA
BB65
3BF4
3C62
BC35
BBA1
BB2E
BBAA
3AAB
BB73
3A9E
BAC3
BC54
BB08
3BB4
B9FE
BA92
BA91
BC2C
3B0F
BBCC
3C31
3C48
3AF3
3B60
BB4B
BB8D
3A4B
BB25
BB0D
BB2B
3C1B
BBEC
BC1D
3A81
BBDB
3ABE
3BE3
3B2C
3BD3
BBA4
BC3D
3B08
39F7
BC86
3B83
3C07
BC51
3A49
3ABA
3B6B
3B86
3BF6
3BD0
3C2D
BC24
BB2C
BC84
3ACB
3BDA
3B13
BC62
BC71
BB76
3B6E
3C33
BAD3
39A9
39E5
BB6F
BBB4
3C93
BB73
BBA3
3BF2
3B1C
BB91
BAB8
BB39
BBB0
BBE9
BBC8
3B06
BBE1
BC44
3B2D
3A40
BB96
B9C9
3B13
3BA2
3ABC
3C45
3C0A
3B6E
3AE7
BC20
BAE7
388C
3A9A
3B84
3C1D
BB29
3BBF
BAAF
BC5E
3BED
BB20
BBA7
B9B1
3BE4
BB81
BBEA
BBB9
3C11
3C35
3C73
3C44
BC45
3B89
BBE8
3B45
3B1C
BB43
BA9F
BB9B
3C34
3C48
BC20
3AB0
BB95
3C01
3C4D
B982
BBA6
3B11
3AA8
3B88
3C58
3A83
BBAA
3B27
BBD3
BA1D
3BA7
3BDD
B936
3C36
BB07
3A35
3B1B
BA30
B9B0
3C14
BC14
3B96
39FF
BBE7
BB23
BAC8
BAF3
3BF7
BC2D
3AD5
BB95
39BB
3BF4
3AC6
3A26
3B7C
BA4E
3C3C
3BAB
BB02
BBA1
3A13
BA95
BAA0
3C0B
BC77
BA27
3B87
3C55
BB8A
3B89
BB92
BBB0
3BBD
BADA
3B11
3BE8
3C35
3B6F
BB85
BAA9
3B14
BB88
3C05
BBF8
BA79
3AD3
BAFB
BC0D
3B7F
3C30
3A9A
3B5A
BBFA
BB4B
B9A4
BB92
BAC3
3C1A
BBED
BBC3
3BA0
BC2C
BAB9
BB14
3B7D
3C56
3B64
BC6A
BBA8
BB3B
BC07
BB9E
BB16
BB94
3B43
3C1F
BB76
3C32
3B1A
3C88
3996
BC1E
3B43
BBD0
BA56
BA43
BA2C
BC03
BC86
3B4D
3BDC
BC39
BB2E
3C34
3BF1
38E6
BBC7
BB46
BC3D
3BB5
3B09
BADB
B9A5
BB3F
BB92
3B50
BB6C
BB3B
3BF9
3B6D
BAAD
BBDC
3BEF
3C8C
3A22
3C4F
3C37
3B1A
38BB
BC10
BB11
BC1F
3B40
BC39
3BA5
3B3C
3A9D
BC31
BBF9
B9A2
3ABA
BB92
BC16
3B6D
3BA6
BC39
BAE4
3ACC
BCB4
3C00
BB47
BC2D
3C6E
3C0C
3B45
3A5A
3B69
3B30
BC41
3A8A
BADB
BC28
BB68
BBB8
3AAE
BC13
3BDA
3BEF
BC0C
3C2C
3C5A
BB7B
3BAD
BC0A
BB57
3BA4
BAF6
BBC8
BABC
397E
BBDB
BBF7
3C43
3BDD
BC2B
3B64
3B4F
3AC5
BBC3
3AC1
BB06
3B2E
3C19
BC74
BC19
3BF7
3C05
BC49
3B8F
3B4D
3AF8
BB1C
3C0B
BBE6
BC3D
3BB7
BB87
3C8C
3B8B
BB38
3C11
3C0E
BB90
BC87
3C58
3BF8
3B53
3AF6
BB46
3AC0
3950
3C32
3C34
3BE7
BC1B
BA35
3BCA
3B8D
3B65
3A5C
3B74
3BB8
3B2C
3BDC
3A41
3A84
3B69
3B88
BB8A
BBBD
3A49
3C22
BBD6
3BA8
BC1A
3A4B
3BD9
BAFC
3BD0
3B9F
BB8D
3ADE
BAD3
3B01
3BAF
3B58
3C4C
3A08
BAA9
BBA3
39E9
BB0C
BB06
BC08
3B33
BBC5
3BD7
BC1B
BC3D
3B60
3A7D
BA0B
BC64
BC00
BBCD
3A43
BB72
BC20
BBBB
BC04
BB71
BA93
BB98
BA01
3BAB
B9B5
3C5C
3B6E
BB50
BA95
3BE2
3A46
BC10
BB3E
BBDC
3BA0
BC12
3C08
3BE2
BADD
3BA6
3ADD
3AD3
3B92
BB31
BBB9
3BC0
3C55
BBE5
BC29
3B2B
3AB1
BBC7
BBC1
3B8E
3A7D
3C3B
3BFF
BC55
BBA5
3A2C
3BAB
3AD3
3C02
BB60
BB8D
3C0D
BC2D
BB36
BAD0
BBB1
BB15
3C41
BC64
3B67
3BBF
3C0F
BAA3
3BEE
BA56
BBFE
3AD8
BC5A
3BD8
3C01
3AC9
3B0A
3B55
BC22
BB51
BB2F
BA86
BBA2
BC03
3BE8
3BAA
B998
BC1C
BAB0
3BED
BA9C
BBAF
BADA
BB55
3C41
3B0E
3B53
3B04
3A8B
BC23
3AF0
B7FE
BAA5
BB9C
3C62
BC1C
B932
BBBE
3A09
BC49
3A90
BB60
3B94
3A12
BC27
3B8C
B7DE
BA10
3C2F
3BD4
BA8B
3BC9
BBD6
3BE6
3C13
3B31
BB9B
BB53
BA5F
3B1A
3A0C
BA7D
3BC5
BB51
B990
3C18
3841
3AC5
3B05
3B74
BB5F
3C08
BC83
3C55
BC75
BB9A
BB3D
BB7A
BC5C
3BEE
3A90
BA9C
BC21
3BE8
3BAB
3B6B
BA8E
BAA9
BB52
3A9F
BBCB
BC2F
BC8E
BB28
3BA1
3C17
BAAD
3C2B
3BD8
3C4B
B8CD
3A29
BA3A
BB6F
BC50
3ADD
3B8F
3A98
BACB
3BFA
3B37
3C44
BC32
BC18
3BE7
BC66
3B7C
3C06
BBFA
BBE7
BABC
39F0
B8D2
3AEE
3B46
3C55
3C8B
3BD2
3C14
3BA5
3A12
3C23
BBD2
3BDC
BC3D
3B80
3BD5
3C0D
BBF7
BC51
BC3C
BAFA
BA5A
3B06
3B83
BB02
3C14
3B34
B9DC
3BDA
3AD3
BBC6
BC03
3C2C
BC24
BA65
BC04
3BF3
BBA7
3C4F
BC11
BBA7
BB44
BA70
BB95
BC88
3C31
3C52
3C22
3B4F
3BC4
BBE5
3BBF
BCD0
38D4
3B8E
BBC4
BC37
3AD7
BC2E
3A9E
BB83
BAA7
BB7A
3C5A
3C08
BC43
BC4E
BC97
3B2E
3B15
BBB1
BC24
BB9E
BBE3
BBB3
BC04
BC1B
3C19
3C34
3C08
3BE9
BC15
BABC
3C38
3BFA
3782
BB9B
BC0F
BC53
BBB4
BB47
BB03
BB58
3A28
3B95
3B17
BB62
BBFA
BB12
BC42
3BEB
BC47
39FE
3C54
BC37
3C12
B93E
BC09
BB46
BBBD
BAD9
3B13
3BAB
3C07
BC91
BB73
3C0B
3A95
BA8C
BC05
3B8F
3BD5
3BC2
BC1F
BBB3
3BC3
BB56
B8AE
3BED
3AF5
BB73
BC34
39D6
BA82
3B90
BB37
3B13
BBBD
3C20
3BB0
3A9D
3A42
3B70
BC2D
BC27
BC47
3BB5
3C1F
BA63
BB1F
3AA1
BB5B
3BC2
BBC6
BC05
BBF6
BC89
BBDB
3ADC
BA4E
BC77
BBEB
BB51
3AF9
BBC5
3C88
3B61
BACE
B9D3
3A52
3A28
BC3E
BAD3
39BD
3ABF
3C2B
3BB0
BBF2
BBE9
3AC6
3B2C
BBBE
3C01
3B28
3C57
3C9D
BC63
BC24
3B88
3B2E
3ABE
3BD8
BBE6
BA74
3C16
BAA3
BBB7
BB43
3A05
3C74
3B8D
BBB7
BC87
3960
BC5A
3AFE
3C03
3629
3C23
BB1C
BB8F
BB1F
BBDB
3AA0
3C0D
3BB2
B9C9
BC01
BBB2
3BA2
BC22
3C4C
3A51
3BF6
3B6E
3A53
BBD0
BB40
BC00
3C19
3C71
BC04
3C07
BB0D
3BEB
3BEE
BA4F
BB7C
BB8F
3B86
3B83
BB65
B9FA
3A55
BBBB
BA41
BA58
3AED
3B86
BB3A
3C11
BB85
3A41
3C14
BC16
3C23
3B1B
3BB4
B9F0
BC6F
BC0D
3C04
3AA5
BBA2
BC2D
3C37
3C1C
3C1D
3C42
BBF9
37DA
3BD5
BBC2
BB3B
BBE3
BBA6
3BD0
BB9A
3C3B
3BBD
BC58
3ABA
BB46
BBCB
3B6F
3BC0
BB2A
BBE5
3B09
BBD6
BADF
BBCC
3C17
BC7F
B8B0
BB82
BB96
BC38
BA8A
BBBC
BB14
3964
BB40
3C03
3B78
BBA1
B969
BB41
3B08
BBAE
3BA2
3A46
3AA1
BA97
BC3E
BBE5
BA69
BA7F
3C79
38E6
3BD6
BBF3
BB0A
BC03
3C35
3C2F
3B4A
BC94
BB82
BB7E
3BF3
BB7C
BAEE
BC82
3A92
3BED
3BD4
BBE8
3B1C
BC93
3C82
BB5D
BBC4
3A87
3B8C
BBD1
385F
3BE7
BB2B
3AB8
BBA3
3968
B8B9
3AAF
3AB4
BC13
3B78
3B81
BB06
BC18
3B68
3AF1
3C48
BBF1
BBF4
BC6A
BA08
3BF2
3BBE
3BEB
3C04
3AFC
BC26
3B43
3B76
3B8A
3B6A
3AAA
3B5A
3C2C
BB01
3B87
BC1F
BB78
BA6E
3A12
BB62
BA7F
3BA8
B96E
3C20
3C13
BC30
B9D2
39BE
BBE0
BB94
3C22
BC09
BB64
BBA1
3B95
3C22
BA74
BC09
BBED
BB8B
BBE7
3AD8
3B92
BA17
BB97
B906
BB6D
3BE8
3C1D
3BE7
BBDD
BC27
BC43
BA21
BC0A
BAB1
BBB2
BB3B
3BB5
3B62
BBD9
BB9F
BB7C
3B91
3BDB
BB48
BC16
3C28
3C61
BB63
3C0C
3B0E
3B4D
3BC2
3B67
BBE0
3C93
3BB6
BC4D
BB96
BBF8
3B86
3B2F
3C1E
BB4E
BBCA
BBD9
3C24
3B58
BBDE
39CC
BC14
3B80
3B33
39F3
3B46
3B0E
3BB2
BA93
BC04
BAF9
3A72
3BA5
BC4D
3BA4
3ACE
BBBC
BB50
3A41
BAC5
3C42
BB84
3B1A
3B44
3BA9
B848
38C2
BC3F
3BE8
3AEC
BBBC
3BD9
BC4A
BB0C
38EA
3B97
3A23
3C37
3B90
3BAA
3A98
BB25
3B39
BBD8
3B23
3A3A
3B55
3B47
39F4
3C6F
BACA
BB81
3AD8
3C4D
BAE5
BB0C
BB47
B8C4
BBD1
BB1E
3C14
3B93
BBAC
3BF1
3C04
BA24
3C01
3B18
BB70
BB07
3B7F
3B60
BC65
3B9C
BB6D
3BC9
3B52
BBA2
BB6A
3BED
3C11
3BCC
BAD7
3B0F
3C5C
BBD9
BA89
BB43
BC67
BB85
BBA6
3B2A
BBDA
BB84
3AB0
39E3
BAA7
3B95
BC06
BB58
3C41
BBDC
BB78
3BE5
3B6A
3C16
BBC7
BC3A
3892
3C4E
3B9D
BA6B
BB2E
3B86
BA46
3C06
BBA3
3BE8
3C61
39A7
3B38
3ACB
BB74
BB12
BBB3
BB9D
BB54
3B1E
3B24
BC7C
3B5B
3B11
BB7E
3B16
3AB3
B9D2
3C3B
BC08
BBA0
3A31
BB7C
3C66
3A86
3B85
3B99
3B24
BC21
BC20
3C19
3C39
3C04
3C45
3B32
BB91
BBD8
BB30
BB67
3C0C
BB66
3BCB
3B35
BB2B
BBC0
BBA9
3C30
BBA9
BA93
3AEA
3C23
3B8F
BB21
BC0B
BAA4
3BC7
BC60
BC31
B848
BAB4
3BD6
39BD
B93A
BCA8
3C04
BB1B
3C02
3BC0
3B2B
BC77
3C10
BA35
BB75
3C5B
BB15
3C0A
BB87
3B1A
BB57
3BC7
BC0E
3C4F
BB6C
3B02
BC2B
BC19
3C8F
BA9E
3AD3
BBF8
B9CD
BBFA
3ACE
BB1E
BA0F
BC35
3B89
3AF8
BB9C
BC38
BC4D
BC3E
BB94
BB2E
BB0A
BAE5
BC0D
BB33
BAC1
BA9F
3C0C
BBA0
3BD0
3B03
BA95
BC4D
BB43
BBC6
BBDC
BBBA
BC4C
3B5F
3B31
BB1D
3A87
BB3B
3BCE
BAFE
BB25
3C22
3AAE
BB77
BB1A
BAB2
3BA9
BC91
3C84
3BA8
3B2C
BBC1
BB3A
3B04
3A5E
BB21
3C11
3C77
3A65
BBA1
BBD3
BC46
3BEF
BB2B
3C10
3B39
BAFD
BC02
3B34
BBBF
BA1F
3B90
3BD9
BC1D
BB47
3C69
BAF7
BBB4
BB70
3ABB
3B13
3C36
BC1F
3B14
BA42
3A4B
3CAA
BC18
3996
BB2F
BA92
3BD1
BB8D
BA66
3BD6
BC0A
3C35
3BB4
3B22
3B18
3B53
BBEF
3ACE
BA7C
399B
3C1B
3C49
BAE5
3BEA
BAC4
B92A
3B97
B778
BB1A
BC34
BB10
BB39
3C18
BB20
3B59
BB30
3A0F
BB13
BAE1
3C79
BB20
3C21
3AE5
BC65
3A01
3A0B
BB83
3BB4
3971
BB56
3BC8
BB07
BB84
3AEE
BB71
3BDC
B830
BC48
3B93
BAAC
BBBE
3A34
3B50
BB3C
3CA9
3C0F
3B94
BBAC
3C31
3BC3
3C8C
3C0F
BB5B
BC0D
3B5C
3C5F
BBAF
BB5D
B9EE
3ACA
BAFE
3C3A
3B2C
3BBA
BA97
BB5A
3B64
3B5C
BB24
3C06
BBCE
3B1B
BBF3
BA66
3BBB
BBB0
BB8B
BBB9
3B6C
BA2D
BB7E
BB86
BC28
3B77
BC16
BA9E
BC49
3BDB
BB14
BBBB
3C15
3B91
BC03
BC0C
BBE2
3B2A
BAA6
BB4E
3AEC
BB01
3BD5
BB2E
3AEF
3C57
BB98
3A43
BB60
3B02
3B29
3C4D
BC04
BBC9
B842
3BBB
3B38
BB78
3B86
3BB2
3B9C
3AC9
BA03
BBD1
3ABB
BB81
BC22
BC2F
BB88
3B67
3B39
BC30
3C0D
3C08
BB85
3C05
BBB3
BBB6
BBFC
3B6A
BAC3
BB05
3BAC
3BBB
BBC1
3AF2
3AA0
BB09
BB61
BBAE
3B91
BB13
3B81
BBBF
BB2C
3C5D
3BA8
BB83
3A67
3B16
BB7C
BC36
BB1A
3B8B
3BC4
BB15
BBD7
BBC1
BB9D
BBF5
3C0B
3C3D
3C04
BB3A
BC29
3BDB
BAB8
3BEE
3937
BC24
3C54
3B8E
BB0C
BAEF
3C15
BBF6
BC97
3C03
BC29
BBBA
3A30
3BE0
BBB8
BC11
BB38
BB07
BBD4
BC1A
3A41
3B6F
3AB9
BBD6
3CA3
3A4D
3BB4
39C3
3B9B
BB0F
3C22
3BEC
3AEE
3B8E
3C16
BBC5
BB1B
3B9E
BBC5
391F
3BCE
BBEA
BC2F
BBDB
3B56
3BD9
3BB6
3B83
BB9C
BB46
3B89
BBA4
3C19
3B90
BC3A
3B37
BB2D
3C86
3996
BCA8
BA8E
3AA0
3C64
3C22
BA22
3A98
BC83
3C7C
3BD1
3C09
3BA7
BC02
3BCF
3BF7
BA78
3BDD
BC83
BC1C
3BFE
3B7A
BA68
BBC6
3C13
BC02
BA8C
3C51
BC14
3B0D
3C03
3C56
3C66
3BF4
BC1E
37CC
3BF8
396E
3B72
3B74
BC02
3B3A
3B3F
BBA9
3B33
BC45
3B9D
3B43
BB56
BB2B
3B8A
3B38
3BAA
3BED
BBB9
3AE6
B9FC
BBCE
B996
3BB6
3C14
BBB5
BC22
BB3B
3C8E
BB6E
3C0B
3B22
3C17
3B76
BB0F
3BA7
3BD3
BB78
BC0A
BBFA
BC0A
BBAD
3BBE
BA11
3A8C
BA4E
3BAD
B92E
BB8D
BB18
3B2E
BB8F
BB18
BB8C
BB98
3B5F
3C09
BA70
3C00
3954
3B8C
BB1E
BBB2
3BF0
BA30
3BC8
BA94
BBD8
3B00
BC60
3B09
3B0D
BB04
3C2A
BA42
BB42
BAD3
BBDD
3A8D
3BA0
354E
BB86
398D
3C64
BB86
3B9B
BC32
BBD0
BAB2
BC20
3B0D
BB87
3B55
BAAE
BC0D
BA56
37BF
3BFD
3B6B
3B58
BA60
3BED
3BAB
BBBA
3BD7
3C30
3C20
BBC1
BAE2
3B9A
BC8F
3C5B
3B1A
36F0
3B12
BC00
BA8A
3C3B
BBE6
3AA1
B99C
BC37
3C70
3BD9
BC09
3BF5
BB82
3C63
3C17
3A8A
3BAE
BBEA
3A9B
BB8A
3BD8
BC1D
BC1A
BC3F
3BA5
BB83
3B96
3C0B
3C35
BC6F
B991
3B16
393A
BB60
BB8C
3B35
BAD1
BBA2
BC5E
3A73
3BE4
3B93
BA75
BA8A
BB01
3BEB
BC50
3B8A
BAF6
3C60
3A53
BA41
BB21
3B6E
BBE4
BB90
3B40
BBF8
3C3B
3A0F
3ABD
BB65
BCA0
BBF2
BBB7
3BF6
B8D6
3A91
BC6F
BC47
BBE6
BBFD
BA13
3980
3B8E
BB8D
3BB1
BBA8
3B81
3B96
BC18
BBDC
38A5
BBAF
BC6C
3A0F
BC5F
BAAA
39C8
3AB1
3AA7
BB3E
BBC7
BB53
BB5B
BBA5
3A24
3BA5
BBED
3B8B
39D5
BC70
3B81
BC71
3B90
3B11
3AB7
3A81
BC39
BC82
3A8B
3BEC
BC18
3C24
3A89
3BF1
BC65
39C1
BBC6
BC6F
3C13
3AC6
BC13
3ACB
3BE0
3C82
BC4C
3B86
BB1C
3C43
BAD8
3C1E
3B07
BBBA
BBC8
BBC8
3BF9
3BCC
BA88
B94C
3C0C
3B5C
3B43
BBF7
3BBA
3BCC
BC18
39F6
BB14
BB69
BA19
3BD9
BA15
BC0F
BB2A
3ADE
BAE0
3A9E
3B95
B99C
3BA7
3B86
3BC4
3C01
3AA6
BB98
3B11
BC82
BB51
BB85
BBBA
B94D
3C71
BC09
3C19
BB12
3BB8
BC35
BB8F
BB11
3BB9
BBA2
3B5F
BAEA
3B04
BB1A
BB33
BBEB
BB34
BBC6
B9DE
3A2D
BAFC
3A74
3B8C
BBA1
BB7F
BB1F
BC08
3C0D
BBC9
3C01
3C27
3AB7
B8C7
BC2C
3C04
3C12
3C18
3B8D
BB95
3C50
3B62
3938
3BAD
BBB1
3AAC
3C59
BBA9
3C2E
BAC0
BB33
3B52
BBC3
3B01
3B21
B92F
BB8E
38EB
3C0C
BC6E
3B9A
BC57
3BEC
BA6E
B9FF
BC41
3B87
3B1A
BB2C
3AD0
BC18
3C29
BC18
BAA3
3C0B
3BA5
BC52
BBA5
BA8C
BC26
3B8F
3C3E
3AB0
3BD4
3BDB
3B93
BAEE
BB88
3C29
3C5A
3B97
3735
BB75
3B22
3C9B
3B02
BC1B
3AC6
3AA8
BC1D
392F
BB16
BC03
3C4C
3B83
3B37
BB9D
3BEF
3BBB
BB80
3B29
3B28
3B89
3AAA
3B17
BAA6
3AA6
BCA1
BA16
3B7A
3BAC
BBAB
3A69
3AC6
BC18
3C0E
38AF
3B35
BB1F
3C4A
BB88
BA04
BB2C
3C1E
BBD3
3B25
BB92
3BB8
3B90
3982
BB70
3AB9
3C00
BBAA
3953
3B85
BB0D
3B17
BA4E
BB09
BC1D
BBB2
3B2A
3B0C
BC20
3C63
3B72
BB07
BBB2
BC02
3BF0
BC39
3BA5
BB4C
3AF3
BBAE
BBD1
BA0F
BC1D
3BD3
3AAC
BC12
BA12
3B89
BB82
BC9B
BA95
BBD8
3BE3
3920
BAFB
3C66
3B72
3B96
BB83
BBAB
BBF5
BBB6
3BED
3B51
3A3D
BC0C
3C36
BCAC
3B70
BB0E
BBC7
BB91
3BAD
BBCE
BB25
BBC2
BBC8
BB60
3C7B
BC25
BBD9
3BA9
3BAF
BC10
3C34
BADC
3B2E
3AA2
3BB3
3C59
BC15
3B7F
3C40
3BAF
BB01
3B7D
BAE5
BAA2
BBC8
3BA1
BAA4
3BBC
3C55
BB70
BA9D
3B94
BBAA
3B45
BB53
BC07
BBD1
BB69
BBFA
3969
3C10
BC1F
B9F5
BB9E
3A90
BBC0
3BAD
BBF3
3AE8
3C28
3BBE
3B86
3C06
BB09
BC75
3BB8
3C4B
BACF
BA88
3A4E
379A
3B11
3C22
BB99
BB35
3B6F
3BDE
3AE7
39DF
3C5C
3BE5
BB88
3B1A
BB82
BBAE
3C4A
3C43
3BAA
BC0F
BC92
3BEE
BB6A
3B29
3C4A
BC06
BB07
B9D2
BA0E
BC1C
BB10
BB2E
BAC4
BC11
3C11
BA20
BC13
3B2B
3C1C
3BFF
3B22
BB0D
BC0D
BB03
3BAD
3B82
3BAE
3C45
BB5C
3B6B
3A93
BBB9
3AFD
3B64
3B64
BC03
3A9C
BBCF
BBA5
BA9D
BC4F
BA1D
3CB3
3BC2
BCA5
3BE2
BBA2
BC3F
BC0D
BADE
BC34
BAAE
BC20
3AD8
BB0B
BC13
BB09
BC31
3AD4
3C15
BBD1
BB95
3C5C
BBDF
BC09
3BDB
B9AA
BB09
3C19
BC03
3B31
BBAC
3B8D
3BEA
3A60
BC64
BBF0
BA93
3BD2
BB32
3C5E
BBCE
BBFB
3B27
BBC4
BB62
BBE4
BB98
BAC6
BBE9
BA8C
3992
BC18
BC5E
BC2C
BAA9
BB58
BB0D
3B37
BC20
3AC0
BC20
BA52
BB81
BA65
3AC5
3BB2
3B42
3C79
BB41
BC03
BB17
BBC9
BAF2
3949
3C2C
BB9D
BC7B
BB61
3BB4
B9A9
39DD
3B9D
BBD2
BC42
3C07
BB7A
3C8F
3B55
3C3B
BB74
3B9D
BB77
3A87
3C0B
BAB4
3C03
38C6
3B85
BBFC
BB9B
3BA7
BBBD
3C4C
3C21
3AF2
3B52
3BCC
3C12
BC5D
3B22
3B4B
3BBE
3B0D
BC56
3B8C
BAB8
BB9D
B95B
BB0C
3BB3
BBD8
B821
3C02
BC34
BC17
3B7E
3BDB
BBDE
BBE4
3B99
BADF
BBAC
BC1C
3B17
3BAC
BB37
BAAF
BC31
BB0C
3B99
B8B7
3B96
BC2B
3BE8
3BD7
BC25
BC8D
BAE5
3C8D
BBD6
3A3D
3BCD
3C67
3C1F
3B84
3C88
BC4E
3BFB
BC21
BBFA
BB51
3C9A
BB1D
B923
3B84
B952
3C13
3B34
BC32
3B80
BBEB
3B0C
BB74
3C6E
3B9D
BB8A
B9A1
BC0A
3BDB
BC0D
BC1F
3B8F
B95D
3B13
3C19
3B3F
BB5E
BA70
BA51
BB47
3A76
BB55
3CAF
3C2E
BB78
3AD7
3C5C
BC24
3B71
38B4
BB48
BC12
BA42
BB84
BBAC
B922
3BCF
BB29
3C01
3BDB
3BBC
3C16
BB85
3B58
3796
3AF6
BA0A
3AF5
BCA2
3C20
3B2D
3A09
BB37
BBE0
BBCA
BA73
3BED
BC0B
BB91
BAD7
3A8A
3A31
BC18
B8B9
3C3F
BBD1
BC51
3AEC
BC23
3C1B
B9F5
BBBA
BB41
3BA7
BB94
BBE6
3B85
3C1D
BBF0
B936
BBAA
3B85
BC7A
3BDE
3C28
BA52
3C71
BA44
3A7E
3B4D
BBDB
3B42
BC36
3B50
B9E3
BA28
BB78
B991
3C11
3BC8
BBC1
3C63
3AF2
BC6D
BC19
BBDD
BBE7
3B71
3C1C
BC50
BC26
BB9B
BA7B
BC76
3AE5
BB26
B8B3
BC49
399F
3B13
3952
3B63
BBE6
BC39
3C11
BB70
3B43
3BF0
BBAA
BA5A
3B34
3C62
BB45
3BC6
3BFA
3C33
3B73
3AF4
BBB6
BA84
BA7F
BB2E
BBE1
BAF2
3BF0
BC1C
BB07
3C1A
3B6F
BC26
BB41
BB51
BC00
37F0
BC78
BC0E
BB5A
BC4B
3B1B
3BBA
3C1D
BBCB
BB46
3B9D
BB8E
BB01
BBE7
3AD1
3C22
3BB7
3B94
3BEC
BAA5
3C36
BA9C
BBB2
BB19
BAAF
3C07
BC4C
B8BD
BAEC
BB8B
BC12
BB98
BB86
BB1C
BBC1
BC20
3BBC
BC79
B8E1
BC17
39CE
3BA1
3B09
3B4E
BB96
3C03
3C0F
3BAA
BBCA
BB90
3B79
3C52
BC52
BB6C
3C41
BC0C
B9C3
3CA1
3B91
3C09
3C34
BC06
BB86
3B2F
3CAD
3B89
BC13
3B7F
3B6D
3BA4
BBF4
BC18
3907
BB1A
B98E
BB11
BC89
3B13
BB96
3BE9
3B38
3BF7
3C00
BBF5
BBD3
3C82
BB8C
BB26
BA0D
BB95
BAE7
BAEB
BAE0
BC84
BB87
3BF7
3BA0
BBA2
BB2D
3B4F
3B9D
BC7F
3BEC
3BD5
BC08
3B85
3C0A
39DF
3B1C
BBC4
BB5C
BBED
3C13
3C03
BB24
B9C3
3B86
BB0D
BC43
BB2F
BB76
3B69
3BD5
3C2F
BB2F
BB42
BACA
3ACA
BB7A
BB8E
391D
3ACF
BB89
B9F7
3C00
3B94
3C0C
BC89
BB8E
3B8A
BB30
39B5
BC15
39CB
BA9E
BC0D
3B8D
BAE6
3BA4
BB92
BB46
3BA6
BC62
BA67
BC09
3B48
BA5C
BADC
3B95
3BD4
3B88
3BE4
3B1E
3B07
3C76
BC32
3C9E
BA66
BBE5
BAF0
3C86
BAE3
3BE4
3C2F
BBDE
BB28
BC5D
BB5B
BBF8
3C90
3BBC
3A92
BB18
BC19
3A83
BC06
3B7B
3B3E
3C3A
BB87
BA6D
BC03
3C85
3BF4
BB8D
BC54
3B5A
BB3E
3B88
39AA
3BAF
3B78
BB62
BBBD
BBD8
3C3C
BB00
BB1D
BC7E
3BA6
BB39
BC29
B981
3AE0
BBE7
BC8E
BBD2
BBC1
3C37
BB67
3C44
B914
BC37
BB0E
BBEB
3BDF
3B88
3AC5
BBF7
3CA9
3AA0
BA11
BB40
3BBF
BBEA
3BAC
BB53
BC17
BB8F
3BB4
B995
3C07
3AAD
3BDB
3B91
3BE7
BACE
BB84
3C06
3BC4
3ADA
BB94
3B08
3B31
BC0F
BA39
3BE9
BAD4
3C02
3C17
3B9E
BA59
3B85
BB14
3B92
BAF6
BA1C
BA61
BAE6
3C0C
BB83
3B8F
3BEE
3B44
3A11
BB74
BB3F
3BB1
BB28
BBBE
3BE2
3A4A
BBE0
BC1B
BB02
3BBA
BB98
BB7C
3C42
3BC7
3B01
BBA4
BABC
BB60
BBF4
3B1E
BB6B
BA26
3BD7
BACB
BB83
3C15
3C41
3B5C
3C1F
BB65
BA1B
3BFB
3B04
3B2F
BBF6
BB86
BC35
3B62
3BB9
3B56
BBAA
BBF0
BC05
BABA
3B19
BC1A
3AC2
3B46
3B4A
B9B6
BB5C
39C2
BCB9
BC3F
BAA2
3B16
3BB9
3C17
BC6E
BBC5
3C02
BB21
3B99
BC1A
BBB8
3A5A
BA91
39D8
3C8F
3BB4
3C05
BC2D
3C04
3B01
3B60
3BC7
BB29
3C1C
BC60
BB88
BC47
BC0E
BB4A
3CB2
3AC8
BA84
3B82
BC2D
BADC
3B68
B9CC
3B91
BC57
BC16
3B09
BC36
3C0C
3B0D
3BF5
3C58
BA17
3ACD
B963
3AB7
BC0D
3B5E
3C1E
3A98
B9E8
3B23
3C28
3B64
BAB4
BC12
3B34
BA7D
BB76
3AC8
3B1A
BBBC
3BE6
3C65
3975
3B32
BAEF
3BB9
3C0F
BB34
3BCF
3B41
3BBC
3BF7
BBE2
39CC
3B0C
BA98
3C18
3A5A
3AA3
3BBA
BB22
BB1D
BBC3
BC52
3B44
BC44
BC19
3BCF
3C04
3C4E
BB9D
B983
3C21
3C03
3C02
3C23
BBEA
3BBD
3C19
3A54
3B51
3C1D
3B41
BB88
3B5F
BBE4
BC6E
3C21
3C6D
3C81
3C08
BBAA
BAD6
BBDE
3BAD
3C40
BB88
BBE7
3B1A
3BCF
BC65
BC01
3BD6
BBA3
BBE8
BAD2
BBB0
BB04
3C07
BC1E
3B86
BC1B
3AD6
BC76
3B03
3B9F
3B3D
BB9F
BC90
BBC3
BCB1
BAB6
3BDE
BC80
3B7B
BC09
3BFF
3B8B
3BBD
3BBD
39D7
3C2B
3BC7
3B27
BBBB
3B57
394F
3C12
3C1D
BB35
BB33
3B52
3B91
3C0A
3B5A
BAED
BC61
BBD8
BB86
BC6C
BB14
3C20
BB5D
BBF0
3C15
3A69
3B71
B7CB
BBA0
BC1C
BB60
BAF2
3BE0
3AF0
BBBE
3BB4
BA44
B8B4
3C7E
BB2D
BAC8
BA86
BB62
BC6B
3AAE
3C2A
3BBD
3BD7
BC91
3B5B
BBEF
3B53
BB7B
BC37
3C3D
BC26
3AAF
BB8A
3B52
3C55
BC10
BC04
BC5D
BC34
BBFA
BB6A
BC88
3C12
3C38
3C06
BB6E
3C21
3BA2
BC8C
BB61
3C9D
3C8A
BA2C
BC41
BB92
BBD4
3C80
3BA7
3B99
3B02
3B2B
B97C
BB8D
BC7E
BB19
3B2E
3A8C
3C4F
BA8D
3C82
BBEF
BB91
BC08
3A5A
3B96
BBA4
BBE0
3B80
3B2E
BA90
3B48
3C15
3B20
BC02
3B8C
BBE2
3C80
3B69
3BB2
BAFE
BC20
BBC2
BB82
BB32
3C42
BC0B
3AD4
B972
3ADA
38C3
3BCA
BBD8
BC82
BB41
3B4B
BB71
3BB1
BA5E
3B8C
BC03
BBB2
BAD0
3B9D
BBAD
3C75
3A2D
BAFF
B99B
3B70
3BD6
BBB7
BC26
BC8F
3AFD
3C19
3C31
BBB3
3B7B
BBD0
3A8C
3C3F
BC68
B9EF
BB99
BAAF
BBA6
BAEC
B978
BBD1
3C0C
B92B
39DC
39CC
BB6C
3B9A
3AF6
3A54
3B46
BC35
BB35
BB85
3BA7
3BD8
389E
BBB0
BC42
BB28
3873
3B62
3C2D
3C18
BBB3
3C17
3C16
3B82
BBAD
3C2B
3AF8
BB7C
3C22
BC33
3BCB
BB1C
3C40
BC13
BB88
BC63
BBF3
3BDF
BB6E
BBF4
BB88
3BE0
3C44
3BDD
389F
3BA5
BC21
3B3D
3991
BC61
3B6A
BC74
3B0B
BC10
BA54
BB4F
3A9B
3C10
BC4B
BA43
3CA2
B982
BBEA
3B13
3B94
BA53
3BF2
BB49
BC6A
BBE6
3C14
BB42
BB1F
BC58
BC11
3BE3
BB0F
3A7A
3B2D
BB2A
BA88
BC02
3AF4
B903
BB03
BB35
BB0F
3B90
3B9B
3C12
BBE1
3C82
BB25
3C0E
3B54
BBC7
BB11
3B3A
BB5E
BBE9
3B20
3895
BB98
3C1A
3BBD
BC2C
B9A5
3BB1
3BFC
BB0F
3B86
BC6A
BBC2
BC15
BB1A
3C1D
3A14
3B3D
3C46
BB54
3BA8
BB81
BBE3
BADC
3B2F
3AB4
3BC1
3A22
BC29
3C64
3B57
BB81
3C51
BC03
BB88
BBD3
3BB3
BC2B
3A9C
BC32
3A5A
BC4E
39E8
BAF9
3B86
BB78
BBAD
3A8D
3A12
3B1C
BA47
BAD9
BB32
3B06
BB8A
3A79
BB56
3C6B
3C0E
3BEC
3BDD
3A00
3B88
3A9F
BBA0
BB61
BBB5
BB2B
BA8B
BB50
BC2C
BBA9
3B9C
BB3F
BBB7
BB21
BB9E
BABE
3B44
BBF9
BB19
3C31
3BCB
BBE6
3AA0
BB8D
BBAE
BB38
BA36
3A0B
BA7E
3B6F
BB74
3C2E
BCAC
BC11
BB9B
3C49
3B85
BB99
3C08
3B72
3B08
3B52
BB11
BB40
BAC3
BC0B
BB4E
3BAB
BBA8
3B7F
3BC4
BACF
3BF8
3B94
3BAB
3BCD
3B90
3A7A
BC3C
BBB8
BC2A
3C68
BA2E
3BE0
3C3D
3C08
B9A8
3BF7
BC08
BC15
3AE5
3B76
3B64
BBDE
BC38
BBFC
3B47
3AE8
BB4C
3C22
3BEF
B96D
3A74
BB79
3C16
3C2E
3B93
39E7
3C61
3BF5
BB61
BA8E
3C16
BB87
BBC5
39C8
3BAF
3BA0
3C08
BA84
BAD4
BB7C
3B94
3C28
BC32
BBCF
BBC5
BC0D
BB2C
BC3B
3BAC
BBC3
BAC6
BC0E
3B71
BBBE
BC02
3A29
3A0A
3B8E
BABF
3BAF
3B98
3924
BC28
3B0C
BB35
BBAC
BBD0
3C28
3C79
3B42
38B1
3AF4
BC03
BBCB
3865
BAA5
3B59
3AF4
BB9F
3B6B
BC19
3B99
BB60
3B3B
BBBF
3B6C
3B65
BB61
3A98
3BCC
BAB1
3B28
3C88
3B38
3C07
BC1D
BA63
BAEF
BC0A
BBFA
3BD3
BB47
3A95
BBF2
3A51
39F8
BC0A
BBE8
3C0B
3B13
BB9E
BBDF
BBA3
BB6D
3AC2
3BC0
39AB
BC09
BAF1
3A9A
3B46
3BB3
BA98
3B2C
3BB0
BC1E
3C63
BBDB
3AD5
3AF4
3C1B
BBB6
3BE3
3C32
BBBC
BBAB
3C4F
BBFD
BB98
BB75
3B60
BBF9
BAFF
3BEA
3B9C
BA9E
3B07
3B03
3965
BC17
3B44
BC44
3B1E
3C21
3B62
BB77
3A6D
BC48
BBD0
BB92
BB33
3A12
3B96
3BA3
BC40
BC0C
BB43
3BA2
BC04
BA5C
BC22
BB70
3ADB
3B5E
BB44
3B4A
3B2D
BC01
BBCB
3C09
3968
3BC4
BB84
BC51
3B0F
BAA2
3B8A
BC33
3B8C
3B8E
B894
BABB
BB46
BB7A
3A2D
BC82
3A10
BB92
3BF9
3BD9
3BEC
BB21
3BDF
3BC4
BC0A
3BBF
BBEC
3BDF
BBFB
BC06
3C47
B91D
BC2E
BBCC
3B39
BB15
BB94
BBA4
BBCF
BBFD
BBAA
BB5A
BB96
3C1A
3C24
BC21
BB11
39EB
3BE4
BB94
BBDF
3B99
3A9F
3BBC
3C16
BA56
BC0C
3BF3
BBB9
3A9B
B894
BB54
BBDA
BBD9
3B2B
BA6E
3B38
3B80
BA35
BBD2
3BF7
BC06
BC5B
BB3D
BA48
BA76
3ABD
38A6
3BB5
3C39
BB5E
BAF0
BC52
BB36
3C18
3AAB
BA10
3C1F
3C16
3C3C
3B36
BB84
BB8E
3994
3BCE
BBB9
3B08
BBBB
BC0A
3BD8
3A60
BC02
3B15
3C13
BBF9
3BEA
BA88
BBC8
BABC
3A88
BC38
BBFA
3BF0
3B05
BBDD
BC8B
3B99
3C0C
BB8D
3C4F
BB76
BB27
3BCF
3C16
3BDD
BB54
3B27
3B06
BB34
BBDE
3BE5
3C25
BC0C
3B86
BA53
3AFC
3BD0
3AB1
3B29
3965
BC11
3B08
3C2E
3A36
3A1D
BBF3
BBD9
3B84
3B1B
BB87
BC12
BA87
3A09
3C0A
BBB1
BBDA
BBA9
3BDC
BAC4
BB15
BC14
3A53
BC73
BC0E
3A6D
3B4E
3B4A
BADC
3AE8
3C26
BBEC
3B2F
3C13
BBAE
BBCD
B988
BBF7
3C04
3C00
BB79
BB7A
BC1B
BC4D
3B50
3B99
3B89
3C2D
BA9F
BAB5
BBCF
BB3F
BBAF
3C09
3B5A
3B78
BBC0
3A14
BB44
3A25
BC06
BC18
3B55
BBEB
BBB2
BBAC
BBDF
3B89
3B9C
3BE2
3BF1
BB69
3B61
3A62
BB91
3C36
3BC3
BC64
BC4B
BAA7
BB31
3B9E
BC34
3BC2
3A55
BC66
3B72
3A53
39B6
BBEC
BC03
BACD
3B0B
BA91
BB1D
3AC2
BA33
3C8E
3C03
BBF3
3C17
B6BD
BA75
BB6C
3C21
BC03
BB99
BB3A
3A96
BC7E
BBF5
3A50
3B78
BC1E
3B87
3B4C
3BF4
BBDF
3BB9
BBCB
BB4B
39C6
3B1D
3C12
3C04
3BA8
BB4D
BAC2
BBCA
3B72
BC40
BB4F
BB32
3BF1
BC01
BC40
BB82
3BFF
BB64
3A15
3B70
BBCF
3B94
BBEA
379D
BA45
BC6B
3BBD
3C48
BC03
3C04
BC3A
BBFF
BB79
3C23
BBB0
3B92
BC15
BAD3
BB85
BAC0
BB80
3A69
BAC5
BB3C
BC2C
BB6A
BB9D
BB46
3BCE
3BF9
BB20
BAE4
3C44
BBBC
3C26
BAFD
BA91
3B74
BA23
39A5
3B67
BC1B
3B9D
BBCD
3C2F
3B9E
3BF9
BBA8
3A89
BC54
BAA5
BB23
3C11
3B64
BC0C
BB92
BB23
BBD1
BC18
3BA1
3C0F
3A68
3AB0
BB7A
3BE6
BB18
3ABB
3CA3
BC58
BAE2
3A39
BC1A
B923
BC44
BB1C
BB74
BB10
39BC
3C20
BC0E
BC47
3AE5
3C2F
3C25
3BAB
3AFD
3C26
3BD1
3A3D
3BD1
3BB6
3C8C
3BB6
BBBB
3C71
BC7D
BC95
3C82
BB05
BB97
3ABB
BC02
3C20
3B3D
3AC2
BBF7
3C3B
3B8E
3C94
BB0D
BAA2
3AC2
B999
BB11
3C04
3A84
3C29
3C23
BC89
BC4F
3B42
3C1D
BB91
3B70
3B2F
3CA9
BB81
3C2B
BAC7
3AD8
3C86
BBB7
BBAA
BAAC
BB0B
BABB
3BF3
3B6E
3C20
3B12
BC19
3BED
BBB6
3C1D
3B07
BAEB
3C04
3C1F
3BA1
3946
3C01
3BF6
3BDF
3B78
BB52
3992
3B1C
3BC8
BC05
BB5E
BB1D
BB60
3C1F
BB78
3BA0
3BB5
3C0F
3B2A
3A37
3C0B
3A82
3C93
B9C4
3B7D
3B83
BBC3
BB8B
BC0B
BB7F
BBC0
3C19
3C2F
3BD3
BBC3
BB6C
BB7A
3B8E
BC20
3BC5
3B81
BC58
3BDD
BC81
39DC
3BA4
3A99
BBB3
3C32
BB24
39FF
BAB4
BB84
3C88
BBBE
BC3F
BBC6
3C08
39E7
39D1
BB2C
3B31
3BA4
BAB6
BBE9
3B9B
39C6
BC1F
BC36
BA1D
3BBF
3C62
3C12
3B83
BB14
3B86
3C68
BAC6
BB40
BB3F
3B8A
3B1F
3C55
3B3E
BBC8
3B2D
3B54
BC19
BB6C
BCAA
3A79
3AEA
3C52
3BD6
BB65
3AF6
3BB0
3BF6
BC56
BB29
3BC0
BBEB
3B52
3B3A
BAE7
3B30
BB8C
3C66
3C1F
3B07
3B65
3C5A
BBBF
B9C6
BB75
BC09
BC63
3B4B
3C15
3B6F
3A9F
BC68
3B7E
3C15
3B46
BAFF
BAA6
3B7B
3970
3B1C
36E4
3CD3
BA89
BC74
3C64
3984
BB91
BBEC
3AE4
3B0F
B90A
3AA0
B9AE
3BEA
3C09
3B9F
BA8D
BAE7
3978
BBB4
39DF
3BBE
BA44
BB9E
39A6
3BE1
3C18
3BB9
BC42
BC4F
3B83
3BAE
BBCA
BA2F
3C34
BC66
3B94
BAB9
3BD3
3C03
3C00
3B49
3AC6
BC19
B921
3B55
3BC8
BBC2
3883
BBE1
3A5F
B939
3AC8
BC66
BAD8
3B97
3B86
3B9B
3A79
BC03
BC11
BC02
3BC7
BB30
3B00
BBA7
BC0E
BC1B
3C53
399D
B982
BA82
3B8E
BC3A
3B0C
BAA8
3C25
3AD6
BC11
3B82
BB49
BC7E
BC0C
3C51
BC74
3AF7
BB98
BCB4
3AE5
BB2B
3C42
BC78
3B0D
BB30
BBF3
3C66
BBB6
3B5B
BBFA
3B1B
3B36
3BAD
3B8F
BC13
BB97
3B8D
BC2F
3C0F
BAE7
BB13
3C3A
BB09
3C05
3B32
BC40
BC1A
3B8C
3C7B
B977
3B2D
BBB6
3B1B
BC77
BBB7
BA91
3BB4
BC5E
3B4A
3B3E
BB44
3B27
39CF
BC1A
3CAF
BB0C
3BA8
3B62
3B0D
3C09
BA9D
BAEA
BB18
BA1A
BA40
3B8A
BC1E
BC37
BB9A
BC88
3A12
BC98
BC5F
BC28
3B75
BB25
BB1B
3B86
3A7A
3C08
3C39
3B05
B9A6
3BE4
BC4A
BB85
3C3E
BC1D
BA63
BC3F
3C07
BC6B
3BFC
3C3D
3B3F
BBA8
BA8E
3BC2
3BB7
3A3B
BB5C
BC39
BC40
BC34
3AB2
BC27
BBCF
BB82
BB88
BBC1
3BFD
BB41
BBC8
BC08
3C4B
3AF8
3B37
BBE8
3BEC
3B06
3AD8
3BC4
BAAE
BBBF
3BB5
3B91
BC39
BAE9
BBD9
3B23
B7F1
3C40
BB82
BC6B
BBB1
BB8E
BC16
3BA4
BB6A
BC65
3AC4
3B51
3C60
BB61
3BF7
BBE3
BBCA
BBBF
3A2E
399F
3B08
3A5E
3A75
BC01
3AF1
BA7E
3BAE
3B8D
BBE7
3B47
BB0B
BB59
BB69
BC07
BB8A
3BEF
3B64
3B38
3BC2
BC16
BAA7
BC7C
BBC7
3BFF
BB97
3B97
BB97
BC2C
BC5B
B645
BA88
B9FA
BA2E
3C8F
3C46
3A8F
BA67
BBEC
BBBD
BAF1
BAF4
BB93
BC18
3985
3BB1
3C11
BB88
BBD0
3BFC
BC35
BAF7
3A9A
BBAF
3BA5
BB7C
BA1A
BBA5
B9E6
BB8D
BB84
BBC2
BC2E
3A49
BBE0
3BCD
3BA3
BAF6
3B74
BC07
BBA2
BBCE
3931
3B99
3C02
BC5B
3B17
BAE9
BA8D
3B8E
BC17
BC44
3B02
BB96
3C44
BB1D
BBF3
BB89
3BD1
BBB5
BA2F
BC6B
BB30
3AA3
BBEC
BC13
3BF3
BB9C
3C4D
BB01
BBB2
3852
3C12
B9E8
BC05
3C42
3BEC
BAEC
3B2C
3C54
BC8C
3C3C
BA2E
3B2D
3A66
3C77
3C03
BBD0
BC10
3C72
BB01
BC08
3C04
39D5
3C40
BCAC
3990
3AD0
3BA2
BC36
BBDA
3BDF
3AF2
BB0B
3C10
BB81
3B80
BB84
BBE6
BC20
BC17
3C3B
3B47
BBF5
BB52
3BF6
BA8F
BC0F
3C60
BBCC
3999
BBDE
BB2B
BB74
B9AB
BBCA
BC42
BBF5
3C0D
3C26
BB25
3BE1
3BE9
3C58
3B3F
BB6D
3B9D
3B9C
BC66
3BCB
BB75
BB8C
3C28
3A61
3BAB
BBF5
3C7C
BB01
3B44
BB42
3808
3C47
3A9D
BB3C
BC45
B8B5
BBC2
3B8A
3B2E
B8C3
3B9A
B939
BA1C
3A6F
BAAA
BADB
BC4D
3C11
BB88
3C03
3A83
BBC6
3B05
BB5F
3C14
BC73
BBDF
BC41
BC08
BC4B
3BDB
BC2B
BB33
BBE6
BABF
BC0C
B941
3C38
BC18
BA50
BB07
3BC9
BC29
BB5A
3BEE
3C08
3B5B
3C47
BB48
BBCA
BAED
3BFF
BC91
3B4C
3B81
3B8C
3BCC
3C1D
3C05
3BB7
3B85
3C32
3C78
BB44
39D2
BB95
3C69
BC11
BAFF
BB5E
BC0B
3BC6
BAF3
BB9E
BC4B
BB29
BA96
BAF9
3C20
BA8F
3A0D
3B9C
38DC
3A69
BBC4
3B03
3C3E
3AA5
3BE7
BBCB
3BC7
3B0B
BBAF
3B3D
BB11
BB63
BB83
BA12
BB01
3BCD
BB15
3AB4
B9D1
39A2
3AC1
BBB8
3BA9
3BDF
3C6D
BBA1
BA3C
BA80
3BE7
BC34
3B9B
3BB7
3B9C
BB59
BAAC
BBF7
BB77
BB3B
3C3E
3C47
BA15
3B69
3C2C
3C01
3BE3
3BED
3BB8
BAD8
BB58
3C09
3B81
3C54
3B8A
BBE7
3B81
BBA1
BB84
BB87
B925
3924
3C86
BC23
3BC7
3B67
3B28
BB3C
BA96
BAAD
3BFA
BBDD
3A6B
BBC5
3B78
3BC7
BBD7
BB14
BBEE
BB8C
BC40
BC13
3C6C
BB66
B99D
3AD1
BB34
3B5B
3B01
3B7E
BC16
3BFC
BC4B
3B32
3AE2
3B91
BBBD
3B92
3911
BB22
399C
3B04
BB2D
3BA6
B8D0
BB8E
3BCA
3BD9
3C20
3977
3A9A
BA08
BB25
BBA1
BBBA
BC0B
BC2C
BA95
BB6D
BBCA
3BDF
BC2C
3AB0
BA88
B9E5
3A18
3BE3
BBD2
3A20
BBBA
3BFD
3C22
3ACE
3AA5
BB96
BBCE
3C50
3AC7
3B85
3BF9
BBE9
3C3D
3B79
3B4A
3C12
3BA5
BC8B
BAD7
BA5E
BBFE
3C6E
BC04
3BBF
B9AB
3B9E
BC2A
3BDF
BC5B
3C13
BA67
BC1F
BB46
3B84
3C19
3B56
3B6F
BBB8
39C2
BB80
3C0F
BB2E
3A4D
BC1C
BC49
BAE5
BB28
BA68
B7AC
BB5B
3B44
BC5A
3BE2
3C16
3ADF
3B0F
3BE1
3BC7
BBB0
BBCB
3B6A
BB50
BBB9
BBB3
3996
3AB4
3C67
BB18
3B82
BB3A
3C4C
3BC2
BB7A
BB36
3B7D
3B8A
BBBB
3B8D
BB77
BBBE
BBCF
3AD2
3B32
3BD8
3A54
3BF4
BB20
3C20
3B6A
BBA1
BC9F
3BDB
BB79
3AEF
BC1D
BC1A
BBC2
BBD2
BB21
BB99
3C30
BADF
3C5E
BB9D
BAF4
BC3C
BADA
3C2D
B96E
3C0D
BB02
BC3F
3B5F
3A3E
387D
BBB4
3BCE
BC20
BBC1
BA29
3BA5
BB00
3AEC
B9F0
BA6A
3B05
BBAB
BB27
BCAB
3C27
3B9E
3BCE
3BEB
BB65
3A1A
BA06
3A39
BAE1
3C44
BA29
3C41
3AA4
3C1E
BBA8
BB27
3B6F
3B4C
3BF9
BB5F
BB95
3B68
3B85
3BDC
3AB2
3B05
3BA2
3B57
3C65
3C04
BB44
3B1B
BBFE
BB9D
BA0E
BBE2
BAAB
3A89
BBB9
3BB3
3AE2
BC16
BC1E
3B4F
3B5D
3AB3
3C07
3AAA
3C07
3B53
BC13
BB98
3C15
3AC7
BB57
BC2D
3C91
3BDD
BBA7
3C39
3B89
3A8A
3B9F
BBD9
BA79
B986
BC29
BB9C
3B0F
3BED
BBD6
3B15
3A87
B808
BA15
BC5C
3B44
BC06
3C14
3C6B
3C1D
3BC4
BC73
3B16
BB19
BADE
B942
BB10
BBA5
BB96
BAF4
BA18
B93B
BBFC
3AB7
BA1E
BC00
3BCF
BBD1
3B66
BB45
3C08
3AFD
BBA9
3BC0
3BB9
3C26
3BC5
3C24
BC41
3C95
BBCF
BC04
3981
BB25
BBFB
3B29
39BB
3AFB
3B6B
3BB8
3B46
BBA0
3BBC
BBA6
3AAB
BBB2
3C03
BC8F
BBEF
BB3C
3B9D
B949
BC56
BA11
3BA5
39E3
BBE1
BBA7
3BA3
3B04
3AA6
BBF2
BBB6
BC10
BBE2
BBCE
BB0C
BC89
BC2C
BB0B
3BA4
BB46
BC20
3A94
BBFA
3C30
BBF7
BC21
BBDB
BC69
3BD2
BB0B
BC8B
3BC1
3AC6
BB92
3C7E
BB0A
3B4C
BB11
3C15
3C11
B9EF
BB15
3B4D
3B89
3AE7
3BBF
BB74
BB78
3BE1
3BD5
3B9B
BA96
3C7E
BC68
3A96
BBCF
39E2
3A53
3A8C
3A3F
3B40
3B39
3B9C
BB9F
3BFF
3C2F
BC1B
3A1F
BBA8
3C05
3B22
3BBF
BC11
3BDE
3B6F
3B73
BB4B
3BCE
3C17
3ABA
3B88
BAF0
3C0A
BBB7
3B9D
3AD8
BA34
3C9E
BBB3
3C9E
BBE6
3B22
3BCA
3BD1
3C0C
3BF5
3BB7
BB93
3B73
3B8B
3BB0
BAF1
3C60
3BA8
BB02
3C15
3B0C
BB71
3BC0
3A42
399D
BBB0
3C16
BB30
BB7B
BB1E
393B
3BAC
3A8C
3A31
BC3A
BBAD
3B26
BB7C
BB82
BC08
BC35
BBA7
BB2C
3C4F
3C04
3BD2
BBBB
3B24
BB1F
BA2A
BC40
3C39
3C7B
3C51
3C1B
B7D7
3BFA
BB83
3C17
3A2E
BC49
3B40
B94E
3B05
B7EB
3C2F
3C1F
BB2C
BC03
B9EA
3C1F
BC27
3B0D
3C0B
BBE0
39E5
BBBB
3B50
3B8E
BC69
3C00
BA2D
BB8B
3AF3
BBEC
3B3B
BAB2
3B9A
BB7C
3B91
B9EA
3B8B
BBD7
3B93
BC10
3B47
3AE9
BC81
3BA4
BB6C
3BD0
3B12
BB36
3BAD
3B12
BC43
3BDE
38F4
BBEF
BA3F
3BD7
BB8A
BA76
3B7F
3B14
BC1E
BA63
BC0B
3AC9
3C1E
3B5D
BB82
3B7B
3B0D
BBDA
BB82
BA47
3C4D
3C26
39BB
BBBC
BC1B
BC12
BB0F
BC2E
3B88
3BFE
BBA3
BB99
B998
3AC0
BBD4
BB1C
3BC4
3B6D
370E
3C07
3B85
B8EA
BA8E
3A6E
3C57
BBD5
3BA7
BA2A
3B98
BA1B
BC2C
3B0D
BC5B
3BB1
3AD0
3AD0
3BD0
BC30
3B8C
BAE2
B83D
3AC0
BA2D
BBAF
BC19
BB0A
3C32
BB23
B93F
BBEB
BAED
3C03
BB4B
3BE5
BC31
3B98
BB9B
3C18
BBE9
39C6
3BBC
BB9F
BB5E
BC07
3B08
3BDC
BBDD
3C54
BA5A
3B8F
BBF6
3BFA
BB89
BB4F
BAAD
BA42
39FF
39B0
3CC4
BC03
BB90
3B8B
BB9D
BBCE
BC25
BBA1
BA7A
BC45
3BDF
3BC6
3BE5
3AC2
BBD4
BA52
3AFF
3B7F
3B40
3AF9
3B78
BBA7
BB8C
3BF1
3B95
3BD5
3B39
3B5E
BA6D
3B73
3C37
3C2D
3BA4
BACA
BA53
3A39
3B4A
3BE0
BB60
3C6A
BC8F
BAAA
3C4A
3C06
BBC3
BBE0
3BE6
3C0A
3BB9
3C0D
3BF7
BC07
BB20
BBBB
3ABC
BB27
BB56
3BB7
3B81
BB8C
3A36
3BEC
BBE3
3BB3
3A0C
BC13
3B4A
3BA0
BBBC
3C11
3C16
3BD5
BBD0
BB8E
BC2C
3BE9
3B58
3C72
BAA4
3BB6
BB56
3B3D
B9A0
3B0E
3B9F
BB6F
3C82
3BFF
3C1F
3B8D
3C25
3C0E
BBAE
3AB9
3ADC
BBD2
BC07
BC08
BBEE
BA78
3BC3
BB93
BC1E
3C22
BABD
BB8D
B922
3C23
3C57
3B98
BC02
3C2D
BB84
3C31
BB6E
3A93
3B09
3A93
3ACC
3AE5
3BB5
3BED
3A5D
3A91
BAD9
B819
BBCB
BBA6
BC21
3C18
BAF2
3BF3
3B25
BC21
BB82
BB7A
3BEE
BAC7
3B51
3B89
BC07
3B30
3B1E
3A8E
3C23
3BBA
3C07
BB62
3B2B
3C3D
BBBE
B95F
3B4A
3C54
BBAE
BA4F
BBD9
BB81
3C0C
3B29
BC19
BC15
3BA9
3C25
3C83
3C64
BC29
3C14
3BDB
BC37
BB5F
3AC0
3BD0
3A95
397C
BAE3
BB62
B99A
3BC1
3B1E
BC50
BA5F
BC0D
3AD2
BB6A
3BB3
BA81
3B99
BB2A
3B53
3BAB
3BF3
3B20
3BBE
B90C
3A37
BBA6
3A4F
BBE7
3B1C
BBAF
BA37
BBD6
BB34
BBDB
B9A2
3C05
3B17
3C00
3B7E
BBAA
3B29
3B15
BB13
3C00
3C37
3C23
3BCB
B9F9
3A69
3C31
3ADC
3C81
3A07
BB96
3C81
3C35
BB8D
3BE7
BB60
BA17
3BB6
BBAE
3C88
3B5C
3B8C
39BF
3BE1
3B9C
3C29
3BD8
3BE4
3BCC
3C27
3BC4
BC18
3903
BBAC
BBE5
3B12
BA30
BBC1
BBE3
BA5D
B90F
3BBD
3B87
3A23
3B05
BB18
3A23
B9E6
3AD5
3C3F
BB43
BB03
BA5E
BB36
3C0A
3C45
3B49
BB3E
BAD9
3C01
BBCA
BA3D
3B85
BC02
3B2E
BAF0
BC2B
BC6E
BBA4
39B2
3BB5
3B82
BAA9
3BE9
BBD5
BC39
38EA
3A32
BB9D
3C00
BBE8
BC08
BBE8
3B75
3B32
3A33
BBB2
BBD6
BB9A
3B0E
BBBC
3BC2
3B21
3ADA
3AA5
BB57
BC30
3A3E
3C36
3B6D
3ACC
BBBA
3BE0
BBBC
3C2B
3C3C
3B30
3C3F
3AF7
3C34
BB94
3C64
BBD1
3C1C
3AB5
39C6
BB60
3C00
BB8D
3B5E
BAA4
BC01
BBF2
3BD2
BBFC
BBE6
BB91
BBE9
BBB7
3BBC
BB9A
BB35
BB0C
3C24
3B97
B8CA
BB9D
3BFD
B8F7
BAA4
BAE3
BC3E
BB9C
BBD6
3BFC
3A75
BC0E
3B19
BB15
BB6C
3C07
BC1C
BB36
BAFC
BBB5
BBB7
BAF9
BB4A
BC01
BBE6
BA0D
3A84
3C03
3C2C
BC13
BC04
BADD
3B6E
BBD1
3AD7
BC33
3AF4
3C33
BA3B
BB80
BA9E
BA4B
3B3E
BB1A
3BAF
3AD7
3B72
BA51
BC47
3BD4
3C56
BB85
3A87
BAF6
BB67
3B9C
BC56
BA53
3BDF
BBC5
BC5C
3C4E
3A48
BB8E
39AD
3BC0
39B3
BBF7
3BF2
B977
BBD1
BBDF
BC26
BB0E
3BD3
BACC
3A3E
BA00
BB8C
3941
3B95
BB60
3B09
3B26
3920
BC15
3B90
BC53
BB5A
3A9F
BB89
BC1C
BB74
3BA8
BAEB
3B8D
3B63
3BB4
BB8A
3B2E
3B8E
3AC8
BAE3
3A8D
3AF4
393E
3B7B
BA92
BB99
BBB9
3BD1
B9EB
BC46
BB85
BAC1
3B77
BAB7
3BBA
3C28
BADE
BAFB
3B5E
BC50
3AAA
BC29
3AB4
3BE4
3BC1
BA4B
BB29
3C35
3B4F
BABE
BBD6
BBA6
3B68
3BE4
3C20
BB39
BA02
3B5B
BC03
3B03
BBDB
3C10
3BB1
3C70
3A9E
BC00
BA78
BBD7
BBC5
BBD4
3BA0
3BCB
3C3F
BC18
3B65
3BF5
B997
BB68
BB2F
3B52
3B33
B923
BBB1
3B88
3C68
BA9A
BC1A
3B82
3BD6
BC23
3B66
BB13
3BC8
3B90
B7B4
BBBD
3C61
BAF6
3B87
3C20
3A9F
3A88
BA35
BBB3
BB30
BC04
3AC0
B8D0
BAFB
3BE6
3C1D
3AF0
3BEC
3A1D
BAEE
3C22
BBE4
3C3F
3C4F
BBB4
BBAC
BA8B
3C22
3BB2
3B3D
3C34
3C2E
3BC1
3C25
3BE5
BBE8
BAFB
BAA2
BC1C
3B11
BB4A
BB76
BB28
3AE3
3AD0
BBCE
B88F
3B7A
BA55
BC39
BB07
BC74
3BF8
3BD3
BC68
BC2E
BB0F
3B85
BAE2
BC55
3BB1
3C1B
BB64
BC3D
3BDF
3B04
3A5D
BB3B
3C0A
3BF8
3B8C
3C1E
3B5D
3B20
3B5B
3B09
BA6B
3BAB
3AD6
BB73
BC41
BBE9
3A93
BC53
BB90
BB66
BC1F
BBB6
3C36
BC2B
BA42
BA2C
BBDD
BACD
BB65
3B60
3BB5
BB8C
BA9E
3ACE
3B86
3BC1
BB3E
BB0F
BB93
3A7F
3C17
3A74
3B1A
BB26
BB56
39F0
3C4A
BB20
BB96
3BEB
BC16
3BBC
3B1B
3BE9
3B6B
3B87
BC0F
BAE8
BA98
3C33
BB56
3B8D
BB9E
3B24
BB84
BA01
BC0F
BAE4
BAC0
BC25
BBF9
3C4E
3C4A
3B02
3C03
BB4B
BC29
3BD7
BBF3
BAF1
3C7D
3B75
BBA6
3C35
BB81
3C9F
3BAB
BA66
BC4D
3B76
3C05
BC60
3C15
BC02
3BBA
B9EA
3C03
3C79
BBF8
3C85
3BF4
388F
3B96
3B52
3C52
BC25
3BF6
BBF6
3A3C
BC29
BC59
BB07
BBC6
BBB8
3B5E
3BD5
BB2B
BAB8
3C78
3C5F
3C1D
3B90
BBE4
3C1C
3C1B
3B69
BBEB
BBFA
BB6B
3790
BB78
BAB3
39F5
BB4B
BBB1
BB05
BA18
3B12
3C47
3BAC
3BED
BB64
B93C
3BB1
BBCD
BC87
3BED
3B4F
3C77
B94B
BAF6
3B53
BB24
3C19
3C54
BB9B
BB8C
3995
3B1C
3C12
BB9C
BBEB
3BA8
3BAD
3C0E
BBB0
B762
BB20
3B8A
3ADE
3BE3
BBFB
BC02
BA9B
BB9B
3BCA
3AC1
BBA7
3BCB
BCD9
BBC3
3C06
BB3D
3A76
BBAF
3932
BBA3
BC12
BB0E
3BDD
BBE8
BBCF
3BA5
3AF2
39AD
3C26
BA55
B9E2
3C4D
BAF9
3A57
BB8F
3CAD
BAA1
39B8
3BCB
3B00
BBE2
3C26
BC3F
3C36
BA9B
BBD5
BB78
3B87
BAC4
3C0D
BAFF
3B33
BB23
3B91
BA9E
3AE1
BBDD
3B9D
BB7E
BA93
BA84
3A4A
3C4D
BB9F
BB44
BC18
3C8B
BBE9
3BD5
BB99
3A13
3BD3
BC24
BA9A
3C1D
BAFD
BB53
3A68
3B8D
3C10
BA9E
3B90
BBC6
3C4E
BC2B
BC56
BB82
BC0E
BA02
BB80
BB37
3B7F
BBD5
BA4D
3B3C
3B18
BB01
BBEB
3C48
3AD2
BC38
3BD1
BBEC
3BCD
BBB9
BB26
3C59
BC40
BAF9
BAC0
B9EF
3B60
3BE0
BB2E
3A7D
3BCA
3B2B
3BAF
3BB1
3B13
3BE0
BB86
3C03
BA8A
BB70
3BBD
3BCE
3C01
3AE4
BC52
3B70
3BB3
BA6D
BC0C
3BC1
BB4A
3C43
BB04
BC4B
3ACB
BA10
BB72
3C84
3BDB
BB22
BB10
3BEF
BC41
BA61
3C2E
3BC3
3927
3BC7
3AD2
BC14
BB15
3CA8
B89A
3B2C
3AB1
3BBB
BB11
3BDA
3A5D
3C14
BB49
BB19
BAD0
BBF8
BBE0
3B7B
3BEB
BB35
BB1F
BB05
3AB4
3BAD
3C7B
3AA3
BAC2
3BBA
BAFA
3C26
3C28
3A01
BB22
3C8B
BBD0
BBE9
3A59
3B2E
BC29
3BE8
3C6B
BB58
3BB8
3C16
3AFA
3C4A
BBCA
B97F
BB95
BBD5
BB12
BBAC
BACC
3B50
3C0E
BBB5
3B34
3B98
3C45
3C2B
3BA1
BB98
39CB
3B88
BBFE
BB5F
B998
3BFA
3AD6
3B9E
BB9D
BB7F
BB75
BABF
BB8A
3B00
3BDD
BAE7
BADF
3C51
3C2F
BABF
BB4F
BC51
BBE9
BB07
3BB7
3BA6
3BC2
BBAC
3ACC
BBA2
BB25
BB6F
3C8E
3B36
3BB4
3B0E
BBC8
3A22
BC8F
BB54
BC90
3A94
BC9E
BAD4
3C10
3BA2
3B91
BB09
BB17
3C91
3A28
BBA8
3B86
BBC4
3BA4
BA9B
BBA3
39FA
BB5F
BC0A
BB19
398E
BB3B
BA41
BBFF
3B7B
3A17
BA81
BBDB
BB45
3B98
3BF1
3C07
3BC5
3AC1
3B83
3B81
B9DD
3C50
BBAB
3BB6
3AD8
3BB2
3C8E
39C6
BB43
3BAE
BC22
BBAA
3A48
3C43
3C11
3C56
BC4F
3C2C
3B38
3C23
3B10
BBFB
3B4B
BAC2
BB05
BB26
BC69
3BDF
BB8D
3B36
3B90
BAB9
3B37
BB86
3C57
BA08
BB9C
B897
BBE0
3B7C
BACF
3C0F
3C21
3AE8
3BBE
3B5D
3C5A
B949
3B8F
3AB5
3B2C
BC86
BC36
B8E8
BB49
3BAF
3A5F
BC0D
3C3E
BB3D
BB14
3C22
BBF3
3B27
3AD9
3BD3
3AAA
3BBC
3B23
BA47
3BB3
BB9F
3BFF
BC06
BB83
3B12
BA06
3B1A
3AFC
BB2F
BB1C
39C5
BB6F
3C16
3B33
BAAB
BB28
BAA9
3B96
3ADD
3B72
3C10
BC0E
BB4E
BC6A
BB6A
BB7F
37CE
BA60
B862
BBC5
3C10
B8B8
3B81
BB4D
3BF9
BA9E
3BCA
BBEC
BC00
3BC4
3B55
BBFF
BB96
3C2A
BB36
B82E
BAA8
BBFA
3B22
3BA2
3AC5
3C31
3BAC
3C1C
BB05
BB99
3C20
3B95
BB65
3B1A
3B2D
3B9C
3B8D
3C84
BB61
3C7A
BBDB
3BA0
3AFF
BB60
BBF2
BC9F
BC4B
BC65
BBB7
3C0B
3C57
3C79
3AF8
3B2D
BBB1
3BDD
BAE3
3C9B
3A88
BB2D
3C27
3BA2
3A86
BB2B
BAA7
3C59
BBC1
3B9B
BBF4
BB8E
BC29
3AD3
BA84
3CB8
BB01
BBA7
BC12
3ACF
BBAE
B9F6
BACE
BB0F
BC2C
BC44
3BF0
BB46
3C04
BAC8
3C87
BC00
BB24
BC0E
3BD1
BB29
BA16
B8A6
BAFB
BBC6
B94C
3B1A
BA6F
B99A
3A5E
3C81
BA34
BA97
BB1A
BC30
BC04
BB65
3BF8
BBB7
BB25
BB5F
BC03
BB68
BC3D
B9AA
3B90
BABD
3B69
BC20
3B58
BC1D
3BF9
3B96
3BA5
3C76
3B16
3BC2
BAD3
BB43
B9C7
3C02
BB87
BA3F
BB9F
BAE4
BBB1
B94B
BB82
3B37
BA85
BB21
3AC5
BC04
3B8B
BBA8
3C8C
3BD5
BB67
3AFE
3B71
3904
3BE0
3C99
3B94
BBB3
BC0B
3C3D
3C14
3BA0
BBFA
3BD1
3C27
3C2F
BB0C
3C2A
BAC2
BBDF
BB5E
BBE2
BC16
3BC8
BAA6
3C14
BC0E
3A89
3C32
BB93
39DA
3ACE
BBA7
B9E3
BC92
3B71
BB40
BB42
BBDA
3BB0
393B
BB61
BB6B
3B8E
3C2F
B9B1
3B1E
BC87
3B89
BBD0
3B98
BB67
BBB8
3B8A
BBB5
3BF2
3A14
3BE9
BB43
3AB6
BB8C
BBA6
3BAE
BB1B
3BD3
BB8E
BB5B
BB9A
BAE4
BAE0
3BA7
3B5C
3BDA
38E6
BB68
BB62
BB90
3C35
3B4B
BAC7
BC1A
3ABA
BC6C
3AB8
39C2
B646
BBBD
BB7D
3C15
BC18
3C50
3B68
3B17
3B04
BAC2
BB90
3B81
BBBB
3C02
3C28
BB8D
3BCD
BC14
BB5C
BB23
BC1D
3987
3BD3
3B37
BB96
BBC5
BB0E
3AD0
BB10
3C06
BB7F
3B65
3B44
BC07
3B9F
3BF1
3B1B
3C1C
BBC4
3A6D
3BCC
BA98
3AB9
3C50
BB63
BBB3
3C52
BAAB
3B86
BADF
3BE4
BC49
BB95
3A7B
BBB2
3BAE
3BB0
3B05
BB6C
BB91
BBF0
3C7F
B9BE
3ACF
BAA7
B9E4
BA19
BB7C
3C8C
3A68
3C0D
BC06
39F6
BAB5
3BB1
BC24
BBD3
B9A4
BB3C
3C0A
BBE8
3BB6
3C01
3B07
BC36
BB33
BB86
3B92
B6A6
BB84
3C14
3964
3BD5
BB13
3C05
3C70
3BA5
BC86
3B16
3C9A
BBDD
3BB7
3BE5
3C24
3C40
3BA4
BB96
39FF
BAA2
3B5B
3C90
BA6E
3B8E
3B7F
3B3B
BBD4
3B1E
BB16
3BAC
BB29
BAED
3B05
3B7F
BC48
BBEE
BB5A
BC0E
BC13
BBD2
BA17
3B5C
BA3C
3B8F
BCBD
3BFC
BA2E
BBDF
BBB8
38F9
3A2D
3B48
3B9A
BAA5
3B90
BAE1
B8F1
3B5E
BC2C
BAF7
BC35
3BE5
3C19
BC49
BA94
BBB0
BC1F
394D
3A9F
BB8F
BBFF
3C30
BC2C
3B3C
3B88
3B89
BB9C
BB91
BC05
3B68
B9DB
3BAB
BA3B
3ABB
3C25
BBAC
BC2E
BBA5
39E9
BB80
3C16
3AFA
BBBD
3C33
BC08
BB85
3BEE
BAF8
3B1D
B9F0
3BD8
3ADF
BB71
3C08
3B9D
BBB1
3BA1
3C01
BB8A
3BC1
BB88
3C0C
BBC5
BAD5
3AC9
BBAF
BB9C
BC37
BB55
BBC5
3BDD
BAF5
BBA0
3A06
BC04
3B1E
BB8B
BBA8
38A1
BB98
3AE2
3C31
3C9C
3C17
3BC6
3BA7
BA89
BB17
3AB4
3B95
3AB6
BB89
BB53
3A02
BADC
3BA2
BB8F
BA41
39C8
BC06
B9AE
3B2B
3B14
3B97
3C35
3BB0
BADF
3ADE
BC80
BB46
BC48
BB30
BAD6
391D
BC78
BACB
BBE4
38F9
BBEF
3BDA
BB94
BA5A
BC08
BB9D
3BE3
BBEB
3B1A
BBC5
B974
3B25
BAA6
BBB8
3B9C
BB00
3B8D
3B07
3B84
3B89
BC0A
3C2D
3AD0
3B2E
3B27
3C01
BB36
3B6D
BB0C
3BEC
BC2D
BA95
BA3A
3B8F
BC67
BBD7
388F
3A22
3AA7
3BE5
3A0E
3BD0
3BF9
3B34
3A87
3C0F
3B1E
BB51
3C5B
BBF5
BADF
3BDF
BC07
3B4E
3C23
3B8D
BBC4
3BCF
3BEB
BC1F
3BBA
BBFA
3AF3
B9A1
BC29
3BE2
3C09
BACE
BC02
BAA7
3957
3B65
3AE3
BB51
3B94
BC1F
BBF8
3B7F
3B41
BBBC
3C39
B99B
3C22
3BA3
B924
BBBB
BBC7
BC1A
BAD0
BBC8
3CB0
3B14
3B9C
3B0F
BBD6
BC01
BB87
3B61
3B10
3B36
BBBE
3B7B
BA87
BC5E
BB4F
3B1E
3C21
3B56
3B4B
3BB2
3C16
3BDF
BC47
BC22
BC08
BC61
3B37
BAC4
3BEF
3A94
BBA4
3C29
BA26
3BE3
BB66
3C89
3C99
3B3A
BB70
B928
BBC6
3C78
3C32
3ABD
3BCE
BBD0
BB84
3C35
BC4E
BACA
3B38
3B2A
399D
3C13
BA12
3C7E
B980
BC1C
3C44
3BE4
BBEC
3A90
3C0A
3B58
BA94
3C35
BB91
BB55
BA12
BB56
BBFC
BBAD
3C22
BAD9
3A2F
3A8D
BC5A
BC15
39D2
BAED
BB81
3B16
3C2A
3B68
3B92
BAA3
BBE8
BB10
BB87
3C2D
3BA0
BB97
3C46
3B30
3A14
3AD2
3B65
BB4D
BB4B
BC47
BB8C
BAB9
BB83
3AEC
BB5A
3B76
3A86
3B72
3BE6
3BCD
BBAC
BC59
BB81
BB60
BBF2
BB43
BA10
3B02
B6B3
BA47
3C17
3C67
BABE
3B9A
BA70
BA18
3AC1
BB61
3B36
BBA4
BA7C
BB7D
BB77
BC44
BC0C
3C1F
3AC2
3B9C
3BB5
BA8D
BB73
BC0F
BC07
B8D4
BAC6
3BC1
BBB4
3BA5
BA49
3C2E
BC24
BBE0
3BB1
BC0A
3C37
BC0E
BBB0
BB3D
BBF0
3C5B
BBA1
BB84
3A89
3A83
3B23
BB1B
BBB4
3BD4
3A26
3B96
BB88
BBDF
3B47
BC4B
BBE7
3C2E
3B7A
BBA0
3BA1
BAF6
BB76
BB46
BC03
BC1A
3A05
3A0B
3BD7
3B9A
3BED
38D6
BB83
3ADE
3C31
BAA4
BC29
3C49
3CB1
3BEE
395B
3B21
BB11
BA41
3B2A
3B92
BB89
3B2B
BC03
3A9F
39A0
385E
3B81
BA75
3C36
BC01
BA89
3A5B
BB31
BA03
BC1B
BC87
BB8E
BAB1
3C19
3A16
3C09
3C12
BC3D
3B7A
3B73
3B96
BB94
3BDB
3A71
3B32
BC11
3B2F
BB2A
3BDC
3AA1
3B85
3C23
3941
3B6A
BB94
BB76
3C23
3C11
BBF4
3C47
3B88
3B5E
3B91
BBDD
3AF8
BBAC
3A02
3BA6
3B7A
3B50
3BD8
3B37
BC4D
BB29
BC70
3C1C
BB8D
3CBC
3C5F
BB2D
3C07
3B8D
BBA2
BABE
BBDE
BC33
3C14
BBBB
BA61
3AAF
BC4F
BA69
3BAF
BBA1
BB12
BB33
3A90
3C82
BA0C
BBDB
3B3B
3C36
3C08
3BED
BB95
3BDC
B9C5
BA18
3C0F
BB40
BB32
3BF0
3B9C
3B4A
BA6A
3AE8
BA57
BBE1
BBA7
BBD3
3AEE
39F6
BBD9
3BE6
3C83
3B77
BC02
BC64
B99B
BC5E
BC33
3A1F
3C2D
BB0C
3B95
BA0B
3BFC
BB62
BA95
BC0E
BBD2
3C26
BAF6
3A87
3B6F
BB6F
BC33
BBB9
BB70
3B53
BBF2
BB20
3BD3
3AF6
3A29
BBE8
BC3A
BB32
3B66
BA84
BBA0
BBCF
3B3D
3BF6
BB84
3B12
3C7A
3B71
BAC6
3BA7
3BA4
3C4C
BB45
3B89
3B37
BC19
3AC2
3C04
3C05
3B08
398A
3B37
3C12
BB31
3AE8
BC55
3BD0
BC50
B91D
3C28
3AD3
B98A
BC1B
BC20
3B82
3C30
391D
3BB1
BC1A
BBF5
3C06
3BE4
BB69
3B63
BB93
BC20
3B8B
3BFF
3B65
BC01
BB76
3AFB
BB26
3BBC
BBF4
BAF9
BBD0
BB63
BB5D
BBC2
BBEA
B9E3
BBF8
BBCF
BAAC
3BB9
BBD2
BB1A
3B4E
BBD8
BB5C
BB84
3C33
BBCD
39CE
BA05
3BAB
BB1B
BB6A
3BC4
BC07
3C0F
3BEF
3BD1
BC1D
BA06
BC2D
3BAC
BB4E
BBCC
3B70
BB13
3B69
3AA2
3A5E
BB82
BC36
3B6C
3C3F
BC12
3C27
3BE2
3BB8
3A22
38AE
BC50
3C36
3C56
3C2C
BC10
3A34
3C89
BBC5
3B2D
3BA7
3B82
3BD8
3BB7
B991
BAB1
3BBD
3B49
3C51
3AAD
BA38
BC02
3A59
BC5E
BB3D
BB8B
BA83
BC42
3B10
B911
BA14
3C01
BA54
BC0A
BC24
3AF2
BB5B
3C45
BBAD
395B
BB6B
BAD3
BBD4
3AA6
3C94
3C01
BA86
3BD2
3BE2
B8B1
38A6
3BC7
3C03
3CA4
399D
BA8A
B996
3B8E
39B8
3C22
3B84
3AFB
BBF2
3BB6
BBD0
3A8B
3BCE
B9CC
BBA1
BB69
3B9E
BBC1
BC15
BB96
BC23
3AF5
3B85
3BBA
3BC9
BC05
3BFD
BBB0
BB81
3BCB
BC49
BBCF
BB94
3B28
BC36
3B64
BB8A
BBB9
3AC3
3BB7
3BA7
BC0E
BBC8
BC76
BBCB
BBC6
3B15
3C94
BBE2
3BCC
BB5E
3B8A
BB5F
3BB0
BAF9
BB94
BC73
3BA1
3B46
3C19
3B18
3AC8
3B77
3C00
BC29
BAEE
3A9E
3C15
BBF6
3B76
BC22
3BB9
3BC8
3984
3ABE
3AD6
BADB
3C3D
3A31
3BA5
BAAF
3C2A
BB84
3A35
BB42
3C9C
BA43
3CB5
3B90
BB96
3BEA
BC12
3B30
3BB9
BA95
3B99
BABE
BC28
3C0A
BC30
BC2B
3C70
BBB9
3A96
BBD6
BAF2
3A72
BB6A
BC03
BBD5
3B6E
3A36
3AF4
BBE8
BB83
BB49
BC42
3B04
BB8B
3B93
BC4F
BC30
3A41
BB31
BB65
B912
BB0F
BC01
3B5B
BB84
3ABE
3BE6
BACE
3AAB
3910
BBAC
BBD4
3BBD
3C0D
3C10
3A96
BB3A
3B0F
BC50
BAA8
BA9B
BA0F
3ADA
BB84
BACD
3B01
BC78
BB5C
BB97
3BE1
3C1A
BC12
3B91
BAB8
3BE3
399E
3A1A
3BDB
BBA1
3BBA
B8F4
3B3B
3BBC
3B59
BB31
3BE9
3B60
BA09
3C3C
3AFE
3A91
3BA4
3BBF
3B4D
3C0F
3BD8
BBCE
3AC7
3A1B
3C49
3A27
3A3C
3C34
BB15
BB5F
BBC9
3994
3A7A
3BA2
BBE9
BC13
BB66
3BD5
3BD4
39B3
BBB4
BC41
3BF9
BB95
3B10
BB81
3C25
BBB3
B9BA
3BBB
39D9
3BA2
3AC8
BBFC
BB27
BBFA
BBC2
BB73
BBD0
3C0B
3AD1
BA94
B9A7
3BE0
3B94
BC1B
3AEA
3B9F
BB13
BC16
3B60
3AE7
BBAA
BBC1
3B20
3BDB
B9B4
3C0C
3939
3ACD
3B04
B7BE
3B2F
BB9E
BADA
3BCB
3A32
BB29
3B0D
BBB8
BBDB
BA58
3BB9
BAC1
3BFC
3B10
3BD4
BBCA
398C
3BFA
BB42
3B38
3936
BB7A
BB29
BAC9
BC0C
BB32
BB23
BB2C
3B1A
3BEE
3B85
3BAE
3B43
3B07
BAC7
3BA1
3C0B
BB49
BB60
3C15
3B8A
BAA4
BBA6
BB98
BAEC
BB5B
B9DF
3AC4
3AF7
BB97
3BEC
3C2D
BBE5
3B5B
BBE7
3B83
BC06
3BB9
3A4F
3A34
BBD2
BB60
BBCC
3B4A
3B9C
39EB
3BFC
3A93
B938
3B9D
3C0E
BBF7
3B4D
BC06
BB35
3ADC
3C1E
3AFA
BC72
BBF9
3A66
B99B
3C0E
3B2F
3A90
3B2F
BB76
BC23
BB7B
BB52
BAC1
39BC
3B77
3B73
3BAF
BBE7
BA99
3AC1
3BE3
BB34
3AF7
3A9D
3C1E
BB15
BC05
BB73
3B62
3C0C
BB59
3B89
BBFA
BBCD
BB35
BB58
BBAF
BA7E
3C16
BB1E
BBBD
3A92
BC37
BAA1
BC1D
3ACC
BACC
BABF
3AC3
3811
3B8E
3BD8
3C3B
3B19
3B1A
3C3F
BADA
BB69
3AFB
BBA6
BB9C
BB3A
3C13
BC19
BBC6
3BD6
3C03
BC29
3923
BA78
BBD6
3BB3
3BE9
BB3A
3AAA
BBB8
BBB8
3C1E
BAD5
BAB4
BC1B
3AB9
3B29
BBAD
3B72
BBAD
3C48
3C16
3C21
3B9D
BBB0
3C13
3BA9
3B97
3BA8
3C0E
BB79
3AB7
3C25
3C5B
3B87
3B6F
BC08
3B39
3C2D
3B97
3B2A
BB5B
3C44
3A59
BC04
3BE2
B970
BB7B
3B02
3A19
BBDB
BA92
BB13
3B6A
BC06
3B9F
BAC0
BBD5
3AD4
3B8F
3A9B
3B95
BC2A
BC31
BC32
BC47
B9B5
BB3C
3BDF
BB49
BB5A
3C0D
3B52
3912
3B57
BB50
3A25
BC23
BB5B
3BE6
BBFD
BB72
BC06
BA60
BB4A
BC0A
BC02
BBDD
BBDB
3BBB
B9EB
3BC7
3AA6
3B43
BC24
3B9D
BC27
3BD0
BBF2
BC29
3B8F
3BE0
3AA7
BACF
3B1C
3C08
BA95
BC12
3BE7
3BC8
BB02
BBCF
3B36
3C38
BB43
3B23
BC72
B8EB
BC18
3A69
BB9E
3B20
BC1C
BB65
BBB2
B9C8
3ACA
BB61
3AD3
BB2D
BB97
BC65
3B27
BB92
3BDC
3A92
BC17
BB58
BC91
3B5D
BBF1
3A91
BC7A
BB25
3C23
BC3E
3C1E
BBFA
B943
3A45
BBCD
3B47
BC1B
BBDA
BB14
3C20
BB7F
3BEF
BB16
BC2E
BB8D
3BA8
BB12
3C5B
BBAB
BBC7
BBB1
3C00
BBF9
BC2D
BBD8
BB69
3C11
3C24
BA88
3B5E
BB2A
BA07
3BED
BB68
BBC9
3B3F
3B37
BA98
BAAA
3C2F
3C00
3B21
3B5D
3B4E
BBCE
3BFC
BB79
3AC5
BBB4
3C34
BBAC
BC02
BAA6
3A74
3C7E
3B43
BB90
BA28
3A8C
3C13
3BE0
BAEF
BA32
BC14
B982
BBB0
BC6E
BC49
3C08
BC19
3C5C
3AED
3A97
3BFD
BB10
BB70
BB34
3BD6
BBAD
3B71
3B2B
BC13
3B4D
BB64
3C0C
BB4D
3C5E
3C1F
3BAD
3B2F
BC5F
3B21
3BD8
BABB
3B26
BB0B
3C05
BC3D
BA27
3BE7
BC31
BB90
BA5D
3C5B
38F9
3AD4
BC86
3B76
BB51
BA36
3B5F
B9DF
3BAF
3C09
3BD3
BC36
BBAA
BC70
BB21
3AA8
BBFD
3BB3
39A6
3BCE
BB72
3B81
3A56
3BA3
BAFC
3AB3
B915
BC12
B8EA
BB7E
BC18
381E
BC4A
3C17
3BA7
BB75
3A36
BC15
B9BB
BBE2
BACE
3B13
B920
BB08
BB02
3C34
3C12
BC34
BBDE
3BFE
BAD8
BB42
3B05
BB00
BA84
BB19
3B37
BB86
BBC2
3BE0
BC35
BC81
3A9C
3C3A
BC2A
3C6C
BC20
3B76
BB73
3B2E
3C39
3B1E
BC70
BA4F
3BE9
BA7B
BA80
3B3A
39EE
BBA0
390E
BC33
3C51
3BCF
BBCA
BB09
3BA4
3A4C
3AA0
BA86
3B42
BA53
BC28
BC12
3C1E
3C35
BC65
BC52
3C5D
3C2D
3AD2
3AD8
3C1B
3BA4
3C05
3B56
BB45
BC6A
3B42
3B3A
BC0D
BC34
3B9B
3C23
BA8E
BC22
BBB3
BBC9
3C65
3BAC
3BC5
BB3A
B936
3BDE
B933
BBD5
BB86
3A45
3C08
3BA5
3B24
BAD6
3BDA
BB88
3A7B
3BC6
3C4F
3AFA
BA87
BACE
BBBB
B959
3C1D
BB41
BC37
3B22
3B82
BBF2
3975
3B92
3BAD
3BE9
3BBC
BB9D
B9F7
3C20
3C06
BC2D
39B9
3BF3
BC14
BC00
BC39
BBA2
3B2B
3AB0
3C2C
BC03
BBE6
BBD8
BB50
3C15
3B64
BB53
3B6A
3B93
3AC7
3C35
BBCD
3C13
3BEF
3C45
3B9E
BB9D
BB95
BC35
3C67
BB91
BC2C
BB28
3B92
3B18
3BB9
BC34
BC16
B9A8
3BE2
BBDC
BC2D
3AED
3BBA
3A08
3B75
BBF7
BA7A
BC5E
B9BE
3B93
3B88
BBB1
B953
BBA6
BC53
BC0B
BB84
3B4F
3C0D
3C28
3C1B
3C47
3BE8
BA53
BB93
3C90
BB05
BBDD
3C14
3BFD
BC59
3C8A
3B86
3B96
BB07
BB8D
3C2B
3B9D
BC23
BBBF
BBCE
BB26
BBA6
38D1
3B56
BB0D
BA7F
3B97
3AB5
3A9B
3C22
BB49
3BF9
BB12
3C2B
3BCF
BB3D
BC03
BC24
BC29
3B57
BA94
BC81
BBB5
B738
BC40
BBE5
BB81
BC23
3B1C
3C8F
BBE7
3BD8
BC18
BB77
BB84
3B93
3C03
3BA2
3BA2
BB47
BBA9
3C21
BA80
BC4E
BB02
BB10
BBA3
BAD7
BB94
BBBF
BC29
BAE1
3BE8
3C38
3C4A
B96E
BB0B
B98D
BB03
3BC5
BC2D
3B03
BB88
BC12
3C0C
BAF3
BB85
3C32
3C16
BB2F
BBB0
3C1B
3C24
3AF8
3C36
BC86
3A36
3C27
39AF
B9C8
BB89
3BA7
BBAD
3AEC
BB9B
3B87
3B0D
BA16
BB16
3B2D
3A86
3B27
3C47
3C63
3B52
3C5A
3BD6
BB0D
BB97
BBBB
3C0A
BC71
BB5E
3C00
3B6F
3C6B
3B04
BB06
BB8A
3B26
3B7E
3B05
BBA4
BAAB
BA81
3B9F
3C31
BB5B
BAF2
BB74
3BD2
3B90
3C11
BB07
3B75
BBDB
3A65
BC1A
3B1B
3B42
37F8
BAD4
3A62
BB00
3B13
BBEB
3C6B
3A8A
BC88
3B9E
3B8E
BB9D
3B3B
BB8E
3BAD
3C49
BBA7
3BD5
BBCE
BBDE
3BB2
3BED
3BAD
BBB9
3BD1
BB84
BAF4
BBDB
3BEE
BC0D
BB04
BC7E
BC3A
3A90
3C19
BA96
BA99
3BEC
3B30
BC0A
BC33
3A34
3B7E
BBFF
3AD0
3B48
BB46
3BCC
3C2E
39CD
BBA3
BBE0
BAD3
BBE4
BAD3
3BCD
3AC0
BAFC
3B68
3B42
3BC2
3C05
BC78
3A94
BC05
3BD9
BC36
BB2A
BC44
3B6B
3BFC
3C25
BB81
3C44
3BFD
3C96
3C2F
3BEB
BAEC
BBF1
3B49
B983
B9FF
3B94
BADB
3B34
BA8D
BADA
3BF9
BAEC
3AAD
BB22
3B43
3C2C
3B65
BC92
BC2C
BA1D
BC26
BAFE
3C39
BBFA
BBB6
3B5A
B738
BC0C
BB04
BBEE
3AED
3B2D
395B
3C05
3BE9
BC30
BAF4
BB92
3AC1
3C8F
BB7E
39A5
BB49
BBCE
BB06
BB57
BB5B
3AB1
BB85
3C17
3BD8
3908
BAAF
BA27
3AB9
3A3E
3B29
B902
BB3A
39A5
3B1D
BB5B
BC31
3A09
3C06
3BB1
3C2D
3C25
BBBB
3942
BBA4
BC69
BB2F
3B31
3BA5
BB4C
3B0A
BB52
BB9B
BC00
BB63
39B3
BBD3
BB30
BBB1
3B9F
BBE5
39C6
BC3F
BBC6
3B4D
3C53
3B26
BB18
3BA0
BBB4
3BE0
3B0D
BBCF
BBD4
BAE6
BC4C
BC46
BC7C
BA30
BB03
BBA4
BC17
BC0A
BA46
BAAC
3968
BA51
BCA0
BB11
BC59
BBDF
3A19
BA93
BB90
BB77
BBFB
BA8F
BBF2
BB5C
BBB4
3C10
3BBB
3AA4
3B9A
3A55
3A06
BC6F
3BC7
BC8B
BBE0
3B83
BB26
BC47
BB12
BC14
3C3D
BB55
B9C3
BB96
3C4C
B9CC
BB72
3A9F
3B6D
BC94
3BF2
BC14
3C39
BC08
3C48
3B43
3BEC
BB8F
3C35
3B90
BB8C
BB00
BB4D
BBAF
BB4C
BA92
3B43
3BA5
BBF3
BA9F
BB93
3C2E
3BAF
B938
3B81
3A92
3C14
BBB1
BACE
3C40
BAB3
BC1C
BBBC
BB26
BBC8
3C30
BB79
BBF6
3C47
BC5D
3AAD
3C25
3BC9
BC35
3B67
BB13
BBDA
3AA3
BBB4
3C12
BAE6
BC8F
3B33
BBAB
3B49
3AD6
3BF7
3BE8
3B07
BB45
BC08
3C5C
BC29
BB94
3A43
3BA9
3C0F
BC1E
BC16
3C44
3C1F
3C24
3C9B
BB75
BAE7
3A01
BB87
3B9B
BB1D
BB1C
3B3F
3C08
BA07
3C44
BA7C
3B34
BA05
3BFC
3B7A
BBF8
3C50
3B1E
3C10
3BFA
3A52
BC1A
3A2B
BAD0
3BDE
BC09
BB93
3B95
BC92
BB28
3C82
BBC1
3B2C
BB7C
3C4A
3B35
BA85
3B23
BBE9
BA05
3CBF
BBDA
3B96
3C35
3BE0
BA8D
BB2C
BBF2
3C1B
38B5
3BB3
BC22
3B74
3C01
BB85
BC3C
BADC
3B28
399D
39AC
BB4E
BC67
B8EF
39E5
3BAB
3B43
3BD8
BB0A
3C2A
3C32
BC3D
BAB6
BBB7
3BEA
BB1F
BBBE
3B9D
BB8C
BC23
3C7D
BAEC
BC13
39BC
3BE8
3B83
BC4B
3A9A
3C14
39ED
BADA
3B72
3BCB
BB23
3C10
3B43
BC20
3BE0
BB06
BB95
B9ED
BB80
3BF9
BB7A
3A0D
3B83
3BEA
3B99
BC4B
BBBF
BB1E
3BC4
39AD
BB87
BB89
3B2E
BBA7
3B81
3C36
BC02
3A4E
BC31
BBE0
3BB4
3B31
3B1D
BC51
BB7A
3B98
3C07
BB14
BB7A
3AA2
BBCA
3BC6
3AF9
3A4D
3B6D
3BFA
3C31
3C46
3B65
3BD5
3C04
3AF6
3B13
3C02
3BD7
BC90
3BC7
3B1E
3A56
BC36
3AE8
3B50
3A7D
3B8D
3AC1
BB61
3A71
3BAC
3BB5
BB07
BA4C
3C16
3C05
3BAC
BC9D
BA5F
BB7A
3ADB
3B92
BB16
BC93
BC14
3C2F
3A78
3C01
BBFE
3BF4
3C17
3BBD
3B9E
BC9F
BA0D
BBF3
3C39
3BF6
BC9B
BB2B
BC08
BABF
3B5D
3BC2
BA95
3B4E
3C1A
BC09
BC40
BC33
3A03
B911
3B8A
BBFA
3931
BAE8
3B50
3C07
BBF9
3891
3C15
3C08
39D7
3BAB
BBEB
B9E4
3A8F
3B96
3B1F
3AB8
BB84
BB92
3B49
BA18
3BBC
BC31
BBA0
BB58
BA9E
BC18
3C59
BC06
BB7A
3B3A
3BF5
3C91
3C7F
3B51
BB4C
BBD4
3C61
3C50
3B17
3BF2
BB8A
BC09
3B0E
BBAE
BB98
BADD
BBC7
3B10
3A90
BB74
3B06
3B06
BB06
BB45
3BB7
BB6C
3BE6
BA9E
3B56
3A0E
3B14
BBC8
BAE9
BB5E
3AAB
3B56
BC13
3B32
3BD6
BA46
3B69
3C15
3AF2
BB38
3B74
3C41
BB10
3C45
BB14
3CA8
3C2E
BB95
3A9B
BBD4
3B3A
3A33
3C22
BB03
3957
3AF5
3B2D
BC50
3BDB
3ADD
3B27
398C
3B32
BBD2
BC32
BC38
BB92
3AE2
3B76
BBE3
3C15
BC38
BC61
B92F
BBC3
3C08
3C0F
BBEB
3B18
3BBD
3A93
BA5E
BC27
3BE7
3C18
3BEC
BB28
3AB5
BC29
3B33
3BB7
B9FD
B53E
BA87
3B87
3B93
BC16
BB59
3C9A
3B9F
3B7C
BB1F
3B0B
BA83
BB27
BA40
BB34
BA1A
BBDE
BB8B
3ABB
BB22
3BB9
B925
3C39
BBD0
3BDF
3BCF
BB06
BBD8
3B91
BB80
3A94
BB02
BB0C
B936
BB25
BB16
BC1B
BB89
3BC6
3B0A
BAAB
BC8F
BB07
3C00
3A09
BC04
BC73
BBB1
3BDA
BB1B
39B6
3ABF
BBA0
BAE3
3C6B
B988
3C36
3B6B
3AA9
3B51
3B71
3B0F
3BAC
3B89
3B11
3C0A
BC0C
B9C1
BBCE
3C47
BBDA
BBC9
BC0F
BBE7
BCA8
BC19
BC3A
3C04
3C26
BBEE
3C00
3C3C
BC37
3B98
3BD0
BA83
BB57
BB37
391A
3A59
3B0C
BBE4
3C9B
BBC7
3C26
3B11
3C5D
3B7E
BB9C
BB92
3A15
3B26
3C07
BC57
BB20
3C09
BC25
3B10
3ADF
3BE2
BBA8
BBD2
BAF3
BBFF
3AE5
3BDC
BA6E
BC24
3B59
3AF4
BC20
3B1E
BA77
BBD3
B9CD
BBF1
3BEA
3C73
BBB1
3B1A
3A5F
3B87
BBC0
3B99
BA4E
3927
3C5B
39F6
BC04
BC47
BBEA
BC75
BAAC
BBBC
BC33
BB87
BC2D
BBA1
BA4B
BAE5
BC3E
BB84
3C4B
3B60
BBAC
3BAB
BC1B
BBD2
3B63
BBD6
3C89
3C4F
3A86
BC8C
3BDD
BB59
BB01
BB93
BC0F
3BF2
3BA5
3BA5
BC42
BBA0
BB21
3B8C
3AA6
3BB0
3983
3C03
BBCA
3B90
BBAB
3ADA
3A86
3B1B
BC17
3B64
BBE6
3ABA
3C1B
3C11
BBA6
39CE
3C45
3BDF
BBED
BA79
BAE4
BB91
BBDF
3915
3BBF
BC0D
3C42
BAC8
BB82
3B8D
BC13
3C5F
B8A8
3BC6
3C08
BC19
BB8D
3836
3ADA
3BD4
3BC5
3AAA
BBB1
BA49
BB7A
BA30
3C7B
3BB2
3B36
3AD4
3B8D
BB90
3B64
3AFB
BB96
BBC3
3BB9
BB0F
3C3C
3C1A
3B2D
B82B
3BE4
3BD4
BC14
3C71
3B21
3ABB
B9EE
3B1C
3C33
BB4A
3BDC
BAB3
3BFC
BADF
3A15
3B5A
3ADC
3BF3
BAF4
3B26
3C04
BA5B
3BAA
3B58
BB39
BC15
3C44
3996
BBA3
BB72
3B8C
BB01
3898
3BD9
3ABF
BB2E
3B31
3C0E
BC44
BC17
BBF3
3C85
BC84
3BFC
B737
3BE3
BBC8
3BA1
BC6F
39E1
BB01
3B3D
3B47
BB2F
3C33
BC11
BC0F
3C07
3C3B
3A95
BC3D
BC0C
3B64
BBDA
B981
BBAB
3C1D
BACB
BB4F
B827
3A10
3B51
3BA3
39AF
3B23
3BF8
BC4C
3ADA
BC31
BB80
3CBD
BC00
BB9A
3BDF
BBDC
3C00
3C64
3BD5
BC21
BC8C
BC46
3C09
BB80
BC28
396B
BB83
3BA2
BADD
3A8C
3B9A
3B9F
3B7F
3BB2
BB8C
3ACE
BA78
3C37
BBB2
3B17
3C36
BAAC
3A6C
BA58
3BB4
BB45
BB4B
39AC
3C3F
3B58
B973
3C0D
BBF6
BBBC
BBA3
BBAC
3C0A
3A26
BB93
BB43
3BA2
BC14
BC1D
BC55
BA84
BCB1
BC70
BBF8
3C6B
BBA1
3B17
BB11
BBAE
3C63
3BCA
3C66
BC48
3B90
BC3F
3A8B
3A9C
BC03
BBA1
3B5B
3A4A
BBC8
BC0B
BACC
3BA3
BAB9
3C04
BC42
BBE4
BB37
BB94
BC2F
BBA2
BACC
3C1A
3C46
3C0A
3BCF
3B12
3BFD
BB35
3C1D
BC2C
3C2B
3B59
BBC7
BB70
BB39
BB82
BBB6
BBE6
3668
BAC9
3AD6
BC04
BADF
3BED
3BEC
BACD
3B28
3C03
3C11
3AF7
3AAE
3BB7
3C25
BBC6
3B76
3B8B
3C0A
3A40
B6AF
3B1D
BC0A
B766
BB1C
BB77
3BF2
3C12
3B23
BC1D
3BEF
BA9E
3C13
BBF6
BC5B
BB37
3BDA
3BC1
3BDD
3B1C
BBE4
BAFE
BA3C
BC05
3C16
3B16
BB8E
BBCB
3C3D
3C20
3A48
3BF4
BBF5
3C35
3C4A
BC24
BB0A
3A1E
BAFF
3AA3
BB85
3B90
BB1D
B940
BB6F
BB96
BA78
3BEB
3C97
B9FF
3BE6
3C2F
BA9B
3AE3
3C13
BB8C
38C9
BC15
BC17
BB36
BC21
3C19
BB13
BC98
BC01
BABE
BC51
3B8F
3BB2
3C6D
BBAF
3B4E
B81E
3C36
BB4F
3BC6
3B7D
3AB3
BC12
3C0B
3BF5
3C1B
3C07
3B6A
BC61
BBD1
BC1E
BB8C
BBEC
3AB9
3BA5
3AE8
3822
BC22
39B2
3BB9
BAFA
BB9D
3B97
BC45
B93E
B9A0
BB98
BACC
BB44
BC44
BB65
BB0E
3B06
BACF
BB9C
3C43
BAD8
BC06
BBDB
3C44
BB80
3BEB
3A0F
BC59
3C87
BBAF
BC0E
BA14
3BFC
BC1A
3B9F
BBBA
3AA1
3BE2
BBEC
3C58
BAD6
3A34
3A4E
BBAC
3C18
BC47
BB86
BBBC
3BBE
BC16
BB9E
3906
3C22
BB59
3C23
3BFC
3C08
3BF9
3BDA
BB12
3B15
3C3A
3B03
BA71
3C31
BB03
3B9D
3B9E
3BBE
BA53
3C0A
BB97
3BCE
3BBF
3AA1
BB4E
3C00
3BA6
3B10
3B9D
BC4C
3B40
BB40
3C19
BA11
BC07
BB29
BC06
3B3C
3C82
BB02
3BE7
3B21
BBCD
3BA1
BB36
3BE3
3B6B
3A80
3BC4
BC1B
3BF1
3B5F
3BFE
BBB6
BBE6
3B4C
BBFE
3B8A
3BFA
BC1D
3B33
3C24
3C11
3BE1
BC03
BB89
3BA0
BBAF
3C3B
BB55
3AAE
39A1
BB46
3C37
BB7D
BB4F
BB28
39D4
3B67
BB92
BB17
3A6B
BC07
3BEC
BB7C
3BF2
3B77
BBAC
3A9D
BC74
BBA4
BAE1
BBAF
BB88
3B56
3B38
3AF2
BB7A
3A58
BB57
BB28
3BAC
3BB6
3A77
3B31
3BAB
BB1B
3A75
3A92
3BE9
3BB3
3B3A
3BC0
BBD4
3B5A
BC20
3B9F
BC0F
3C05
BC84
3908
BBEA
BBFF
3B99
3B78
BA86
BC0F
BC11
3B70
BC17
BBFF
BB81
BB93
BB45
BB9B
BB1E
3B44
BB27
BC10
3A10
3BF7
3B63
BBE2
3A8A
3C18
3C87
3BA4
3B5F
3B81
3BA2
BB66
B965
397B
3BC4
3BAE
3B67
3C19
3C36
BBBE
3B85
B967
BC18
BAF9
3C0F
3B4B
3C58
BAC5
39C2
3B6E
BA24
3C74
3B2C
3B4E
3B6E
3BE3
BA49
BBEA
BB05
BA67
BB99
39D7
BB35
3B60
BC45
3A80
BC59
3BD6
3BEF
BBAB
3BC5
BB8F
3BC5
BC22
BA28
BBB5
3B94
BBB9
BB84
BC02
BAC6
BAD3
3B65
BBD6
3BFB
BC08
3B9D
BB1F
BC7D
3B99
BBF2
BAED
3B0C
3C04
BC2A
BC3A
3C1C
B91B
BB8A
3C1B
BB84
3C50
BBED
BB73
3B6E
3B83
3BF8
3C52
3C03
3B16
BBB7
3B9C
BBC2
BB99
B9DC
BB54
3C1E
3B79
3B4E
BB0F
B94D
3C0E
3C14
3BC9
3BA2
BC29
3CAA
BB5D
BBEC
3B8B
BB88
BBB4
3B7F
BBD9
BC02
3B43
3B35
BC28
BB01
3C36
3C57
BAB3
3C87
BC27
BB24
3B3A
BACC
BBBD
BC2A
3C05
3B71
39E5
B982
3B64
3BA4
BAF5
BBEB
3BCB
BAC3
BB91
3A78
BB0C
3C1F
3B70
BC81
39FB
3BB2
BB05
B977
3B49
3BE5
BC1F
BC11
3B52
BC16
3C41
BBAC
BBBE
BC90
BC03
39D1
BC75
3BEB
3C4C
BC16
3B40
BBE9
BB04
3C0D
BBAB
BBDB
BA57
3B19
3B9B
3AE3
3AD1
BB4D
3B11
BB87
BB26
3C82
3B40
BC26
3B05
3BB4
BC66
3B5A
BBF7
BC07
3B72
3C09
3BEB
3962
3BCE
3BC0
3B24
3B00
3B91
3C2F
BA98
3B64
3BC7
BB3B
3B8A
BBC5
3B81
3BD6
BB0A
BAFF
3B8E
3B61
3C43
BA60
BC20
BC02
3B79
BBCD
3B88
BC14
BA2D
BBDB
3BCD
3BD5
3B44
B9F9
BC3D
BA7D
3B90
BC05
BBB9
BC07
BC09
BC7D
BAF1
BA00
BBB7
3BCC
BBA7
BA02
3B24
BBA7
BB2A
BBDA
BB30
B9F6
3C26
BC23
BAC7
3BA3
BBCB
BB28
3B16
3AB2
BB8D
3C8B
BBC2
BBB3
BB71
3C4C
3B4B
BC4D
3C4C
BB02
3B4F
3C18
BC3C
3BB4
393A
BC27
BB04
BB5B
BB1E
3C19
BAD6
3C55
39E2
3B9F
3B54
3BCE
BA1D
BA8B
BBBA
BB3B
BB34
3C07
3A88
3C4A
3C1B
3C1E
BC39
3A0F
3C42
BC2A
BAE9
BAEA
3B10
BA7A
3B6E
BC86
BBE3
3B91
3C10
BA08
BC77
BB70
BBCC
BB29
3BD9
3B79
3B70
3BA1
3965
3C03
BBC3
BB9F
BB78
3B45
BA18
B954
3A8F
3B66
3BC3
BA7F
3B6E
BC1B
BAC4
BBDA
3A9F
BB48
BBAB
BC33
3C1F
3A95
BBB3
3BF7
BB5E
BAAD
B9D2
3B4F
3BBD
BA6D
BBB1
BC7A
BAAD
BBB0
3BFE
BB5C
3C37
3C13
BB7A
3B65
BC18
3C73
3C71
3B18
BC76
39A5
3AFC
BBA4
3BDA
BB14
3B9C
BC21
BBDB
BBA9
BB9A
BC04
3C10
3911
BB41
BB57
3B93
B990
BC20
3C00
3B35
3C76
3917
3BB3
BBD1
3BB2
BBAE
BBF7
3BA2
3C04
3B78
BA95
BB63
3BF7
BA89
BC9A
3B79
3C48
3C19
BB9E
BBA1
3AB3
BC2A
B9F8
BC04
3C0C
BBEB
3C35
3BD9
BA96
BC6E
38E4
3BF5
3C64
3C00
BB14
BC01
BC19
BC07
3B66
BBAF
BC76
BB58
BBB1
3B84
3AF4
BBD9
39A2
BC4F
3A1E
3C26
BB83
3B65
BC5C
3B92
BB41
BB8F
3C90
BA9B
3BD0
BB8C
BBF5
BC02
BB31
BB54
3BD3
BBDE
BC4F
3C04
3B08
3BB2
3BF4
BC31
BBCB
3AB9
3BB5
3C05
3B1D
3ACB
BC25
BC0D
BAE4
BC02
BC46
3C49
BBAE
BAAC
BBCE
BC39
BC36
3A91
3C51
3AD1
BC29
BA2D
3B76
BC1D
BA58
BAF0
BAC3
BBEC
3BE0
3BD1
BC49
BB85
BBFA
3B9C
3B62
3BA2
3BA0
396C
3C69
BBDF
3A52
BB04
BB1C
3B4F
BAC1
BBA1
3B82
3AC1
3ADD
BB9C
3C01
3BD4
B9EF
BB88
3C15
3AAE
3AAE
BAFB
BB3D
3B45
BBE0
3BE7
BB1E
BB5F
3AD1
3C13
3A99
3C16
3BD3
BAB5
3C17
B9AD
BC6B
BC14
3C2D
BC03
394C
3C43
3B70
BC1E
BB14
BBFC
BBC0
3A95
3AFA
3BB0
BB0C
3BCD
3BB4
BC40
B907
3B1B
BACA
3B03
3A02
BBF7
BAD3
3BAC
3BAF
BC0B
3B29
BBDF
3BF2
3BC9
B985
BBFB
3B97
BC0B
3AEC
3BA8
BB18
3BCA
BC4C
BC3D
3B46
BBB5
3B1B
3ABB
3B11
3B74
3BE1
3BF9
3C15
BB15
BC4A
3B21
BC47
BB49
3A86
BA27
BB46
BBE4
BAE1
BAB8
3B6E
3C22
BAB9
BBEB
B8A1
BBB8
3C04
BB9E
B9C2
BAB6
B84B
BB64
BC1A
BB8D
3B7E
BBB4
3C56
3C42
BA84
BBC8
3C37
3BC4
BC60
BBD0
3C23
3AFC
BC2C
3B86
BC04
3B18
BBFA
BC29
3BFC
BA75
3B8A
3B55
3B8C
3B6E
BC27
3A66
3C6B
3988
3C4A
BBBF
3BA5
3C4E
3B6C
BB11
3C28
BC46
3BA7
BB4B
3BE2
BA7B
3C5E
3B89
3C5C
3C35
BB92
3C1E
BC09
3B97
BC00
3B6B
BBF1
BBD2
BC44
3C0C
BC63
3BA0
BBEA
3C0B
BC04
BB80
3BF1
BC19
3B5D
3B12
BBA5
3BBA
BA67
BB13
3B90
3C0A
BC11
BC04
BBB2
BB08
B9BB
BC5F
3C5A
BC0F
3B9F
BC21
3BAE
3B40
3B89
3B26
3A72
3C88
3C50
3BFA
3A86
BBCF
3BB0
3B07
BBF2
BBDC
3C10
3B4A
BBAB
B81D
BC20
BB93
39DC
3C06
BABE
3B30
3B14
3C37
3AC9
3BB9
3A86
BBC5
3B9C
BB8A
3BA3
3BD5
BBEC
3BBF
3B64
3BEF
BA25
3B43
3BBC
3B34
BB5B
3A94
BBC2
3C15
BA85
3A0F
BAD2
3AB1
BBB3
3AFC
3B36
BBB9
BBE1
BB46
3C05
BB84
BBB1
BBE1
BC82
BBE8
BC85
BC2D
3BD3
BC2F
3B4E
39FB
BC9A
BBD7
3C17
3C30
BB04
BAE8
3967
BA9C
3C6A
3B5C
3BFB
BBA7
BBFB
BB6C
BC1D
3C25
BC14
3B37
BB80
BC00
3B92
BBC5
BA6E
BC08
BB17
3BA5
3BC7
BC00
39C7
3B8C
3C04
BC0B
BBA0
3B7E
3C00
3B0F
3C88
3BF6
3B28
BC28
BB93
BBC0
3A94
BB52
3A9A
3BC1
3ABF
BB83
B88A
39C1
3B18
BBC9
3BE4
3AAF
BBA4
BC2B
BC22
3B20
3C59
BC16
3BB9
3A10
BA7D
3A7E
3C14
BBB9
BB52
BAAE
BACA
3BCB
3B8F
BB48
3B44
3B8D
3A71
BC21
3B28
BB23
3A7F
BAFE
BB81
BBAB
3C44
BB95
3B87
36CE
BBB4
3B1D
3B9D
BB37
3AA6
3C3A
3B2B
3B79
BB99
3B60
3BEB
37DA
3B90
BB92
BA1B
BC6D
3B10
3BBD
BBB9
3BA5
BAFD
BC2B
BA9C
395B
BBB8
3AD7
BB9E
3AC9
BB82
3BF8
3B64
3B2A
3B92
BBA6
3C3A
BB6B
BC4F
BA06
BAC0
BBA2
BB03
3BD0
3C26
3BEE
3B9A
BA08
3C8E
BB93
3C0F
3B94
3A54
390B
BBCD
3B92
BC51
BBAB
BA90
BBE5
BC9E
BA29
3A71
BB1E
BB81
3B6B
3BCC
BAE0
BBD9
BAEF
BB95
3BCA
3B1A
3B1D
BAFC
B9F2
BB14
BB90
BBF1
3AC5
3C1D
BA05
3C00
3BB3
3B90
3A76
3BF5
3BE5
3B39
BBF6
BC84
3B5D
3AB1
3B72
3ABF
3B15
BB7C
BBD7
3B49
3ADA
BBBB
BB81
3C87
3A2F
3BDC
3BDC
3BF9
3BF4
BA29
3BD6
3C6C
BB36
3BEB
BC37
BC25
BB9E
3B93
3C4E
3B02
BC04
BA8A
BBCF
BBCF
BBA0
3C08
BB47
3C40
3B61
3BCC
BBF2
BC3E
BB93
3C14
BC0B
3C03
397C
39A7
3C11
3BFB
3BEC
BA62
BBDC
3CB1
BA2F
3BE3
B890
3BF5
3C46
3C98
BB3E
BBEE
BAB1
BB3B
3AF6
BB5C
3B2A
BBE6
BC6D
3C36
BB08
BC29
3AA5
BA64
BBE1
3B8E
BB5A
BAB2
BC80
3BF2
3B9D
BB9B
BC1A
3BBE
BB65
3CB1
BB89
3BC3
BBE5
B99D
BAD7
B7C4
3AEF
3C13
BC0E
BB87
3C23
3BDB
3B80
BA85
BBD7
3BE9
BB71
BB7C
3B6A
BBC2
3BE1
3BD2
BBDF
3C1E
BBFF
3B1E
3BEA
3C48
BC27
BC83
3BF6
BB9F
39DC
3BBD
39D5
3999
B943
BB52
BABC
BB58
3A27
BB42
3ACC
BBD4
3B38
BB09
3C30
BC06
3B13
3C52
BC0E
BC23
BB70
BBB1
3AE8
BA08
BAE1
BAF3
BBB8
3C99
3B90
3B78
BC0B
3B11
BAF2
3B8F
BA35
3C2B
BBC3
BC33
3C28
BB1A
B9A8
BA88
3C06
3B26
BC21
BACE
3BA4
3A9F
BC29
BBC5
3C0F
BBF4
BBE3
BC2F
BB10
BC13
3B80
3C28
3AA7
3B82
BBD6
BA4A
3B8E
BC50
3BD8
BBB2
BB14
3B81
3A44
3BDF
3C29
3C0A
3C00
3C20
3B7E
3BB1
BA41
3BAA
3C56
BB5B
BBAA
3BBF
3C50
BB06
BC12
BB71
3BE3
3AF2
BC5F
3B3F
BC3A
3C30
3C2D
BC9B
BB26
3AE9
3C6D
3C19
BA5A
3BBB
BC11
3C13
3B5E
BC18
3C34
3BBE
3B0E
3A87
3BB5
BBF5
3BE1
3C0D
BAD8
BB94
3B9C
3B80
BBD4
3A86
BC02
3C0F
BC02
3A6E
BB98
3C62
3B86
BC32
BC69
BC68
BAC4
3B92
3B80
BC3A
3BFD
BB0B
3BE1
3B9F
3BE8
BB68
3B87
3A63
BA62
3C38
3B24
BB5E
3BE2
B9DF
3BC2
BC5A
BB0A
3BD8
3C3D
BBBD
3AF2
BBB3
BC19
BB69
BB84
BA48
BB8D
BC23
3AB9
3BD2
BC34
3B78
3B11
BBB7
3B36
BBF5
3C22
BB01
3B95
BAD7
BC06
3B89
BC02
BC81
3C4B
3A9D
3C12
3B8A
3B8F
BAFD
3A39
BB9A
3BA4
3B25
3B98
3B89
3C43
3921
BBF9
3B3F
3B2D
BC31
BBEA
3BA9
3997
3B4E
BC90
3AB0
3A9F
3C07
3C07
BAD5
3B88
BC23
3ABA
BB13
3BA8
3B89
3B01
BB35
BB41
3AC0
3BDD
BB99
BC04
B931
B9A1
3B7C
BC14
BB38
BBE5
3A07
3B4C
BAAA
3B8F
3B3C
3BFA
BB7E
BC05
BB0E
BBFE
3C1E
BB82
BB38
3BB9
3B99
BBE1
3C27
3BE9
3C3F
3A6A
3B58
BBBB
BBF0
BB45
3C15
3C77
BC0D
3C1D
3BB4
BC02
BB1E
3B42
3974
3ADF
3A08
BBF6
BC01
39D2
BB5C
BB35
BBDA
BB48
BC2B
3B3B
BC29
BC32
3B94
3CBD
3B67
3BF5
3C65
3BBF
3BDF
3C13
BB8A
3B9B
BB04
3BB9
BC23
BB8E
3BA8
BB71
BBB7
3BB3
BC75
BB9C
3AF5
BC0B
3C17
BC15
BC10
3BCC
BA70
BBB2
BA87
BBDD
3BE2
B955
3BD5
3C00
3C76
BB73
3B88
3C06
3C1C
3BBE
BB1E
3BE2
BBDB
BB07
3C09
BAFF
3CB0
BC61
BBE5
3B85
3AFE
3AD8
3A8A
3BC5
3ADB
3A84
BBE8
3BB1
BC21
3BA9
BB92
3B0F
BB85
3BB7
3B5C
3B95
BB07
BC0B
3B88
BAD5
BC06
3BC4
BB0D
3B4E
3B2A
3C10
BC94
3BDA
3B9D
3B58
3B25
3A2C
BB39
BA27
3C4E
3B22
BA98
3AEC
BB11
BB2C
B9F9
3B7D
3C59
3AEC
3B68
3C3D
BC26
BC1B
3989
BC0D
3C84
BC81
BC05
BC08
BBE6
3B93
3B8D
BC31
3C71
BC97
BBA5
3B31
3B03
3BD8
3BA9
BB96
BAA4
3B8A
BB0E
3B19
BB8F
3C68
BB55
3B61
3A9E
3935
BBE3
BB02
3B12
3C0B
B9E8
3AD6
BB57
3C14
BBDB
395A
B9F0
3BD1
BB66
3C0C
3C04
BB9C
BBD1
3BF4
BAB5
3B4E
3BF1
3BC9
3B95
3889
BBA4
3B92
3C1E
3C24
BBB3
3A8A
3A77
3B45
B9C4
3A9F
3C0F
BB40
3B63
3AAE
3C49
392F
B9B5
3BCF
BAE3
3BA0
3B82
3AF9
BC54
BB1F
3B00
3B6B
BB31
BBD0
BC08
393F
BC03
BC13
3B02
3B00
3A92
3BAF
B858
3B8D
3AE1
3C03
BAAC
BC85
BB81
3BCD
BB42
39ED
3BCA
BB25
BAD0
3BA0
3C88
BBEA
BC7C
BC03
BBE5
BB82
BB67
BBD4
BB73
BC14
3BBD
BC08
BA1C
BC10
3B49
3C75
BBE2
3A18
BBAE
BBCC
3C87
BB9F
BAA2
B9B7
BAA7
3BA1
3B9B
BB29
3B03
3ABD
BB9C
3C1F
BBA9
3B20
BAAD
3B6E
3B36
BB19
BAB2
B9A8
3B9E
3C2B
3962
BC13
3C02
3B20
3B6E
3C1C
3C33
BC1E
BC1E
3BA5
BC1A
BBD4
3A9A
3B18
BB04
3C0F
3A72
3A13
BBA3
3BAE
3B6D
BAE2
BA1F
3C30
3BD4
3B74
3BAC
3BBD
3C83
3BA2
BC47
3C00
BACE
BB0B
3A30
3C0B
BBED
3C48
BBA1
3B60
3A98
3C2D
3BCC
3B0E
BADC
3C08
BC02
B946
BC24
3A99
BC2B
3B7D
BB94
BB4D
3AE8
BBC4
3A84
BC51
3B51
3C26
3C06
BACD
BC3D
BA43
BBB5
3B38
BC35
3B5B
BC28
BC01
BA96
BC51
BBA6
3B2A
3AC5
BC02
3AFB
3BE1
BB71
3B17
3C16
3B27
3BAB
3B59
3B34
3B9B
BC54
BAE1
3C6E
3BEE
BBAF
BBE0
BBA3
3C6F
BC3F
BB96
BC25
3C07
BBCB
3989
BB40
BB35
3C13
BBD1
3C06
3BD9
BC8C
BA76
3BB3
BB51
BC21
3B91
BB1B
3C13
BBF0
3B50
3BB9
3BFE
3B58
3AEB
3AB9
BC22
3A88
3BFC
3C98
BBB4
BC0A
3B57
BB95
3BBD
3BDF
3B42
3C41
BB1A
3A89
BB58
BB21
BBC1
3C48
3BCD
BC2D
BBA5
BB7C
BAAF
BB06
B9A8
3AE2
3BC6
BAD7
3B82
BB01
BC24
BA83
B9AC
3BBB
3BE4
B91E
BB3F
BC38
3AA4
BC1D
395D
BBCD
3B65
BB93
BC04
BC0B
BB30
BAFE
BC15
3A54
3AB1
BB88
BB09
3BBD
BBD6
3C4C
BC05
BBDC
BB9D
3C65
BBE9
BA9B
3C11
BA4B
3A59
3BA7
3BAC
3B92
BB36
3C89
3C5C
3C7F
3A55
3B54
3B1A
3A5D
3BE9
BA44
3C2B
3C1D
3C50
3AC1
3BAC
3A9C
BBBF
3C2E
BBFC
BB31
3B87
B9A6
BC5A
BB4D
BA32
3AA1
3C06
3B24
3B58
BACC
3BC1
BBCC
3B5B
3B63
3B39
BAEF
3C33
3BC9
BB03
BC16
BC5A
BC28
3C01
3A1E
BC34
3C2E
3BA2
3A8E
3C33
3C26
3B5B
3C8B
BAEB
3A47
3992
B991
BA4B
BA7A
BB29
3BA7
3A8A
3AF2
BBAA
BAE1
BB63
38AE
3B28
BAD5
BC16
BBAF
BC08
BC03
BC54
3B02
BABD
BBB9
BB4B
3B64
BBFA
3721
BC2E
BAD5
BB4B
BC73
BA7E
3C28
3BF7
3BFC
3AED
3B48
3C2C
BB5D
3C68
BB06
BB96
B7F0
BC31
BBD1
BAD8
3BB3
3C13
3C31
BBAE
3C00
3C2C
BAA8
3AEE
3B8A
BC16
BBD1
BB62
3A38
BBA2
BA2A
3BC5
BAB7
BA91
BC68
3AFF
BBA4
BA22
3B18
B841
3A50
3B0A
3B15
3BEF
BB7C
3A06
3B09
3BD8
BB90
3BF1
BA52
3AEE
3AAE
BB38
3BDC
BAFD
3AF4
3C37
BC2C
B9C2
BBF4
3BC2
3C26
BC15
3C2F
BAEA
3C09
3C30
3C8E
3B87
3BEE
3B8C
3C04
BAFB
BB7F
BBF8
3BD4
BC3F
3B8C
3B34
BB1C
3A53
BB29
BB81
BBBE
3A02
BBAE
BB91
B9BE
3BB9
BC64
3BBD
BA4A
3BB3
3AEC
BB41
BADA
3C33
3C05
3B8D
38DE
3BCA
BABE
BB8D
3BB9
BBA1
BC08
B9B7
3BE3
B9BF
3C45
3C5C
BB34
3BD0
3BEB
BB09
3B84
3BCB
BBF4
BA2B
BBAA
BBEF
B90B
398F
BB69
BC87
BBBA
BBC1
3B9E
3B56
BB58
3BD7
BBDB
3BAC
3C04
BBF3
3AFD
3B9A
BC12
BC1F
3C13
3BE6
3BAE
BC08
BB4B
3BA3
3B9C
3B59
BBB1
BB9B
BC47
3BED
3BAE
BB60
3BBB
BB83
3B7F
B92B
3A5E
3A40
BB32
3BA7
BBE5
3C4D
BAA0
BB27
BC1B
3ACF
3B25
BBB6
3B61
3AF6
38F6
3B88
BC56
BB73
BACC
BB41
BBC3
BBD7
BBD0
3A83
BBDA
3BEB
3BC3
3B24
3BD3
BB33
BC18
BBCD
BA20
3B34
3B58
3C3D
BB0D
B9B5
3B75
3BA5
BBAA
3BF3
3B77
BB62
3A6E
BB5F
BACE
39EC
BC22
3B08
3AED
BC41
BC9D
3A9C
3C42
BBCB
BB3C
BB4F
3C5B
BB76
3B84
BA2B
BBAC
3B9B
3BF6
3A3F
3C19
BBD2
BBE9
3B49
3BC7
3B4B
BB36
BBFC
BA9F
BBDD
3BD5
BC98
BB20
BB23
BC15
BB5D
BB89
3A3E
BA58
3BEF
3BDA
3C3C
3C24
3C98
BC04
39F2
BA65
3C20
3B92
3B91
BBDA
3B3C
BA27
B88A
BBB6
BAC6
BB69
3B99
BC0D
3BA8
3B51
BBAB
3B87
3A2E
3C54
BBBA
3BC1
BC83
BB8F
3B97
BB1B
B932
3BD9
3B6C
BBC5
3BA4
BC03
BBB1
BB3C
BC07
3AE1
BBA2
3B76
B88E
3C3E
BC5F
3B23
BB13
BBCC
3BA5
BBB4
BC39
BC00
BAC7
3BE8
BC32
BB0A
3B4F
3BD2
3AFC
BBBD
3BA1
BBB5
BB65
BBFD
3AEA
3B37
3AAF
BC73
3801
BAFC
3C16
3C43
36E7
3ACD
BC13
BB2F
3BAA
BB4C
BB1D
BB8C
3B87
3AA0
BBE9
3C38
3C25
3B02
BB73
3BD8
3C4F
3B82
3B44
3A93
3BD0
3B3A
3A44
BC10
3BB3
BB68
BC0A
3A11
BB4B
3BFD
3AA7
BBBC
BBD8
BB4E
3BB1
BA9C
3C33
BC81
3BE1
BA41
BA76
3AC9
BC7D
3C1E
3AE7
3C18
3C27
3977
3B04
3C3D
BC72
3C19
3B69
BAEC
3C57
3A62
3AB1
3C20
BBF1
3BBB
BBB8
BC58
3ABA
BC03
3C92
BB64
BBB4
3B06
BB11
BB3E
BA97
39A6
3B39
3BA1
BBCE
3C4D
B9F2
BBA0
BBFD
BC01
BA3B
3B2E
BBC7
3A46
BB9D
3C0E
3AFD
BB32
BBEF
3BD7
3B2F
3AD0
3B96
BA63
3B8D
3C17
BC6A
B8E9
BAC5
BB09
BBE4
BB87
3BBC
BB8D
3A62
BC17
BC45
BC24
BC08
BB19
B92F
3AE7
3C0A
3B61
3A1F
3BF1
3BA3
3ABA
BB1E
3C3B
3B3F
3B74
3B75
3A3A
3A18
3BFF
B978
BAFE
3BBF
3B95
3B8B
3C12
BAAC
BBC4
3BD8
BB8F
BC01
BA0D
BBB7
3A26
3BB6
BBBB
BA9A
BB46
3B1B
3BBB
BBED
3BC1
BC14
BB59
3B44
BBCF
BB01
3BBE
BBC2
BB62
3B3D
3AE1
BA4F
390B
3C1E
BB92
BAD2
3C00
BC1C
BB20
BB97
3B26
BC0B
3A83
3BA1
3B4B
BC10
BB00
BB16
396A
B913
BC29
3AF0
3B53
BAED
3B57
BAFE
3A0F
BB73
3C24
BB35
BBF7
BAB6
BB29
BBC6
BB79
BBE8
BBA8
BB90
3C6B
3AC6
BC19
3BA9
BA80
BBE9
3BBE
BB9A
3B01
3C0E
BB3A
3B81
3C84
BC05
BB66
BB6A
BC16
BC13
3B6B
393E
3C04
3BBD
3B4B
3AA5
BABB
BBC4
3AFB
3BA7
3AC0
3BCC
BC1D
BB67
3B00
BBE7
BA60
B8BB
3BE8
BBB9
3A44
BB31
3C80
3AC7
BC94
BB21
3B7D
BB37
BA57
3B39
BBC0
3BCA
BA8C
3B7E
BB8A
3C7A
BB60
3B9F
3B2A
3A02
B9CF
3BDE
3C15
395A
BB36
3A2D
BB92
BB5C
BBA7
BB96
3B05
3B0A
BB48
3B8B
BB00
BC02
394A
BB72
3C3D
BB0D
3C04
BB2B
3C02
BB8D
BBA4
BB44
3B8E
3C01
3BB8
BB77
BB97
3AFF
BA4E
3B78
BB43
BC66
3C36
BB5D
BA74
3BAD
BB0A
3B07
BBDF
BC3A
3BB9
3A5E
BBBF
BA68
3A8D
3BE0
BBE8
BBE2
BACB
3B31
BC3F
BBED
3AAE
3C78
BC40
3BF4
BAE0
BBAA
BA26
BB98
3B9F
3B2F
BBA8
3BB0
BBCB
3BDB
3C68
3A96
3C36
BB46
BC11
BBFA
3C09
BBF4
3AEC
BA3E
BA8D
3A8B
3BA1
3BE3
BBEF
BB97
BC50
3AA9
BB35
3B1C
BBE9
3BBE
3B5C
BADC
3B46
BC4C
3C47
BBD6
BAB3
BC7E
3C09
39D2
3937
3AAB
BA6B
BC09
3A45
3BFE
BBF2
3B86
BB6F
3C91
3C53
BB8D
3B90
3B26
3C41
BB59
BC43
3C43
3BF9
3AD6
BC90
BC0C
3C40
3BF9
BB9E
3B54
3C1E
BC79
3ADA
37FE
BAD9
BBFF
BA89
B98C
BB8D
BBFD
3B56
3C1A
BBCE
BAE9
3A1C
BB83
3C32
BA86
BB9E
BBFE
BC2E
BBD9
3C27
BBA4
3BAA
3C2C
BBE7
3CA6
3BEA
3B8F
BB26
3B58
BC57
BB90
38D8
BC3A
BB57
3C50
BC28
3B14
3B8C
3A50
3B4F
BBF8
3BED
3AAA
B97D
BB77
3AB5
BB8C
BC49
3B8D
3B68
3C46
3BE4
BB96
3A99
BAF4
BC20
3A21
3C16
BB1F
3BD4
3C1D
BAE0
BC04
BAC4
BABB
BC1B
BC05
BC1E
BB7B
3B37
3AA8
3C25
3B40
BBF2
BC63
3A91
BACB
BA88
3BE8
BBC2
BAA0
3ADC
BB53
B873
B9A1
3AF0
3B23
BA8C
3C1C
BBED
3A1E
3C29
BC14
BA65
3C55
BB2A
3B2D
BBCD
3AE5
3ADC
BC3D
BBC1
3A25
B756
BBD2
3BD9
3BA6
3BAD
BA4C
BB89
BC9B
BB96
BAE7
BC40
3A42
BB1D
3A68
BBCE
BB55
3B27
BBE6
BBA4
3BC0
B802
BB43
BBF6
BB18
BC4D
3B22
BC16
BBB3
3B07
3BC7
3B49
3B0F
3B81
3BDA
3B34
3C0B
3C1B
BC3B
3C3A
3B21
3A67
3BBA
3C48
3B38
BBE8
3C26
3B9B
3C6F
BC43
3B56
BC21
BC15
BB65
3B44
BA22
3B33
BA5F
B9EA
3BCD
3BEB
3BC7
3BAE
BB80
3B6C
3C37
3B55
3BBE
39A6
3B80
3AC4
3B7F
BC6B
BA7D
3BCF
BAC7
BBC5
BA1C
BB73
BC5D
BB59
3AAF
3BA0
3A7C
3C24
BB14
BC0C
3A42
3C28
3BE5
3C4D
BBB0
3C18
3B6D
3C85
BC6E
BBAD
BB95
BBA6
3C36
3AA2
3BFA
3C3C
B8A8
BB84
3C11
3B9C
3BBE
BA5A
BA6A
BABE
BB53
BB65
BC15
3BA2
BB12
BB94
BA8D
3B97
3C07
BC94
BB4E
BBBB
BBA5
BB0D
BADE
3B4C
BB51
B9B4
BBDA
3BC0
3A98
3A2C
3BAD
3B8C
3A5E
3C32
3C0A
BB1F
3BE5
3BA5
3C4C
B88D
BB16
3C0B
BC35
3BA6
BBA8
BAF9
BBC5
3B26
3BBF
BB34
BBED
BA23
BC06
3BDE
BC6B
3BC6
3A90
BBEC
BBB3
BAD3
BB35
BB0A
3B76
3C48
3C15
3ADA
BBEE
3C68
3AC0
BA2C
BC57
BB1E
3C8C
BBF0
3B10
BC17
3B34
BBC6
BA93
BC47
BBFB
3A97
B9C5
3B2F
BB27
BB44
BAF8
B9B8
3BB4
3C06
3C51
3C9C
3A86
3ADA
3C3F
39D4
3ACC
3BC1
BAA8
3B61
BB58
38D1
BBC8
3B8D
3C03
BC7C
3B25
3C6D
3B9D
BBC7
BB60
BACA
3BDE
3A75
3C34
BB80
BC83
BB35
3A9E
BC29
3B8C
BC41
BBAA
3AC9
BB9D
3BA8
BC84
3C17
3C30
3B76
3AED
BBA7
3B1B
3B2C
B981
BC10
3B95
3C75
3BD5
3A9C
BC11
3998
BAC2
3B52
BB4C
3BC0
BBD5
BBBB
3AE1
B91C
3B89
3A9D
BAAF
3B18
3BAA
BB69
3C65
BB1B
3A95
BBA0
3C5F
BC04
BBC6
BB71
BAA0
3B00
3C44
3A1B
3B48
B704
B89D
BA9F
BB4D
BABD
BB01
3B96
3C05
3C5A
BC1A
BB3F
BB33
3BA2
BB1D
3A09
3BC5
BB2C
3B00
B836
3BA5
BC5D
3A5B
3C28
3B44
3C37
BC46
3BAE
BBB2
B9BC
BBAA
BBBF
3A88
BB4D
3BAE
BC15
3B54
3C0F
3B73
3AD9
B9DB
3B09
3C51
BC3E
BAE1
BA44
3C07
BB4B
3C14
3BAF
3BBE
BAC2
3BEB
3B8A
BC0F
3B48
3C24
BADE
BBBC
3C7A
BBFE
BC2E
BB5B
3B8B
3BD2
3C46
BBB5
397A
BA8B
39F0
3B8F
39C5
BB0B
3C2C
3B81
3BB8
BB44
3C1F
BB88
BC06
3BCE
3AD7
3C09
3C59
BAB8
3C24
3BA1
3B7A
BBE4
BBDC
BB6A
BC06
BBB3
BB4E
3B8F
BB4E
3BB7
BB92
3BBC
3AF1
BC0E
BBCC
BC18
3B81
3C0E
BC2B
BB84
BB80
BBF2
3C15
BBE5
BADA
3AB8
3B91
3AEA
3BBF
3C41
3AC7
BA61
3B35
BC36
BC82
3B80
BC4C
3BD5
BBA7
3B35
BC32
3B33
3BAB
BAA6
3B14
BC3E
3B31
3B85
BBC2
BB9F
3C12
BBA6
3C3B
3C27
BB93
3BC0
BB54
BB96
3BC7
BC3C
3A3A
3AA3
BBFC
BC46
BC0A
BBF7
3B81
3B0D
BC16
B6A1
3B82
BC0F
3C07
3C57
38B2
BB58
3B10
3A93
BABB
BC66
3B5E
3B7B
BBB4
3C23
BB87
3BD1
BBC9
BA41
3B48
BA2F
BC28
3B17
3AD6
BC56
BC68
3B44
BA03
3BBD
3B91
BBF2
3B4C
3AB0
BB98
BC1D
BB6F
BA04
BC00
BBF7
3A93
B995
BC53
BC04
3B4E
BB7A
BC1A
BB31
3B9D
3C10
BA69
3C08
3B83
BB12
3BF9
3A9F
BB08
3BDC
BBD6
3C21
BC02
BBD2
BC06
BC14
3C23
3B1B
BC05
3B0D
3B61
BB32
BC85
3C65
3AD3
3B76
BC06
3C49
3BFB
BC64
3C10
BBCC
3AF0
BA92
BC28
3B18
3BB1
BAD6
BBE7
3C0D
3C18
3B41
BC55
BBE0
3BAF
BB0A
BB38
BAD4
3B8D
B9CB
3ACC
3BBC
BBDF
3BC0
3A92
3C26
BB1B
3B24
BB92
3AC9
3B10
BBD0
BA90
BA8C
3BF1
BBEC
BBF5
BC0E
BC3C
3954
3B38
3BD6
BA1F
39FA
BBC5
BC64
BC17
3B8B
3BB2
BBEB
3B6C
BBA1
BB51
BB87
BBC0
3C10
3B3F
BBC8
BB20
3C04
BA88
39ED
BBAA
BC08
BB86
BC79
BAC2
BAFB
BB6A
3B8A
BA60
BBF8
BB56
BB4E
BBAF
3C14
BB54
B965
BAAC
BB5E
BAA7
3B9C
BB90
3B94
3BE2
3BDD
3B58
38DC
BB17
BB9B
3B47
3BD6
3B74
BABF
3AC4
BB6E
BB5E
3B64
BBFF
BB95
BA10
3A81
BBE2
3B8C
3A72
BBD3
3B88
3C2E
3C27
BB26
3924
3B14
B9FB
39A7
BB22
3911
3A11
BA60
3BB8
3B13
BB02
3C0C
BB7A
3C12
BC5C
BA10
BC6D
3C15
3C12
BA6D
3BB7
BA74
3B59
3C8D
3AAB
BB36
3BF4
BC0C
BBF7
BB56
3B82
3C50
3B36
3A8C
BC8C
BC8B
3B29
3A9F
B9A6
BB95
BBBD
3BBB
3A5C
BBB7
3C0A
3C4D
BB57
BB8F
BBF0
3B88
BC39
3B9D
BBC1
3C0A
3BF8
3B3F
3BFA
3BED
BBB5
BC10
3C92
3B45
3BF1
3C19
3A71
3C84
BAC0
BAA4
B934
3B29
3A6A
BC00
BBB1
3ADC
3B10
BA4B
BBAF
BC99
BC58
3B98
3C0F
3CC2
3B90
3BCD
BC17
BB41
3B06
3B1C
BBDF
3B95
BC0B
BC69
3C40
BC84
BC8B
BB41
3B47
3ACF
3B8D
BB9C
3B23
3C24
3B0D
3C55
3C01
BC7B
BC82
BBA7
3BEB
3C11
3AC9
3C25
3AEF
3A29
BB60
3AEE
3967
BBC5
3BCD
BBB9
3C08
BBF8
B9D8
BA02
3B9A
3C02
3C08
BB53
3C26
BBF1
BBD0
BBBD
B99B
BC3A
BC49
39C9
BAB6
3C17
BB86
BC74
3BB6
BC46
BB22
3AC7
3B93
BC2A
3A8C
3AEF
3BA9
3BDF
3BC7
3C2D
BBFB
BAAB
3C5B
3A65
3A1C
3C48
3B91
3BCA
BBD3
3C20
3BE9
3BDC
BAF3
BB9C
BC8F
BA4B
3B51
BB25
B99B
3AF4
B963
BA95
3B98
3B83
BB46
BBF2
3B93
BC56
3BE0
BB82
BB46
3BC3
BB46
3BF0
BA94
3BD3
BC0F
BC16
BA2F
BB41
3BB1
3BAA
3BD6
BAD2
BAA7
BC5E
3BDB
3BB9
BAFD
3B99
3BC4
B974
BBF7
3C52
BA85
BAAF
BC03
3C7B
3A9A
BB9E
BC0D
3B5D
3A7E
3C32
BB4F
BB96
3B62
3B8D
BB8C
BC2B
BBCB
BC1C
3C0F
3B2B
BC0F
3BC8
BBE3
B979
BC21
BB86
3B5C
3B80
BC03
3A86
BA90
3C1A
3BE1
3C3D
BC87
BB8A
3C76
39B2
3B80
38AB
3C01
3BB2
3B26
3B06
3C93
BB94
3A76
BC11
3A27
BBFD
BC8C
BA37
BC0A
BC81
BB33
BB35
3B4F
3BEB
3B25
BBDD
BB7D
BC01
BBB4
3B65
3C0F
3B3A
BA22
37B5
3B09
BB15
BB92
3B0B
BAB9
3901
B927
BB79
BB5E
3C1B
3BCE
BC49
BC21
BC09
3BB9
3B46
BADD
3B11
3B9B
3BE4
BAE9
3BBD
BC0A
BBBD
BBA8
BBFA
BA8B
3C13
BC44
BB64
3C11
3BD7
BBDA
B9DF
3B1E
3AE5
3C02
3BC2
3B35
BAF7
3A99
3C14
BB80
37A3
3B09
3B3B
3C5C
3A7A
3B8E
BB02
3996
B91C
3C0A
3C01
BB2E
BB79
3C05
3B18
BC09
BC57
BC40
BC52
BBE3
BCBC
3BB1
BC32
B978
39F2
BB76
3BCB
3B6A
BB6D
3ABF
3BAF
BB96
BAD2
BB94
BB01
3BEF
3A7F
3AC1
3BB0
3AA1
BC00
BBCE
3AE6
3C4B
BAE6
BB6E
BB81
3C5E
3939
BBC8
BC2F
3BFB
3B0A
BB97
B79D
BB7C
BBE3
3AD1
39E4
BB3C
3C31
BBDA
3A8A
3BFE
3C1C
BA59
3AA5
BC28
3C41
BB88
BC11
3C1D
3B06
3BB6
3A76
BBB3
3A57
3C57
BB79
3B39
3AFE
39F2
3AB1
B8B3
BB02
3A14
BB8D
BBED
BC18
3C17
3B4C
3A74
BC11
3B21
BBA5
3B09
3BA8
BB2D
3BB2
BC4C
3B08
3ABB
BBF3
BB8F
3BBF
BC39
BB47
B5C2
3AD3
BB08
3A53
3C45
BBFE
3C0E
BBB6
BADD
3BEF
3B09
BC02
3A4A
3AA2
3C3D
BAE9
3C15
BACC
3C0C
3A04
3C3B
BB47
BB12
BC59
BBBF
3C7F
3B85
BC01
3B38
BB1E
B983
BB52
3B61
BC03
BB67
B985
BAA2
BC33
3AAB
3BC0
BA9C
BBDA
3BB0
3BCD
3BDB
3BB1
3C86
BB27
3B61
BB6E
3C17
3BD1
BB0B
3A0C
3B31
BC4D
39B0
BBBD
3A15
3B28
3C33
3ADE
3905
3919
BC39
BBCC
BB03
BAF5
3C2A
BBA2
BBA2
3B3C
BBEC
B925
3B3D
BA9E
3B49
BBA5
3BA6
3B62
39E8
3C27
3AA6
3BCC
3B14
BAC6
3B9D
3C27
BB87
BBB1
3B42
BB22
BBD3
3C48
BC1C
3BED
BA7A
BC4A
BC12
BA8A
3C5E
3BED
3B74
BA48
BC73
BB47
3B17
3C49
BC09
BBA7
BB89
BAF4
3BB7
3C05
3B67
3B83
B747
39F1
3BB8
BAE2
BB98
BC81
BB92
3C34
BBB0
3A05
3BB1
3B9D
3B1A
3B81
3C2E
3B58
3B97
BB1F
3C87
BB6D
3B97
3A8A
3BA0
3A56
3BDB
3C06
3C3F
3BED
BA1F
3BE8
B9F5
3B25
BB96
3A72
3C35
3B3B
3B93
BB51
3BCA
3B25
3B54
3AB7
BAF7
BADE
3BB5
3BA9
3BDC
BC54
39A0
3A1E
BAD9
B98D
3B3C
3C28
BBC9
3C54
BC23
BC00
BB74
3C05
BC60
3C58
BC3D
3BC4
3C5C
3B9F
3AF4
BB0E
3BA5
BB11
3AD0
3B26
B938
3C3E
BC45
3B98
BA27
3C09
3BBF
BC0C
BBA5
3BB9
BB00
BB64
BC1F
3B8C
3BF7
39F0
3BC1
B8CE
3C30
BC96
BC47
3BE8
3BC4
3C7B
B692
3AE8
3B57
3A11
BB1B
3B9A
BB07
BB79
3B41
B89A
BABE
3BE1
3B87
3B8C
BB8B
BC05
BBCD
BBDE
BBBE
3BA6
BC98
BA7A
BA8D
BBA3
BB2A
3A53
3ACD
BAAF
B9E8
BB1F
3BA1
3B4D
BBF0
3C46
BA87
BC53
BC1C
BB21
BC25
BC16
BA60
BBA3
BB96
3A8E
BC49
3C2A
3B52
BBB4
BB5A
BAC3
BC12
BB72
3BE5
BBBC
BB55
B779
3C0F
BC09
BB40
BA41
3B20
3C30
BAA3
3B49
3B7F
BB4F
B96D
BB48
3BA3
BB83
3C33
BB4B
BA82
3972
3B6D
3C1D
3C07
3BA1
3C79
3B24
BBEC
BB50
3B49
BB49
BA8F
BAA4
3A93
BBC2
3B91
BAD9
3B51
3B6A
3BEE
3BD4
BC0F
392A
BA6B
BC12
BC04
3BDF
BA0B
BC21
BB9A
3B91
3C89
BB97
3AEC
BC95
BA65
BB12
BC19
BC1B
BA39
BBBC
BBAE
BBAA
3C08
3AFD
3ADE
BABF
BC3B
3ABD
BBE2
3BC0
3B4F
BBF9
3B07
BA65
BB3D
B8E7
BAC1
BBB2
BB39
3B4E
BBE2
3B48
BA4A
BB78
3B8F
BB57
3B40
3BAB
3BB2
BB09
BBBB
BC81
3B3B
3BC0
3B89
BBD7
BB22
3B99
3BC1
BBB4
BBC5
3B8E
BB08
3C17
BB15
BBD7
BB15
BADE
3B3E
BADE
3B8F
3C0E
3C97
3B4A
393E
BB91
BB83
BB83
BBC8
BC26
BBB6
BC70
3BD3
3BC6
BA8B
3C5B
BB6B
3BB2
BA9D
BC4A
BB0F
BB21
3BF9
3BE5
BB38
B9BE
B9E3
BB8B
B791
BB7C
3C14
BC76
3B0D
BC05
BC24
BBC4
BBF9
BBF0
3ACD
BC69
3B01
BC25
3BB9
BB7A
BBEC
3B10
3B2B
B9CB
3BE6
3861
BBE8
BBBB
BBBF
BC0D
3B2B
BB5B
3C10
BC2C
BB38
BB4A
BB3D
BC86
BB66
3BAC
3C2E
3A1F
BC6B
BA5B
BBCE
BB56
3BC9
3C0E
3BBF
3B64
BB45
BBF2
BB5C
BB73
3C5C
BACA
BA7E
BB3D
BA64
BB1D
BA00
BC10
B881
BB37
3AF9
BB98
BB12
BBA2
BB63
3BC1
BB3E
3966
BB75
BA46
3BF9
3B2E
3AEB
3BA4
BAD0
3B2C
3AFA
BACE
3C63
3BAE
3B62
BBA5
39DB
BB12
3B2A
BC19
3C3C
BB66
3C4F
3C0A
3BE8
3B5D
3C2D
3B1E
3BDC
3CA7
BBF7
BB6A
BBBE
3C33
BC57
3C28
3AB9
BA00
3952
38F9
BC16
BB3A
BB86
3B97
3A85
3AA6
3BB2
BC57
BC41
BBF4
BC46
3A92
BC11
3BB9
BBF4
B9D9
BB1F
BBBA
3BC9
3AA6
BC3A
BC6F
BB65
3BAE
BC0C
3BD7
3C26
3B23
BB14
3BFF
BB57
3AC2
3BA3
3B0B
BBE3
BBED
BB83
3A66
BABA
3B82
BBAF
BB36
3C14
BB45
BB20
BB66
3C18
B96E
BC77
3C07
BAFF
3BC8
3C1B
BC08
3BB5
BB86
3C2B
3BEB
BC07
3C06
BB47
3C01
39E2
3B9D
BBDD
BAEA
BB82
BBEC
3A98
BB91
3C13
3C04
B8AD
BC1B
3B19
3AF7
3A69
386C
BC0E
3AB4
BB89
B8F0
3BFE
BBB2
3ADE
3A82
BBE1
BBA6
3B30
3C48
3A85
BA64
3BE0
3BCE
BB82
BC27
3A4F
BBD5
BBC4
BC4D
B7A1
BCC6
BA07
3B08
BC06
BBC1
3AAF
BBBF
3C03
3BB4
3B1E
BBFD
3A5B
3C32
BBA2
BB9C
BB94
B9AE
3B39
BBA5
3C1E
3AED
BAAD
BB89
BAA3
BA78
3B3B
BB94
BB9C
BC4B
3B97
3B8F
BB80
BB2C
3BBE
3AE1
3C1E
3BBC
3BF2
3BE7
3ABA
BB86
BB63
3BA8
BC53
BBAD
3C34
BC00
BACF
3C30
B801
BA6D
BBB8
3C8A
3C09
3BD0
39EE
BBB8
BA2E
BA3C
3BA4
BC40
BBA0
BBE2
B9E0
3B06
3BEE
3A84
BBE1
3B50
398C
BAB6
3B53
3BD2
3BA8
3B38
BC52
BB66
3B92
3BFD
BC06
BBE5
B92F
3ABB
BBB2
3C55
3BD3
BBBB
39D7
BA17
3997
BBF2
39AF
B658
BB8A
BBE6
BB62
BC1A
BB98
3BD6
BB6D
3B71
3B93
B9C7
BBF4
3B26
3AFF
3B97
3AF9
3C1A
BB6A
BA7B
BB83
3B9C
3C15
BB1D
3B0E
3C46
BBCB
BBE8
3B94
BAB5
BBD4
BB50
3C25
3BF8
3C1E
BBE5
3BD7
BB65
BAFA
BC36
BBFF
BB2E
3C4C
3BBD
BB02
3BEB
3897
BB9C
BBD8
BA41
3B39
3BB0
BAF1
3C39
3C18
3A6D
3ABE
B991
BBA7
BA86
3B47
BC87
BBCE
BB94
3BCB
BBA9
3C1B
BAD2
BB21
BC56
BB62
3AA4
3A9F
3BE8
BC21
BBDF
3C49
BBCB
BB34
BB09
BB90
3C0F
B98C
3984
3BD8
3B9F
3B1A
3B64
3B8A
3B14
BB44
3B86
3BAF
BC84
398C
BB5C
BC08
BB71
BB55
3B89
3B52
3C17
BB4C
3B1A
3A2A
BC15
3B14
BC9C
BC1D
BB47
3BCE
3BEF
3BE8
3A79
B81A
3BFF
BB82
3AB9
BBAC
BB57
BC52
BAE2
BB8A
3ABA
3B86
BADA
BC37
3A8E
BB86
3BD7
BB3B
3C65
BA82
BB76
3B7A
3C2C
BBD2
3B93
BBD0
3C66
BABA
3BE4
3BC2
3BE9
3AB1
BB55
3BDD
3BB3
3B36
BBD8
BB1E
38F3
3B9B
3BA2
3C1F
3A84
3B81
3AAB
3BED
3C1D
BBD8
BA42
BBC3
3A86
BBC3
3CC8
3B5A
3C0A
BB71
BC32
BBAE
BB6C
BBC7
3ACE
3AAE
3BAB
BBB5
BC4A
BB00
3B9F
3B7F
BB6E
BAF8
3C61
BBFA
BC03
3C52
BB7B
3C3A
BBB3
3BB3
3BBA
BB72
3BDA
3B12
BA8E
BB41
3BFE
3C92
BBDB
3ACE
3C01
3A15
3B57
3C47
3C6F
3B98
BC20
3B45
3C49
3BA7
BB95
3C1A
3C2A
39C3
3B6C
BB9F
BB59
BC36
BA16
3BA7
3BDC
3BAD
3B0F
3C24
BB93
BAC7
3BD3
3B9D
3C5D
3BA7
3ACB
3BBB
BBD8
BB16
BB87
3B00
3B10
B9C3
BBA7
BBD2
BC03
BAA7
BBC8
3B1F
BAA3
3BE0
BC46
BBDF
3B82
3C49
3B8E
3B82
BC0E
3A2C
BBCC
3B39
3B94
BB21
BB85
3BDA
3BAB
3B74
BC22
BB80
B9BF
BBB8
3B5C
3C1A
3C25
390A
BB8B
BC7A
BB9C
BBF8
3C0C
BC01
BBD2
BA86
3BAF
3B32
BC0C
BA5E
BBF5
3B90
BA0C
3A40
3C0A
3B1D
3BEC
BAB4
3AD9
3C3F
3B87
BB3E
3B04
BBBD
BA1F
3BBC
3BB6
3A6C
3C0F
BB28
B9B1
3B02
BBD5
3C3A
3BD3
BC55
3984
BBD5
BC0F
BC58
3B6D
BB3F
3A92
BBD6
B9CF
3AD1
3B05
397C
3BD6
BB60
3BCB
BB46
BC99
3C74
BB84
BBEB
3C72
BC8C
BAF4
BB65
3B87
3BA4
3B18
3C07
BC45
BB82
BBC6
3BEE
BB2B
3BA8
3C32
3B68
BB78
3C59
3BC7
3B39
BC21
3BD2
BB3E
3B28
BAD3
BC01
BBEB
BA1D
3C12
BB2C
3B1A
3BB5
3BD9
3BF2
BC93
3AB4
3A26
BB3F
3B8C
BA9E
3BD1
BB24
BC06
BAA7
3C1D
3C3B
3C26
BBE5
3BAB
BBC3
BB59
BC5D
3BFC
BBE4
BBDE
3BC4
BC0F
BB8D
3B26
3C41
3C09
3BAD
BB94
BC2F
3AF8
3BAC
BB1F
3B08
3B9E
3C30
BBC9
3A98
3C00
39D6
3C20
3C3E
BBBA
3BF3
3B0F
B9AD
BBD0
BB19
3BDB
3AD8
BCA5
BB56
3954
3B27
3BD0
BC1C
3BAF
3B32
BBC6
BBB1
38E2
3C1F
BBCE
BC42
3B8E
3BD8
3964
BBA7
3B91
3B3E
BBB7
3B90
BC13
3B9F
3B7D
BA9F
3B8A
3B28
BB39
BBD5
BB43
BBE6
3C95
3C0E
BBFA
BB46
3C0D
3932
3B57
BB36
3C60
3AFC
3BD3
BC25
B9D0
BC41
3B41
3C53
3C50
BA17
3B4B
BB60
BBB9
B8F5
B9DF
3C3B
BAAA
BBE1
3BFB
BAEC
BBFE
BA28
3B60
BB6E
3BA6
3C13
BAD2
BA2C
3C57
B95E
BB9B
3BBD
3B8F
3C6F
3C36
BAD4
B9BC
BB99
BBA7
BAAC
BC7C
3B42
BB78
BC26
BBEA
3B92
3BF5
BBEE
3A1E
BA2C
BBA1
BB4C
3AF5
BBAA
BB7F
3BA6
BB6B
BAAA
3C3E
3B72
3C13
BAD1
3BFA
BB19
3C02
BAC6
3AA4
3B95
3BDF
BC26
3B8F
BB90
3C59
BB6F
BC11
BBAD
BB5C
3B73
3A8E
BBF3
BBC3
3BE1
3B90
BC1D
BC19
3BCA
BBD2
3C04
BB13
BBDE
3BCB
BC5D
B9F0
BB24
3B57
BC05
BAC5
BC28
BB30
BB70
B9B1
3C80
BBDB
3AD9
BADD
3B03
BBB3
BB9F
BADA
3C1D
BBB8
3C58
B71D
3A3B
BC0F
BB75
3B2D
BC03
BB1F
3BC5
BB82
3C87
3BE8
BB8C
3B48
BBA9
BBAF
3C23
BB8D
BB96
3A71
3C26
3B7F
3BFD
BA15
BA5D
BAFB
BBA5
BBBC
B9D3
BC23
BBD2
BBE2
3B32
3C10
3BCC
3BDA
3B3A
BBD9
BBCC
BA75
3B8B
3CA5
BA54
BC74
BAE1
3B32
BBEA
3B83
3BB2
3C22
BC98
3C73
3B3D
B98D
BC99
3C02
3B71
3C89
BA99
3CAB
BBAD
BC6E
3BF7
BBFE
BC15
BC8A
BCAC
3C5F
3B66
3ABC
BBD1
BC72
3C52
3C03
BC43
3CE5
BC33
BCAC
BA7E
BB87
3C27
BC66
3C10
BC39
3BD2
BC8B
BA9E
3B43
BBBB
BAA1
BB51
BBF7
BC6C
3B81
BB5F
3BF9
3C58
3B93
3C43
3A3C
BC4A
BAB5
BB73
3C15
BB8C
3B94
3C0B
3B12
3AA5
BBAE
BC2E
BBBB
BC52
BC36
BBF4
3B3D
BC56
3C4C
3AA1
3BAE
3B5F
3C0A
3C7E
BBD7
BB2A
3B08
BC03
3C04
BA8F
3A37
3B86
BC22
3A6B
3AFB
BB84
3C39
3BB2
BC18
B9C7
BBB2
BB8D
3C38
BC3A
BC57
BC40
3ABB
BB80
BAD4
3B27
BC9A
3B05
B9F8
3921
3CD0
BC3F
BBA5
3B98
BB46
BBEF
BA85
3B2D
3B9B
3AA4
3C84
3A25
3C9A
3AF4
3BF3
3C8F
3BA9
BBDB
3A33
3B91
BCA9
BB50
BAD6
3C45
3C0A
BB22
3B85
3BF6
BA38
3B56
3C1E
3B8C
BC0C
3C54
3C05
3CA4
3B2C
BC57
3A96
3C26
BB01
3C99
BC3F
BC92
3C79
3B3D
3BFF
BC96
3BA5
3C0B
BC6B
3C20
3B2B
BC5D
3C00
3B39
3BAC
BC66
3C11
3BDD
3BB9
3BCA
3B2C
BA80
BC35
3B8D
3ABA
BBC3
BC1D
BA3A
3C76
3C2C
BB3B
BC10
BC95
BC40
3AF9
BA66
BC4D
3B6D
B9C8
3CB8
3C3D
BC02
BC3E
BC1D
BBBD
3C93
3C38
BC42
BCC8
B9CC
BC2C
BC6B
BBA0
3C0A
BAEB
3C39
3B1A
3C1B
3B1B
BC0B
3B97
BCA1
BB80
3C0F
BB2B
3BBD
3BD5
BC78
BBB6
BBF6
BCC9
3C85
3BAB
BB96
3BF4
BAE5
3C56
BC3A
3CC7
3915
BB65
3B3F
BC7A
BB8A
3B8D
3B75
3A6D
3BDB
BC7D
3A5C
BA98
BC1D
3BE5
BB3A
BA16
BB00
3C26
BBC7
3B34
3CB0
3BCD
BC33
BC83
3CB4
BBA7
3C2A
BC9A
BB03
BA63
BB9B
3C00
3C9B
BC4E
B9B7
3C8D
BC82
BC35
BB6E
3AFB
BBB5
3C17
3B83
3A58
BC02
3BC8
3C4F
3CA4
BC60
3C33
BC1B
BC86
BB3F
3C20
3BAC
BC38
BC73
BB96
BC6F
BC2A
BB7A
3C5D
3C51
BA46
B902
BC36
3C83
3BDA
BB01
BB36
BC08
3B99
3C51
3C5B
3ADC
3BDD
3AB1
3C0B
BC73
BBD1
3B49
3C32
BC06
BB94
BC9E
3BA8
BB70
BC05
BBEC
3C31
BB12
3B4E
BC03
3C19
39B1
BC49
BC03
BB88
3C14
BC37
3C4F
BB2B
3C9B
BC20
3C6B
BC31
3BBB
3A04
3ADB
BC65
3C06
BBEB
3A9F
3BD9
3A35
BB01
3C4A
3BB8
3C71
BBDC
BBC4
3CCA
BA15
3B83
3C29
B9D9
BCBE
3BC0
3C99
3C21
BBE2
3A54
BC09
3C18
BCAA
BC36
BBAD
3BA4
BC06
BA93
3CF8
BC4E
BC2C
BBB6
BC30
3C20
3C33
3B51
3BBA
BBF0
3A94
BC1F
3C3E
3B3F
3A7F
3BBF
BAF7
3C86
BB32
3AE5
3A4C
BC73
BC24
BC4A
BC88
BB80
3C0F
3C11
3BE1
3C81
BBA6
BC4C
BC08
3B3B
BB7A
BC00
3AD0
BC71
BAA9
3B88
3BF9
3C1C
3B73
BC95
3C82
3BBF
BC92
3B44
3B39
BB7F
3C86
BB8A
BBCF
3B6D
BB51
3C02
BC81
3C6A
BBE6
BCD7
BB9D
3C44
3C03
3C8F
3C9C
BB40
3C3D
3922
3A2E
BCBF
3B6A
3C51
3B6A
BAF4
3AC3
3B28
BBF0
BC50
3C50
3A81
3C09
3B61
BBE9
BAF4
3B0D
3C36
3C01
BA1B
3CB5
BB35
3C91
3BCB
3C22
3C0C
BC32
BBEF
3B8F
3BDB
BC55
3C17
BC00
3BF6
3B8E
3B22
3B23
3BFE
BB62
3C30
3BE8
3C19
3C77
3B61
BB59
BC39
B951
3C40
3A2A
BAE4
3C28
3CC6
3B24
BC87
BC2E
3AB8
BBFD
BCB3
BB3B
3C0C
BC36
3CDF
3C2B
BCCA
BC93
3928
BCA4
3C1D
BBAF
BA79
BA58
3C4F
3C2A
3C95
3B71
3AE2
3B0E
3C4E
BA1C
BC2A
3CB7
3B1C
3A3C
BCCA
BC89
BBFC
BC45
BCAF
3C21
3AE3
BC1E
BC3B
BB51
3C32
BAB5
3A5D
B961
BBF2
BBA0
BBE7
3C53
3BA6
3C0C
BC31
3B7F
BBD4
BBA5
3C39
BBD2
BB70
3C17
3C39
BBF3
3B97
BC52
3C3D
3C46
3B9E
3C0D
3C3E
BC31
3C04
BAA4
3B91
3CBF
3C2C
3C31
3C24
BBC9
3BA9
BC93
BBBD
BBC8
BB9A
3C46
3BD3
3C12
BBB8
BA96
3B41
3AE4
BC89
3BE3
3B6C
3BAB
3C3D
BBC3
BC4D
3C17
BA3C
3C4F
3B78
3C9C
BC22
BAE9
BB30
3A8E
3BDC
B919
3C31
3C4E
3C9D
BC7E
3C08
3C1D
BC2D
3BEF
BB3C
BC42
BAF5
BB90
BC0F
3C3E
3B9D
BC27
BC8E
BC0D
3AF9
BB02
BCB7
BB20
3AE4
3C86
3C11
3B4A
BBAE
BBAA
B893
3B93
3B00
3C60
BB0D
BABC
3AC9
BBE5
3C0A
3C49
BB28
3C52
BBBD
3ACF
3B8A
BC18
BB91
3CEA
3C85
3BA2
BC55
3A45
BBC6
3A41
BB4F
3BD6
BC11
BBC2
3C91
B987
BC6A
BB5B
3C12
BCA1
3C5F
3C23
3BB2
BCCF
3BC4
3B9F
3C89
3C84
BC0E
BC1E
BB46
3BD9
3B8F
BC02
3B91
3AA3
B896
BC59
3B87
3B9B
3CD8
3B8C
BBD2
3BCF
3B4E
BC5D
BBC9
3C8D
BC2C
BC01
3C0E
3C23
BC98
BBFC
3B8D
3C0F
3B20
3AA8
3BB0
BC00
3C75
3B89
BACF
BB70
3C23
BB3D
3C8D
3B09
3BEA
3C45
39DE
3C4B
3C58
BB7C
BBA5
BBC8
BB0A
BC53
3C02
BBA7
3AD4
BC28
3C03
3B9A
3C3E
3BA7
BC55
3C59
BAEF
3AC1
BC2D
3B9B
BC67
BBB5
BBD6
3B71
3B2F
3B40
BC04
BC06
3B8D
B864
3A8C
BB55
3B8D
BA36
BB94
BBAF
3AE0
3AF4
3BCD
3A48
3BBF
BC1B
BC20
BBE9
BA8D
3BE3
BB18
BC2F
3CAA
BB54
3C35
3B07
BB48
BBBD
BC2C
3C5E
3B58
BA6D
3D0C
BC28
3AF5
3BC9
3C30
3C2D
BC5D
BC4C
3C0D
3B08
BBA3
BC58
3C0C
BC5C
3C76
BC54
3CCF
BAC2
BC4F
39BA
3C5D
BBB3
BB23
3CBA
3C31
3C5C
3C28
3BC6
3BC4
BBC8
BC01
BB1E
3B27
BC19
BB93
BB91
BBCC
3ACE
BB86
3C2C
BBF7
3B2E
BBAC
3C4B
3B83
BC30
BA7D
BB7F
39FE
BA12
BB81
3BC4
3B1E
BA30
3AB6
BC27
BBF4
3A0D
BC69
BC3D
BC41
BC37
BB2F
3BE0
BC68
BBE2
BBAC
3BCC
BB0A
BA12
3C8C
3B72
BCC1
BBCF
BC3D
3B0C
3BE2
3A2E
3A12
3B14
3AD7
BB7A
BC1A
3BD4
BC38
BBC6
BC83
3C30
BA5A
BB32
3C95
3B6D
BC07
3A9A
BC16
3C49
BB3E
3C23
BC09
BCAF
3C02
BC69
BC22
BB5B
3AF8
3C88
BABB
3B6C
BC10
BB3F
3BB6
3CA8
3C78
BB91
3C54
3BBE
3C28
BB37
BC7E
3B3A
BC7E
3B3D
BC59
BCAD
BC09
BC0F
BA0B
BB95
BAB4
BC52
BC87
BCAF
3B9F
BC15
3B07
3AD9
BBC3
3C1A
BC44
BBD0
3B26
3BDC
3C46
BBD0
BAB7
3C82
BB8B
BB1A
3BB6
3C3F
BADD
BC1D
BA87
BACE
BC06
3C70
3B0B
BC4F
BB5F
BB90
BC04
3A94
BCB0
BC0E
3BEE
3A29
BC91
3B61
BBFC
BB39
3C15
3B81
3B38
BC04
BB5F
3BF6
39CE
3C26
BCC4
3A06
3C15
3AB0
3AAE
3BC0
BB79
3C61
3C6A
3AE9
3B74
BAAA
3A72
3C23
BC1B
BC1C
3BB2
3CA3
BC56
3B79
3C82
3A98
3BD7
BB58
3BFB
3C8D
BB8B
3BAA
BBD2
3C2B
BC3D
3C11
3B82
3B96
3C31
BC57
3ABB
3A24
3ABB
BB57
BAFF
3A56
BC21
BBB6
3C33
3C03
3BD8
39AB
3B8E
BC40
BBC3
3BE9
3BA9
BC12
3CE0
3BF5
BC12
3AC0
BB99
3C3A
BC81
3C60
BC18
BC41
3B78
3CF7
BBA8
3C39
3B58
3C02
BACE
BC81
3B26
3C97
3BF1
3B24
BBA6
BC49
3864
3C42
3A12
3C38
BBAF
BBC1
B9FE
BC14
BBB7
3CB1
BA46
BC36
3C53
BBBA
BB97
BC1B
3AEA
BC04
3C76
BBEA
BB82
3C60
3BD7
3C57
BC14
BC83
BB80
BC8F
3C8D
3C3D
BA99
BB41
BCC6
3A5A
3C3A
BAA0
3B9B
BBF3
3C46
3C3F
3C2D
BB8C
3AD0
BC6E
3A82
BB3E
3A11
3BF9
BC1C
3A62
3C9B
BA9A
3A1B
BC4C
BAF3
3C61
3D0E
3C19
BC37
BC24
BBD6
3B85
3D19
3BBE
BBCD
BBB4
3B3A
3BE7
3B1E
3B52
3BBC
3BB6
BC5E
BBB9
3A11
BBD7
3C51
BC91
BC55
BC9B
3C4B
3C69
BCCC
BCAB
BBD5
BC73
BB98
3BF6
BC05
BBA6
BBCE
3BC3
3BB4
3979
3B7C
3C0B
BC9F
3B81
3C98
BBB9
BB21
BAF7
3AAA
BC5C
BB07
3C0A
BC73
BBAE
BC96
BA7B
BAB6
BBB1
3A1F
BC0C
3B05
BB9F
BC20
BC6C
3C21
BC65
3C0C
BB8F
BC1F
BC65
B98F
BAAB
BBEB
3BD1
3C8B
BCDC
3C7D
BA58
BB66
BC17
BB83
3B08
3C84
BB65
3A8C
3A49
3CB2
3A5A
3B86
BC81
3C6F
BB3B
BC88
BB8F
3C0D
3A9E
3C1D
BB20
3B25
3B65
BC0C
3C85
3B09
3BCA
BC30
3B9D
3BA5
BA9E
3C84
3B70
BB99
3B23
3ADD
3B33
3C81
BC18
BB83
BC3B
BC51
BC48
3C5A
3BA6
BAF2
3B2E
3A4D
3C57
BB0F
BA5C
3BEE
BA49
3B59
BC21
3C68
BCCB
BB95
3B28
3BE0
3BDB
BB39
BBD3
3BA8
B9CC
3C58
BC32
3B93
BBB1
3B59
BB8C
3A5F
3C71
3ADE
BB35
B9E6
BB10
BB85
3BA7
3BF8
BC5D
BBC7
BC18
3C52
BC54
39C6
BB72
BBA3
BC46
3AB4
3BA4
3ACE
BBE0
BB0D
BBBD
391B
BB58
BC2A
3B82
BBB1
3B73
BAC0
BB81
BC09
3BB1
BC9D
BBAC
BC73
3B8F
3BED
3BED
BBD3
BC4F
BC41
3C6E
BC69
BB42
BCA5
3A65
3BE5
BC05
3B82
3BB3
3C98
3965
BB54
BB81
3CBE
BB21
BC55
BB44
3BF0
BB5C
3B9E
3B51
BBD2
BB74
BB2E
3A9E
3C24
3B59
3C53
BC4D
3CBF
3964
3B28
BB1B
3B27
3C58
3AE1
3B31
3BC7
BC34
B981
3CA4
3BDE
BC25
3C3F
3BAC
BB9E
BC31
BB17
3B3A
BB23
3C0C
BBEF
BB13
3BC2
3BC2
3BA0
3CBB
3C56
3C5C
BCB1
BC24
3B1F
BBC0
BB4A
BA87
BB83
3C25
3BCF
BC86
BA1B
3BA3
3C44
3B35
3B3C
BA81
BC30
3C22
BD00
BB5B
3CA0
BC21
BC21
3BC1
3C39
BC9A
3B8F
BC5F
3A58
3C60
BB20
BCA0
B86E
3B80
BB5A
3C92
BC16
3C98
BBDA
BAF7
BB8F
3C2B
BCAE
BBAF
3B3D
3B3F
3CAE
BC07
3CBA
3B54
BBB3
BBDA
3C29
3B26
BB48
BA4F
3C18
BC08
3C81
3990
BAF1
BC47
BC57
3C21
3C8E
BA29
3B40
3B7B
BC94
3CDE
3ABC
BABA
BC12
3A02
3BC6
3B66
3C14
BC0C
3B97
B946
3CD8
BC7E
BBCD
BBDB
3AC5
3C11
3BC4
BC17
3B95
3C67
BB4E
BB3A
3BD9
BB70
3B64
BC31
BC40
3AA8
3C4F
BB8F
3B9E
3BB9
BC0F
BB91
3AE3
BC28
BC68
3967
BC87
B9E6
BB7C
BC35
3C09
3C7D
3A50
BC69
BC33
BBDB
BC52
BC8D
3C22
3C11
BAD3
BC67
BBA3
BC1F
3BE9
BBCC
3BB7
BB40
3A42
BB85
3AF7
3BCE
3A9F
BB5D
BB26
3AAE
3B7A
BBE7
BB86
3C33
3B4B
3AB9
BC16
3B81
3C02
BB86
3C87
BBBC
3A64
BC12
3C36
BC5D
3AAC
3BD2
3C2A
BBEF
3B43
3C8F
BB23
3B7B
BC8C
BA8E
3B86
BC36
3C62
3980
3C3E
BADD
3C1E
BBA0
3B3D
BCB1
BA6C
BB25
3AF1
3A67
3C08
BC36
BA70
BC36
3BC0
BB9C
3CAD
3B56
BCB1
3A3D
3B8B
BAA9
3C71
3C34
BBC1
BAC1
B9F7
3C31
BB26
BCBA
BAA9
BB8F
3B25
BC1E
3C03
3A30
BBA5
3C2D
3BEA
BCA4
3BBD
BC6E
BB8B
BB0E
BC67
3BE9
3C0C
BAE5
3881
3B25
BC44
3C29
BA89
3BBF
3C24
3C23
BC85
3BC8
BC21
3B7E
3B9B
3BC0
3C95
3B95
BBE2
BC17
3C67
3B91
BBE6
3BDC
BC80
BA82
3C63
3BD9
3A7A
3BB0
BC42
3BCB
3B10
3B46
BAF5
3BC1
BCAB
3C05
3C14
BC50
3C28
3B24
3B0B
3BFF
3C59
39EF
BBF2
BC44
BC23
3B09
3BC6
BBDC
3BDA
BB84
BAC6
3B46
BBA0
BB5F
BB85
3C2D
3ABF
3C18
BBA0
BB11
BC94
3BF3
3AC1
3A9F
BBEB
BC27
3A7C
3B7E
3B8A
BCBD
3C1D
3C2F
3BE5
3A28
3A64
BC7C
3BC5
3B72
3C1C
3C4E
3BEA
BBD5
BAE7
BBB5
BC8E
BB4C
BB82
BC19
BBBF
3AD2
BAE9
3A2C
3BCC
BCB6
BBD3
3BEF
3C62
3BC9
3C42
3A20
BA9F
BB6A
3A26
BC50
3B1A
BC85
BBE8
3C15
3C9C
BC22
3C2E
BC41
BBEC
BB0A
BC3F
B978
BC13
BBF8
3B87
3C02
3C18
BC42
BBCF
3CA5
BC28
BB6D
BC0E
BBE5
3BE3
BC27
3CB0
BBDA
BB77
BBBF
3B3C
BB54
3C5C
BC24
BB5F
3C73
BB54
3C14
3A1D
BC07
3C7E
3BD7
BC2B
BC2E
3A50
BC09
397E
BC03
BC5A
3B99
BAA6
3AC7
BC2E
3CD4
BBA5
3902
BAF4
3B73
BB53
BC0D
3B8F
BCE7
BA2A
3B7E
BB33
BAFE
3BB8
BBC2
3B01
3B5D
BC9F
BBDC
3B33
3B16
BC97
3C74
3CC0
BC84
3C81
3C3B
BBC5
BA9C
BBDA
BAD3
BC1A
BC9F
BC96
3C2A
BBAD
BB9F
3C59
BBCA
3B8E
3A86
385E
3B2A
BC3F
BABE
3BBF
BBB5
BB8A
BA33
3B43
3B56
BC89
3BE0
3C3C
BC06
3BA6
3958
3BA3
3BD7
B978
BA93
BB59
3B84
3C99
BCA6
3C1A
BBB3
3C56
BC90
BBE4
BC79
3C05
3B31
3C46
BC26
3A71
BC1F
BBC0
BC8B
3B86
B9B0
3A3A
3C0E
3A27
3C07
BC34
3BF9
BB71
3CB1
BC1D
BAB7
BC7A
3B51
BC83
3A67
BC15
3C71
3B7E
3C2A
BBF8
BC33
3BB0
BCCB
BC03
3C65
3B69
3BC5
BC87
3BF2
BBFA
3C11
3BEC
3B83
3C6F
BC3A
3B8B
3C29
BC23
3A15
BC82
BB9B
3B14
BC0A
3B11
BB76
3C2E
BB6F
3C13
3B3F
3C1A
3C86
3B93
BBF1
BC11
BC3E
398F
3C08
BC78
3C1D
3A01
BBCF
3B9D
BC9B
3BB7
3C27
3BE5
3C85
BB50
3C01
3BB9
3B65
3C0D
39A0
3BA3
3A7E
3B50
BC91
3C25
BC09
BC4E
3AE9
BBEF
BB1D
BB34
BCB0
BC37
3B7C
3AA9
3C5C
3C3D
3BBC
BC1F
B790
BC39
BC11
BA7F
3B68
BBA5
BB97
BB33
BC10
BBBA
BC2C
3B97
3C70
3C3B
3B29
BB18
BB94
3BC9
3C3A
BC3F
BBE2
3C86
3B41
3B29
BBBA
3C08
BADE
3BD2
BC20
3C82
BC48
3C5D
B95A
BB92
3C13
3C35
BB4D
BB5B
BBCB
BC2B
BC05
3C63
BBE2
BC5B
BC48
BBD0
BB12
3B39
3CAA
BB21
3B94
3C17
BB4D
3C3F
3BC4
BC8B
BBD2
BC74
BA9B
BB4C
3BCB
3C13
3CB5
3A9F
3C4F
BC14
BA14
3C22
BAE7
39EB
BC80
BC40
BC40
BC41
BB81
BC07
3C87
3762
3CB5
3BD8
3A73
3BC6
BC60
3BD3
BAD6
3C1D
BC34
3C06
BBAC
3C6E
BB51
BC43
BC66
BB2D
3CBD
3BDD
3BFC
3AAE
BC0F
BC1C
BC86
3B20
BB7A
3AFB
3C66
BC94
3BB9
3B45
BC36
3CC1
BC39
BB96
BA8B
BA71
BCB4
BCD7
BB6E
BC8D
BC93
BC54
3BF6
BC53
BC29
BA70
3C84
3CBA
BC20
BBF1
BC08
3C77
BB15
3B37
BB3A
BBD3
3BB1
BC59
3B95
BC4E
BCAC
BC47
3B7E
3BCF
BB62
3C35
B99A
3C03
3C8C
3B3D
BCB5
BC6A
3B80
BBD3
BCA6
3BD4
3BB9
BC18
3C3D
BA88
3BE5
3C64
BC09
3C75
BC9F
BACD
3C39
3BE3
BBFA
3BA7
3899
3C6A
BAFD
BCBA
BB8B
3B28
BC9A
BC90
BC0D
3B10
3C19
BBEF
BB0E
BC20
3B8D
BB83
3C23
3A48
BB77
3AD1
BB07
3C71
3B0F
BC10
BC64
BC68
BBE4
3C45
3C15
3A20
BBFA
BC23
BC62
3BCB
3AB8
3BD8
BC88
BB6D
3B8E
BBA8
BCC7
3C00
3C8B
3CC8
BC3D
3C96
BC41
3C3C
BB0D
3C9A
3B1C
BC64
B9FC
BBBA
BBF3
BC09
BB92
3A8D
BBEE
3BC1
3BBD
3B91
BBF7
B9C3
BBC3
BB39
3CAA
3C30
BC81
3B95
BB11
BB85
BC35
BC81
3BB8
3B87
BC5D
3B2D
BA89
3C34
BBC8
BABA
3B7A
3C55
3C50
3B27
BC69
3C08
3C05
BB8A
3B70
BB52
3C9B
BB78
38EE
BC13
BC7A
3C2E
BC60
BA0B
3B5F
3C76
BC16
BC31
3C1E
BB2F
BBCF
3C11
3C51
BC55
3BFB
3CB9
3AB1
BBC5
3C3B
BABD
BC85
BC16
BC8E
BB16
3C54
3BAC
BB4D
3C48
3C97
3B7E
BB8E
BC29
BC16
3C95
3C19
3AF0
3B94
3AAC
3C0C
BC4C
BA25
3AB3
3B2B
BBE6
BB82
BB9B
3C1B
BAC6
BB41
3C03
BA95
3C05
3C9A
3BCE
3B75
BC4A
3C04
BAE6
3C00
3B99
BC5D
BBC1
BB5B
BB15
3AE0
BB83
BBB4
39CC
3BE9
3BFD
BC01
BBEB
3BE1
3C17
BBA0
BC72
3B0A
BB8E
BC0D
BBEF
B916
BCA8
BC26
BBC4
BBD5
BB8C
BC54
BC11
BC9C
3B1C
BAFD
3B88
3BB0
BBDE
3BCC
BB6E
BB42
BB93
3C51
3B02
BC13
BC63
BBDF
3A6A
3C94
3C75
BBBB
B935
3C04
BC0D
3B3E
3C96
BC8F
BBEE
BB69
BB52
3BF7
3ADE
BC6E
BC49
BA4E
3C4A
BA96
B98F
BC85
3C2F
BC25
BC26
3B0B
3C18
3B8F
3BD4
BB47
BC5C
BA1F
BC9C
3951
BC25
3C6C
3BA9
3A02
3C0C
B983
37C1
3B78
BC12
BC78
BCBD
3C9B
3B3D
3BCB
BC07
BBA6
3B46
3AB3
BC2C
3BED
3CB2
BB93
BBF5
3CA7
BC1E
3BA0
BC55
3C01
3BEC
BBB4
3B7F
3C45
BC29
BCCE
37C6
3C0D
BB77
BC0C
3BC3
3C2F
BC89
BB79
BC53
BC26
BCA0
3AC3
BB9D
BAF8
BBA9
3C10
BC2B
3985
3C3B
3C1D
3C49
3B24
BCB0
3C6D
3B23
BC36
3BE9
3B7D
3CAB
3C85
BBB4
3C5D
BC97
BC98
BC39
BB05
BBD1
BC4F
3B4E
3C74
3C0D
BC67
3AB2
3B6D
3BFB
3A09
BBCC
BAE2
3C45
3C13
3BAC
3BDA
BB61
3CAB
3ADC
BB6D
BC2E
BBEF
3CAC
3B79
BC24
BC1E
BC39
BB06
BC72
3B9F
3C18
BBAE
397E
3B4D
3C71
3C38
BB80
3C8E
3C8B
BC14
BBD9
BC0F
3C0F
BC0A
BA66
BB70
BCB3
BBEA
BBBF
3B92
3C5C
3ACC
BBA6
3A13
BAE5
3C80
3B9F
BA93
3AC0
BC22
3B31
3BF5
BB05
BC20
BA83
BC9D
3BA4
3C95
39D6
3C83
3C09
BC4B
BACD
BBE2
3B25
3B8A
3B80
3BBD
BB3C
3C6D
3C07
BC8D
3CC7
BB8C
BC1D
3C81
BBAF
3CAB
BB66
3C49
BC5F
BAA1
BC2F
3BEB
BB2F
BBD3
BC31
3BE7
BC89
BCC4
BBFC
3BFD
BBAA
3B12
3C42
3BB7
3B3F
BCBE
3B8F
BAC3
3CA0
BC0E
BB8C
3C77
3C13
BBA7
3C0E
BC06
BBC2
3C3D
3BA6
3C5D
3BAD
3B18
3C0C
BC57
3B06
BAF4
BC51
3B66
BB87
3BB7
BCA3
BB47
BC26
3C63
BBFD
3C05
BA57
3B76
3B93
BC26
3CA5
3B87
3C6C
BC01
3BCD
3C16
3C3B
BC54
BA1E
3B42
BC58
3C23
3AFB
3B87
3B8B
BB90
BC51
BB95
B92D
3BC5
3BDF
3C57
3C92
3B7D
BC71
3A3F
3C8A
BB83
BAEE
BBA9
3B21
BBE8
BBAB
3C45
BCB8
BC97
3C00
BC9D
3CA3
BC72
BBE7
3B05
3C55
BC04
BC7E
BC3A
BC2E
3B09
3C09
BBD7
3C84
BBB1
BBE5
BC77
BA11
BBBE
BA76
BC07
3C84
3C38
BB9C
3C09
3AC6
3B50
BB91
BBC2
3C4C
3930
3C8B
BC84
3C40
BB26
3B02
BB84
3B40
3A32
BC4F
3C4A
39FE
BB59
3B68
3A93
3B98
BBC0
BAE0
BCC4
3B3D
BA23
BAEB
BABC
BBDD
3B61
3B92
BC2D
3BB0
3BFD
BB81
3A9E
3C1A
BA9F
3B02
3B6C
3C12
3C83
BBE1
3B0B
BC1F
BB8C
3C81
BC28
BB9E
BB8D
BAF0
3C3B
BBF0
3C9A
3B0B
3BA7
3B0F
3CB2
3C6C
3BBA
BC17
3CAA
3B67
3B15
3BDF
BB2B
3CBC
BB52
BBD4
BB9E
3B68
BC11
BC6B
3C4B
3C8B
3C64
BCF8
3C46
BCB6
3A95
BC0E
BAC6
3BBF
3C60
3A21
BC56
3C53
3C78
BBF0
3BD2
3C3C
BC07
BC3E
3C05
3A8C
3C9A
3BC8
BA19
3A9F
BB94
BC3B
3C3D
3CE6
BCB4
BBBB
3C99
BB87
3C3F
3BF0
BC13
3C54
BC5F
BBB3
3BAD
3BE1
BB84
3AE1
BC65
BC41
3CEE
3BE0
3B49
3CC0
BBB5
BC0C
BC5F
BC6A
3B6F
3A4A
3B2F
BB97
BB85
3B9D
3BA2
3B22
BC16
BB5B
B9C3
BC7D
BC08
BC21
3C72
3B23
3CAF
3BBD
3875
3BE6
3C1D
3C53
BC19
3C92
3BAE
39F5
3C0A
BC18
3BBA
BB20
BBFE
3BB4
3BDB
3C62
3C1E
BB1D
3B16
3AB1
BBE0
BB25
B9F8
3B65
3C85
BC49
BCED
3BFB
BAB7
3A28
BBE8
BB40
BCAC
3C30
BB87
BC62
BA84
3C0F
3A97
BBE2
3C01
BBF6
3C18
3C39
BC35
3BFB
3C27
3C0F
3BF5
BAB2
3BD8
BC1B
BBDE
3BE5
BB37
BAFF
BA77
BCB0
3C19
BC11
BBD7
BBE4
3C8A
3A08
BB59
BC51
3BDF
BC5A
BB62
3A85
3BE5
3AA9
BAE9
3C01
B9DA
BC92
3C9D
3B8B
BA43
3C57
3B03
3C57
BCA7
BBAB
3BB0
3BEE
BC59
3B8E
BC83
3C2F
BC03
BC6A
B8CE
3BF4
BCC0
BB83
3B65
BCB0
BB68
BC2C
3C09
3CB7
3A64
BBCE
3BA8
3C82
BBE7
BBF3
3C11
3C46
3BDA
BCBF
3AB1
3BC4
BACD
3B69
BC38
3B27
B8E4
BB22
3C26
BC2B
BB5D
BCA1
BC54
BA1A
BC1E
3C24
3C72
3BC1
BB90
3C97
BB9A
BBA7
BBF6
3BB6
3CE3
3BEF
BB6E
3B64
3ABC
3C55
BC24
BC5E
3A15
BB95
BC5A
BB00
3928
BBA2
BB3C
BABD
3C17
BBB3
BB9A
BB47
BBB4
3C46
3B13
3B2C
B9BD
BB91
BB04
3C72
3C25
3BB2
BC24
3C9C
3B6C
BB9D
380E
3CA1
BC67
3B7A
3B04
BB1E
3C63
BBF4
3B4B
BC1D
3C9E
3BA8
BA44
3BEE
3CBF
BB9A
BBBE
3C79
BAF0
3C5C
BBD6
3C2B
BC3B
3B5D
BA5F
3C79
3C6C
BC92
3CC9
BB58
3C4D
3BF4
BBA0
BC88
3C1B
3C8D
3C21
BC3F
3B91
3C0F
3A8E
BB8A
3BD9
BB71
3A3F
BB88
BAC0
3B4D
BA98
3C72
3BB4
BC00
BC4A
3C31
BB88
BB7D
BC3D
BC2A
B81C
BC07
BB81
3B14
3CC6
3C0A
3AEA
BC18
BC2F
3AD7
3A91
BC3F
3B2D
BC2B
3C05
3BDC
BB99
3A39
3B32
BB04
3C2C
3A92
3B11
3C8E
3AAC
3C61
3C50
3AE6
3B67
3C59
BC4C
BB22
3B88
3AD5
BC42
3C8C
BB69
BC76
3C90
3BDB
3B8A
BC63
3BC4
3BC5
3B1D
BB96
3BE2
BB8B
BB37
BC60
3C12
3CB3
3C37
BB94
3B53
3AA7
3C36
3A01
BC37
3BF2
BAA5
BC02
3C25
BA3E
3C8C
BBD1
3C4D
3C42
BC62
BC73
3AB3
3BA9
BC01
3BE5
BAF4
3C88
BB3E
3AC4
3BC7
BB42
3C0E
393D
BB27
BC86
BBB0
BB02
3BE0
BC92
BC04
3C82
3C58
BBD5
BBAA
3C35
BC49
3B20
3C34
BAA2
3D0A
3BF9
3BD9
BB3F
3B57
3B8B
BB91
3B0D
3C3C
BBA0
3B8A
BB0D
BC23
BB6A
BAB1
3C37
3C0F
BBA3
BB1F
3B99
3BA7
3C7B
B4DD
3A8A
3C6B
BC55
3BD5
BC89
BC04
BBAC
3B6A
BBC0
3BC0
3B98
BB42
BCBA
BC0E
3B15
3C48
3C34
3BF9
3BFB
3C8F
BCA3
3C41
BC92
BBD8
BC60
3B02
3B5B
BC44
3BAF
BC48
3BBD
BC36
BB16
3CA4
3B14
3B35
BCEB
BC81
3BC8
3C84
3BA4
3BA8
BC61
3B60
3C60
BC76
3B1C
BC68
BBA8
3BC0
BA05
398D
3C8F
BC62
3C20
3C2C
BBC7
3C48
3B52
3C63
3ADA
BB89
3C21
BB7A
BC4E
BC10
BB8D
3B7A
BB8B
BC9C
3B39
BC9F
BC67
3BD8
B9EB
3A96
BC15
BC5A
3A59
3B05
BBE4
BBFC
BB81
3C76
3C12
B9B1
3B8B
3BE4
BBE7
BC24
3C11
BC2A
BB97
BC4B
BB70
3BDD
BB4E
BC70
3C71
3949
3C3B
3B8A
3B0F
BBA5
BC31
3B9C
BC81
BC36
BA56
BC85
BB16
BCA0
BAD7
3C84
B9EB
BBD8
BBFE
3AF0
3C56
3B00
BAFD
3C10
3B04
BB03
B8E8
BC53
BC6D
B98A
3C57
BA2D
BA9D
3A83
3C58
3AE7
BC1B
397A
3C10
BC50
BC40
BC88
3B23
BBA2
BC83
3C3A
BC36
3A9D
BB53
3C85
3B56
BBAD
3C69
BC6A
BC27
3C1D
BC0C
BC31
BC4F
3B83
3C8A
3C28
3B42
BBF6
3BC3
3A26
3C0B
BA5D
BBA2
BBC5
3C15
3B68
3B35
BC61
BB91
BC84
3B53
3B0E
3B53
BBE3
BC92
3BBB
BCA6
BB48
3BE0
3BFA
3C56
BB88
3BED
3B4A
3C79
BC67
BC25
BC10
3C74
3B23
BC84
BBDB
3A57
B91D
3A77
3C35
BAF9
3C51
BC5C
BB4C
BC03
39F2
B917
3B17
BC12
3B1D
3AE2
BBA5
3C19
BC72
3AB7
399C
BBE1
3B8E
BBA7
3C28
BC53
BC1B
3BFF
3BCD
BC27
BB84
BB56
BBBE
3C5D
3C8E
BC3E
3CCC
3BBE
3ADE
BC33
3C32
BA37
3A7C
BC61
3B0F
3B88
BC9F
BB2B
BC6E
BBDE
BB3F
BAE3
BC3D
BB88
BC04
3B8B
BC8F
3C12
BA6E
BBDE
BA21
3B89
BA69
3C7C
3B8D
BB60
BBE8
3B4F
3B86
BBE3
3BE5
BA59
3C25
BBDF
3AA1
3C0A
3BCB
BC0F
3CC5
3C07
3AA3
BB56
BC9C
BC5E
BC3D
BBF0
BC20
BC94
BC51
3BF0
39C2
BB92
3AE1
BC10
BB85
BC72
3BFE
BCB5
3B20
3C37
3B18
3B03
BBC2
BC57
3BE0
3B17
3B8D
BB29
3B61
BB9E
BC92
3BC5
BC7C
3C4A
3C0B
BB43
3BD8
BA9C
BC4B
BB39
BB61
3CAB
3A81
BC83
3BFB
BCA1
BBF6
3C1B
3B40
3BC5
BCAA
BC1B
3B05
3BC3
BC63
3C1B
3BCF
3C30
BBCE
BA4F
3C4A
BC2D
3B0A
3C9B
BC11
3BC0
3CBD
BC10
3C64
BC17
399A
3C30
BBCE
BB41
3BFC
BC8B
BB93
BB8F
BB9F
BB6E
BBA3
BC20
BB59
B910
BBF2
BC90
3BC7
3C13
BC75
BB42
BC9B
BC18
3BC8
3C1C
3B6F
BBDD
3926
3B21
BC66
BB42
3C87
3C4A
BC16
BBD4
BA94
3BED
3B8C
BC8C
3C17
3C4E
BC45
3BA5
BC61
BB6B
3BEA
3BB9
3C8E
3C2A
BB8B
BBA0
BC43
BC6B
BC45
BADF
3B01
BCA2
39E7
BB59
BADC
BBE8
3B94
BC6B
BC1C
3B77
BC38
BC28
BBC2
BBCC
3B29
3C0D
3ADC
3AFA
3C0A
BCAD
3B99
BC29
BC23
3CAC
3CA2
BB63
BCA6
3C6D
BC77
3B3F
3CC7
3A4F
3C01
3BF4
BBAC
3B8A
3C2A
3B9C
BC85
3C1D
3ADD
BBB4
3BD1
3BE5
BBDA
BC75
3BD4
BB54
BC56
BBAE
3B26
3BB5
3C9F
3C9B
3C8D
BBB7
BA9C
BBA8
3BD3
3C16
BB8A
BB57
BC5C
3B46
BAF5
3CEC
BC3A
B976
BB65
BC2A
BC24
BCA1
BC7C
3C97
BA07
BBB7
BC0D
BC9F
3B85
3C0A
3C5A
3BF9
3BA5
3B98
BC91
BB0E
3C52
3B80
BA91
3C9E
BC8A
BBC3
3BAC
BC8C
BC50
3CBF
3C70
BC3C
3BC2
BB46
BC49
BC86
3BCA
BC76
B9BE
3C34
3BB2
BC6C
BB40
3C27
BBF3
3C06
B968
3C8C
BC8A
BAEB
3B89
BCCE
3BC2
BBE8
3C39
3C16
3C42
BBFE
BC52
BC2E
BC44
BB89
3B4F
BC2A
B955
3AD7
BBC0
BBDE
BB46
B9FA
BC4E
3C01
3BFC
BBC6
BC91
BBAA
BBF2
3C33
3B25
3A53
BC5E
3BDC
BA69
B996
3C0D
3B86
3BC3
3B10
BC04
B9B9
3C77
3BFA
3B01
39BD
BC3A
3C3A
BBA1
3C5F
3C64
3C4D
3C32
3B89
BB1C
BC35
3C60
3B93
BB20
3B58
3C5B
3AA7
BC8E
3B86
3B8B
BB7C
BA0D
3B05
3A87
BB9B
3B6B
BAE8
BC63
BC30
3A4F
BB8A
3C01
3C42
BB94
BBCA
3AE5
BBAE
3C85
3B22
BBF3
BC13
BC42
3A62
BC07
BB7C
3C78
BC6E
BB55
3C19
3C14
B90A
BA3C
3B00
3C1A
BAFA
BB71
3BF8
3B5E
3C49
BB65
3BD2
3B08
BC55
3B70
3C73
3B93
BA29
3B07
BC8A
3BF7
3C1A
BC04
BC18
3B7F
BBCF
B8E2
BBE0
BB45
3B5F
3C30
3AD8
3C43
BB2B
3BCF
BC9E
BA91
3C36
3B80
3A8C
3C86
3BC9
3AAC
3C25
BAF4
B987
3A13
BB62
BC07
3B5E
BB2F
BC64
3C2F
3B9F
BC20
BBED
BA67
3C78
3C32
3BF6
BCE5
3B38
BB1F
3B1A
3B4D
BBA6
BBC6
BA0B
BC09
3C0D
BC02
BB7F
BA60
3AE5
3B94
BBB2
BAC8
BBD6
BBC4
3C41
BC2A
3993
3B73
B9CB
BBAD
BB1E
BC7C
BBA7
3C38
BBA4
BC20
BC0A
3BD3
BC47
BBE0
BC85
BC0A
BB90
BCEF
BC09
3C06
BB69
3B34
BC06
BC29
BA28
3B63
3AC2
3BE3
3BDC
BBAC
BC58
3C5B
3C11
3C4A
3CA6
391C
BB7C
3C3B
3C19
BCDC
BC1D
BB07
BBFF
3A7A
BB84
BB41
3B9C
3A1D
BA46
3C32
3B1E
3C03
BB39
3C12
BC00
3BAC
3C56
BAA6
BC5A
3BD6
BD13
BC97
3BEE
3AE3
3C1E
3BC6
3C70
BC05
BB8F
3BDE
3B84
BA9E
BC5B
3C8B
BC29
3BFC
BC9C
BBA0
3C6B
BCB7
BB87
3AED
BBFD
BC1F
3C9F
BBC1
BC3E
3B05
BB40
BB8F
3A36
BB97
3BE4
3B22
BCD2
39EE
BCD5
BBB3
3C9B
3C60
BC2B
3C8E
3B7A
3CA3
3C31
BBC2
3C03
3BAC
BC91
BBB7
BC21
B862
BA17
BC27
BC8A
BBAA
BC97
BBAE
3C85
BC61
3BF6
BBAC
BB30
3B4A
3C2F
3B8C
BB2A
3BEC
BBDF
BBC3
BB8E
BC1E
BB8A
B9E9
39C0
BC18
BAAA
3B80
3C9E
3C28
3C40
3BE7
3B58
3CC4
BC91
3AAE
3BCC
3B53
BB89
BB3A
BBF9
3C0C
3C44
3C1F
3B05
3C11
3BC4
3BAA
3B10
BAF3
BB57
BB8B
3CB4
BC16
3C2A
3A88
BC6B
BB2C
3BD9
BBF0
3C0A
3BB6
BBDD
3C20
BC56
3C32
3BBE
BC25
BC2F
BB9D
BB04
3B30
3B89
BBD6
BC04
BC31
3C6F
BBAA
BC6F
BC6B
B8B9
BC8C
3C49
3C35
3C87
3C05
3B77
3C7A
BCC7
3CB1
3D03
3CA3
BB8B
BBDA
BBBC
BB10
BCB9
3B00
BAC7
3C07
BC65
BC62
BB99
3C0E
3C02
3B9E
BB77
3AFE
BC1D
B9F9
3C3D
BC75
BC10
BC78
3C02
BB02
BBA8
BC34
BCC3
BA11
3BE3
3C35
3CC0
3C05
3903
3B11
3BCB
BA46
3C21
BC14
BB0B
3BFC
BC59
BC9E
B983
BC02
3A87
3B83
3B8B
3C02
3C1F
BC9A
BC82
BB46
BAF1
BC3B
3C4D
BC89
3C24
BBC4
3B5B
3B04
BBA3
BB8A
3A86
BC66
BB8A
3BB0
BC6C
3B99
BA30
BBED
BBFA
3CD7
BC9C
B990
3AB8
3C88
3CF7
3CCA
3B7D
BB16
3BE2
BBDE
3C4B
3C1A
3B37
BC4C
3C61
3BD2
3C37
BC0D
3BFA
3B02
BBA9
3C06
BB87
3C23
3BA7
BBE9
3C96
BC84
BADA
BCB0
3CBC
BBC8
BB22
BBE8
BBA8
BBC4
3C4F
3B2C
3C2E
BB4F
BB3D
3B9D
3B34
377E
3965
BC4F
BCA4
BCDF
3C92
3A49
BC07
BC82
3C16
BBCC
3CCC
3C9B
3CE5
3BC6
3CCF
BC4E
3B23
3C61
BBCB
3A4D
3CA3
3BC8
3BEA
3C01
BC08
BB2A
3C3B
3BEC
BB44
BC25
3A9D
BC92
3A9A
3C8E
BC3F
3C17
BA57
3C3B
3C44
3BF5
3C42
B9C7
BC16
3C71
BC32
3BED
3C47
3AD6
3AA6
3C1D
3C9D
3B40
B85A
BC9E
BC91
BC62
B9C6
BB7D
3A7E
3C23
BBE9
BBFB
3BFC
3C2E
3C10
BB4B
3B87
3C54
BC9C
BC0D
3AA3
BB7B
BB9F
BC3E
BCCC
3C86
3BB9
BC1B
3BC6
3C8F
BCE9
BC23
3C08
BC8E
3C36
3BB0
BA62
BB20
3C4C
BAE0
BBC7
BA13
3B82
BB61
3CC7
3A3D
BB81
3B8D
BB4C
3B92
BC7B
BBEC
3B7F
3CA2
3B79
BC31
3A38
BC13
BC16
BBDA
3C6B
BB0B
3A7C
BB98
3C77
3BFC
BBF6
3B4D
BB20
B98E
B942
BB91
BC73
3B80
3B6E
BA55
3B6F
BB4C
3C9A
3B6E
3C40
BC85
3C8A
3B60
3B5B
BC98
3B0F
3C47
3BDD
BC1D
3C97
3B12
3C91
BA18
BC01
3B91
3BB7
3C52
BB35
BC62
BB8B
BC4F
BA59
3BC1
BB18
3B33
3C9C
BCA7
39CD
BC5D
3BEF
3C4F
BC00
3C41
BC6D
3B55
BB8B
BC50
BB01
3CDE
3C57
BBDB
BB8D
BBE1
BC0C
BBF6
BA94
3C30
BC52
BB37
BAD8
3B37
BAEC
BB05
BB59
3BB2
3BE3
BB36
BCC7
3BA8
3C0E
3BDF
BB2A
BA62
BC3E
3BFB
3BEB
BCD2
BB3D
BC6C
BB50
BCB9
398F
BA8B
3C15
BBB7
3BE8
BC45
BCA7
3C91
BC16
BB0E
BC12
BC68
3BD8
BC29
BB41
BA1E
3C45
BA47
3C41
BB6E
BB4E
BCBD
37A4
BCB1
3BEF
BAD8
BB7E
3C89
BB97
3BE6
3BB1
3C3E
BC5A
BA3C
3B93
3B9C
BBB7
3C46
BC6B
BC7D
BCC7
3B5D
BA0D
BB34
BA7A
BC99
BC96
BB31
3883
3B6E
3C3D
BB63
BC53
BBDE
3B59
BBEA
BC50
3A2D
3C8E
BC13
BAD8
3CBB
BB73
3BE4
3C21
3A0B
3B3D
BC9A
BBC8
BB8E
BCAC
BBC2
BB83
3CAB
BB8A
3C20
3B16
BB71
3BCA
3BCE
B879
3C2A
3AB4
BC07
BC5A
3C9F
3B20
BBB1
3AAE
BBEF
3C02
BA48
3C43
3BAA
3B64
BC3D
BAD8
3B80
3C83
3AD8
BB3F
3B38
3AED
BBBC
BB42
BA61
BB08
3BC6
3BF8
BB37
3C02
3B91
3C3C
3C9A
3C7B
3B9F
3AF9
BC14
BBE8
BA42
3B99
BC3D
BC8C
3AD2
BA23
BBAE
BA53
BAE8
3A34
3C11
BBD4
BCAD
3BC6
B9FB
BBA9
3B83
BBD8
3BE0
3C50
3C64
BC99
3C0A
BC94
BC1B
3C49
BC52
BB5D
3C83
3BC3
BC78
3C6F
BC35
BC7D
BCAB
BC7B
3C9A
BC20
BC6E
BC29
BCC9
BB5E
BBAF
3AE0
BC43
3B01
BBEB
BC2D
39AC
BBE3
3BF5
3C2E
3B9D
3C24
3A9B
3B31
3B14
BBA2
3BA9
BBBD
BB4E
BBE6
3C03
BC58
BB3C
BC2D
BB0A
BB69
395C
BBA3
BAFC
BC42
BC90
BBAB
BB32
3C9D
3BF3
BB9B
BC90
BC8B
3A83
3B8E
BCC2
3BAA
3C68
3C11
BC97
BBC9
3B8A
3B89
3CDD
3B9C
BBBA
3C2A
BC62
BC0F
BB99
BC5F
3BEA
BA95
BC37
BC63
3C1C
3C72
3BA1
3CA4
BB4B
BB92
3ABE
3BF3
BC46
BC76
BBCE
BB94
3C10
3BE9
BB9A
3C16
BBE7
3C43
3AFB
B8F4
BB7D
BB4E
BC85
BBA5
BBB4
BBE8
BC0A
3B1B
BC28
3BC3
BBAA
3BC5
3927
BB13
3C90
BC29
BAA1
BC4E
3BEC
3B0F
3C1C
BADA
BBBB
3B6B
BCA1
3C02
BC1C
BC87
BA6E
BC6C
BC20
3BFC
BC9C
3C14
3B64
3C60
3B69
3B66
3C06
3D05
BC90
BC5E
BC76
3B8F
BB97
3CB8
3930
3C73
3C8E
3B5E
BB93
38A0
3B3D
BC0F
BB4D
3BA2
3BC9
BBFE
BCA2
3C67
BC2A
BA10
3C2B
BB97
BC3A
3C80
BB52
3AB6
BC11
3A1E
BB9F
BBC7
BBD3
BC7B
BB99
3C21
BC1C
3C10
BB14
3C06
3C4C
3BFE
BA0D
BC22
BB9E
BB28
3B47
BB28
BA69
3CA7
3C08
BA11
3C9E
B9AB
BCA8
3B33
3C33
BC98
BC5B
BC68
BC09
3B9D
3B56
BC74
BC16
BB16
3BB6
3C3E
3C5E
BB94
3AC7
3C37
BD04
BC5F
3C04
3C24
3699
BCEB
BC6F
3BED
3C0A
3BC2
BC10
BCA4
BC5F
BC64
3C88
BC0F
3B8C
BC64
BA6F
BBA8
3C06
BC9D
BB24
BC53
3BA4
3A34
BC61
3B7E
3BA5
BB04
3C8B
BC18
3CFD
BC5F
3C3F
3BC8
BB36
3C2A
3C1A
BBE4
BB51
3C21
3B84
BB3B
BC68
BBF3
3BAF
BBA3
BB87
BC0B
BB2B
3AF0
BBAD
BC05
BC0C
3C47
BA17
3BA5
BA2A
3B67
BC03
3CA8
3BFA
BA88
3C72
3C55
3BBC
BC59
BB58
3C22
BB64
3CD7
3BBC
BAA5
BBF0
BC05
3B5D
BC1F
3C19
3C7F
BB9E
3C3B
3CA6
BC83
3B46
3C5D
BC56
3BED
3C87
3CD0
BCF4
BB2E
BA3B
BC14
BC19
3AC8
BB9C
3AD1
3C15
3A12
3A16
3B05
BAA3
3C4F
3B68
3C04
3C84
BC4F
BA82
3B78
BC0D
BC02
BC0D
3C9D
3C20
BC88
3B5F
BC8C
BBE9
39F3
3B83
BC30
BC77
BC88
BB94
BC18
BBD0
3A0B
3BAE
BBB7
BBDA
3C92
3CC3
393E
3C99
BCA1
BB82
3AD1
BC95
BC11
3AC1
BC8E
3C04
3B0F
BBFF
BBE9
BC16
3A28
3BCB
BC63
3BB0
BC38
3BBC
BCDF
BB81
3C46
BAC2
3AB4
BB28
3C7D
BBBE
BC58
BC21
BC4E
BB22
BC03
BC1A
3B4E
3BA8
3AF8
BBC7
3C0B
3AB3
3CB3
B9FD
BC07
BBAC
BB9E
3B8D
3ABB
3C5B
BC3E
3C8A
BC17
3AB0
3BB7
BB8F
BCBD
BC1E
BBB9
3C0E
3C4B
3B6A
3B36
BB66
BC2D
3C05
3C13
3B7E
3C0C
BBF2
BC87
3C4B
B846
3C0E
BB5A
BC38
BB88
3B3A
3A4F
3A6B
3C15
3B2E
BC0F
3C89
3A01
3BF2
3BFE
3BB8
BB5B
BC81
BB42
3B4D
3C99
BC73
3B87
BBA1
3BE0
BC89
3BAE
3B40
3C90
3AA4
3CAE
3CB9
BB12
BC2C
3AE1
BC0D
BCAF
3C0C
B9C0
3BA1
3CC4
3C3A
3C8F
3BA0
3B8A
BB27
3C45
3B7E
BBEF
BA57
3C68
BC2E
BC7E
BBB1
3B8E
3B33
3C82
BBFC
3AD8
3C02
3B8A
3BE4
B99E
3C55
3C1A
BBA2
3C3B
3BCF
3BB4
BA25
BC0A
397F
3CA3
BCAC
3B4F
3A8C
BC28
BB25
BB07
3C10
3B3D
3C3C
3B00
BCD5
BBDE
BC09
BB04
3933
3B06
3B68
BC3F
3C33
3C01
3C59
BBEC
3B4D
3C5B
3C41
BA92
BB5D
BC41
3C53
BC3B
BB4A
BAEB
BC88
3B58
3C06
3BF5
3AE6
3C58
BBFA
3CB6
BBB8
BC6C
BAFC
BB42
3A94
BA6A
3C3D
3C96
3C03
BBB4
BC67
3C57
BC4C
3C89
BC77
BC3C
3B5B
BB7B
BC6E
399E
BBDE
3CCB
BCB0
BBB8
3BB8
3C38
BC9C
3A72
3BF9
BC71
3BAE
BC24
BCAC
BBF1
BC30
3BA0
BB89
3C45
3C0D
3B8B
BB47
BA2E
3AEC
3BF2
BBF2
BB5E
B959
3C63
3B07
3C92
3B51
3AEE
BBBA
BC25
3B85
BBBE
BC3A
3C13
3BE8
BC40
BA6B
3B25
3BE5
BC88
3A63
BCCD
3B5B
BB96
3B86
3CAA
3C77
3C39
BC2A
3964
3B55
3B93
BC63
BC8D
3A67
BB58
3C4B
3C26
BB5D
3A21
BC9F
BBE2
3B54
BC69
BC37
BB6C
BC87
BC75
BBC5
3C3A
BC5D
3B6F
3C3B
3991
3BA5
BC68
3C20
3C14
BBA0
BA06
3CC3
3B4F
BC53
3AF1
3AD6
3BC6
3AD4
3B2E
BC01
3C86
BBEB
3B95
3C2B
3C13
3C60
BA51
BC3B
BBD5
3BD8
3B8D
BBC8
BA9B
BC51
BB6D
3BE1
BB83
B928
3AA2
3B83
BC63
BBFC
BC87
BBE9
3A8D
3BA2
3C25
3AB6
BB51
BBA7
BB95
BB11
3C5F
BC2A
BC3A
BC92
BB57
3C15
3B6C
BB83
BAF3
BB92
3C74
BC3E
3C8D
BAD3
BBD3
3A45
3AB4
BBF9
BC83
BA5B
BC5B
3C3D
BB42
3B67
BC8B
3BD2
BB31
BC16
3B24
3AEF
BC6D
3C0A
BC05
BBE0
BB52
BB30
BC6E
3BE8
3C15
BB42
3BB0
3C5C
3C3C
BC4B
3A39
BA62
3BE3
3C48
3BB5
BBB1
3C71
3C2F
3B44
3BCB
BC33
3CCB
BC48
BC07
BC0E
BC03
BB98
3BAB
BC4A
BC54
3BB6
3AD0
3C08
3C28
BC91
BC28
3BBA
BC08
3C6C
3A1A
BBFF
3B0F
BB3E
3B10
BB1A
BBA3
BC5E
3BC8
BC93
BB2A
3970
3C0A
BB22
3CBE
BC6F
3CA8
3BB1
BC70
3C18
3B8A
3BAE
3A0F
3BD1
BCFB
3C2D
BBC8
3B2A
BC9D
3C6A
BBC8
BB9D
3A15
3B5D
3C32
BB02
BBBF
3A2A
BC86
BC04
3B95
3B05
B8BE
3C78
3B16
3C0E
BC04
BB91
BC9E
BCEB
37BE
BAFC
3A71
BBC5
BBE3
BBAA
3C53
3B30
BB0C
3BB9
3BAC
BB07
3BF6
BBCB
BB67
3C5C
3BB0
3C8D
BC88
BC5A
3C48
3B8C
3C5A
3B8A
3B94
3B87
BC80
BB68
3BAF
BADC
3BA9
BC26
BC06
3C04
BC7F
BBD4
3BA2
3B87
BA9C
BC8A
BBBB
3CE9
BC3B
3C3D
3B80
BC05
3C3B
BC9D
BC53
3C43
BC03
3BB7
BC1D
BC68
BB2E
BC07
39BA
BC25
BB27
BB5D
BB21
3B9A
3C2E
BC12
3CC8
BBDA
BBD7
BC24
BC6C
3C21
BB0F
BC07
3B38
3B85
3C6F
3C5A
3BFA
3C3B
BA98
3C95
BAFD
BC34
3C44
BB64
3A8D
BB00
BC2E
BB1C
3C8D
BC08
BC83
BAD6
3A58
BC21
3C24
3B72
BB52
3CA0
BBE6
BAB2
3B7A
BC33
3BF8
BB81
3BFB
3CA0
BC02
BC19
3C03
BBAB
BC05
BB66
3C37
3B18
3BE9
BAF0
3A6A
3CAC
BACE
3C0C
BC32
3BCE
BBE4
3C2E
3B3E
3C2D
3C39
BC27
BBDD
BB68
3BC9
3B8E
BCAD
BC24
BBFC
3C41
BBFF
BC04
3C10
BC9E
3C9A
BC90
3C25
3C63
3B95
BC18
BC62
BC90
3BBD
3B86
3AAC
BA23
BAE3
BBFB
379E
3C38
3BF6
3B8B
BCAD
3C4B
BAD7
BBAF
3B66
BB8A
3BE4
3BFB
BC6B
BAD3
BC88
BC4E
3C2C
3B68
BAE1
B910
BB37
3C3D
BB98
BC70
BC40
BACC
3B8E
3B5D
BB1A
BC62
3BB9
BBC7
3BD3
BA31
3B5A
3AA4
BCBF
BC8F
3B7B
BB12
BA80
3C26
BB87
3C5C
B99C
B8B8
3B88
3B3C
3BFE
BC0A
BA08
BBB0
3B17
BC97
3AD0
BC25
3AA9
3B7D
BC1A
3B44
BC5B
BB9A
BBBA
BBB0
3D0E
BAF5
3C86
3CA6
BB16
3CB5
3C85
BBB1
BC53
3AE9
3C30
B992
3B7B
3C5D
3C55
3C19
BB8E
3BDE
BC99
BC75
BCD7
3C29
3BBC
3BEC
3C4B
BB95
3CA6
BB89
3B2E
3B73
BC44
3B22
BC02
BC4C
3C11
3C95
3B9E
BB15
3C12
3BB9
3C44
3C09
BC0E
BBE1
BB1E
3B1A
BC2F
B884
3ABF
BBF6
BB92
BC5F
39C1
3C8F
3ADA
3CE6
BBCF
3B87
3B6D
BB9F
BB3C
3B1B
BC05
BB4F
3CAA
3C3D
BC85
3AEC
3BEF
3C60
BC2B
BBB1
BBF9
3B93
BB95
3B8D
BC56
3C26
BB3F
3B3C
3C2E
BBDB
BBD9
3A60
BABF
3BB4
3B5A
3CEF
3B84
BBD0
BB85
3BEC
3C77
BB27
BC73
3C3C
3C29
39A5
BAED
3B86
3C1D
3C3A
B9EA
BB96
38DD
3AB0
B9F8
BC36
3C76
3C0A
3BE4
BC06
3B3D
3C14
BBA5
3CE9
3CE7
BB84
BB81
3C72
BBDC
3A90
BC27
BC44
BB74
3C01
3CCC
3B29
3B77
3BCC
3BD7
BBE0
3C8B
BB6A
BAFA
BC13
BC65
BB1F
3C0E
3BFD
BBE2
3B41
3C8D
BC57
BC4C
BB9D
BB20
BA9C
3C28
3AA5
BAFC
BCFE
BA89
BA4A
BB85
BB85
3C00
3CCC
BC9B
BC3F
BC3C
3BEA
3B8C
BC32
3C5C
BC14
BCB1
3B72
BAC5
BC8B
3C42
3C90
3BED
3BD8
3B83
3B91
BC99
3BE0
BAB9
3C21
BB3D
BB32
3C14
3974
3B02
BBB2
BCCC
3BD4
BC52
BC6F
3AD6
3C1B
BBA8
BC3F
BC82
3BE4
3B85
3C2D
BC38
BC36
BC45
BC80
3AED
BCA3
BB33
3AAF
3C81
3999
3BF9
3AB4
3C8F
BC0F
BC91
3C78
BBD0
BC58
BA97
3B96
3A87
3CB3
3C73
3C0D
BCD2
BAB8
3C43
3BD5
BC29
BCEC
BCA8
3A69
BC8D
BC94
3BA5
3C28
3CDE
3AEE
BC67
BC78
3B91
BC11
3C66
BC6B
BC6E
3B65
BBCE
3B4C
BC17
3CA7
3B67
3B0E
BBCE
BBAC
BC67
BC41
3C45
3B6D
BB56
BC73
BC23
3C27
3C23
BBDB
3BD8
3C11
3A9F
BB95
BC47
BC73
BC0D
BA1D
3C01
BB35
3C1E
3B3B
BB84
BB55
BBE9
3BCB
3B9F
3A56
3BC9
3C66
BC17
BB81
BC27
3BD1
BBF3
3CBA
BC18
3B28
3C9C
BA6C
BAC8
3B0F
BA2A
3C00
3C53
BC85
BB4C
3C44
3BD8
BB07
BC1E
3BED
3C41
3CF0
3C89
BCDB
3B67
BB64
3AF5
3C86
BCC4
BB5C
3B24
BBBA
3CA6
BC9D
3BDD
BB20
BC17
BBD1
3CC7
BC0D
BC33
BC6C
BC18
3B82
BC69
BC1A
3C5B
3BBB
BC2D
BB55
BC0C
BC94
3C67
3C5E
3B0C
BB7F
BBB0
BBD0
3A82
BC2F
3C0F
3B37
3C13
3B09
3CC9
BC23
BC73
3AEF
3B74
BBF6
3AF5
39CB
3C70
3AF3
3BC8
BBC1
3A87
3B8D
BCAA
BB8A
BB7A
3C26
BC6B
3B6C
3BBD
3C39
BC43
BB21
BC50
3C98
3C0E
3C46
3BCC
3BC1
BBE2
BB1B
3B42
BC65
BC03
BC0F
BC33
BC8E
BA46
BC2C
3C41
3C91
BC2D
BC05
3C55
BC17
3C1C
3C76
BC30
BC38
3B97
BBF3
3C4F
3CE5
3B88
BC47
3B08
BC6C
BB40
BB43
3A6C
BB9C
3C23
3C21
3AEB
3BD9
3ABA
3AB5
3CC7
BC9B
B951
BC66
BB93
BBDF
BBF3
BAC3
3AB9
BC1A
3BF9
3BDF
3BCF
BAE5
BBAF
BBFC
BB9C
BB86
BB2B
BC2B
3985
3BAD
3A88
BB16
3BC6
3BB0
3AB4
BAAE
3905
B965
BB05
3C68
3CBE
BBAB
3B42
3B8E
BC26
3C66
BC83
BB72
3BB6
BAB9
3C88
3BAD
BBFF
BBC4
BCB8
BC4A
3BB3
3958
3A93
3A66
BB09
3B8D
3B10
3C0C
3C52
BC41
3C3E
BBB9
3CAC
BC6F
BCAB
BB53
BBE3
3C42
BBA9
3C36
BC26
3BBA
3BE5
3BBC
3AC4
3C35
3A70
BC37
3B6A
BB89
3C90
BC11
BB44
3BB1
3C3D
BC15
3A37
3BD8
BC24
3BB1
3C1F
BB3E
3B91
3B03
3B75
BBD0
BBEE
BC38
3BA6
3ACB
BC12
BBFD
3ABE
3BDD
3C32
3B87
3B8B
37C4
3B8D
BC65
BA77
3C86
BC3B
3C07
3C2D
BBED
3C57
BBFE
3B9F
3BCB
BCE4
B755
BA4D
3A87
3AF7
3C3A
3C0E
BA34
BBD2
3C9A
BB58
BC89
BAA5
3C8C
3B53
BC36
3C65
3BB8
3C13
3BE1
BCB1
BC0B
3ADB
BAAD
3BFC
BB31
BBCD
3CA6
3B87
B9B0
BA5A
3C36
BB86
3AC2
3BA9
BC1E
3BF3
3BFE
BC92
3BC9
BC4F
B961
3B9C
BB99
3C14
BC13
3B8A
BB44
BBB7
BCCE
3BA7
BBEC
BC1E
BC0B
3C13
BBFD
3BA7
3C87
3BB7
BB17
3AE4
BC46
3BD5
3B95
B9D4
3C27
BC23
3B51
BA2C
3C2C
3C31
BC96
BAF1
BBBC
3BB3
BBAE
3B74
3C8C
BC25
3C1B
39C5
BB37
37C6
3A5F
BB89
3C2F
3C84
BC29
3C13
BC85
3C40
BC64
3C48
3CBE
3C73
BB89
BB1C
BB93
BB3C
3B3E
3BCA
3BF8
BBB7
3C92
3BF9
BB78
3B21
3C49
3C15
BC15
BC77
3B89
BC0F
3C2D
B8D7
3C88
3CCC
3C0A
3B27
3C34
BC22
B72B
BA4A
BB69
BC33
3B9A
3C35
3B18
BC4A
3A2F
3BC8
BB45
3BD8
3B35
3C47
BB9A
BBBA
BBEE
BC9E
BC5F
BC44
3B0B
BB67
BB64
3C64
3C88
BB69
3ACC
3BB7
BBAE
BB42
3BAA
3C14
BC3C
3C83
BCB4
BAD9
BC81
BB56
BC96
3808
3BF3
3B8B
3B47
3C81
3C43
BB54
3C32
BCBF
3B25
3C22
3C56
BBA0
3B24
3C8B
3C51
3A12
BC07
3B0B
BB95
3A5F
BBB3
3BB8
39D9
BBAA
3C0C
3C50
BC57
BA19
BB92
3B50
3C66
BBEF
B9B0
BC30
BC5A
BA6A
BB7B
3BD6
3B42
3B70
3C47
3C95
3BF2
3C2D
3C8C
3C94
3C0A
BC74
3BAA
BC37
BAC3
3BF1
BBCF
BAE4
BC65
3BA7
3C3C
3A1D
3C44
B9D1
BC6C
3C18
3BD9
BB84
BBBF
3BB6
BB13
BB56
3C25
BCAC
3C5C
3C07
BB27
BBB8
3C4D
3C03
3CE4
BC37
BBA3
BAAA
BCC0
3BB7
3AEB
BC37
3BD5
3C22
3C9D
3C13
BC88
3B6F
3C40
BA09
3A8B
3B3E
BA5A
3B7A
3C21
3BA3
3C01
3B4B
3C4B
3B0C
BC48
3B03
3B9F
BC14
3B23
BC93
BADD
BB74
BC79
3BB6
3C49
BC4A
3AEB
3C8E
3BC4
BB9C
3BE6
BCA8
3BBF
BB27
3BF4
3C23
BC5A
3B62
3BC6
3CAD
3B51
3C99
BB80
3C17
3B5C
3A24
3B56
BC19
3C06
BC00
3CFB
3BBD
3C7E
3B12
B8BC
BC72
BC67
39E2
BB5E
BC41
BC58
BB8C
3C6B
BB1E
3C77
3B21
3C41
3BDE
BB8B
39F2
3B36
3C24
BA5D
BBCB
3C76
3C6B
BB0C
3C0A
3BDD
3C3F
BB00
3C6A
3C34
BAC8
3B42
3B60
BBD1
BC39
BB2F
3B73
BA9C
3C16
3C02
BC2D
38EC
BC11
3C2D
3A10
3C19
BBF3
3B67
BC66
3C5D
3C0D
3C0F
3CAC
BA9F
3C0C
BC13
3B94
BC3B
3C83
BC82
3BA3
3B0A
3A89
3C34
3B9B
BCAC
BAF7
BC9B
BC50
3C21
3AD4
BBCE
BC8F
BC8E
BB83
BB56
3B5E
BC77
BC4F
BC49
3B80
3B39
3C01
BC25
BA05
BBB7
3AA0
BAF4
BB75
BB02
3BB5
BC8D
3BFF
BB4D
3C37
3B0B
3BA6
BC43
BBBB
3C47
3CAB
BC15
3C93
BB54
3BDA
BA77
BAA3
BB6E
BB7A
3C63
3B10
3B38
BC62
3C06
3BE6
BB6A
3C18
3B6D
3B81
BC30
BB4D
3BF8
3BEE
BB13
3BD5
BCC3
BB51
3BFD
BC37
BB08
BC42
3B56
BB84
BC38
BB45
3C3D
BC15
BC11
3B03
3C6D
3C23
3C27
3BBD
B8B1
3B80
3A20
BC06
BB4D
BC20
BBA9
3A96
3A03
3BB3
BC65
3A48
3B3E
BC51
BB86
3AF9
BC0D
3C1C
BBE3
BC2B
BA80
3BEA
BC7C
3C1C
3B9B
BB8D
3B2A
BC1B
BC8D
3BD0
BC51
BA6F
3BE9
BBF7
3C65
3B5C
BB27
3BCE
3BD4
BAC2
3A5A
3BD2
BC79
3C77
3BF4
BA91
3B1E
BC80
3C05
3B62
3BAD
3B96
3C40
BAD8
39D7
BC91
BB40
BC79
BB36
3BE6
BC80
BC93
BA9B
3A20
3BAF
3C47
3889
BBB4
BBA1
BBB1
3AB0
3B7C
BBEC
BC2D
3BDE
3B6D
3B69
3AE4
3BE0
BC1A
BBD6
3B2B
3BCC
3C69
BB8E
BB56
3C24
BAA0
BC8E
3C30
3A0C
BC05
3B9E
BB2C
BB87
BC05
BC8E
BC1F
3AB1
3B9F
3BBA
BC04
3B23
3AA8
BC4D
BBB1
BCCF
BC71
BA15
3C88
3C27
3ADC
BB9B
BBCB
390A
3BF2
BAF6
BAC5
BB9E
38D6
BA7A
3B6A
B9DC
3AB2
BC53
3C89
3BEF
BC35
BCC3
BC6A
BC48
BAA7
BB45
BC5C
3BE1
3B78
3C51
3C7F
BC18
3ABF
3B16
3B29
BBD3
3B55
3B6C
BA04
BCD3
BC1C
BB8F
BC0B
BBC4
3C00
BC0F
3C21
39EA
BA8E
BC55
3BD7
3BBF
3B21
BC62
BA44
3C82
BBCB
3BA7
BBF3
398A
BBD4
3C4D
3BA6
3B74
3BBC
3C20
BAD4
3C28
3AF1
3B9A
3B65
BC1D
3B84
3C0C
BBA9
3B40
3A4F
B9DB
BC60
BB91
BC95
BC44
3C18
3C3B
3B97
3AB4
BC18
BC55
BB66
BA23
BC96
BC26
3C53
3C0F
3BCF
BCB0
BA88
3C58
383D
3B83
BC59
3BD0
3C79
BB79
3B07
BCB1
3ADF
398D
3A3D
BBA1
3C0B
3A6B
3B65
BC56
3A88
BBE8
3BD9
BC00
BC5D
BC10
BCB3
3AE8
387E
BC18
BC62
BA69
3CD0
BC20
3B0E
3B25
3B8C
BC02
3839
BA2B
BC07
3C83
3C95
3C60
BBB2
3C17
3C42
BA7B
BAF3
BB9E
BB67
3BC4
3B91
BA8B
3BC1
BC29
BCE2
3BEC
BC60
3A88
BB5D
BB41
BC67
B9EC
BBBC
BC1D
BC0A
BC11
BBD5
BC5F
3ABB
BC82
3B9A
3C15
BA3C
BBE8
BAFE
BB64
3C1F
3C91
3C84
3C25
BB80
3B40
3C86
3BA1
BBEB
3AD1
BA15
BC13
BC6B
3B0F
BB40
3A42
3ADF
BC22
3C0B
BC1B
3C23
BBAC
3C9D
BCA3
3B93
3BED
BC2F
BC4D
BACE
BB2D
3C95
BC40
BBF8
BB22
BBD1
BBBA
3AB6
3BCF
BC8A
3C04
3C0C
BBB3
3C18
BC46
3C4A
BBA5
3C1C
3BAF
3BA4
BAAF
BAC3
3BFD
3C38
3C16
3B53
3C18
3C1A
3C92
BB38
3CAD
BB21
B993
BC90
3C7A
3C59
BB39
3B7B
3BC3
3C2C
BBD7
3B17
BB8B
BC6E
BC1C
3A1A
3C21
3C04
BBEE
3940
BB1C
BC05
3BAC
BC17
3AB1
3B3E
BCB8
BBA4
BB13
BC3F
BBE4
BBB5
3BCE
BBFB
3B3B
BA64
BBAE
3B28
BB80
BC8A
3B88
BB95
3B90
BB2C
BAD7
BB81
BA03
BB53
B801
BCBA
3B6F
3AB5
3B9E
3C96
3BA8
BADC
BBDA
BB97
3BB9
3B3A
BC44
BB80
3C07
B9EA
BC09
3BED
BC61
BBE9
37BF
BC9C
BC98
3CB1
3CCB
3CA0
BB50
3BAF
BC6B
BC24
3BB6
BB58
BBAF
BA23
BBE0
B9AB
BB89
3BAD
BC80
3C0A
3A86
3C69
BBD5
3B92
3C66
3A82
BBA4
3BAF
BB96
BC2D
BB98
BCC1
3C2A
BC1B
3B94
BA2A
BB88
3C85
3C40
3BA2
3A85
3CF5
BB13
3CBF
B98B
BB85
BCB3
BBD2
BC03
BC97
BA48
BC1B
3C7C
3C6B
3C71
3B77
3B9C
BBB9
3C39
BC97
3BD0
3BB7
BA0A
BB39
BB3A
3A1B
3B36
3C9C
BC3E
3BD6
BB19
BC1F
BAAD
3CAD
3C5C
3CA7
3C2A
BC1C
3C4A
3B57
BC03
3BE2
BC35
BC45
3BC6
3C22
3CD4
BB90
BC5D
BBC2
3C50
390B
BC54
BA8E
3B19
BC3B
3B9D
BCA4
B79E
3BDD
BC34
3B49
BBCB
3C4F
BBBD
BB2A
BC15
BC1A
BBF9
3C78
BAF9
BCE2
3B9E
3BD1
3BA7
3C9C
3BD3
BC71
3C2D
3C83
BC25
BBC4
3A5A
3BDC
3A02
3C97
BC1F
3BD4
3B90
3C15
3B6B
BA65
BB4B
3AAF
BC80
BBFD
3C23
B961
3C0D
3C09
3AD0
BB47
BCD4
3C82
3BDD
BC16
3C67
BAA1
BABE
3C3A
BC34
BC8C
3C2F
3B6D
3B35
BBC2
3B3D
3CB7
3C99
BAE1
3C13
BB5B
3C63
3BC7
BC33
BCB2
BAAC
BC5A
BC10
BA16
BC2E
BBC4
3B6A
3C9A
BB3D
3C70
3C0C
3B29
3C1F
3A7C
3C11
3C4E
3C94
BC6D
3A86
3B44
3CAE
39BB
BAD6
3AF6
3C06
BAD3
3BBF
BC72
BC19
BC04
BBE6
3AEA
3B87
BB77
BA1F
3A29
3CC2
3A9E
BBB7
3C61
3C81
BC18
BC17
BC1E
3C43
3C15
3C60
3C45
3C84
BB66
BC44
3B64
3AEF
BC8D
B9A6
3906
BC7C
3A9F
BBBC
BCE0
BA71
BB2B
BAF5
BBA1
3C21
BBDA
BC18
3BBF
BB8C
3B28
BBCC
3C97
3C14
BAAD
3BDE
BCA1
3B82
3C6F
BB9C
3C8F
3C05
388F
BB84
BB8E
3C18
BB00
BBE4
BA3D
BBF9
3B8E
BCD8
3C4E
3C2C
BC4B
3C08
BA70
3A97
BB0E
BBE4
BC2E
3BFC
BB81
BC06
BBCF
BC2B
3B5E
3B0E
3BFB
3C1A
3C01
3CBE
BC79
3C4A
B927
3C2F
3BC8
3C27
3BA2
3A97
3B04
BC39
BC5C
BBFF
3BCF
3C88
3C18
3BFA
BBA5
3C6A
BBB8
BB18
3C23
BA97
3CA7
3BCC
3C46
BC3C
3C28
3790
3C05
BBA5
3C38
BC58
3B4F
3C10
BC2E
3C3B
BBD0
3A27
BBB5
BC1A
BC41
3C29
BC1C
3B15
BBA6
BBC7
3B6A
BCA7
BB32
3B18
3C2A
3BA7
BA15
BB9C
3B83
3B67
BC06
BC02
BAA4
39CF
BA75
3C19
BB97
3B00
3BA1
BCD8
BB10
3A78
BB9D
3C82
3B92
BB8B
3A32
BC71
3B74
376B
3BA5
BC82
3CA8
3AB2
3C35
39E4
BC09
BC21
3C06
BC29
3C32
3B4E
BA0B
BBB6
3C7E
BC83
3C82
3BF1
3B9A
BCCA
3BE0
BA4F
3BCA
3C7F
B9F0
BAE8
3BC5
3B03
BAD1
3AA1
BC05
BBBA
3BD8
3C37
BBE1
BC58
3BF7
3C82
BC45
3BFD
3BD4
3A39
3C07
3AF9
3C8B
BB14
BCA1
3C4A
3B4A
BC93
BBB0
BC86
BC51
BB17
BA3D
BAFB
3B93
BC8D
3963
3BDE
BB13
BC39
3BAC
BBAB
3C5B
3B92
BC23
BC0F
BAC8
BC27
3BE8
BBE8
BAE0
3B81
BC99
BC3C
B9AC
3B04
BC84
3C67
BC4B
BBED
3C04
BC2F
BB52
3CCD
BB03
3B2A
BB23
3C16
BC10
BC7A
B93E
3C4C
3C6F
BB78
BB90
B9C5
3BF1
BC72
BA1B
3ACC
BB83
BC07
3C09
3C36
3B1E
BB9C
BBA8
3A81
BBEC
BC78
3C13
38A5
BC35
BB3D
BB82
3B5A
BBE9
3BFA
3C45
BBC2
3C4B
BC90
3B2F
3A58
BBB9
3C0A
BBB6
BA44
BC8A
BC36
BAB2
3B67
3B80
3C0B
3B12
BC03
BB69
BA5E
3C08
3AD8
3C17
3CBB
BB80
3BCC
BA42
3B22
3B55
BBF4
3C25
3AB1
3A5D
3B56
3BCF
3B4E
BC2C
BB9B
BC14
BA16
3CF6
BBE4
BC08
3BBF
3CB6
3C92
BB44
BBB5
3C85
3C3D
BC95
3BC8
BC18
3C4B
BC90
3C63
3C82
3B93
3C31
BBCD
3B97
BA52
BC98
3C70
3BC3
3C5D
BB5D
BC0C
3C6B
3B33
BAFA
3BFA
BC5A
3B97
BB72
BB1A
BB75
BBA6
BC06
3B83
3BFB
BAF1
3B47
3BB7
BC78
3A07
3B95
3B8A
BC95
BC85
BC81
3C4B
BC4D
3BCE
3C94
3A2E
3B77
3B08
BBC5
3A4A
3C18
BC85
BBF3
3B98
BB9A
3C03
BD01
3A9E
BBB2
BC73
BB5E
BCCB
B92B
3B54
BC4F
3C3B
BAF0
BBAA
BC06
BBAE
3B8D
3C71
3A0E
3C1A
3B9C
3CA5
BC0F
BB62
BC30
3C1E
3956
3C56
3BE3
BB9D
3B9A
3BAC
3C26
BC32
3AF9
3CC8
3C34
BC6B
3C75
3CAE
BC4A
BC5F
BC4B
BC20
BC38
3C59
BB06
BBA2
3BFB
3C31
BB97
B9C3
BBC8
BB5E
3C93
3C3B
BAC9
BBD5
BBC6
3B68
BC95
3B15
3C41
3B55
BB5B
BC0C
B8F4
BC83
BB41
BC2D
BB65
BBE8
3AA6
BC57
BAF4
3B1D
BA20
BC7D
3C13
3BCD
BA22
3ABF
BCA6
BC21
3BD1
BC21
BC9B
3C92
BB2B
3B0E
3C37
3A45
BBA3
BC6E
BC30
BB54
BBAB
3BC1
BAF6
BB5F
BB17
3B48
BBEC
BBEB
3A35
3BF2
B8E0
3C74
BAE2
3BFF
3B3D
BBE5
3C16
39F9
BBB0
BC9D
BCB1
BAF3
BAFE
BBF3
BC98
BC2A
BA79
3C93
3B36
3B2F
3B26
3BFB
3C02
3BAF
BBD4
BB9E
BBE2
BADD
3C40
B9BE
3BBA
3C5E
3C61
BB5C
3C4C
BB1C
3BBE
3B31
BBB9
BB0D
B9C8
3C09
3AA0
BB56
3BA8
BBCC
BC62
3C2B
BBB3
3C93
3AEE
3C16
BC19
3BA8
3AD6
3C6F
3BB9
BBE7
3A76
3C74
BB22
BC23
BC09
3C5C
BC5D
3B24
3C35
BC83
3B6F
BC40
3C9F
BBFD
3B95
BC20
3AAA
BBDA
BB01
3B5D
BC97
3B24
3BD7
3C45
BB9C
BC82
3B7E
3B50
3B89
3C01
BB94
BA28
BCBC
3A6C
3C6D
3C28
BBE5
3C44
BC30
BC74
3AF5
3B74
BC1E
BAD5
3B04
3BAF
3C0A
BBA1
3C5A
BB94
3BA7
3BBD
BC40
3C33
BCCA
3C54
BC04
BA85
3BD9
B9B2
3B23
3BD3
3BAF
BBE6
3B73
3A62
3B92
BC58
3B0F
BB69
BA30
3AAA
3BB5
BBD9
3AA3
3BA3
BBE0
3C80
BA2B
BBAF
3C91
BA6B
3AA3
3C43
3BCA
3B97
BBC7
BC6C
BA23
BB7C
BAE0
BAE1
3B37
BC70
BB8C
3BE9
BBC6
3CCC
BC96
3BF6
3C1B
BBFB
BC12
3C20
3A9F
BC60
BC18
BC91
3BE3
BC3A
BC91
BBBB
BBC5
3B51
3BC2
BC9F
3B45
BC02
BB71
BC2B
3BC5
BBE0
3BE9
BC74
BAF7
3C84
3C32
3C9D
BC88
BCC3
BBDB
BC9B
BB13
BC18
BC90
3C0F
BBCB
3C07
B8E3
3C0C
3C16
BC44
3BF8
3A91
3A34
BCE3
3C13
BB83
3B9F
3C2D
BC0C
3A9C
BBF7
BBFB
3BFC
3B5D
BB24
BB9B
3C3F
BB0F
3BD2
3C24
3B1A
B883
3B9D
3B86
BB9A
BC26
3B39
BA9A
3C02
3A3D
3BC3
BB10
3C59
3C1C
BC10
BC8E
BBF0
3B8D
3C68
BC46
BAEE
3C81
BB52
BBC9
3B8C
BC35
3C93
BA8C
3BD2
BC45
BB0C
3C14
3A8C
BACC
B954
BB2B
3C86
3C14
BD00
3BD4
3C92
BB80
BC42
3B39
3C9C
3C47
BBDA
3C4D
BB46
3BA3
BA0C
BC78
3BD6
BA31
BA95
BBF3
BB23
BC73
BC18
BBED
38BB
BBB2
3B79
3BB6
BB71
3C1B
3C24
BC05
B952
3AB9
3C4A
3BD3
BC44
BC5A
BBE3
3B2D
BCA1
BC46
BBCA
3AEB
BC05
BBBE
BAC1
BC6A
BC1B
BC58
3BAD
3C46
BBC8
BAAB
BB0E
BB4C
3AFD
BC44
BB65
BC4F
3BA7
3C83
BB85
BB93
BC81
BC65
3AFF
BB1F
BC28
3B1D
3C70
BC76
3B6F
3A9E
BB98
3C16
BC59
3B64
3B1C
BC1B
3C14
3C3A
BB85
BC2E
3AD7
BAB0
3B6E
BBBC
BC8C
BC3A
3BC6
BBB9
B99D
BB7E
BBCA
3BF1
BC5A
3C74
3C20
BBC6
3B2F
3C8C
3C4C
3BC2
3AB1
3A84
3B67
3C87
3A9D
3AB4
3B04
BC5E
3C26
3C1E
3B08
3BC3
3C5E
3C0E
3B82
3C21
3C1D
3C4B
3BD5
3C4E
BB9B
3C0D
3BCD
BB8B
BBB3
391C
3B80
3CB5
BBA0
BBF0
3CB2
B968
3B92
BC43
3BC4
3C0B
B848
BCB1
3C76
BBE7
3B2F
3BD9
3973
B9E6
3C05
3B1A
3C0E
B8C7
3BAC
BC7D
3BAF
3C22
BC02
3CB4
BB9F
3C85
BBD4
3BFA
BB70
BC5F
3C51
3B86
BC45
BC6E
3BD2
3A96
BC3F
3CDE
BC10
3BDE
3B05
3C14
BC96
3BC6
3C1B
3BA9
BC58
3BB5
3A9E
BC4C
BCB1
BB86
3C04
3BE9
BAE5
BCBE
BACA
3A36
BC03
BBA1
BB42
3CD4
3BC1
BC22
BC06
BCA6
BB8F
BBD3
BBA6
3B68
3BE9
BBFA
3B54
BCBD
3AF1
BAC6
BCAD
BBA4
BB9E
3BAB
BB06
3B9C
BC84
3C54
3B3B
BB9B
3A65
3B38
BB88
3B87
3C69
BC01
BC26
3B39
BB54
BBA7
BB58
3C06
3BD5
39B0
3B13
3C90
BBD7
3BB5
BC6D
B985
3C3F
3C84
3865
BC28
BBB5
3B0F
3BC4
BC28
3BF0
BC1D
3C01
BBBC
3B8A
BB25
3A54
BAC4
BBCE
3C17
3BAD
BAA1
3B9C
3BD1
3BDB
3C56
3C13
3C87
BB9B
BD02
BC07
BC16
B9D2
3BBD
3C17
3B81
BC67
3B2B
3C2F
BC78
BC58
BC7D
3C42
BCB6
3AA5
BABD
BBF2
B901
BC4D
3C06
BC40
BBA1
3C11
BA4D
3B95
BC6A
3B32
3A8E
BB16
BCAB
3AA4
3C1C
3B70
BBED
3C02
BC69
BBF6
BB9E
3BC3
3953
3B8B
BC0D
39C6
3B80
3B61
3BFC
BA20
3A6C
BC0A
3B9B
BBF8
3C28
3B5B
BC6A
BBBA
3C0C
3A4E
3C4D
3C1B
3C82
3C8B
BC1B
3C0E
3A58
BAC7
BC62
3C13
3C7E
3BB7
BC63
BCA9
BA9D
BBC4
3B6C
3BC6
BB3C
BB15
3C01
BBEA
3AD2
B988
BC41
BC67
3BD5
3BA1
3AEC
BB18
BBE7
3A8B
3BDE
BC16
BA19
BC31
BA54
BC74
BA78
BB02
3BF1
B9A8
BC1D
BB1E
BC07
BCBB
BC55
3B29
BAD4
3B81
BB3D
B8AE
3BAE
3C3E
3BBC
3C36
3C65
BC19
BC97
BC3A
BC8E
3BC6
3CB6
3ACD
BC15
BA64
3AAC
39C7
BB94
3C44
BB5E
3B5D
3B55
3C2D
BB95
3C35
3C3C
BB6C
3A97
3B08
3C6C
3C4A
3B52
3AC8
BC10
3C09
BB63
3C31
BCA2
3B91
BCA5
3C43
3C21
3BFC
3C4B
BC1B
3B93
BAE5
3B89
3C11
3AC7
BC07
BC07
BBF7
B98B
3B1B
BC89
3B72
3C08
BC1D
3AE3
3B02
BA96
3C11
BC3D
3B94
BB07
3AD3
3BAB
3BBD
3C4E
3B38
BB5D
BB95
3B9F
BBEA
3BE1
BBC2
BB1D
BBB8
3B66
3C8B
3962
BB42
B9C7
BC0A
BA3E
3CAF
3C65
BBE8
3C00
BC57
3C3F
3B49
3B67
3BD5
3C12
3BF7
3C2B
3C98
3C39
3C1E
3A88
BB7E
BC71
3A89
BC67
BC43
BB9B
3C3C
3B2A
BB14
BC55
BB2F
3C21
BB0B
3B58
BC79
BB4D
3BA3
BC38
3C32
3C52
3AD5
3C3B
BAC3
3ADC
BBAE
BC09
BB29
3A01
BC53
BCA3
BC5D
3B2D
BB9A
3B4C
BC67
BC15
BBBC
3C21
3BA2
BAD2
BC15
3BCC
3C77
BBE6
39A3
3A0A
BA6A
3B11
BB79
3B41
3C0B
3AB2
3C3F
3A9A
BB81
BC80
BCBF
39F4
3C1F
BB29
BC57
BAFB
3B43
B98B
B94B
BC4B
BBE1
BA94
3A91
BABB
BB8E
BC9A
3B43
3CB8
BB08
3C0E
3B1D
3BAD
BB8C
3BC5
BC17
BC02
BB40
3C16
3C33
3C21
BB56
BBBF
3C88
3C21
BC94
BC51
BC17
BC2A
3BCE
BC61
3C32
3B27
BC3D
3B8C
BCDB
BBDE
BB87
BC6E
3AAD
BA57
BB37
BC1F
BB98
3B3C
3C03
BB9E
3A19
3B4A
3B13
3C00
3A82
3BDD
BB52
BBA1
BCAD
BBCE
BD03
3C5B
BC6A
BBF2
BC88
BC0B
3C6C
3AB5
3B43
BBD9
3A6E
3B68
BBEB
3A4D
3B88
3C41
3C41
3C31
BB9C
3C69
BC65
3AE2
BC06
BC99
3CA1
BBEA
3C7B
BBF5
BC0D
3B49
3B82
3C92
3CA2
3B8C
BBF3
3A40
BBD5
3B28
BAB1
B940
BB7B
3C91
3C9F
BC3E
3BCB
3BED
3B0D
3C06
3C1F
3B65
3B99
BB5C
BC1C
39D1
3C93
BC2A
3C2A
3C31
3C0C
3BBB
3BCA
BB7D
3B8E
BC40
3CB1
BB87
BC6D
BBE1
BA8D
BBB0
BC06
BC9B
BC26
3BF4
BC81
BBC1
3B93
BB43
BA53
BBCC
BBE4
B9B8
BC4E
3B9C
3B05
BC1C
3BE4
3C35
BBBB
BBE9
3BAC
3C0C
3A8F
BB88
3BF3
3AAB
BC9A
BCC8
3B1F
3C2B
BB75
3C1C
3BAD
3C9B
3B2E
3C15
3B8C
BC29
BC3C
3C15
BC03
3B57
3B95
BC4F
3CF2
BAE3
BC00
3B82
3C1A
3B8E
3A5C
3CA8
3C41
3A97
3BEA
3B5D
3BF9
3BD9
BB15
3C81
3B38
BCDB
BAB5
BC7D
BB9B
BA6C
3A2F
BB4A
3AD9
3C7C
3AC2
3B8D
3BEA
3C4F
BA26
3C1B
3B06
BC81
3B84
BC18
BB79
BAB7
BBF9
BC07
BBC1
BB95
BB87
3C30
BC13
BCF4
BC45
BBE1
3C1C
BC57
BC1B
BB4A
BB71
3C3B
BB3D
3C3F
3A8B
3B1D
BC74
3C90
3C09
3C43
3C38
39A6
3A84
3BA6
BC12
3BB3
BBC5
BBF7
BB4F
BB87
3C26
3BD3
BB9C
3C0C
BB76
3B5F
3C3A
BC76
BCC3
3CEF
BBE4
B91C
BB86
3ACB
BC30
BB8C
BB89
3B60
BC9A
3BA3
BC15
3BFF
3BED
3BA0
BA96
3C75
3B88
3B93
BC09
BB46
3AF4
BBAF
3B62
BC03
3BC1
3B84
BA9E
3BD6
3B12
BAD8
3C0D
3A8E
3C9C
BBA1
BBAB
BB16
BB70
BBDB
BA43
BA15
3C0A
3C3D
3AFE
3B1B
BBB4
BC85
BC4F
3C22
3AE0
3C59
BBC6
3BD1
3B85
3BED
B8C0
BB53
3C87
3C61
3C10
BC0D
3B11
BC23
BC43
3A9C
BA89
3B12
BBE5
BB07
3B59
BAA8
BC56
BC60
BC7B
3BE1
3B7E
BC42
3BE8
BC81
BA63
39D0
3BC2
BBA7
BBE8
3BE4
3BA7
BBFC
B9EF
3C6A
3B04
3B94
BCD2
BABA
BB93
3A8D
3C3F
3BBB
3A90
BB1D
BB21
BB8C
3BA2
BC0E
BB56
B9F2
BC35
BAEF
3BA1
3C33
BC81
BBDF
3B96
3C11
3C14
BBA0
394B
BA55
3B78
3C11
3BDC
BB64
BBD5
3C87
3BCE
3921
BB32
3C35
BBFA
BC6B
BBFA
BBEB
BB52
3B9D
BA9F
BCAB
BC4A
BC03
3C87
3C9E
BC1C
BC16
3C0F
3BDE
BBEE
BC5A
BBD1
BCA3
3AFB
3C56
3AAD
BA16
BB47
3C78
3C86
3BC9
BC7A
BC12
3C26
BC67
BC5C
3BB2
3BBA
3BCD
BC12
3C62
3AAC
3C0C
3B36
3B54
3B33
BC8E
3AEC
BBAC
3BE1
BBE7
BA3E
BAE8
BBA2
3BCF
3C33
3C75
BB00
BC82
BA9E
BB6A
3C40
3C5E
BC9E
BC6A
3B3F
3BFB
3BFC
3CCC
3AC4
3C01
B83C
3B76
3BFA
3BFD
384A
BB41
3CC1
3C1A
3AEB
3AFE
B9C8
3B8A
BBCF
BB89
BAAD
3B35
BCBF
BCE1
BB32
BC0F
3B7B
3CA4
BA35
3B96
BB05
BC2E
3B91
3B83
BC44
390F
3C09
BC70
3BE5
BB6C
BB88
3B44
BB5A
BC18
BD00
3BBD
BCAF
BB9C
3C71
3BBE
3C1E
BAAB
BBD9
3BAB
3CA6
3C4A
3C03
3C89
3A55
BBC2
BC07
BB7E
3ACF
3BF6
3C39
3C34
BC78
3BB0
BB32
3C0C
BA8A
3C76
BA09
BB4D
BC0B
3AC9
3A1B
3B99
BBA2
3C37
BAE5
BC83
BB8A
BC23
BCB2
BC48
BAF0
3C15
3ADC
3B8C
3C39
B933
3B96
BBD2
3C41
BAB0
3C50
BB8D
3CDE
3745
3C13
BB8A
3BA3
3B32
3A0F
3C3F
3C3C
BBDB
BCD0
3B38
BA18
3BF2
BB85
BB15
BB7A
3BF8
BC88
BAE8
3C92
3BD9
3B3F
BC91
BC0B
BB9F
BB5A
B9CE
3BD4
BC6D
BB27
BC3F
3CAE
3B1B
3B83
3BBA
3C7F
3BBE
3C4A
3B31
BBC2
BB11
BC1D
3C05
3B15
3B97
37FF
BAFF
BC14
BBAB
BBD7
BAD7
3C77
BABD
3C41
3C95
B983
3C21
BBBD
3B5E
3C7D
3C12
3C32
BC14
BBCA
3C2E
3B63
3ACE
3C00
BB8E
BBBA
3ACC
BC83
BC40
BCC5
BC68
BBFB
BBD9
BB0E
3BD1
3C2D
BC2B
BBBE
3A94
BACB
3B07
BBBF
BBE6
BC2B
3A23
3B6B
BC17
3BCF
3CB1
3C5B
BC96
3C01
3C42
3C01
BB4E
3C17
3C64
BAE8
3C48
BB83
3AA7
BB52
3C70
BCBD
3C9F
3B57
BC11
BAEC
BBE9
3BB3
BCC4
3B03
BBB4
BA50
BA8F
BC93
3C77
3C46
BC1C
3C11
39F2
BC4F
BBE2
BBE4
BC87
3B90
3B38
BA55
3BFC
BBCB
3BC6
3B00
BB52
BC72
3B8E
3B7B
BC9F
BC1C
BB25
3C64
3BB7
3AE0
3B0E
BBB7
3BAA
B9AD
BC3A
BB62
BC14
3B1B
3B3D
BB24
3BA0
BC2F
3C0C
BC83
BB91
BB98
BBA3
3C03
3B2A
BBAE
BCAA
BBA0
3BBC
3AA8
BBF4
BAA3
BC3C
BC93
3AD2
3B0E
3B85
3A8D
3BC3
3B96
BCC1
BB93
BC93
BAD4
39D4
3BF0
BB90
3B97
3C9E
BB53
BC23
BAE1
3BA0
BBF0
3BE5
3C21
BA87
3C81
BAC9
BBAC
BB84
BBCC
BB31
3BB4
BC2F
3C4E
3C80
3CD4
3AFB
3C15
3B99
BABB
BB48
3A58
3B79
BB4F
3BCA
3A3B
BB51
3C70
3C6E
3B78
BBCD
BB65
3C16
BC49
3C55
BC84
3BB5
BC8B
BC85
BCB0
3B88
3C49
BBA0
BB9C
BBBF
BBC9
BC94
3BA4
3B3E
3C57
3B52
3B4A
3BF8
3959
BC10
BBB0
3BF2
3BEC
BB9F
3C8B
3C45
3C9E
3BA3
3C20
3AF6
BC52
BC17
BC5D
3C33
3CAD
3AF1
3CEE
3BFC
BABB
3C77
BC5F
3A98
BADE
BAB2
BBAE
BC75
3C92
BB6F
3C03
BB83
3C0B
BAB2
3C31
3B93
3BFC
3A0B
3C8F
3C5D
BCA5
3B7D
3CB9
BB9B
3BE4
3CA4
BC27
3C23
3C3D
3CAB
3B7B
3C40
3BE5
3B8A
3C52
BC14
3C6A
3BC6
39FA
BB7D
3B8A
BBFD
3BAB
3CA5
BC74
B96B
3BA7
3B1F
3AFC
BB35
BBAB
3A73
3B9A
BC3A
BB75
BB9B
BABD
BBF9
3B5C
BC89
3B3E
3B9D
3C7F
3ACD
3C67
3BD2
BB5E
BB83
BA5F
BC2E
3AAE
3B96
BCB9
BBB3
BCC8
3BC5
B805
BC31
BB8E
BC0F
BC7F
3C07
BB05
BC19
3BEB
3B16
3C15
3B50
3A78
3A92
BBC0
BBBA
BBA9
3B38
3BA8
BC32
BB95
38C1
3BFD
3C1E
3BD1
3AEB
BBE9
BCC6
BA78
BC1C
BC95
BB3D
BB79
BB97
3B33
3B7F
3C1C
3C36
3B99
BC94
BC3B
3BF1
BCAE
BCBA
3C40
BA76
BC9B
BBC1
BC8B
3A20
B9B7
BC09
BB89
BB40
3B92
3BC6
3C09
BB93
3C4A
BC4A
BBB9
BB63
3B8B
BC63
BAE2
BC11
3C8E
BBB0
3BBF
BC50
39EC
BB13
3C03
3B7D
3C5B
BC15
BC04
BB4A
3C36
3C60
3C2D
BB8F
BC14
3C9E
BC66
3BB4
3C75
BB99
BBC0
BC17
3B93
3CD8
3A1A
3B4D
3BBF
BC1B
BBA7
BCDD
BAA9
BC40
BBC6
3BA9
BB9A
3BCE
BB39
3C02
3BAA
BBAB
3C2D
BCB9
BB50
3A94
3BBA
B96D
BBA5
BB90
3B5E
3B8B
3B9C
BAFD
3C1D
BA8C
3C40
3CE3
BCC8
BC50
3B2C
BC36
3B92
3BFB
BB4A
3C9A
3C87
BC45
3A25
3BC9
BC34
3BB5
BBF5
BC4F
BC84
BA3C
3C81
3B52
BB8F
3C0B
BC6D
BAE1
BB97
3AA6
BB89
BC5A
3B29
BBAA
3A99
3BF6
3C6B
3B2B
3C97
BB6A
BC47
3B6A
3C14
BC5A
BC0B
BC82
BC0B
BB8A
BA5A
3C2A
BBED
3A72
3B6F
BC98
BC36
BB1D
3C85
3B2B
BC21
BB9A
3BB0
BBAB
BB17
BC78
3C8A
3A74
3C50
3A93
39D8
BC5F
BC41
BB31
3C73
BADE
3BDD
3BC7
BC19
3B54
3C20
BB9A
BBB0
3C7B
3C70
BC00
3BB1
BA0C
3B93
3BD6
3BBE
BBE5
BB3E
3BF5
3C33
3AB9
BB2D
BB8B
BC8A
3C11
BA9F
BBB4
3AA2
BB90
BC1C
3B25
BC1C
3C24
3C71
3C86
BCA1
3B17
BC3D
BBD5
BC9C
BC19
BB97
BB1A
3C28
3BA5
3BAB
BA1C
BBBB
BBC5
3C05
BC33
B9E0
BB29
3C18
BC79
BC08
BC70
BBC8
3BDC
BA88
3C8C
3B98
B9DF
BC54
39C1
BC8C
3C28
3BBC
BB40
BBEF
BC6A
3B85
BACC
3B18
BB5D
3B68
BC82
3AA9
3B32
3B1B
BC92
BB2D
3C14
3B77
3C16
3C21
BC0D
3ABC
3C2F
3BC9
BBE3
BB87
BB47
3BC6
3C17
B953
3B60
3AA6
BCAC
3B9B
3C26
BC43
3BAA
3B01
BB23
3B3D
3BD5
BC7D
3C31
BB3B
BC14
BB37
BC28
BB34
3C3A
3C32
3BF7
3BB3
3B55
BC04
B9E7
BB0C
3C3E
BBC3
BBE0
3C2D
3AE4
3C30
39B4
BC6C
3BD2
BB58
BB8E
B91F
3B97
3BF3
BC0E
BC91
BC24
394E
3BFB
BB97
3C08
3BBA
3B9F
3B35
3C06
BC1C
BB26
3ABD
3BC3
3B44
BBC2
BC07
BC15
3C11
BBFB
BB00
B9A4
3BF6
3C51
BC33
3BA5
3C63
BAEE
3C32
3A20
3A60
3CA3
BC1F
BB4D
3C30
3AFD
BAAE
BC07
BB1D
3BCC
3A8A
3C3A
BB7D
BC91
BB8D
BAFA
BB8F
BAA7
BBB1
BBCB
BB96
3C3F
3C84
BB93
BC8B
BB81
BB52
3C02
3B4B
BBF8
3B0F
3C06
399B
BB35
3C2F
3B19
BB23
BC55
3BD2
3A7E
BC16
BC41
BA31
3C40
BC52
3BA6
3CAF
BBB3
BB8E
3A84
BC17
BBDD
3C3A
3B91
3BB8
BCF0
BB48
BA9B
3C69
BB48
BB68
3BD3
39D0
3C1F
3C3B
3BDB
3BB4
BB8A
3B69
BC7C
3C37
3C2C
3C46
BC35
3C29
BBB5
3BD2
3BE0
3BA7
BB9D
3C06
BB64
3C50
BAEB
3B90
BB9F
3976
3C64
38E2
BB18
3C0A
3B84
3C87
3B80
3BB6
3B94
BAF1
BC15
3C23
3C14
3B7B
3C38
3C16
3BBC
BB35
3C18
BC1E
3B85
BCC1
BBC4
BC42
BBD1
BC1C
BC15
BB9D
3BD8
BB9F
BB99
BAD3
BB59
BC93
BB66
BBF6
B8C8
3B85
3C55
3C27
3C0E
3BE3
BBBD
3BCB
BC17
BBDD
3BC6
3BFE
3C25
BA7D
3C38
BC35
3B22
BB5A
BC42
BC37
3BCF
3BDC
BBED
BC4D
3B1C
3B46
3C16
BC00
3BE9
3CBF
3C2F
BBD0
BC14
3BA5
3BCA
BA81
BB59
3C5B
BC63
3B58
3AF3
BB90
3AE1
3AD2
BC45
3BF2
3B92
BBD2
3A5B
3A8C
3C84
BC0B
BC24
BCA3
BBD3
BC0B
BBC0
BB49
3C44
BBAA
3BDD
BBAF
BBB0
38AF
3D3E
3B99
BC54
BBE4
BC19
B9CC
BC19
BC2C
3BD0
BBF6
3C02
3AAC
3BD6
3B59
BBA1
BC19
3C21
BB04
BBD9
BBCF
3BDF
BBCE
3C00
BC6F
BB1C
3C0F
BB08
BB83
3BD0
BBB2
BC4F
BB24
3BAD
BC9D
3C47
BAA2
3A95
B90D
3BD2
3C04
3B36
BC4F
3AF7
3C59
BB58
3B0B
BC51
BC6A
3BCF
BB35
BCA5
3B15
3C32
BC5C
3BE8
3B19
3A83
3B4A
BB31
3C8A
BCC7
BB4F
3BA7
3B15
BC77
3BEB
3BC7
3A40
3BB6
BCB8
3B99
3C99
BC70
BBD6
3C68
3B5F
BC35
BC1D
BC0A
BB90
BC1F
3C17
BB0E
3C6C
BB1D
3C99
3B2B
BB8B
BCB6
BC29
BB5F
3A1B
BBD5
BA81
BB5C
3C61
3BE2
3BD2
3B40
3BA5
3C9D
BC4E
3C13
BC45
3AAB
3C98
BC39
BC55
3C4D
3C22
BC3B
3C18
BC8B
B9AC
BBE5
3BEE
BB79
3B13
3C24
BAD6
3C1E
BBE4
BB0A
BBAE
BBF1
BBCE
3C1D
BA83
3C8F
BBEE
3C17
3B88
BBAC
BC7B
BC1D
3B9F
3AEF
3B04
3C01
3952
BA07
BC82
3C49
3B10
3B87
3B43
3B4E
3C1D
3C77
3B18
3C0E
BC9D
3ABF
3C01
3BA2
BC4D
BBD3
3C8C
BA9D
3BC5
BB79
BC16
3C8C
3CB3
B8CF
BA1E
3B71
BBC4
BA54
3C98
39D6
3C63
3C91
3C7E
3C1F
3C01
3D05
B9AE
3AAE
3C29
3C09
BBF7
BB6E
3C95
3BF6
3B81
3C4D
3C9A
369B
3B5A
3C3C
BA12
3C98
3B80
BCB0
3B1E
3C67
BA88
3B81
BC6A
3CA5
3C00
3BED
BB95
3AF5
BC23
BC31
3C06
3C7C
BB3D
3BEB
BB64
BBEB
BC3D
3C45
3C31
BC69
3C18
BCCA
BC01
BC6F
3BAB
3C28
3BEE
3C2F
3B9C
3B9B
BC6B
3A9F
BB8A
BC13
BC51
3C29
BB9F
3C87
3C25
BC67
BC35
BC2A
3B6B
BADA
3C49
39ED
3C29
39BE
3C11
3B82
BB75
3B85
BC6C
BBAB
3C92
BC5F
BBDC
BC14
3AF8
3C0B
BC34
3C4C
BCBA
BC44
3C44
3C03
3AC2
3BBF
BC87
3C76
BC2D
BB5B
BC5B
BB6D
3BA4
3BFE
BC9B
3B7A
3C52
BC09
3CAF
BCDE
BC11
BAE9
BAD0
BCD8
3BAB
3C40
BC1C
BC35
BC21
3C00
3A2D
3C11
BC77
3B3A
3C18
BC3F
39F4
BA22
39E4
3CB0
3C0E
3C44
3BC6
3A50
3C3E
3B02
3B9C
BC11
3C7B
3C14
3BD1
BAA1
BBCB
BABA
3B52
3C6C
BB1F
3C72
3B8D
3BC2
BB7E
3B92
3BCA
BC07
BAD1
BABC
3C52
BB9E
BAAA
39ED
3C33
BBE0
BC47
3B05
3CDA
3BCD
3C3A
BBD6
3C48
3C1D
BB02
3BF7
BC93
3A8C
3C10
3B10
3C58
3C5D
3BD8
3C9E
3C50
BB95
BC3B
3C07
B79C
3C87
BC3C
BB4F
BC85
3B11
B708
3C1C
3C12
BB1D
3BAB
3AC8
3BEA
BC67
BBEF
BC44
BAE4
3C34
BBC5
BBB4
3ADA
BC21
BC84
BBE2
3AAC
BC5A
BC43
3BE3
3C60
3963
BC6D
3C65
BC2D
BB2C
BB6C
BB16
3B17
BC10
BC13
3BEC
BC1D
BCA2
3B34
3CCD
3C6F
3C01
3B88
BBFD
BAF7
3C3E
3BAA
3CFE
3C60
BC3E
BB69
BCAA
BCBE
BC11
BB02
3BA6
BC47
BB65
BC2E
3B18
3B55
BC48
3B86
3C24
396A
3C6F
3C0F
3B9B
BB64
BC09
3C54
3B8D
BB9A
BB83
3C21
BC78
3C00
B98A
BAE4
3AD1
BBE7
BB08
BBC6
3C65
3AF6
3B3F
BCC8
3C37
BC16
BC84
3BBD
3BB8
3C4E
3B96
3C4D
3A30
3C44
3C18
BC3E
3BA8
BBFD
BC0F
3C4D
BB1C
3B8C
3C53
3C58
BB3B
BC8A
BA76
3C0D
3CB2
3C2F
3BCF
BA80
BB51
3BF6
3CE3
3B67
3C80
3B9C
BA87
3CB0
3C30
3C55
3B3F
BB87
BCB7
3BE5
39EC
3CD3
BB8D
BB53
3A68
3BC4
3BB4
3C16
3C13
BC75
3C95
BC5D
3B4C
BC5F
BC69
3BCC
BC80
BCAC
BCD2
3BF9
3C9A
3CA5
BC91
BB58
3B85
BC5B
BBB1
3BF7
3B66
3C55
BCA0
3BFB
BA85
3B0C
3C38
3C33
3B62
3B63
3C44
3B6B
BBB9
BAC0
3B95
BC0A
BBA0
BCB7
BB5F
BC91
3C6A
3BA9
3AB5
BC86
3BC9
3C3B
3B77
3B58
BC80
BB79
3CE5
BC42
3A39
BB02
BC02
3C2C
3B1E
BC4B
3AF3
BCAA
BA51
BBF9
BBFF
BBAA
3BC2
BB87
BBB8
BC21
BCB9
BC48
3C1F
3C64
BC17
B9AA
3CD7
3CA8
3AD6
3C5C
BBA3
BC02
BC62
3B27
BBCA
3A9C
3BA7
3A4C
3B9B
3BC1
BC1A
3B62
BBB8
3C35
BCA4
BC3E
3B97
BC3C
3AFA
3C05
3B3B
BAE3
3A6B
BC08
BB89
3ACD
BC38
BB1A
BB0B
3A92
BC42
3B03
3C8B
BC9F
BB0A
3C88
3C5A
B829
BC15
3AA7
3AD0
B9A3
BBBD
3BFE
BBC4
BA8A
39D0
3BB6
3C5C
BBF5
BCE0
3C90
3B3E
3B40
3B90
3C39
399C
3BBC
3AD7
3D03
3B85
BAD0
BB3D
3AB4
3C97
BB88
3C5F
3C67
BC38
B9C7
3ABA
BBB2
BBC3
3BD9
BBD3
3C2F
3B5C
3CA0
3C8C
BB43
3B95
BB82
3BBD
3C4F
3C1D
3B96
3B94
3C04
3C52
3A53
BC6C
BC86
39E6
3C20
3C50
3B7B
BB82
BBD2
3AA3
3C2D
BBF3
BC1A
BBEE
3B15
3BC8
BC47
3C3D
3B3F
BBBB
3C3C
3C55
3C6D
BA42
3BEB
BAC5
BB0C
3C85
3C0D
BCA6
3B41
BB9E
BB23
BB13
3C0A
BBB9
BB44
BC39
3A34
BBAF
BC44
BBE9
BB79
3CD2
BA59
3A4B
BB4E
3C20
BB20
3BB2
BC49
BBAC
BB1F
BB4B
BBAB
3A61
3A98
3B36
3BE1
3ADD
3B80
3BF5
3B2C
3C19
BC0A
3BD0
BBBC
B9FD
3C0D
3B04
BBF8
BBCC
3C39
BA26
BBAB
BC0F
BC06
BBAD
BB9D
3AF3
BCD1
3C41
3B07
BB4A
BC5B
BBFA
3B9E
BC8C
3B34
3C00
BB9C
3BBD
BC20
B6C6
BCA3
B9AF
3C77
BBC2
BCAC
BBA9
BB5F
3B06
3AD1
BC6E
BBA2
BC0E
3C09
BCD6
BBAE
3B04
3C1F
BC3C
BAA0
397E
BC50
BAED
3C18
3C30
BC77
3C6A
3B98
3B9E
3BCB
BB89
3C88
3C32
3BD6
BC8D
3C10
3C5C
3A4D
BB87
BA8C
BBD6
BB89
3C3A
BA4E
BB13
BC50
BAAD
BC72
3C1C
3C28
3A13
BC38
BA9F
BC78
BAA2
3B8D
BC3D
3C6D
3B17
BC4A
BC26
3B7D
3C25
BC4D
BC2C
BC24
BBB1
3B07
3B1B
3C97
3D01
BC1B
BBDC
BBFA
3CA2
BC05
BB44
3C48
3ABB
3BBD
3BD6
BC61
3C2D
3C9E
BC02
BBA2
3AA9
3C48
3C46
3C44
3C2B
BB23
BC26
BBB5
BC21
BC07
BAC6
BC4D
3A3C
3B9F
3B4E
BC36
BB2C
BA7B
BB9A
3AE5
BBC3
BC10
BC6B
BC51
BB5C
3CD0
B8FE
3BF5
3CDC
3C64
3C21
BB08
BB91
BB19
3C33
3CB7
3C85
3B50
3B80
BC34
BC94
3C63
3C91
BC6C
BA74
BC10
3C42
3C35
BC3B
BB83
BC45
BC15
BC8F
3C83
3C62
BB39
3C94
BC16
BC5C
3B2D
BBC1
BC98
BB6D
3C22
BC28
3D01
3C12
3C27
3C33
3BF7
BC1D
3B8B
BC15
3C39
3AE1
3BF8
BBD0
3B6C
B9CD
BC90
BA03
3BD5
BB1C
BC95
BC52
3AD2
3C01
BC05
3C54
3C03
BC3C
3C96
BA37
3C94
3C04
3BFF
3C0F
BC68
BC01
BAE0
3C0F
BC1F
3BCA
3BCF
BC30
BC67
BA9E
3A06
BC30
3BF2
BB6D
3C65
3AD1
BC10
3B30
3B20
3BDF
3C21
3C33
BC3B
BBDD
BB9B
3C81
3AF9
3C11
BC97
3B15
BAEB
3BD1
3BC9
3BCD
3B8F
3AF9
BB0B
BAEF
BA73
BC3D
3C38
3C56
BB73
BA8C
BC07
3B39
BC07
3CC6
3C06
BC59
BAC0
3BF2
BC3D
3BA5
3C21
3C5F
3C5B
BC5A
BB8B
BC62
39A6
3BFC
BBB4
BBC2
3C7A
BC25
BB8E
BCA4
3BF8
3BBB
BA88
3C05
3C90
3BF1
3BBE
BCA1
BAC7
3AED
BB1A
BC26
BC1A
39F5
3BD7
3C56
BC33
BC4F
BB0C
BB3B
BABD
3C4E
3C5D
3BF8
BC9E
BA5D
BC82
BB51
BA98
3B95
3B23
3C02
BC3B
BB19
BBD0
BBC0
BBE3
3C9F
BC0D
BB17
BC13
BB2D
BC4D
3B9B
3B97
3A47
3BF3
BC32
BBD9
3B7C
3C16
3C04
BBA6
3C14
3B7F
3C11
3AD4
3B2B
BCAA
3CBD
BC89
3C08
3CBC
BB78
BB46
BC76
3C45
3C9B
3C0C
B6EC
BB23
3BE8
BBAB
BB7D
BB38
BC93
BB9F
3A8B
BB6B
3C7E
BC32
BC81
3B97
3ABB
BC86
3A97
BC95
3AD2
BC12
BC6B
3BFB
BC6A
BC1A
BBDE
3B57
BBE2
BB34
BB07
B9AD
3C92
BB1A
BCBA
3C14
3A33
BAF4
BB84
BBA9
BBDC
BC9E
BBCC
BC1E
3A88
3BD0
3AC5
BB89
3C81
3C3B
3C61
3B60
BBAE
3B31
3B3D
BCBB
3AF8
3C06
3C2A
3C16
BC9F
3B0B
3B0B
3BE4
3BDC
BB99
3B17
BAF2
3C43
BC9D
BB75
BCA8
3C49
3BAE
3B33
BC0A
3BF6
BC44
3C3E
BBA2
3BCF
BC1F
3AFD
BBA1
BC1B
3C3F
3C3D
39FF
3C2F
3AB2
BAB9
3C58
BBF8
3C06
3BF7
3C23
3C27
3B2D
3C69
BC19
3C27
BB63
3694
BC2F
BBE0
BCA4
BB8B
3B55
3AEF
3AFC
3AE9
BC82
3C5F
3C8A
3C4D
3BFE
BC2A
3B97
3A6B
3AE7
3AFF
BB04
BC0D
3C9A
BB41
3C48
BBEA
BB93
BBC6
3A12
BC22
BBC1
BB8B
3A73
3B4A
BB6F
B963
BB42
3C12
BB20
3BB4
3C17
BC6D
3B23
3C82
BCBA
BC40
3BE0
3BF9
BB16
BC07
3BEF
3C69
3BC5
39CE
3B67
3C1F
BB3E
3AB2
3C64
B9A0
BBD9
BCAB
3960
BC9B
3C1C
3C31
BB03
3B8F
3BCB
BB3E
3BAC
BBEF
3C19
BB24
3C18
3C1A
3BEE
3C00
3C27
BBF6
3C3A
BD20
3C85
3A72
BA1A
3B95
3C4D
BAD0
3BCB
BBF9
3C97
BB1B
3BA1
B9E7
3A5B
3B1C
BBBA
BC54
3BBA
3BA1
3A8F
3C93
B740
3BB8
3B91
3B6C
BB94
BC85
3C4A
3C09
BC2A
3B28
BB04
3C8D
3C7D
B9A0
BCAD
3C99
BBDB
3C15
BA24
BA43
BC11
BC60
BB25
3C07
BBEC
BCA0
BA35
37AA
3B01
BBCE
3BA4
3C12
3BBD
3C28
BC0A
BB96
BC3E
3C33
BC09
BB78
3C4E
BB83
BC1F
3B92
BC8B
3B49
BBC8
3BC7
3BC9
3B0F
BBB5
BA91
BC05
3C01
3C76
3BC4
3C2C
BBD0
BCA8
3B8B
3C6C
BB09
BBE6
BC04
BB5D
3C9D
BBB7
3BA8
BB6B
BB7A
BB9D
3BEF
BC4E
3B73
BC15
3B9C
3BA5
3CAC
BC0D
3B82
BCE0
BABD
BC10
BB00
B9AE
3C3E
3C47
3C86
3BCE
3C01
3BBB
3BBD
3B3B
3A90
3AF2
BC7B
BB58
3C1F
BC90
3B4A
3BE2
BC8C
3B9A
3BB9
3BD2
3C0D
3CA6
BB8E
3B9D
BC5C
3A40
BAE0
BC07
3B35
3B71
BC19
BC59
BB54
BCAC
BC52
3C20
3B57
BC00
3C57
3B40
3C24
3BA7
3BEF
BC4B
BC34
3B8D
BB95
BC80
BBB8
3C57
BC70
BCA2
3C15
3BC2
BB1C
BCA9
3C39
3B94
BB46
3B8D
3C0D
3CAB
BB3C
3956
BB63
BC64
BBC0
3BB7
3BCC
BC43
BC82
3C19
BB23
BBA0
3C85
BA8C
BC01
BBBA
BAC5
BC59
BB86
BC92
3BA1
3BC7
BB95
3B3B
3B1B
3B39
BAEC
3C6B
BBFA
BB95
3C45
BCCD
3C42
3A83
BC02
3CB7
3B53
3C8A
BC0D
BBC4
3B22
3C8C
3C80
3C6E
3C50
3C43
BB69
3C01
BC1E
3AD8
3BF1
3BB4
BC46
BB8D
BBD0
BC09
BBEC
3C23
BA80
BB11
BC11
3B33
BC50
BB23
3B4B
3C1E
BC74
BC30
3B9C
BC7B
BB18
BC4B
3B83
397C
BC65
3869
3C44
3A8B
BB7C
BBAA
3B23
3C33
BA21
3B93
BB56
39AD
3B50
BB8F
BB8F
3A91
BBF3
BAA8
3C3E
BC29
BBD1
BA94
3B57
BC4D
BB93
BC52
3C09
3CA0
3AF2
3C56
BC44
BC09
BBCD
3C1B
3B65
BC11
BB91
3B07
BC03
3C01
BC00
3BCF
3C0F
3BB3
BC0E
3C32
BC43
BB82
BB5A
3C0D
3C9A
3A96
3B54
3BAA
3C23
B9AF
3A9F
BC2E
BC31
3B75
3C15
3C09
BA96
BC14
BAD7
3BED
BC5B
3C08
3CB8
3A30
BC1E
BB68
BC4B
3C9C
3C56
BBD5
3BE4
3B2E
BA53
BC16
BC72
BC13
BAA1
3C0F
3AA3
3BCE
BC0B
BB16
BC71
3BC9
3CC2
BBA8
BBE2
BBB7
3B57
BB52
3C7C
BC4B
3C25
BBC0
3C0C
3BAE
3BDD
B962
3C64
3AEC
3C91
3AD6
BC89
3C32
3B8B
B9CF
3C18
3BF7
BC30
BC4C
3C3E
BB26
BC15
BC4B
3C8C
BB1C
BBF7
3BF6
3B15
3B4C
BC25
3C32
3870
BC43
BC83
BC4A
BC90
BC72
BBEC
3B82
BBFE
BC9D
3BED
BC65
BAB3
BC39
3C1D
BC15
BBAC
BB09
BC84
3BF4
BB9A
3B2D
3A92
3B20
BCB7
3AEB
BB2C
3C6D
3C29
3C0E
BC02
3B73
3C66
BB98
3C1D
3B43
3B20
BAA7
3C9E
3C46
3CF4
BB50
3C0F
BBF6
BB11
3BD0
3BDA
BA13
3AA4
BC36
3C44
3B06
3C8D
393A
3C1E
3B61
BC74
3C5F
3C0E
39E1
3CCA
BC32
3C0C
3C87
3A28
3AC1
3B2A
3BB2
3B0E
3C97
3BEA
BB92
BB5A
3C8D
3B16
BC04
BBE1
BBC2
3A66
BBA3
BC70
3CBE
BC9E
BCA7
BBC6
BBC1
BC9A
BB80
BC49
3C23
BC10
3C2D
BB26
3C96
BB81
3AFD
3B90
BBD5
3B87
BB06
BBCD
BA8E
39C2
3C74
B823
BB52
BBE2
3A9F
BB42
BC20
3C32
3CC1
3BE5
BB38
3BA7
BA9F
BC16
BC36
39BD
3B61
BBF7
BC1A
3C8C
BA9D
3C36
3C16
BB31
3B90
BB53
3CA1
3A20
3B55
3C9D
3B94
BB7C
3BA4
BC85
3BC2
3C23
BC8D
3B97
BAF7
BC8F
3B56
B7D0
BAC2
BC3C
BA9F
BC29
3B90
3BFC
3C86
3A8C
BC48
3B14
3BB3
3B08
3C32
3BDA
3CF3
BBD9
3C25
BC79
BBF6
BAA2
BC20
BBC5
BB88
BC20
388F
3BF9
3BFA
BCAE
BCD6
3C08
BB9C
BC78
3C28
3C36
BC4F
BC85
BC8E
BC08
3BAF
3C4E
3B85
3C47
3BA3
3C6D
BB88
3BB0
BC17
BC05
BC8D
3C59
3B8A
BBD6
BCB6
3C0E
BB24
BB97
3BF8
B96D
3B76
3C7C
3BF7
3C50
BC84
BB97
BB0B
3C4A
38E9
3C51
BBA2
3BC5
BB96
BABA
3C63
BC97
BBC1
BBA5
3B81
BAD9
BBE1
3C38
3BCE
BCAC
B9A5
BAB1
BC20
BC1E
BC87
BB28
BC46
3C55
BC0D
3B9F
3BEC
BB42
BBF5
3C90
BBB8
3AFD
BB09
BAEC
3A11
3BA3
3C52
3B15
3937
3C3D
3C23
BCA7
BB8D
3C89
BCC3
BC90
BBCC
3BCB
3C02
BC13
3C8B
BC12
BB38
3B3E
3B85
3B24
3B83
BAB5
BA18
BC86
BBCF
BC44
3BF8
BB86
BBAE
3C42
3B39
BB47
3BDD
BC94
3A82
BBAF
3CDD
3991
BD04
3B9E
3B99
3C89
3C1C
3C23
BB28
3B29
3B52
BBC6
3C45
BBE5
BC35
BA9D
3C7C
BCB3
3C3F
3BE4
3B83
3BAB
3B80
3BAF
BC2D
3C1F
3AAA
3C60
3C0F
3B14
3B41
BB14
BB85
3B1B
BB83
3BAD
3C80
BA32
B99C
3BEA
BA89
3BE3
3CA3
BB98
BC7A
BC3D
BC16
3C69
BBA6
BB3A
BC04
3C96
3BDC
BC27
BAEE
3BF9
BBC1
3BE8
BBE2
BB6D
BAEC
BB48
BC0E
3C6E
BB21
BBAB
BB8D
BB55
BB98
3B96
3BF5
BAB9
BB29
BC0F
BB70
3B30
3BB8
BBC1
3C0B
3B30
39B3
3BA4
BC0A
3B32
3B4D
BCA9
3945
BC27
3B98
BC85
B9D7
BBD7
BBE9
BAEB
BBF4
3C69
3B8A
BC31
BB83
BB66
BBD9
BA47
3A8A
3BB8
BAB5
3A51
BC32
3B6B
3C46
3BA7
3B91
BC34
3C02
BC6B
3AB1
BA6E
3BF0
BB15
BC6B
3A38
BAEC
BAF1
3AAA
3CEA
3B89
3C37
BB62
3BDB
B99A
3BCE
BC87
3CC4
3B60
BBD5
3B43
3B83
3C13
3AD4
3C43
3B18
3B75
3C11
BB16
BAB1
BBBD
3BC8
BB19
BB53
BC18
BBDC
BBF5
3AB4
3BF1
BBDF
BC38
3BB3
BC66
BC47
3BE8
3C3A
3CCE
3967
3C24
BBA6
BC1A
BB13
BBB7
3CAA
BBD3
3C8B
3A23
3B00
3C88
3C1E
3B37
BC48
BB15
3AA6
BB41
BC6C
BB99
BB40
3BCD
BC25
3BEF
3B35
3BC9
BBB9
BBFA
BC73
BBAF
3BF1
BB3E
BC88
BB1E
BBF0
BB4E
BB15
BB85
BC39
BC17
3B5F
BBB5
BC68
3B9C
BC96
3C26
3BE5
3BE8
3BC9
3BB6
BC58
3C67
BBFF
BA03
BD0F
3CA7
3BEF
3C68
3C84
3CE6
3A2B
BC20
BA2E
BBF3
BC17
BC1D
B96D
3C38
3C66
BB88
BC02
BBD8
BC2F
BB2D
BB71
3C79
3C1A
BAEA
3A88
BBFF
BB90
BC23
3B96
BC57
BC5A
3C2D
3BF9
B99D
3BB3
3BEC
BBF8
BCA2
BAAD
3CA4
BCCD
BD26
3BF1
BC2B
BBEA
BC2B
3C3C
3CA4
BAEF
3C20
3C0D
BB69
3A77
39DF
BB31
BC41
3B92
BCAB
3B27
BACE
BBFC
BCA4
3A9F
BC1A
BBC0
3C45
3C00
3C9D
3BC9
3B70
3B5C
BB68
3C46
3B4A
BC2E
BCA8
BB81
3CBC
BBD6
BC04
BC2D
B892
3BC2
3B38
3B17
B9BF
BC6D
BC0B
BBF0
3C05
3C8A
3B43
3BA1
3B96
3BC3
3BDB
3C48
BC46
3C6D
BBF0
BC24
3A58
BBB3
BC8E
3A7A
BB6E
BA18
BCA4
3B8A
3C1D
BC17
BBDC
BB92
3BF9
3C0C
3B7A
BCAD
BC92
BAFC
3C06
3B05
BA92
3B76
BC0F
3BDB
BBB6
3BFE
3BC6
3A80
BC0D
3CA8
3C37
BC3D
3B46
BA83
3C45
BB45
BC09
3BFF
BB75
BBB2
BA14
BBB7
BA76
3B0C
BC8D
BAD9
3BA4
BAA2
3C13
BC47
3CDD
BB88
3CE0
BC23
398C
3C46
3A67
3C05
3BC0
3C8E
B899
3C4E
3BB0
3C4E
BC5D
BBE5
BB87
BB72
3C69
BB39
3B18
BBCD
BBAE
3A97
BA8A
BC91
BAFF
BBD3
BC7C
3C02
3B70
3C2A
3C2C
3A94
BC29
BB8E
BB42
BBDE
3C25
3B77
BC6D
BC4D
BC40
3BA3
3C4B
BBDB
BB04
BC4B
3C4C
BC52
3C01
BA4D
3AE1
3BAD
3C57
3B7A
BA56
3A8F
BC96
3B3F
3B8B
3A8D
BBA4
3B88
BC1C
3C1B
BB01
3B47
BA6D
3A95
3BB5
BBE8
BB9C
BB15
3B9C
3C09
3C4F
3AC0
3B91
3BD8
BBAC
3B13
3C27
3BE0
3ACF
3B39
3C2D
3A10
3C74
3B9B
3BF3
BA4C
3A8D
BB62
3BDB
3C2F
3B9E
BC19
3B01
BB84
3BB4
BCC7
BADC
3B0F
3C49
3BD7
BA20
3A5B
3CBB
BB19
BB08
3C32
BC0F
BC65
3CA7
3C0A
BA69
BA7A
3B66
3B38
3C3D
3A12
3BA8
3C1A
3C00
38BC
BC24
BB21
3C82
3B85
3B13
3C13
3C0A
BBA2
3BB5
BB0A
3C96
BBBF
3C53
3B3E
BA31
3C07
3C27
BBD7
BC50
BC4D
3CC7
BB5B
3BAD
BC26
B9A8
3BCA
3B98
BBB8
BA18
3B76
BC46
BC19
3CA6
BC22
3C6B
BB37
BB92
BBD2
3B2A
BC1E
3B02
BBD6
BC89
BB92
BB8D
3B1F
3B91
BCAF
3C89
3C45
BBFC
3BDF
BB59
BC7E
3CAB
BC80
BC5C
BB4A
3C1D
3BD2
3B6B
3B0C
3ABD
3C44
BBC6
BC09
BBA8
BBF4
3C35
3AC5
36AE
3A76
BBF3
BC29
BBA3
BB11
3B92
BCA2
BB55
3C0E
BC1E
BCAF
3C38
BBB2
BC1C
BAF2
BC21
BBDD
B940
BA84
3CAE
BC7D
3C4F
3CA9
3BD1
3B02
3C52
BAC2
BC9C
BAF4
3BE1
BAA3
BBE1
3C45
BADC
3AC9
3BC6
BC0B
3BD9
3BA0
3AE0
3B22
BA8F
BAEC
B8F1
BC23
3AB8
BC01
3C2D
BC20
BA83
3B14
BB16
3BAA
3BEC
BA91
3AA2
3B04
BB14
3B05
BB87
BA10
3AA9
3767
BC07
3BAF
BC15
3BB3
BA6E
BCBE
BC07
BA18
BB8D
3AF1
3C54
3BAA
BC08
3B9F
38CF
3B9B
3BF5
BC0A
BCBF
3B92
3C3D
BBC9
3C28
BB51
B9EA
3BAA
BB91
BC5B
BBA0
3BB6
BC0D
BBC6
B723
3C5F
3C33
BB8D
BC9F
BC7C
3A7A
3B57
3C73
3C7C
B9F4
3C47
3B07
BC4B
BC4B
BC3A
3B97
BB45
BAF8
BBF5
3BE3
BB6F
3BCB
3A89
BBDB
3C3C
BB15
BB68
BB37
BBF0
BBA6
BB69
BC7B
3C91
BB73
BBCB
3BBB
3C3E
BC70
3B6A
BC76
3C95
3C30
BB96
BBBE
BBBA
3B64
39D6
BC7E
BB93
BA3A
BC47
3A8C
BC7A
BB44
3A27
3C71
3B87
3BCE
3B88
3C94
3BEB
3C65
BB58
3C82
BCAB
BBAA
BBB5
3BA1
BBBE
BB0C
BC27
BCA4
BC74
3A48
BBAD
BC5D
BC1F
3B78
3C06
BBE1
BA8A
BBBD
BA56
BC05
3A86
3BAB
3C6C
BAA5
BAAA
BC08
3CC3
BC5A
BC4C
3CB1
3B18
BBD8
BB16
BC2B
3C5A
3B3E
BAE4
3C27
3C55
3A3C
BB6A
3C7D
3BFA
B700
BC14
BB4A
BAD6
3B9E
BC5C
3C29
BCB2
3C54
BC89
BBE5
B9A7
BC6E
3C0B
BB51
BB89
3BCC
BC47
3C81
BB05
BB69
BB83
BB73
3B45
3AC2
BC47
3CA2
BC35
3B84
3C90
3C25
BBC5
39CA
3C48
3B8C
3C3B
3C3E
BB2E
3B2A
BA69
3BA7
BB5F
3B8C
BB31
B9DD
3C06
BC53
3C5A
3BC2
3BA8
BBAA
BAF1
BBC6
3BB5
3C93
3B63
BC22
3C19
3BBE
3A9C
3C86
BC3C
3A6D
BB72
3C12
BAB4
3C8A
3C02
BBDE
BB47
3C61
BC4D
BBFE
3C08
3B5F
3BD6
3C03
3C6E
BBEF
BBBF
3C83
BCC5
3C9F
BBD0
BBE8
BB8D
3AEF
BB86
3C66
BB7E
3BB1
BBD3
3B3A
3BBE
3BBA
BBC1
3C2F
3A29
BACE
BC98
BB17
BB64
BC81
3C3B
3BD6
3A5A
3C6F
BB6F
3C1B
BC09
3BA8
BC56
BB21
BC09
BAE8
3BC0
BC08
BC00
3A8D
3A92
BB98
BC20
3BCF
BB4D
BA3E
3C53
3C47
BB30
BC42
B9C2
3CD6
3B45
3B86
BB8C
BC8E
3B26
3B29
BC46
BBE8
3B92
BBEB
BC54
BC1D
3B84
BC6B
3B62
BBD9
BC8B
3BDE
BBBD
3CA9
BB99
BB44
BB34
BC03
3BE6
BBDE
3C6F
BBAD
3AD9
BBD2
3B61
3C2B
BC97
B991
BB1D
BC41
B905
3B87
3B1C
3C76
3C55
3A81
3BF2
3C17
3C5A
BA1D
3BFC
BC6C
BB82
BB5D
BBE7
BBCE
3AFA
3C1A
3C0D
3BBC
BB4D
3C30
3B4E
BC11
BB53
BCA6
3913
3B88
3B68
BC8F
BC1E
BB02
3C5C
3C26
BC0A
3B6D
BA42
3C11
3B3C
BC26
3B9D
3C37
3A2C
3C23
3C4A
BAF8
3BFF
BBA9
3C0E
BB8E
BAF3
BBD7
BC41
3C00
3C2A
BC4A
BC86
B76D
3AFF
BB2C
3BA0
3BA3
3BAC
3A2A
BBA3
3BDA
BCBE
3BC5
3C78
BCCF
BC26
3B83
3A51
BC4C
BB37
BC05
BC3B
BC4F
BBD0
3C83
BC5B
BC3C
BA98
3B3F
3BBE
3CA8
BB5C
3B96
3AA9
3C1F
BBC5
BB07
3C7A
BC78
BB17
BBD8
BB58
BCA1
3AB7
3C34
BC03
BAE5
BB58
BC05
BC05
3C8A
3B94
39A4
3BB0
3939
3A3F
BBB2
BB9F
B9FA
BBFC
BC61
BC3F
BC90
BC80
3C16
3C0A
3BBF
BC00
3BA9
BCA6
3CBC
3C6A
BC01
BC80
BBCC
3C5B
BC51
B933
BB74
BC99
3C69
3BCC
BBA8
3B23
BBDD
3B18
3BBF
3C9B
3CBD
BB3F
3BE8
3C42
3C29
BC21
BC3C
BC82
3A84
BC1F
BAD7
3C81
BCD6
3C15
BC05
3C35
3BA0
3C38
3BD6
BCAA
3C55
3C97
3C91
BC9A
3A4C
BB47
3BAF
3C6A
BBD4
BADE
BC4C
3C19
3AE8
3BAA
BC34
BAAE
3C3B
3B6B
39F6
BBA2
3C38
BC91
3BA3
3BCB
BB5F
3A1E
BA2C
BCBA
3C53
BBBE
BC3D
BC42
3AD0
3AC9
3C56
3C2F
BB46
BC2D
3C08
3B46
BC0B
3C90
3B70
BC68
3A4D
BC4A
39B5
BA5C
BC19
BC82
3C90
BCA9
BCBA
BAFA
3B5F
3BA9
BC94
3A5B
BC16
3C03
3BFA
3B35
3C76
BD04
3C54
BAE5
3C85
BB53
3B42
3AB2
3A74
BA2F
BC0F
BA7B
37AE
3B6C
3BA8
BC54
BB15
3AD7
3C12
3BD7
BC31
BB6F
BC8C
3BD7
3B82
3C42
3C8A
3B80
3C5B
3B47
BC8E
3B40
3C14
3C73
BC2B
BC39
BB5D
BA1D
BC5F
BCAB
BBDF
3B80
3BD5
BAD9
BBB5
3C16
3B23
3B6F
BB44
3B09
BA6B
BC04
BC49
3C4B
BBA1
3CD2
BB55
3B91
3BB0
3CA0
BC01
3C17
BC2A
3C03
3C0B
3C30
BBBD
3B0C
BAD3
3BA4
BCC3
3C8E
BAD5
BC42
BB3C
3B01
3AAD
BA98
39EC
BCD2
3C17
3CB3
BC40
BC5E
B99E
BB85
BC11
3A74
3B51
3C25
BC10
BA8C
BC7A
3C14
398D
3B4A
BAE3
3C0A
3ADC
3B84
BB8A
BA82
3C23
3B66
BBA3
3C73
3B60
BAEA
3C08
3AAD
BC4A
BBBA
BC7C
BC6E
3B9A
BC3A
BCA8
3C4C
3C39
BB50
BA85
3C14
3C1A
3CB6
3A87
BBE5
3BEF
BC95
3C53
BC05
3C5B
3BBB
3A95
3B81
BB18
3C1C
BC3D
3B54
BB32
BAA7
3BE4
BACA
BBE6
BC42
BC1F
BBA5
BC9A
3A8D
BB54
BA59
BC4C
BC9A
3AE3
3B8A
3B0F
BB90
3BF8
3C0F
3C44
BA3A
BC71
3C0B
BB8A
BCA1
3BDA
BC96
BBBF
3C2C
3C93
BB84
BBB0
3B16
BBB5
3B10
3C39
BB9A
BBC0
BA0F
3BCC
BA6A
3C0A
BC2A
BC53
3C81
3B92
3C3F
3C3F
3C39
BC48
BC46
38DB
3C12
BC27
BC0F
3B74
BAC3
BBCA
BBEE
3C7E
B797
3CDA
BAB8
3AC0
BBDD
BBA5
3C38
3C57
3C33
3A98
3C0B
BC35
BC21
BC1C
3B98
3A45
BB01
3B68
BB21
BCAE
BC83
BB18
BBF3
BC33
BC89
3C1E
3C6F
3B6B
3BC6
3BC0
BC48
BBC4
BC0B
BC0D
BC14
BC4C
BB62
3B03
BB1C
BC61
3C22
BB12
BA68
BC11
3B5A
BBAD
BC0A
BC9A
BB1E
BC33
BC0F
3BF9
3CDE
3CB7
BAA9
BC14
BBEE
3BC0
3C4A
3C1B
B9A1
3C69
BB21
BA77
3C71
BC52
3C5E
BC3C
3C30
3AAE
3CC0
3C3E
3C77
3B61
BB2A
BBAC
BBD3
3BC0
BC3D
3C42
BA17
BC8D
3A9E
BBBB
BAC0
3BD7
3AB0
BC3D
3B28
3A35
3C66
3B57
3A38
BA3D
BAAD
3B7C
BC49
3A98
BB71
388F
BBAE
BBD9
BC50
3B0F
3B6A
BC10
BB3E
BB6A
BB12
BB3F
BBDA
BCBB
BBCD
BB80
3B9C
3B77
BC87
BC41
3A56
3C3B
BC8A
BC15
BC83
BB9F
BB98
BB56
3BAA
3C36
BC2F
BA91
BC80
3BD8
BC9C
BBB5
3BDE
BC1A
BC15
3BF7
3C1C
3A6D
3AEE
BB5C
3B8C
3BF0
3A1C
3C45
3BA6
BB07
BC0D
3BAD
3BFD
3C89
BBD9
3B47
BB03
3BB3
BAF8
BC0F
3AE7
BBD4
3C2A
BA40
BBD0
3AC3
3B86
BA8F
BC08
BA4A
BB5F
3BBF
BC41
3BB8
B9C3
3B89
3B26
BB99
BB99
BB9F
BBF8
BBEB
3C4A
3BDD
3B79
3C8D
BB12
BC1D
3BA9
3B87
BB9C
3B97
3A1A
3CC0
3BC3
3B48
3B61
3AFF
BB87
BA75
3C49
3B61
BB3C
BB95
3C5E
B9BE
3BC8
3C84
BB8B
BBB0
BBC0
3BF9
BCB9
BBBF
BB33
BC1C
BC0B
BB22
3B59
3B16
3C28
3B72
3BF8
BC64
3986
3BD2
3B73
3C6F
BBDC
BB27
3B90
BC85
BB91
BC93
3B94
3C26
BB87
BCA9
3B01
BBAB
3A40
BC2D
BB45
3C52
BB61
BC8B
3BFE
BBC7
BA71
3CC0
BBAD
3C5E
BC0B
BB7D
3BD1
3C1D
3923
3B80
3C48
BBF5
BBD1
BC83
3C4A
BC1F
3C45
3C14
3C33
BB60
3AD6
BC8E
BC12
3C1F
BC1A
3BBE
BC30
BB05
3B65
BC39
BC4A
384E
3BB0
BC85
B820
3C32
3C99
3C5F
BA2C
3C55
BC18
BB1D
3C12
BBE9
3AA0
BC54
3BE8
BAFE
3C03
3C6E
BCB4
BC2A
3C8F
3BA4
3C6C
3B66
BB5E
BC0D
3C49
BC05
BC76
3CAD
3C7E
3C3C
BC18
3C25
BBC2
3BAF
BC46
3C8B
BBB4
BC1D
3C91
BB07
BCAC
BC0C
3AF8
3BF6
BB55
3B65
BBC1
BBC7
BC5A
BC35
3B96
BC9F
3A0C
3B01
3AED
BAF5
3C02
BB88
3C65
BC1E
BB93
B8AF
BA84
BC76
3BC7
3A7B
3BAC
3B64
BC7E
3C7E
BC08
3C8A
BAFA
B9B3
3C8A
3C62
3AE0
BC73
3B10
BB1D
3B9D
BC3F
BC24
3BBA
3AB9
BB9A
BB88
3C58
BBEE
BC27
BB66
BA81
3B57
BA3B
BA18
3C16
3BFA
BC26
3C03
BB20
3B80
BB96
BBBF
BB8F
3A06
BCAD
BC1F
BBEC
BC13
BBF4
3BD2
BC07
3BCC
3B49
BB3E
3B51
3B73
BBAE
3BA6
BC02
3ACE
3C6E
3B00
BBBD
BBF0
BA5C
3AB2
3C15
BBAB
BBB7
BCA4
BB9C
BC15
BCB8
3BAB
3C27
3C27
3BAD
BC79
3A3C
BA32
3C1E
3C5C
3B83
3B2A
BAB8
BB28
BB99
3C8A
3AD9
3B24
3B3D
3C07
BA90
BB06
BB59
3C41
3C4D
BC7A
3B00
3C6C
3B72
BB63
BCAA
3BF9
3C75
3C03
BBEF
3C3E
3C9B
BAF8
BBC9
BA17
3BA1
BC2C
3C21
BBB7
3C7C
BC1F
BB93
3C0A
3A03
3C20
3A3A
3C28
3ADB
BB44
3C72
BB87
3CDD
B9BC
BC2F
BC50
3BA8
BC9F
BBA9
3C70
3C99
3BBD
3BB0
3C33
BC03
BC65
3C20
BC3F
3BE9
BC59
BA70
BB81
BA0F
BC06
BB85
B931
BC64
BA7B
BC04
BC6C
BBDD
BC53
BB0C
BBE3
3BBC
3C22
3BEC
BBA8
BACD
BC46
3BBC
BC69
BC4A
3B12
393F
3C93
BB59
3BEB
BC94
3C2D
BC2F
3CA5
3C4A
3B72
BBDB
3CEA
BB22
BB8C
3C71
BC85
3C19
BB0B
3C74
3C91
BC2C
BC9A
3BAB
3C73
3B92
3BC6
BB29
3CA7
3B9B
BBE0
3BD8
BC16
3C1D
BC11
BBF6
3B49
BC20
BC5F
3C1E
BC1A
3BE8
BC50
BBE9
3C13
BC4D
B801
B9A6
BB3E
BBEA
3C37
3B3B
B84D
3BC2
3C63
BB40
BC66
BAB2
3BDB
BC87
BB3C
BC3C
BB4F
BC93
3C02
BC6D
3BF4
3B14
BB08
3AA3
3C33
BC89
3B36
BB4F
3CA2
3AC9
BBDE
BBE8
BC02
BB72
BC82
BCCB
3B0E
BC43
3B71
B993
BB4C
3BDF
3B77
3B05
BAA1
BC9D
BCC1
B939
3C36
3C6B
3BD7
BCA3
3B26
BBB8
BC0A
BBCB
3AA7
3CAC
3C2D
3C0F
3C4F
3A6A
BCC7
3C88
3C44
3CB8
3B44
3BF1
B9EA
BC2D
3C30
3B8C
3CBB
3C51
3BEF
3AE4
3C75
3ACC
BC51
3B91
BBEA
BBD6
3BCF
BBC8
3C14
3B17
BC04
3C07
BBC9
BBFC
BB72
3C2D
BCB4
3C03
BB57
3C28
3B56
BA6C
B8A3
BC8F
3C13
BC47
3CA1
3B28
BC76
3C21
BC09
B97A
BBEB
3C70
BC52
3C95
3C21
3AA8
BC48
BBCF
BBE1
3C00
3C2F
BC49
3C0E
B9C7
BBA2
BAD7
3BDF
BC1A
BBE6
3C67
BBFD
3B45
3C2B
BBFE
BC4B
3BE8
3C93
3B3B
3C26
3CCF
3C43
3AF0
BABD
BC4C
3C58
3ABA
3C7F
BBB2
3C37
BC58
3C89
BB8C
3ABB
3B92
BC12
BC40
BAB1
3BBA
BC50
BAC9
3BEF
BC6F
BBA3
BBBD
3CB0
BC4A
BC1B
3B93
3A8C
397B
BA85
BC1C
3AD2
BC1C
3BAC
BC72
BA96
BA3F
BBC6
BB9E
39A9
BC56
3C52
BBAA
3C0A
BC01
BCD0
3BA2
3C47
3CB4
BB55
3CA0
BBF2
BC9E
3C52
3B2F
3B79
3AC5
3A23
BC01
BBC9
BC44
3BCF
BB43
3C3D
BC9B
3C3F
BBC0
BC5E
BC11
BBB5
3C8C
3C92
BB48
3C33
3C10
3C67
BA2A
BC86
BC57
BB4C
3C96
3B98
3B03
BB48
BC94
3AE9
3B81
3B11
BC5F
BC54
BB98
BB1E
BB27
3C44
3AD8
3A90
BBF9
BB4E
3CBD
BBAF
BBC0
3C96
BB5E
BBAB
39FD
BB6A
BC28
3C46
3C4C
3B72
3C6A
B8FD
3B55
BC77
BC22
BC0E
3B87
BADA
3C31
BC4B
BB40
3C8C
BC3F
BBB8
BB99
3C80
BC73
3C4E
3A72
3C07
BC46
3C0C
3BA4
BCC8
3BFB
3CB3
BC02
BA25
BAE3
BC25
BB81
3C70
BC4F
BC59
BC18
3C6C
BC8F
BBF7
BC04
BBD0
397D
3C1C
BC05
3CAA
BC4C
3C22
B878
3C70
3AB1
3C1E
BB37
BC50
3C3A
BC60
3B1D
3CBE
BBAD
BA41
3C28
BC47
BAD5
BC9E
3B0F
BC37
3C3B
3B33
BB0D
3B59
3A83
BC06
BC43
3C47
3B87
3D0F
BAFC
3BEB
3C69
3BEA
3C1C
BC2B
BB06
3BFC
BC85
BC25
BB65
3C87
BABD
3C71
BC45
3B49
BA42
BBAE
3BE4
BC84
3C08
3B29
3CF9
BB92
3AB7
3C07
3C96
BCCF
BC27
3B9D
BC06
BC22
3C80
3BC4
BC08
BB0E
BB8A
BAC8
3C0C
3C1E
3BD2
3BD8
3C53
3BB9
BB95
3C4B
BACF
3C21
3971
BB7A
BBBC
BC82
BC14
BC39
BAD2
BC0E
BC98
BC7E
3C2E
BB2A
3AFA
BBC5
B8FA
3B9C
BC25
BC8B
3BCA
3C55
3ADC
3B4D
3CDC
3C43
3ACE
BB3E
3CAF
BAEB
3C34
BC2B
3C81
3B69
BC7E
BC59
3B96
BA57
BC5B
BC2A
3BF0
3C5D
BC75
3AC9
3C81
3B7D
BB1A
BC3E
3BF1
3B20
3C4A
3C03
BC2B
BBB0
BB85
3BC5
BB35
BC21
3C25
BC5E
3B80
3B84
BC28
BBBC
BC30
3BC7
3AC0
3C35
BABE
3BA5
3BF4
BA11
3B97
3BAB
BBA8
3C54
3BA8
B976
BA55
3C62
BC05
BC95
3C01
3CBE
BCC5
BC34
BCCC
BB01
BC87
BBB2
3C7E
3A86
3CA6
BC27
3BC4
BBAA
3BE9
39CD
3A92
BC4D
3B7E
BB3E
BC87
B7AD
BA5F
BBB2
BC28
3BF4
3C1F
3B0F
3C03
3BA4
BC24
3BCB
3C19
BAB6
3A62
BB5D
3C55
BBA6
BCAF
3C0D
BC05
BB8D
3C9B
39D2
BC2A
B90D
BC4F
3C47
BB95
3B9D
39E7
3C38
3A96
BBFB
BBD3
3BB6
39D7
BB3D
BBAF
3B57
BC2F
BC05
3BDC
BB96
BC3F
BBC5
BBF3
BB34
3C87
BB69
BC47
3BF3
BC60
B866
BC1D
3C33
BC25
3A16
BB0B
BC7C
BA1B
3C63
BAC4
B9B7
3AB1
3AB3
3B85
3C71
3C51
3C9D
BC24
BC50
3C06
3B69
BA0D
BCE3
BBAD
BBD4
3C8E
BAF8
3CC7
3B88
BAE2
BBFB
3A95
BBB7
3BF9
BB8C
3C90
BB42
BBBD
3C16
3B2A
BB12
3C52
BC52
BC09
BCAB
3C3E
BA1D
B967
3C2D
BC18
BBC1
BC0B
3B0B
3A17
3B2F
3C99
3B07
BC77
BB01
3B35
BCD8
BC8E
BB99
392B
BB8E
3BDB
BB5A
BB0B
3BF9
3BD1
BB0C
3B04
BBB0
BA63
3C20
3C4E
3C22
BB31
B995
3C1B
BA0B
BCA3
BBB4
BC1E
3C22
3C1C
BCA4
BC48
BC09
BBBB
3C0A
BB95
BCB4
3C0D
3C64
3BB5
3B92
3B50
BA39
393C
BBBC
BC62
3C92
BBDA
BC96
3CA4
BC2B
BB89
3C98
3C09
3C2B
3C6B
BBE7
3C19
B9C8
BC92
3A3B
3C95
3C3B
3C52
3BF5
BC9B
BC4A
3B6B
3BE7
BB78
3AA6
3A9C
3B57
3C3C
3C02
3A92
BB93
BC5E
3A99
398F
3AA6
BC2E
BB48
BC5A
BC8C
3BFB
3B93
BBF3
BB0A
BC28
3C31
BBAF
BBE0
3BBC
3BC5
3C5D
BB82
3CAB
3C09
3C0F
BB19
3A42
BC8C
3B9C
396E
BC4C
3A06
BC57
BC04
3C51
3960
BB3A
3B70
BC25
3BEE
3C41
3ACE
BBA9
BC03
3B36
3C6F
BB39
3B37
3B4D
BA5D
3C18
BC4A
3B2F
3C07
B926
BBE2
3CA0
BC16
3B46
3C46
BC02
BCAE
BADD
3BB6
3C51
3AD2
BBDF
BC63
BCB0
3B7D
BC7D
3C32
3C06
BC70
BCA1
3C35
BC07
BBAF
3C48
3B94
3ADC
BB5A
BC42
3A47
BB88
BC21
BBEB
BB0C
BBE4
3C10
BBE1
BC3A
BC96
3C0B
BB9B
3C52
3C83
3B8D
3B07
BC4C
3ACA
3BCC
BAA1
BBCD
3B9F
3C21
3BC6
3B03
BC3D
BB7B
3C81
3BEB
3C80
3C2A
3B98
BC08
3CAF
3B0C
BBF2
BC86
BC76
3CA3
3B64
3BDE
3B98
3B46
3C46
3CBB
BC3E
BCBC
3C72
3BAD
3B40
3BC5
BA87
BCAC
BCA6
3B25
BBA3
3ADF
3BB9
3C12
BBDD
BA95
BB4D
BC68
3C75
3C07
3A7C
BBF2
BC7A
BC56
BC32
3BF8
BB31
BC89
BB06
3C2F
BBD6
3C02
BBE2
3BDF
3C9E
3C50
BBE5
BBBF
BC10
3BDE
3BE2
BC1D
3C7A
3C36
3BB7
3BE2
BC11
BBE7
BC9C
3C3B
3C35
3AC2
BC7B
3B40
3BC4
BC0D
BBD4
3C1E
3B6C
3B3A
3B2B
3C1E
3B2D
3B92
BC1D
BB70
39B7
B981
3B33
BBC4
BBBE
BBF9
BC3F
BBC5
3C0D
3C10
3AC9
BC8B
3C15
3C56
3C12
BC83
BBF9
BC6A
3C0F
3C19
BC30
3B3F
BAB4
3BF6
BC11
BBD6
3B2D
3B1F
3BAD
3C3C
3C1D
BA57
BC36
3C0F
3AFC
3B43
BBDC
BB26
BC17
3C89
BB2C
BC1D
BC82
BBFD
3B8A
BB29
3C6F
B9C1
3BB4
3C94
3B10
3B0E
3CA3
3BFF
BC99
BB6E
3B82
BC01
BA8D
BCAA
BB83
3B9B
3C81
3C12
BC45
BC32
BC85
BC81
3C78
3BCE
3AD7
BB3A
3C3E
BC35
BC31
BC53
3B28
3BB0
BAF8
3C20
BC43
3B7D
BB43
3C50
BBA9
BC0B
3B7E
BAE7
BC15
3BBC
3C89
3B8C
BBD5
BC84
3C51
3A91
BACB
3C8A
3B85
3C25
BC11
3BD0
BC92
BBEC
3A20
3A23
3B76
3B33
3BBA
3B64
BC12
3C87
BBE6
3B5E
3C33
BC5D
BC21
B9E2
BC87
3C56
BC4B
BA11
BC29
38AE
BBA2
3C1D
3B94
3ACB
3AA5
BB69
BBDF
3C8F
BC19
BC76
3CB6
BC9B
BAF3
BAFD
BB14
3C21
3C71
3B38
BC05
3C26
3B2A
3C1C
3C35
BC40
3B52
BC7B
3BEA
BBE0
3B75
BACF
BBAE
BB24
3A2D
3C02
3BE7
3C65
3C35
BC18
3CB8
BB21
3C37
3C3F
3B30
3C14
3BDD
3AAF
3C31
BBB9
BC8E
3C21
3CA8
BBCA
3C4D
3B6B
3B20
BBA7
BB16
3B46
BC14
3943
BACF
3C4D
BC38
3A69
3C01
BB1A
B745
3ABF
3B8B
3C1B
BC4F
BB84
3BD6
BC15
BABD
BC25
3C53
3C74
3C4A
3B37
3C54
BC28
BC29
3BFD
BB49
BB37
3BCD
3B5D
BBC2
3B22
3A4D
3B7B
BC51
3BA3
BBA8
BBD9
BB37
3A9F
BB1D
BC02
3A69
3C9B
3AE9
3B12
BC22
BA9E
3C24
3B7C
BB71
3B9B
BC30
BC04
3BFF
BC01
39C9
BBAF
3C4A
3C45
BBD5
BC7C
3B4F
3B08
3BD2
BAF8
3C31
3CA1
BB71
BB8C
3C8A
BBB3
3BFA
BCB0
3C32
3BA7
3C04
3BF9
B987
BB3D
BB8E
BB85
3C6A
3CB7
BC13
BBF3
3C00
BC08
3C6C
3C8E
3AEC
BAAD
3CA6
3C9E
BC05
3C2E
BBAE
BC9F
3B2F
BC3D
3A14
3BEA
3B51
BB8D
BA29
BCA3
3B72
BB75
B887
3A9C
3B31
3B59
BC32
BC94
3C2D
3AD2
BC42
BCAB
3C46
3C0A
BC21
BC66
3BBD
3B5A
3BB2
3B7E
BC0D
BA1D
BC19
3BD7
3B67
BC6C
3B45
3B62
3C60
BC89
BCB3
BC0D
3C38
3B7A
3B8D
3C27
3B15
BBED
BB1E
BAF7
BBF7
BAB7
BB65
BC52
3BC8
3C2D
BBB1
BC37
BB4A
3B55
3C44
BBA7
3A64
BC25
BB24
BB14
BB64
BC41
BA67
3B92
3C8C
3C03
BC34
BB27
BC7E
3C46
BB8D
3C80
BAC8
3C45
B812
3A70
3CCB
3C13
3C6C
BB12
BC84
3BB3
BB9E
3BC3
BB2B
BB7F
3C80
BBE1
3BF2
3C04
39DC
BAC7
3BE9
3BDF
3C42
BB5F
BBD4
BAB2
3C87
BC12
3BE0
BC39
3B1E
BC31
BC27
3A9F
3B5D
3ABC
BC6B
3B15
3BA2
3C1D
BC46
3BA3
BBBB
3C0F
3C14
3CD6
3C37
3C5C
BB99
3AED
BCBF
BC43
BAA4
BC14
BBF2
BC04
BC24
3CBB
BBAB
BCC1
BC53
3B82
3C7D
BB43
3BCA
BC66
BB40
BC9F
3BE0
BBBC
3AD2
3C0C
BC0C
BBEC
3B03
3B25
BC3C
3AE1
BB8F
3C58
BC8B
BBDC
3BA4
3B12
3B30
3BE0
3B85
BBC9
BB95
3C1C
3C59
BC00
39F8
3BAA
3BA2
3B84
BBDA
BC0E
BB2D
BC18
BB68
BCD9
3C7E
3A1E
3B23
3C27
390A
BAFC
3A81
3C24
3BC9
3BF9
BBBA
3BC9
3A84
BC98
BC11
3B9C
3BA2
BC08
BA72
BA96
3AF8
BC1B
3BA4
3C54
3BC4
3C58
BB3E
BC48
BC1D
BBB9
BCBB
3981
BB5A
3C85
3BB6
3BD7
BC1F
BC48
BB95
3BB8
3BDF
BC74
3A22
3BFE
BC3E
3B5E
BBF7
BBAF
BAEA
3B12
BC0C
3B11
3C82
BC31
BC6F
BB2D
3BEC
3C14
BC3A
BCA9
BAC8
BB84
BBF3
3BDE
BBE5
BB88
BC69
3C29
BBEA
BC0C
BBFF
BB72
BCAD
3C2C
3B1D
3C14
BBA5
3BA4
3C35
3B85
3BD1
3A6D
BCC0
3B36
3B94
BC30
3B02
3A00
BB48
3C43
BCAF
B86E
BB1B
BABC
3A91
BB20
3B22
3C66
3BF2
BBF6
BC75
3C06
BBE8
3C88
3BE2
BC0F
3C05
BB23
3C4C
3C4F
3B95
BC1C
3C81
3C75
3C34
3C2A
3A8A
3A63
3B59
BC3A
3B97
3C42
3BC8
3AC8
3C11
BC81
BCA7
3C00
BBF6
3C15
BA86
3BDB
3C05
3A36
BB20
3C85
BC66
3C42
3ACC
3C06
BC3D
BC18
BB5B
BC44
BA4C
39F5
3B52
BBA3
3BC1
BB2C
BC39
3BE7
B9EC
BA9A
BC35
BBAD
3BAB
BC24
BCB0
BC1E
3B84
3B61
BC88
BBFE
3BA3
BB62
3BD5
3BC6
3C3E
BBBB
BB57
BC3F
3C90
3C7B
BB8E
BB29
3BFE
3C1E
BBD2
BCD5
3A82
3C9C
BC0A
3B9A
BC22
3AA7
BC06
3CB2
BC7B
3C6F
3C02
BB62
3B91
BB46
BA8B
BC2A
3C48
BC13
3BB4
BB30
BC31
3BD2
3C3B
3BC3
3CF1
BC40
3CB7
BB86
BB8A
3B9A
BCBE
BAAA
3C62
BB91
BC52
3BE4
3B9A
BB6A
B9AF
BA3B
BB05
393A
3B76
BC10
BB60
3AEF
BBB2
3BD6
3BF1
BBBC
3BEC
3BD2
BA87
BAAF
BBB2
3B52
BBB1
BC07
3C09
378D
3BED
3C01
3A84
BB6B
3C07
BBF8
3C86
BB6A
BC0C
BC23
3BDC
3C6D
3C81
BB9E
BBA0
BC23
BCAC
BC18
3C54
BACD
BCB1
BB8B
BB07
3C49
3C0B
3C0A
BB1C
BCAB
3C3C
3D00
BAD8
3B8B
3C19
3C7D
BC26
3BC1
3B8B
3BE6
3C0E
3B9E
3B1A
3CBB
BBEC
3A9F
BAAC
BAE3
BAF3
3CB0
3ADD
3997
3B8A
BAB5
BBAA
BC46
BBBE
BC86
BCC9
B909
BC34
3956
BB93
39A2
BC5A
BBAC
BC0A
3B81
3BE1
BAD3
3AED
BA07
BC36
3AC0
BC21
BB60
BCDD
3C05
3CC5
3C11
3B2E
3BD6
3B03
3B59
3C46
3CB5
3B11
BB3D
BC2D
384B
3C0D
3B95
3967
3BAE
BBAD
BC51
BBBB
BC03
3C05
BBF4
BCE9
BC23
BC0B
3C85
3AF6
3B0E
3AC0
3C02
BC30
BC1C
BBCD
BC90
3C50
3C53
3A63
BC7A
3B89
BAF5
BBCA
3B17
BBD0
BB8B
BAEE
3C75
3BAB
3C50
BB5C
BB46
398E
BBA9
3B98
BBB4
3C18
BA41
3B0A
BBF2
3B59
BBF0
3C1B
3C13
3B90
3B9B
3C9A
3BB4
3B81
3A31
BC1E
3C18
BB7D
BC72
3C11
3C07
BB05
3B3B
BA70
BC0B
3B1B
B980
BCBE
BC0F
3C0B
3A39
BAB7
BBBB
3AA4
3BE8
3BCE
BCA3
BA58
3BAA
3C43
BB6C
3BBF
3C26
3A88
BBBA
3C1E
BB48
3B36
3C48
3C18
3C59
3B84
BC5E
3B1F
BCA0
3B6E
BB16
3C2E
3C07
BC0C
BC75
BC2F
BBED
3C00
BA01
3B42
3BC0
BC9D
BBA5
3BC7
3B6D
BC03
BA8C
3985
3A11
3C27
3C0E
BB41
BCD2
3B68
BA93
BB6E
3CAA
3CB3
3C27
BB28
3B53
3C12
BC10
3C2F
3A54
3B67
BBF8
BC4A
BC58
BC5D
3A97
BC0A
BB09
3C0D
BB3C
3C82
3ACB
BBC0
3B28
3B5C
BBA5
BCC3
3C3C
BC3C
3BEC
BBE1
3C08
BC6A
3B89
BACE
3BD5
3C05
3BF5
3BA2
3B5C
3A77
3ABC
BC1E
3C90
3BB5
3B8E
BC42
BC92
387A
BB1D
BC14
3C4F
BC3F
3C26
BC03
39AF
BC01
3CA1
3B07
BC41
3C97
3C54
BC15
3B34
3C32
3CA4
3B0E
3C3E
3C46
BAB0
3C2D
BC44
3CB0
BB45
3B87
3C6C
BBE7
BC0D
BC54
3AE1
BB53
3C52
BC31
BC93
3BB3
3C10
BC13
3C36
BBA5
3C04
BBB2
BC1C
3C15
3BBB
BB87
3BDE
BB4C
BC15
BC83
BC6D
BBEF
3BCF
3B19
BC16
3BF1
3C88
BB71
BC05
BB40
3AED
BAA4
BBBD
3C87
BC91
BB45
BB2F
3B7E
BC74
BAAE
3C36
3C52
3C03
3BFE
3C0E
3B7D
3BE7
BB2C
3BF3
BBBF
3ABA
BC6A
BC35
3BE5
BBD5
BC97
BCBC
3C5C
BB31
3A06
3C35
BB70
BC42
BC1F
3C84
BC0D
3C0E
BC54
3B10
3B71
BC03
3BA7
3BD7
3B04
3A9C
3BA3
BB72
B7CD
3A77
3C3F
BBE0
BBD6
BB8B
3C07
BBB9
3C00
BCCC
3B83
BBFD
BACB
BBE9
BB98
BC85
BC2E
3CB6
3C0B
3C23
3B25
3BC0
3C93
3C28
BBCB
3BDC
BC1F
B8D2
3B96
BC05
3C29
BBAE
3C81
BC14
3C72
BC01
3AC4
BB8E
B95E
3BF3
BAD6
3CD0
BB44
BB7F
BC91
3B8B
3C8B
BB79
3BE1
3C0D
3BBE
3B6D
3C6C
3C65
BCB1
BBFC
BB42
BC31
B9AF
BB32
3BAF
3B11
3C10
3B4F
3ACF
3C39
BC5A
3C25
3ACA
BBA3
3C9D
BBA2
3AF9
BBC4
3C45
BC22
3BC0
3C63
3BE1
BBBB
3C10
3C83
3B6F
BBA3
39C3
BBA5
3B26
BBC7
3BA0
BC1B
BBC9
3B90
BC1B
B99C
3B4E
BA89
3BC1
3BBA
BC9D
BC1D
3C64
BC27
BAA7
3B55
3B25
BB21
BBD4
3B9D
3AA8
3C6A
3B83
BC04
BC39
3C78
3B97
BA8E
BC99
3C20
BCC1
BBEF
3B4F
BB87
BC04
3ACF
3C69
BBE0
BBC2
3B9D
BC9B
3C11
BCA8
BB92
BCC5
3C08
3BC0
BB83
BAC1
3B11
3B9B
3C12
3B87
3B7C
3BC1
3C17
BBF6
BB89
3BBE
3C84
BB92
BBEE
BC98
BC0C
B94D
BB4B
BA07
3BD2
BB17
BBFB
3C18
BB5D
BC3A
3BAA
3A47
3BA5
3A70
3B9A
BBD3
3B90
BA97
3C3C
BB4C
3C4E
39FE
B91B
3C7A
3A0B
BA87
3A99
BC18
3CB2
3BC4
BC0B
3C7D
3B6C
3C10
BC7A
BC6C
3C0E
B98C
3BE4
3B7A
3ABC
3B23
3C42
BBA0
3A8A
BB85
BC79
394D
BB9F
3CAB
BB9A
BAC5
3A45
BB16
BB28
3B5A
3B80
BA64
BC29
BB27
3C16
BA83
BAE0
BB42
3A3B
BC20
3B92
BCA9
BBE5
3BBB
3C19
3AC3
BB55
3B82
3B5C
BC22
BA91
BB98
BB7E
3C6E
BBFA
BC48
BB35
39B0
BB9B
3C37
BAC6
BB8B
3AB5
3BBE
BB70
3B52
3B96
BACA
3CBB
3C64
3C1E
3B9D
3C16
3C2B
B895
BB03
3C8D
BBF3
3BBE
3C1E
3907
BC4A
BB93
BB30
3BEF
B96C
BBAF
3C0B
3B92
3BB8
BC18
3BAD
39BC
BC0E
BCA1
3BDF
3A5E
3BCD
3A06
BC57
3C1C
3BC7
BC54
3BEE
3C52
BC9C
3C7A
3C7C
BB5C
BA09
BBE6
3B3E
BC6D
BC16
BB40
BBD9
3B62
BB06
BC87
BB8A
3D14
BC75
BB7D
BC22
BC7F
3BB0
3C97
BBDE
BB93
BB69
BC72
BC00
3BB5
BC1C
3C25
3B3F
BBC1
3C9F
BB6D
3C21
3B33
BC15
BBE0
3A8D
3B8C
3B99
BB92
3CB4
3C31
3940
3C42
3C7B
BC18
BB08
BC8B
B94F
3BB6
BC4D
3BD0
BC15
3C1D
BC1B
3C23
3B99
BAA8
3B9D
BC06
BB2E
BB95
BB77
BBA1
3A86
3C83
3C98
3C77
3CC7
B95A
BB0A
BC39
3AF1
BC5D
3BCB
3C3C
3A32
BB2C
BC48
39A3
BC0A
3C17
3C06
3B40
375A
BB86
3BE7
3CA2
BC56
3C33
3BBD
BC5D
BC0F
BBE8
3913
BC4C
BADE
3A6C
3B28
3C0E
BACA
BC71
3C81
3A28
3B44
BB17
BBB8
3BA5
3B3F
3C81
3C53
3CAF
BB0E
3B3F
BAD1
38FC
3B74
3B6B
3BD3
3B9D
BC4E
BB41
3C8A
389E
BBA5
3BF2
BB0E
3B0D
3C90
BBDA
BC71
BBC7
3BB2
BC3E
BC8D
398A
3BFE
B90E
BC50
3C35
BB89
3C3E
3CA5
3BF6
BBD2
B910
3C96
3B09
3C4D
BC52
3BB7
BC0B
3B10
BB72
BA17
BC5F
3C60
3BF3
BC44
BB35
BCA4
3A18
BBEA
391D
3C98
3BF5
3B91
BC43
3B53
BAC4
3C0F
3C41
3A83
3B94
3C19
BC44
BCB4
3A37
3BD0
3C30
3C42
3AB1
BAFC
3C7E
3C4E
3C7D
3B99
BB3D
3CBC
B9AD
BB93
38FD
BBB5
3AA7
3AF0
3B08
B974
BC25
BB98
3C69
3B96
3A16
3BF0
B98A
3BDD
BBBC
BBDB
BBDD
BB81
BBAC
3C29
3B72
BBBF
BBB5
BB98
BC3E
3B04
BBCF
388E
B98A
BC3C
3C18
BB6C
BB2E
BBA8
B998
BC05
39BC
BBC1
3AAC
BACD
3BF6
BC93
3A8D
BC6A
BBFD
3C4B
3AD7
3C52
3C01
BA73
BBAC
BB87
BBF1
3BF6
BB59
3B11
BB84
3AA9
BC75
BAB3
BB1A
BC19
3C48
BBB6
3C28
3BB2
3B56
3ABF
BC96
3B7E
3966
3B70
3C10
B989
3ADE
B98C
BB4F
3C04
3AC2
3BCE
BC84
39C9
3AE7
3C05
BC2B
BBE0
BC60
BBCC
3A8F
3B37
3BED
BA7F
BBB1
BC6A
BBA8
3C65
3C05
3B64
3B24
3C8B
3BF2
3C2D
BC6F
3AA7
3BA7
3BD7
BBC1
B98B
3BDF
BD1C
3BEC
3BFA
BC3F
3C7A
3B71
BC69
3A56
388C
3C7C
3BDA
BBAC
3B03
BC7A
3C45
BB4F
BB9A
BB5A
BB7D
BBF3
BC16
3C3C
BA3E
3C31
BB29
BB86
BB97
BB74
BBFC
BB60
BC51
BAC0
BCD4
BB31
BA84
B9BC
3C2D
3816
BB90
3BCD
3B6D
BB93
BA55
3C32
3AE4
3AC5
BA87
BB28
3913
BC58
BB05
BC8A
3AE0
BC1C
3C24
BC90
BBB6
3C0A
BB1D
3C35
3B91
BC9C
3C27
3C0A
3A99
BBAA
BA63
3C1C
3C15
BB8A
BBC3
3B0E
3C4B
3C4D
3A81
BC47
3C43
BB99
BC83
3B95
BC75
3B73
3C2E
3BDD
BC02
3B0F
BC79
BB6A
3C73
3B33
3BD5
BA50
3C18
BCAB
BC04
BC3F
BC1A
B8B3
3C3B
BBCA
BB63
39E7
BBDF
3A8C
3906
BCA3
BBA7
BA9D
BCA3
3B68
BC4B
BB48
BB92
BC69
3B47
3C5A
3B58
3C0D
3BE4
3BA5
BC33
3C99
3C42
3CB3
BBEC
3BE7
3BE5
BB87
BB13
3C4E
BB0C
3BA7
BC30
BB44
BAFD
BC4D
38CC
BB79
BB9F
BBC9
3C12
BC54
BC66
3BC5
3BBD
BBAC
BC3D
3BEC
BC02
3C5B
3B83
3B1C
3B92
BB36
BC17
BC0D
BC50
3BF8
3C12
3B1D
BC41
BBEE
BB9B
3C41
3BA0
BC5C
3947
BC8E
3C02
3C04
3BD9
3BB4
BC4C
3B1B
3C19
3CEA
BB8B
B93E
BC8D
BAC4
BB12
3A08
BB62
3BE8
BBF9
BC5C
3C55
BB07
3AEF
3C77
3C2F
BC42
39F3
BA0C
3B64
3B75
BC08
BAF7
3B16
BB3E
3B57
BACA
BBB8
BB9D
BBD2
3B61
3BD7
BC92
BC66
3C45
BB90
BC27
BC01
BB8E
3BAB
3C10
BB9A
3C8C
3B30
BC8B
BC25
3C20
BC5A
3B87
3B4E
3B39
BC48
3B0B
BC29
BC70
BBA5
3C46
3BA3
BB4C
B922
3B2A
BBC9
BBA9
3995
BC07
3C4B
BB88
3C84
3B08
3C0F
3A2A
BAFD
BBD3
3AFA
3BB4
BC87
3AB8
3B8A
3B1A
BC37
BC44
3B74
BBCF
3C79
3BA2
3B80
BC2E
3C45
BBD4
BC83
BBEE
BB68
3BAC
3B04
BB6D
3C11
3BC6
BC10
BB1B
BBEF
BCB6
BC5D
BC83
3C09
BC5C
BBBC
BB51
BC73
3AC6
3BB3
3C2C
B9A3
3C06
BADC
3CA4
BAB8
395B
BC48
BAA2
3C2A
3B72
3B8D
3B9E
BC11
B92C
3C57
3BBE
BAC7
BC8F
3C33
3C8E
3B84
BBAE
BC55
3B0B
3C10
BB12
BC38
BB25
BC52
BAD1
3C5D
3CC8
B9D9
B90E
3C12
BBA6
BBD3
BC1D
BC2C
3C87
BC72
3BFF
BBDB
3C08
3BFC
BBD5
BC4C
3B42
BBA4
3C33
3BA8
B9F5
3BBE
BC5E
BC7E
BBFF
3B07
3C20
3B69
3C31
3C45
BBBA
3B6E
BC09
3C87
BB17
BA98
BC12
BB62
3C8B
BCEC
3C1C
3C64
BC2A
3CB8
BC1A
B815
BC1A
BB52
3B2F
BC0D
BB84
BC8F
3C25
BB21
3BE3
BC95
BC17
BA33
3C5D
B991
BB83
B9C8
3C64
3C3B
3C0B
B9E1
394D
3BD9
3C13
BC15
BB8D
3B5C
3B72
3C83
3CB5
3C98
BAC0
BBB0
BBBC
BB93
3BA6
BC75
BBE2
BBDE
BBAD
3C76
3B9C
3AB9
BC2D
3C14
BBD0
BBF7
3BB6
B727
BBE2
B9DF
BC1A
3C07
3C8B
3C05
3B8A
BBBB
3B1E
BC7D
3BA2
3BDE
BC50
BBAD
3C51
3A25
BB8C
3BDD
BC64
3BC9
3B7D
3C32
3C86
BC08
BAE1
3B39
3C1A
BC08
3BDA
3C8F
BC27
3C2D
BC51
BB95
38F6
BB8B
3B96
3C1E
3BAF
BC3A
3ABD
3B98
3B76
3BB1
3C76
BC13
3B8A
B90D
BA99
BCBE
3BBB
BBA8
BA23
BC2F
BC5B
BC23
3BF8
BAF2
3BE2
BB0D
3B7D
3BE1
BC96
BC90
3BF6
3C3D
BC7E
3CB0
3C5E
39A1
3BEF
BAD4
3B39
3BFF
3BCA
BB93
BC35
3AD5
3C2F
3C3C
BC2A
3B59
B9EF
BCBC
BBC6
BC64
3BFA
3C81
3CB1
3B97
BBF6
BC2F
3C3F
BBF9
BC6F
BC37
3BC2
BC2C
BBFF
BB0B
3B5E
3BB2
3C73
BB5E
3B7F
BC02
BA27
BC20
3A97
BB8D
BA63
BBD3
BC2B
3A91
BBF2
BB7D
3BAB
BB04
BACF
BC25
3C15
B96F
3B2E
3C68
3B76
BCAE
3C60
BBA7
3C27
3B81
BAE1
BC2D
BBC5
BBF5
3C12
BB18
BC26
3B64
3B8D
3C6B
3C5E
389F
3C8D
3B85
3C47
3ACE
3C48
3CBD
3C0D
BC30
BC14
3C3F
3B04
37F9
3C8C
BB9B
BC67
3BBA
3B69
BA89
3AB1
BC9D
3BB5
BABE
BB65
3C04
BC1C
BB90
3B1C
3981
BC21
BB25
3B3A
BC1B
BB2D
39E1
BC31
BBC7
BC27
BB99
3BEF
BB36
BCC6
BC10
BC64
3B60
3CB6
3C3E
BC27
3C1E
3BD7
3B7C
3B95
BB1D
3BB3
BC41
3BB2
BC3A
BA51
3BC8
BB3B
BB8F
3C14
3C9D
3C5D
BAC3
3AF2
BB54
3B28
3A91
BC02
3C03
3B4A
BC9C
3BA7
BC0C
BB81
B98F
BC4F
3B4C
3BF7
3C38
BB47
BC21
BBDA
BBC2
BBFF
BAF4
BB9F
3B68
BAD5
3C91
BBBB
BBCF
BB90
BB52
BBEF
BC6D
3B42
3C50
3B82
3CDD
BC4C
3AAF
3B34
3981
3A8E
BC15
BC77
BA4E
BC72
B972
3BE2
3C41
BBDB
BB63
3B20
BB88
BC65
BB9D
3C1A
3A70
3C51
3B25
BBE4
3CB3
BBDB
3B56
BBE3
BB82
BC39
3C58
BC0F
3B46
BBA4
BC90
3C2D
BB96
BB1A
BA80
3C3A
BC32
3BCC
3C7C
3BF9
3B5A
BC21
BC5C
BC60
BC0E
3B48
BC09
3C1A
3C19
3B2A
B9C5
BB0E
BC27
BBA5
BC4D
BCAC
3B80
3A26
BB10
BC49
BB90
BC2C
3AB1
BCF5
BA4D
BC85
3C92
BB07
BBA2
3C0A
BBB4
3C51
BC5B
BB19
BC11
3CB8
3C89
BA3F
3C19
B784
BC18
BC07
3C94
3C45
3C20
3C87
3B48
3B7A
3C56
3ACF
3A31
BAA3
BB07
3B6A
BB17
3C35
BC3B
3A6B
BB24
BC5C
3C87
BB21
390F
3B81
3B17
39D2
BB81
BA39
BC71
3C54
BBB7
3B3A
3B6E
3C2F
3BF4
3BA9
3C29
BCC7
BBAE
BB9D
3AB6
BC5B
BB84
3BB0
3A3B
BC88
BC98
BB94
BA50
3BCA
BC0C
BC2A
3B84
BB8D
BB25
BB33
3AD4
BC12
3C13
3C0A
BB35
3C6A
3C12
3C0D
BB6E
BC0B
3961
BC5A
BB67
3C84
3BD6
BBA6
BB7F
BC12
3BBF
BB01
BA4A
BB4E
BBD0
BB23
BBF7
BC15
3BB6
3CC3
3AF0
3CB6
3C15
BB50
3C9A
3B87
BC0C
BB29
3C4E
3B6C
3C6F
3C3A
3BD4
3CC0
B95F
BB86
BCD8
3B9E
3BC7
3B87
3C8B
BAC8
BD0D
3BEE
BC68
BB7D
BCB1
3C0A
BBA1
BBA7
3BFE
3BE5
3B88
BC31
BAFE
BB80
3920
BC57
B972
3A50
3C79
3C85
3C8B
BBC0
3C68
3B9A
BBA9
BC6F
BC5B
BBB6
BC54
3C95
3AB8
BBF9
BC21
BCD4
3C18
BBF0
3C6A
3B56
3C91
BB73
BAE3
3C07
BA48
3C3D
BB2C
BB98
BCE1
3BE1
3C4B
3B80
BC20
BC20
BB60
3BB9
3B72
BB07
BB20
BBAF
BBA0
BBBB
3C21
3B33
BC4B
BB99
3BA3
3BFF
BC23
3BFC
3C46
BABB
3BDB
3B87
BC92
3AA9
3A3F
BBF4
BC07
BB34
3C4A
3796
3B40
BC33
3C8B
B9E2
3BD9
3BB5
3A81
BAB3
BA87
BC5A
3BD0
3C7F
3B60
BAA1
BC38
BB73
BC96
3CA5
3B68
BB89
3B84
3C36
3BA6
3952
BBA6
3C96
BC94
BAE9
3BAB
3BCD
BAFB
3C9D
3A9B
BC74
BC3A
BC17
BB5D
3A7A
BB94
BCAC
3C31
3C2C
3C2E
3A59
3C94
BB85
BB52
3B62
BC41
3C56
3CAC
BC94
3B78
3C94
BC82
BB37
3AD8
BAB0
BC3F
BA9C
3B8C
BCA4
3B32
BCCD
BB84
3BE5
BB83
BC22
BAE3
BB21
BC7D
BBE9
BBE0
BB1C
3B8D
BADF
BC45
BB45
BB7B
3C45
BAF1
BC11
BB74
BBDC
3C97
BBBD
BC93
3BCA
BB88
3BCB
BC1F
BC01
3B31
BC83
3B90
3B44
BAF8
3B36
BC1A
3C06
3B7D
BC0C
BAC8
3C16
BC22
3C11
3B3A
BB90
BBC6
3BC7
BC9D
BB41
BC47
BB98
3C56
BBD3
3BF6
3C81
BC20
3C45
BB92
BBB7
BB5B
BC2C
3C75
3C21
BC51
BBB3
3C5C
3C5A
BBDA
BB2E
BC13
BB9D
BB45
BBF6
3C02
BA9B
3B7B
BCC8
BBE5
BC8F
BC3D
36D7
3C92
BC14
3B87
BBF7
3C37
3BB8
BC84
3C2F
BB8A
3C27
BBA8
BC5E
3A07
3CBA
BB10
BBB3
BC16
BA9E
3B82
BC35
3A19
3BD7
BAE6
3C78
3B8D
BB83
3BC5
BB93
BB19
BBBF
3C87
3CE8
3BF4
BC42
3BB1
3C81
3B52
BB8F
BB2D
BB2E
BB9C
BC64
3BBB
3BE1
BBEB
3C0F
BCB6
3B0A
3C69
BA6A
BBAE
3B8F
BC60
3B78
BB2E
BB84
3B7E
3BEE
3AD1
BC01
3BA2
3BA0
3BCC
B9F8
3BBF
BC28
3A94
BB24
BAFC
BAF9
BC28
3BEB
BC2C
BC83
BA8D
3CAB
3C17
3CD3
3B23
3C81
3C01
3B32
3C20
BBA9
BBBC
3C89
3A97
3BBE
3C55
3B2F
BB85
BB7E
3CA3
BB5A
BBAD
3C9A
BC2C
3CD9
BC9D
BBD2
BB16
BC1D
3916
3C9F
3C4A
3C93
3B53
BCA7
BB88
BBAB
3C10
3C03
BC36
3C88
BAB6
3C0D
3BA4
BA19
BC45
3BBC
BA84
BC47
BC27
BB2C
BBA8
BAF1
BB88
BBA1
BBB5
BBA6
BAE4
3B81
BC52
3C24
BBB3
3C3E
3948
3B83
BB3F
3BE0
BBBD
BBC6
BBBB
3B27
BC47
BB62
BB53
BBD3
BC2E
3C9D
BC6C
BC13
3BEC
3B98
BBA2
BC96
3C2B
BBF6
3C1E
3B20
BC4C
BC11
3A84
3BF0
3AC5
BB15
BC05
BA58
3B45
BC37
BC03
BBF5
BC9D
BBF4
BB4B
3BC4
BB2E
3CA2
3B03
BC72
BAF2
3B48
3AE4
BB16
3C4C
3A0B
B9B7
3B94
3C4F
BB6D
BBBE
BC38
3C67
3C82
BC37
3B89
BBAE
BB32
BA17
3C25
3AF3
BC44
3B01
BC9E
3BDC
BC7C
3AD1
BC8B
3B20
BB49
BAC2
BB9E
BBB5
3C23
BCB4
BBCE
BB96
3BDC
B963
BB3A
BB4F
3BB7
BC9C
3C66
3C75
BC36
3C63
3BA8
3A9E
3B8F
39DE
3C0F
3919
BBD1
BC61
3C1D
3CA2
3B2D
3AF3
3C1F
3AAD
39EF
3BAF
3C8B
3C9A
3A8F
3C4A
3C1D
BB61
3C68
3C14
BC67
3AA4
3C2A
3AA7
3CF5
3C5A
3BD2
BC6D
BBD5
3C23
BB95
3B9F
BC14
BAF6
3C57
3B1E
3B4F
3CC1
BA9B
BBA8
3C53
3B84
3BD6
3D2C
3C47
3A95
BBB8
BA9B
3C1E
3B31
BB20
3C61
BC4B
3AC7
3CD2
BC04
BBBC
BB76
BC06
BC4D
3B9B
3CC9
BC13
3B77
3BE1
BBC2
BBF1
BB95
BBE7
BB85
BB1A
3B91
BB07
3B91
3C38
3BA9
3C07
3C22
BB7F
BB33
3CAB
3B8E
BBAC
BAD4
3C07
BC6B
3C16
BC61
BC3A
3CA5
BC3C
BB06
BC55
BC46
3C40
3C44
BB9E
3C99
BC3C
BC3D
BC7E
3BA5
BBA6
BBFB
BBD1
BC51
BA17
BB69
BB75
BC15
3BEB
3C87
BC81
3B10
BC06
BC54
3C74
BC15
3C59
BC51
3B2B
3AF9
3C75
BB0F
BBE5
BB28
BB88
BB48
3AC8
BB2D
BB33
3B8B
3C11
3C88
BB1F
3BDA
3C08
BBEA
3C21
B991
3ADC
BB17
3AD9
3AE4
3B80
BAAF
3C83
BC27
3BFE
BBCF
3C91
3B87
3C16
BC0F
3B17
BBA0
BC1E
BCA3
BC27
3B4A
BC60
B917
BB25
3C66
B9F0
BBE9
BC58
BC99
BAFE
BAE6
BB58
3C4B
BB07
3C31
BC31
3BDE
3C17
3BA2
BAE4
3B59
3A44
3BB8
3BE6
3C3F
BB91
3A3D
3B9F
BC0D
BB45
3B70
3B52
BC60
3C70
BC33
3A63
BB3A
BB62
3B89
BB61
3A69
37FC
3C58
BBEE
3C08
BB4C
BC02
BAEA
BC43
3B4E
BBE7
3C3C
3C8D
3C88
BC20
BC77
3CDB
3AA3
BC9C
BC22
3C80
3BBA
3BF0
BBCB
3BA9
3B67
3BC0
3BDF
BC8B
BBF9
BBF6
BBF2
BC3A
3BC0
BC01
BB24
BC50
3B37
3BBD
3A59
3B97
3C37
BAA5
3C25
3B34
BBD0
BC1C
3B1D
3B40
3A20
BA7F
3BF2
BC17
3A69
3C65
BC36
BC09
3B2F
3C70
BC71
BB2F
3C7A
3CB6
BC85
3BEC
3A31
BB60
3B95
BB9C
3B97
BB99
BC6C
BC2E
BB41
BAE8
BBA3
3C47
3ABC
BBA5
3C93
BBD3
BB14
3C84
BAB7
BC39
BBBB
BBB6
3C8A
BC09
3C62
3C4B
BBC6
3A84
3CD8
3BAF
BC06
BB26
3AC9
BC9F
3C81
3C79
BC6E
BAFA
BC54
3AFD
3C5A
BB81
3B42
BC15
BB94
3C5A
BC96
3B60
BC46
BB8B
BC76
B921
B921
3B73
3C2C
BB94
3B3F
BC39
BCBE
BAA3
3AE2
BCA6
BB9B
3BC8
3BE4
3C4C
BBE1
3BB5
3C0A
BBA0
3B4A
3C1F
3B57
BBAC
3C19
3B87
BA01
3BA2
B86A
3BD8
BBA8
3C04
BB1B
BC1E
BBD8
3A8E
BC04
3B9B
3C06
BCC9
BBC0
B8F9
BA99
3BDD
3C8B
BBEB
BCE8
3B93
BCA5
3A8F
3B75
3C02
BC23
BB39
BBB4
BB72
3BD8
BC34
BC3B
3B51
BB70
BBD7
BC6C
BCD8
BCB6
BBD1
3C04
3C0A
BA88
3C27
3C5A
BBE1
B9C0
3C0C
BC6F
3BE2
BB03
3B40
3A78
BB77
3BC9
BC77
B9C2
BC3A
BA84
3C71
BAB0
3B91
3AB7
3C51
3AD3
3C9D
BC2F
BBE1
BC9F
BB5A
3A70
396E
3AD2
BB07
3B59
3B2C
BB15
BB98
BC3A
BC6C
3C87
BBB6
B9ED
3C2C
3D17
3C8D
3C25
3BD4
BB8A
3B58
3B01
BCC4
BBBE
BC98
3B60
3A37
3BD9
3C73
BAD2
3C58
3B00
3BD4
3BD8
3B03
3B68
3A8E
BC01
3BD3
3C43
3C0A
3BC7
BC69
BBA3
BB6B
3B13
3BC8
BB85
BCDA
BC29
BB82
BB47
3BC4
3A85
3BCF
3C2E
BB7F
BC62
BBD7
BB94
3ABB
3B77
3C25
BC81
BC32
3C6B
3C33
BBCF
BC99
BC2B
BC70
3CD6
3B8F
3B35
BBC2
BC22
3BF3
3B18
BC04
BC0B
3C00
3A88
3C3D
BB86
BB9E
3C39
3B63
3C2A
3CB4
BC7C
BC96
3BE5
3B10
BBE5
3C22
BC2D
BC4A
3C62
3C83
3B0B
BBD5
399C
BB4B
3C48
3BA3
3BCF
B976
BBE4
3BF3
3BE8
39E0
3C38
BC4F
3B24
BB49
BC49
BAA8
3C38
3B8F
3BF8
3BB0
3C11
3C15
3C7F
3C9D
BBD9
BB74
BBFD
3C64
BBE3
BB92
BAF5
BCC8
BC20
BBE6
3B25
3B04
BC1D
BBD8
B9CB
BC17
3C2E
BC4B
BB49
3BAF
3BFE
3BCE
3C6F
3BE3
BA95
BB83
3B3E
3CB4
3A5D
BC0A
3C66
3B57
BC8E
3B30
3C6A
BA81
BB36
3BEE
BC50
3B95
3B96
3BB7
BB29
BBC6
3C9B
3B5D
BB51
BC79
BC0A
BC03
3BB3
3B92
3C07
BBA4
3CBF
3B60
BB0D
BC4A
BC2E
BB4C
BC17
BA6A
3C99
BBFA
BACA
3BBC
BBED
BBEC
BBEE
BB80
BB80
3C17
3AB8
BA85
BA11
3CAB
BBF7
BC91
BBA4
BC4E
BC83
BC03
3C3D
BC39
BB9B
BC61
3B8C
BA0D
BC3B
BC54
BBCF
3C81
3BA5
BC10
3C43
3C17
3A9C
3BF7
BC64
3CA4
3C43
3B32
3C67
BAF1
3B28
BC4B
3C31
399D
BCC9
BB4F
3C4E
3C89
3BCF
BC59
B9A3
BBC1
BC07
BC0D
BBA3
BC15
BCA8
BB97
BBE5
BC7A
3A34
3B90
3C34
BC1B
BB8F
38D1
3CB6
3B8B
3C2D
BCA1
3BA7
3A2E
BC1F
3BAF
BA8E
3BFC
BC28
B9D2
BB08
BB07
BC4C
BC44
BC45
3B84
3BCF
BBBA
BC08
3A97
3BE6
BBD2
3B81
3C16
BBB2
BBE9
BC32
BB3B
3B46
BC2F
BC32
BB52
BB1C
3C7C
3C3D
BAEF
B7C8
3CC5
3AE8
BC29
BB4A
3979
3ADE
BCB3
3B5E
BC01
3C94
BC3D
BC36
3B85
B8DC
BB72
BC1D
BBF3
BBD0
BBDC
BA61
3B4A
3BE6
3C82
3C98
39A5
3C2B
BBA0
BABF
BBEE
BC04
BBEF
3BA4
3C9D
BC54
BB23
BB19
3AB4
3BAA
3C5A
3BAF
3BD8
BA96
3A92
BC2B
BB8F
3C04
BBE6
3C0E
BB13
3BDF
BA5E
BA25
3AF5
BC6C
3BEF
BC1F
BC4D
BC2F
B931
BBA6
3C31
BC08
BB52
BC54
BC2D
3C16
BB37
BC7E
BC3E
BBFA
3C68
BC09
3BE4
3AF9
BB5E
BCA8
3B4A
BC23
BC20
BC36
3C5F
BC14
3C41
BB7C
BC7A
BBC3
B9B5
3C57
BBC4
BC88
BB1E
B9F5
3C30
BC02
BBF8
BC26
3A4A
BB75
B9B2
BC62
BBEA
3BCD
3C65
BB17
3B83
BC39
3C67
3C28
BC04
BB34
BC5F
38BD
BBE7
BC2D
B9E6
3B16
3C52
3A5D
3C14
3AE6
3A7C
3B37
3C43
3C02
BC25
3B82
BC48
BB69
BC0C
3A91
3B68
3C21
BC61
3B5D
3C3A
BC01
3BC3
BAD7
3B8B
B988
3AA2
BC8A
3C5A
3C05
3B32
BC11
BA8B
BB05
3C20
BBEF
BCB5
3C68
3C29
3BF3
3BEC
BB5D
BC3F
BCA8
BAAC
BCA9
39EB
3C2A
3C9B
BBDA
BBF4
3B03
3C10
3CB7
BC52
BBBC
3C38
3B68
BC4D
BBF7
BB9B
3C07
BA26
BBDA
BBE2
3A80
3BC1
3B9C
3A11
3B53
3BAE
3BCA
3AA1
3C03
39E2
3B7E
BBB7
BB3E
BB87
3C18
3C27
3C3C
BBE5
BA4F
BAE6
BC1E
BB14
BC9F
3AF3
3C06
3885
3B5F
3A28
3969
BC27
BC00
3BF6
BBFE
3B11
BBF6
3BBE
3C00
BB07
3B8F
BC29
BC22
BC21
BACB
3B2F
BC6F
BB72
BCD1
3B02
3C99
BAFC
BC0A
3BBC
3958
BC18
BA9B
3BD3
3CA2
3B53
3BC8
BAF0
3D12
3AF9
B9CC
3A82
3B20
BBB9
3A0B
BB8D
3C11
3A35
BB1C
BC53
BC0B
BC5C
BC0D
3C94
3B30
3C11
BB91
BA85
3BE8
3C17
BCC6
BC05
BC31
BC4E
3C02
BB13
3C11
BB85
3C2A
3C19
3C8E
BBB8
3B31
BC4A
BC04
BBA5
BC81
3C9B
3AB3
3B66
BCB3
3C48
3BB9
3BD6
3B29
BC02
3B5D
3C7F
BBE0
3B3C
BBF7
BBB0
3C4A
3B9D
3AC6
BBDC
BBE6
3C0A
BC82
3C5F
BB91
BC3F
BC15
BB2C
3906
3B26
3B9D
3C2A
BAB7
BC1B
BC65
BC6B
3C1F
BAF8
BB45
3CCE
BC3A
3B1C
BC6E
3C8A
3A76
3B61
3A53
3BA6
BCDD
3C5A
BC93
3C74
3BED
BC82
3BF6
3C22
3C37
BAEF
BB00
BAE0
3BB8
3C6F
BC8B
BC4D
3C75
BB98
3A98
BC7E
BC73
BC57
3C8D
3AB7
3B7E
BBDA
BBE3
3CB4
BBE4
BC0D
38F1
BC78
3BC4
BA54
BD44
BBC5
BB35
3C02
BCA3
3C2B
3C96
3C1D
BBE9
3A74
3BA9
3C9B
BBB5
3C4F
BA4B
3BAD
3AF3
3B82
BB54
3B84
3CAF
3C49
BBDC
BB18
3BA2
3B1E
3C40
3CBE
3B8C
BCBC
BC3E
3C2D
3C1C
BC0B
3A5A
BBFA
3C58
3C18
BB88
3C0E
3C86
3BC0
3BED
3CC3
3B44
BC6F
BCB8
BC68
3AAE
3C46
3B84
BBAC
BA9D
BBB9
BC22
3C5A
3CAE
BCE8
BC7D
3C03
BC1A
3BEE
3BCA
3C66
3BFD
BC84
BC20
BC33
BBF0
3B76
3C30
BC1B
BBE1
BB52
BA99
BB41
3B22
3C3B
BC72
3B07
3C24
BBBC
BC3E
3C74
BC80
BC5A
3C87
3B53
BB8E
BBFF
3A84
BBB6
BB33
BB3B
BB22
3C72
BC9D
BBC7
BC4C
3B5A
BC16
3BE0
3AF4
3C0E
BC03
BCAA
BBB0
3CE3
3CA1
3C33
3C79
3C0D
3C23
3A7A
3C13
3B30
BBA8
3BDD
BB3E
3B44
BA92
BC77
3C43
BB94
BC25
3C18
3BAB
BC12
BBEF
3BCA
BBE8
3C6E
BC3F
BBD1
BC05
BBC0
3AFA
3A46
BC43
3B6B
3BD2
3B15
3B64
BB93
3BA6
BC15
3C2A
BC14
BB35
3C92
BC05
BA82
3C8E
3B00
3B90
3C17
BC06
3C7E
BC23
3B05
BC1F
3B7B
BBA6
3A71
3C0C
BB36
BB3F
BBBC
3A61
BC05
BBD2
3C23
BCB8
BC46
BC17
BAC6
BC2C
BB67
BBF5
3A46
3C81
BB88
3C30
3BF3
3C3B
BBA7
3C22
BBDE
3C14
BC4E
BC0B
3BF8
BC05
38C0
3C16
3B53
3B83
3BC4
3BA7
BC09
3C14
BB55
BBA3
BB7C
3BDC
BAAB
BC22
3B21
BC2E
3BBD
BB32
3A1F
3B13
BC7C
3A71
BBEB
BB28
3B99
BC2F
BA47
3B42
3A71
3BA1
3C8B
BB85
3AB5
BC2D
3BA0
BC6F
3BA3
BB46
3B1F
BCD3
3BEA
3C22
3C54
3BCA
BC14
3C52
3B62
BCB4
BC39
3B4B
3C4D
3BE0
3BA2
BBE6
3C10
39BB
BB54
BB88
3AD9
BAD6
3994
3BBA
BB95
BC80
BB07
3C64
BB2E
3B9F
BC83
BB96
B90A
3B60
3CAC
BC57
BA9A
3C27
3A9B
BC11
BC9D
BAEF
BC8D
3B89
BB04
BBDC
B94A
3C3C
BBDE
3B91
3C0B
3CED
3B8B
3BAC
BCA2
3BB1
3BCA
3BB0
3C99
BBA9
BB98
3BB4
BC94
3BDF
BBBD
3C01
3BF0
3C7B
BBAB
3BCE
BBDA
BC58
3C03
3BD9
3C20
BC04
BB8D
3B5D
3C40
3C27
BB59
3C94
3A1A
3BB2
BBEF
3C01
3B0F
3B02
BB4B
3B87
BC4C
3BDB
3C64
BB87
BB4D
3C9B
BB61
BBE8
BB0E
BB2A
BC42
3C5C
3CA6
BB85
BBF3
BB4E
3C69
3C79
BC14
BBC3
BB1B
3B84
3C61
BC2F
BB83
BBC3
BC45
BBEB
3BCC
BB8A
BB29
3C5E
3C61
3C07
3AC8
3BA6
BB34
BAD8
BBB4
3B6B
3C15
3C16
3B41
3BE3
3BA2
3BE3
BC04
BBD1
BAC0
BBAC
BBDF
BADE
B8E2
BCE0
3C60
3A06
3B1D
BB62
3B8B
3C69
BC3B
3BA7
BA97
3BD4
3B48
3BCD
BA9D
3B41
BC60
3C89
BC1E
3C14
BB06
3BB5
BC53
3BDF
BC21
BB81
BA89
BC7D
3B89
BBAE
BC34
3C81
BBCB
3A3A
BB84
BAB6
BBBF
3C1B
3B8F
3C86
3AD4
3C30
3C21
3C3F
BADE
3C92
3B36
BC1A
BC86
BB34
BC54
B9CD
BBC0
3CC3
3C8D
BC2D
3C3C
3B31
BC81
3BCA
3BB5
3B8B
BC02
BA9B
BB50
3C01
3981
BB29
3951
3C73
BBA7
BBCB
BC21
3A7B
BA34
3A75
BC9C
BBF3
3AC0
3B1B
3AA7
3C34
BA75
3C1E
BC1B
3BA9
3BE1
3C73
BAE6
3CCF
3B22
3B8A
3C04
3C24
BB9E
BB4B
3BE9
3B2C
BC25
3CAA
BC04
3C04
BC2C
BC33
BB5B
3A97
BB80
BC70
3C11
B948
3CA0
3BE0
3C50
3C87
3C1E
BB82
BB66
3BA5
3C6E
BBAD
BCB4
BBC9
BC63
BBFF
3BD0
BBA1
3B01
3CBB
BA54
3C72
37EA
398F
BBCF
3BD6
BC0D
3B3B
3AAC
3C73
BB59
BB5A
3C55
3C32
3C72
3BB7
3B61
3B53
BC7B
3C39
BB51
3BA0
3C53
BC20
BBE7
BA99
BB6A
3C8E
BAC5
3BD6
BACD
BB2F
BCC0
3CA0
3BE7
BC24
BC48
3C30
BBEE
3BFC
BB90
3C86
3C25
3C1D
BC8C
BC06
3B7E
BBF4
3BD7
BC77
3ABD
BC02
3B32
3C83
BBA9
3C6B
BA97
BAF8
BB4B
BB6C
3B77
3A4D
3C09
BB68
3AB9
3C4A
3C93
BB9C
BC0C
3B63
BB9B
3C47
BAC4
3C6F
BC69
3CAB
3C19
BC50
BCA8
BC15
3C35
3C48
3A13
3BB4
BC4B
BB4D
3C18
3B3E
3C32
BBD6
BCCD
BAEA
3B21
3BB0
BADC
3B83
BBBF
3B11
BB94
BBA9
BC4F
BB44
BC29
3C29
BBCA
3B99
3C26
3C03
B996
B99F
3BA3
BBF5
3BDC
3C99
3A18
3C8C
3A46
BC2A
BAC2
BC79
BB8B
BBAA
3CB1
3B87
BC03
BC61
BBD7
BC54
BCA5
BB24
BBF0
BBDF
BCC6
BBCE
3BBC
3C18
BAF5
B88F
3BC0
BCB8
3AC2
BBE8
3C18
BBAF
BC73
BBA8
BB0A
3AF6
3981
BA8D
BBAE
3C4D
BBC8
BABC
3BAB
3C9A
3B83
BC9D
3B83
3BCD
BCAD
BC6D
BC3B
BBC1
3C89
3BE1
3A9E
3B15
3C59
BBB3
BBEA
3BC0
3ABF
3B42
BBB1
3AFB
BB3B
3B20
3BC5
B98F
BB41
3C06
3AD5
BBFA
BC33
3A58
BB6E
3C03
BC2B
BC39
BC17
BA2C
BB8A
BC03
BA87
BAFD
3C9C
BB85
3A55
BC85
3C5B
BB86
3B80
BC03
BC8E
BC89
BBA9
3B1C
3B58
3A59
3C0E
3BF2
3B00
3C91
BD0D
BB8D
BC33
BB81
BA2D
3C4A
BABE
BBB8
3C27
3C98
BC15
3C19
3C99
39BB
3B17
BC53
3C07
3C19
BADF
3C7D
3C00
3C24
3B91
3C6A
3BA0
BB7B
3B29
BCB2
3C95
B893
BB80
3B83
3B1F
BBBF
BC3E
BC1F
BC14
BC2F
BB96
BB22
B931
BA8C
3C8E
3BEB
3BAB
3C61
BC3E
3BD7
BA3F
3B02
BC32
3B72
BC57
3C13
3C04
3D00
BC1A
BB15
BB0F
3C6E
BC41
BCA6
3C9C
BBFC
BAC9
BC5E
BBCB
3C57
3B1D
BA32
3B59
BBD4
3B78
3CE9
BC5A
BC6C
3CB0
3BEA
3A96
BA94
BCC6
3CA7
BC0D
BB01
3BCA
3B3C
BB74
3BD3
3C0F
BAE6
BC92
3C38
3C18
BC1F
BB99
BB04
BC46
BC0E
3C6E
3C1D
3D04
BC23
3C81
3C19
BC37
3BEA
3C19
BBBB
3C2E
3C13
BB00
3C84
BB96
3AC9
BC59
3BFB
BC3D
BB95
3B44
BB0D
BB9C
BA21
BBCD
BC4B
3C01
3C1F
BBF8
3C19
BBB6
BB0F
3B0B
BBBC
3AC6
3B14
3B21
BB31
3BB8
BC16
BB6E
3C04
BC51
3B3D
BC75
3B16
3B5C
3BE5
3B0D
BC8C
3C43
BB97
3C59
3C71
BC73
BC2B
3C83
BA5E
BC3D
BC16
3C89
BB4E
BB70
3C8C
3C0E
3B82
3B1F
3C56
3C25
BB18
BC09
3AF1
3B58
BA30
3BAC
3B0B
3C29
BB1E
3B5E
BA1D
BB20
3950
BC4E
3B84
3BA5
3BDA
3C10
BB6C
3BDF
3B55
3CF2
BB10
BBA5
BBF8
3C39
BBD6
BC08
3BA2
3C4C
3C0C
3BE3
3C84
3C79
3C05
BB2C
BC4D
BB27
3BB2
BB82
3C2E
BC2F
3CA9
BB9F
3C69
3BE9
3A7C
BBA3
BBA6
3C20
3C42
BB1C
3C03
3B6E
3B77
3C50
3BD7
BB94
3C89
3C7E
BBAD
BB5E
3C3D
3C85
3C41
3C60
BC24
3A89
BBCA
BB7E
3C38
3C53
BC61
3C13
3C84
3C27
3BC9
BBA8
3BA6
BB8A
BB2A
3BCB
3B59
BBD1
3BBA
3C7A
3AFA
BAE4
BB0B
BBFC
3B42
BC98
BC55
3C07
BA8D
3B3D
BBBA
BC3E
3B77
B9E7
3C43
B954
3C98
BC74
3BB4
3C06
BC83
3BBF
BBBF
BC43
BB33
3C79
BBED
3AE2
BC2B
3BA1
BBE8
BC51
3B40
BC2D
3C15
3B66
BC0A
BB5B
BAFD
BC3B
BC53
3C0A
BAD7
3A7A
BB69
BC7D
3B3F
3C61
3AC8
BC1A
3B5C
3B1D
BBC7
BBE1
BB8A
BBEB
3C07
3C0E
BD09
3C2D
BC78
3B64
3B4D
BC92
3B64
3C26
BA1E
3AD4
BA12
BAD5
3C10
BC2B
BCAE
BAAF
3BD1
BB02
3ACE
BB88
3BC4
BC2E
BC89
BC86
3A07
3C31
3C1A
3A20
BCB1
3C81
3C09
BB6B
BC78
3A98
BB95
3C80
BC8F
3C1D
3AA0
BB2A
BB54
BBBA
BB9D
BAF1
3C40
BC5A
BBDC
BC97
3C39
3AE4
3B8D
3C2A
BB23
3C85
BBA8
3A8F
BB63
3B64
BC73
BBC0
BCB3
BB7E
BBFA
3C08
3C0E
B7F9
BADC
BC7C
3ADB
BB56
BBF0
3C82
3CA8
BBF3
3C11
3C1C
3C06
3C4B
3BB3
B98B
3C9A
3C34
BB08
3AA6
3968
BBCA
3C54
BC7D
BB8C
3C24
BB4E
BBB0
BB36
BC4C
BA3D
BB90
B98A
BB27
BC33
BC74
BB29
3BD1
3BD4
BB7D
3BF1
BC2D
3C97
BBF1
3B6B
BB10
BBF1
3C1C
3A2B
3C89
3983
3C13
3C10
3C49
3B78
3B04
3B47
BAA7
BBFC
3C1D
3BF9
BB6A
3C15
BC22
3A38
BBA2
3B7A
BB85
3C1A
BB57
3BFD
3C1B
3C65
BC8A
BB81
BB77
3BF9
3C75
3BD4
BC83
BB1E
3C99
3B33
BC76
BB86
BC15
BC41
BC47
BBD1
3C91
3B1D
3C89
3B79
BBCE
3C1D
3BBE
BB68
3C22
392D
3CB4
3C82
BA2B
BB58
3B3F
3CD9
BC14
BC20
3BE0
3C4F
BAC9
BB0C
BB18
3BF1
BBED
BB87
3B9C
BB84
B9C5
BC80
BCA5
3B85
3BD0
BC7D
BC84
BBBB
BB79
BB49
BBD3
3C8D
BC87
BBF4
BB8C
BB86
3C19
3BB5
3AEB
3AB0
39D7
3C13
BB76
3C8A
BBFB
3A96
3C17
3C65
3961
3C65
3B53
BB15
B9E2
3BE1
BC41
BC2E
BB5C
BB48
380F
3B4E
BCA2
3C49
3C6B
BA21
3B90
3BF0
BB61
3BAB
39F4
3C21
BBB2
BC96
BA61
BBD9
BB62
BAB4
BC28
3BA6
BBFF
B844
BAF4
3BC5
3C21
3B71
BC8D
3BD6
BB85
3A77
BA91
3BFD
3C1B
3C9F
3C34
BC0F
3B72
BC6A
3B6F
BB75
BBB6
3C2A
BB7B
3C75
3C0B
BC27
BC36
B8B2
3BFD
3C77
BAF5
BBF1
BBEE
BBE1
3B1C
BCAB
BB8B
BAB6
3BA1
BB81
BC04
BAA3
3C42
BC08
3B97
3BC9
3C40
BC86
BB2D
BB90
BC32
BC78
3C1B
BC02
3C31
BC99
BC8A
3BA1
BBDA
BBC7
3C07
3BFD
3933
BC28
3C31
3C66
BB69
3B8B
BAC9
BACD
3B82
BC63
BBAC
3B38
BB6C
BBAF
3B1B
BC10
3AC6
BADD
3BF4
BB85
BC27
BC8C
BC5E
BC9F
B938
BC73
BC35
3BA4
BBCF
3BBB
BCC2
3B87
3C50
BBEC
3BEB
BC0C
BC28
3BF0
3C88
BBA3
3C33
3C59
39F7
BC80
BB3D
BA8D
BAED
3C81
BAE1
BC3D
BB61
BC71
3C88
3BEA
BB46
BC6A
3C56
3C06
BC08
BAF0
3B7A
3B0F
3B36
BAC4
BB77
BC34
BA97
3C2D
BB48
3A5E
BBA5
BB25
3BA9
3BA3
BBA3
39C0
3BB4
BB29
BBE8
3C85
B9FB
BC83
BAAD
BA8C
3C8D
BBB3
BBC5
3BA0
BC70
3B6E
BB7F
3BAB
3BDA
B9FD
3BEB
3BCD
BC27
3C27
3B9C
3CA1
BC29
3BA3
3B89
3BED
BC1A
3BEE
BC87
3C33
BC7B
BB0B
3980
3BC4
3BE8
3C90
3B88
BBB7
3A58
BB97
3C7E
BB96
BAB2
BCC2
BB9E
BBE0
BBFC
BB90
BC28
BBDB
BBD7
BB34
3CBF
BAD3
BB8D
BC57
BB8F
BC33
3BC1
BA4F
BB62
3BAF
3B95
BB04
3A46
BC49
BB48
BAC0
BC8F
3687
BC4F
3BDC
393C
B899
BBDD
3B93
3C39
BB2B
3C16
3BA7
3BB6
3C14
3C2F
3BD9
BB08
3C11
BBD1
BC06
BBD5
3C95
3CDB
BCC7
3BB5
BB18
3B96
BB88
3B0D
3A21
3BCC
BA2D
BBC6
3BBC
3BC9
3C98
3BA3
BC60
3CA4
BAE8
BB94
BBE5
BC8A
3C75
BC6E
BB9D
BB7B
3B02
3CD7
3C3B
3BD4
3C62
3C4A
3C35
3A0D
3B89
BC82
BB96
3B52
B98E
BB5C
3AED
3C34
3C23
3BFF
3B02
BAD3
3C1A
3C5B
3C19
BC95
3C78
BC1B
3C4E
3B0E
BBE3
3C86
BC01
3AE5
3C5C
BC29
BA57
BC2C
3BCA
3C8B
BC51
3C08
BA87
BC34
BBF4
3A9E
BC5F
3B2D
3BAF
BBC7
3A00
BBAE
3A98
BC16
3B6E
BC25
BC6E
3B84
3B50
3B7B
3C09
3C19
3BFA
3D01
3C7C
BC21
3C33
BB07
3B88
3BCE
BBC5
BB88
BB94
BAE7
BAF3
3C08
BBCA
BC9F
3C7D
3BCD
3BB6
BC5C
BC88
3BB6
3C41
BB72
BC04
3C2E
3B1E
BB65
3C56
BAC3
3BA3
3C6A
BCA3
BC7E
BC6C
BB9B
3AA2
3CAB
3ABC
BC32
3C12
3A16
BA31
39F0
BAE5
BBC1
3C17
BAEC
BBDB
BB18
3BBC
3B16
357B
BC45
BCE3
3BB3
BB83
3A50
BBF0
BC38
BAD6
3BE4
BC8D
BBF9
BB8F
3B87
3A21
3B27
3BA6
BBDF
BBD4
3B16
BBD2
3CA1
BA82
3C43
3B66
BC91
3C91
BB6D
3C67
BC14
3CA5
BB8C
BBA9
3AE9
3CAE
3B50
BBF0
BACB
BB05
3BC6
3B82
3A99
3B8A
3BDA
BBB8
3CA0
3B9A
BAA8
BCB2
3AEA
BC41
BBC4
B9E4
BBBF
BB97
3B1C
BA6F
BB3F
BC3A
3C08
3AE1
BC88
BBC8
3B15
3BA6
BB09
BC08
3CA6
3B34
BC71
BB6B
BC7A
3B57
BB05
BB85
3C2A
BC06
BB0B
BBE3
BB0D
BB9E
3B78
3C2D
3BCE
3B86
3B42
BC14
BC0E
BBA4
B9FF
BB92
BCA2
3B1E
3C81
BB6B
BB87
BB48
3B37
BBAC
3BDD
3B00
BB22
3C5D
3BDC
3C24
BB96
BC18
3B9A
3C1B
BB98
BC0B
3C00
3C0E
3CC0
3B10
BC92
38DA
BB79
3C8B
3C8E
BC41
BC47
B8FA
3C9C
BC8D
BBA0
3C94
BD05
3CB1
BBDE
3B8C
3B49
3C89
BA90
3BB8
BC12
BBD3
3BB9
3CA6
BA7D
BB88
B932
BBFE
BC44
BB0A
BB3C
BB92
3CB5
BBFA
3C98
B9B7
3BE0
BBD8
BB03
3B50
BAEA
BB8D
3BFB
BBEB
3B15
3C20
3B90
BC7F
B9C5
BC72
3C70
BCA4
BBAF
3CB0
BC28
3B04
BBA7
BBB9
BB79
39B7
3C48
BC39
3BDA
BC77
3C9A
3B36
3742
3BFB
3C81
398F
BBA4
BCCC
3C2B
3B69
3C29
BABF
BC9B
BBCA
3CB0
BC02
3C24
BC12
3C00
BCA2
3C73
3BC4
BAC3
3C6C
BB0C
BA7C
BC01
3BBC
3C3D
3A9C
3B78
BB39
3AB0
BC5B
BCF7
BB45
BBF8
BC53
3B6E
B920
BC1F
BC87
3C18
BC74
3C3E
3C8D
B94A
3A42
BC61
3BE6
BC06
BB10
3A90
3B5F
BC1E
3B7A
BB6A
3C8B
3BB3
3C02
BB51
BB30
3BE4
BBE7
3A5D
3C6B
3C87
BB24
3C37
BB2A
3B03
B98F
3B51
3B44
BB5A
BBAA
BBA6
BBEF
BA9C
BB44
3BDD
BBA3
BBB4
3A6A
BB2B
3BBA
3B9C
BCA3
38BF
3AA4
BB93
BB7D
BBF4
BB9A
3C8E
3C60
3C90
3C0A
BC13
3C42
3C39
3BAD
BBAB
3BC8
3B37
3C2E
BC0C
3AB6
BC05
3B4D
3B78
BB58
BC95
3BC0
BB47
BB7B
B852
3C34
BBD3
3A91
3BBD
BBFF
3C3F
3B41
BC89
3CA3
BAAB
BBB1
BC46
3C39
3BB6
3B81
3BC3
BC44
BC83
3C5B
BB3A
BC50
BC11
3C30
3B62
BB99
3BFA
BC8A
3C50
BB88
BC29
3AF8
BC45
BC83
BAA7
3C45
BC2E
BA85
3A9E
BC55
B99F
3B51
3A82
3BAA
3BB4
BAAB
BBDB
3C57
BBAB
BC83
BA80
BABC
3A92
3C30
3A74
3BA3
3BE1
BA38
BB70
3B9A
BC6C
BBFF
BC08
3C7B
BB76
BA0F
3BFC
BBD0
3C3D
B9E2
BB81
3B37
BC27
BB2B
3B23
BBD0
3C86
BC38
3C7B
3BD7
BC37
BC50
3C02
3BB4
BBD2
BBA2
BAA0
BBFD
3B92
BB73
BC0B
3AB6
BBA0
BAB6
BBAF
BC33
BC1A
3C8A
3B89
3CA3
BBB3
BB89
3BF9
BB9B
3B75
3BC9
B9B9
3C4E
BC00
3B20
BC7C
BC29
3C31
BC03
3BF9
BB7F
3C13
3B41
BC1C
3C20
3BA6
BC7A
BAAE
BB45
BBE8
3BC2
BC6B
3BA3
3944
3C16
BBF7
BBBA
BB77
3BC5
BB3F
B9BF
BC13
3B2A
BBE7
BB62
BB29
BCB6
3C99
BC12
3C1C
BC93
3C37
3C91
3B72
3BD4
BA91
BC84
BAE0
3BB7
3C34
BA91
3C1F
3A84
BC1B
BB15
BA53
3C53
3CBF
3B8D
BB8F
3C4D
BBAB
BC12
3C75
BB18
3BB0
BB86
3BBF
398E
3C4A
3C36
3B9E
3CC2
BC7E
3C9F
BB3D
BC7C
BB07
3C93
3BA0
3C5F
BB8B
3B80
3C09
3A9C
BAF6
BC15
BBB3
3B4C
BA27
BB39
3C22
BC69
BB2F
BC64
3B8C
BBFD
BBB1
BC13
BA01
3C7B
BB9A
3C04
3A22
3C9F
3C4F
3B31
3A88
3BF3
3A09
3BC8
BC96
3C88
BC51
BB61
3BD7
3C90
B9CE
BB52
BC10
3CCB
BB88
3C90
BC5C
3C09
BB2A
B74E
3C2D
3BA5
3C8A
BC1C
B9E0
3B9E
BB60
BA47
3C03
3B19
3AB6
BC6D
3AC1
BC03
3C3D
BAC0
BB27
B872
BC41
BA61
3C9E
BB88
3AE7
BBE1
BC5E
3B6D
3C21
BC0D
BC1D
BBAB
3B90
3B48
BC52
3C1B
3C8D
BA08
3B0B
BC24
B9EA
BB15
BBA2
3BAA
3AD3
3C85
3BE7
3A89
3B8C
BC38
3ABA
BCC4
BC93
BBF2
3CE9
3B61
3C8A
B69C
3B35
BBE4
3C35
3B11
BC0B
3C1B
BBB9
BC8C
3A92
B9E4
3BFE
B9B2
3C26
BB78
BC5A
3B89
3BE9
BB9A
3BDD
BB32
BC2C
3C29
3C0A
BB0E
3C40
BA1F
BA54
3BA6
BAD1
3C9A
3C2D
3CA6
3AEC
BC5B
BBA7
BAB3
3B4E
BB9E
BBAA
3C9D
3BF6
BC19
BC26
3A3E
BCCD
3AF7
3BBE
3C65
3C18
BC3B
3C24
BB31
BBE9
BBBD
3B87
BC26
BB62
BB40
3B86
BBFA
3BEF
BC47
BC39
3C37
3C86
BC0A
BC66
BBC6
BC14
3B24
BBFE
3BEC
BC18
3C17
BBBF
3C80
BC13
3C4A
3C14
3B87
B983
3BA5
BADD
BAFA
BBB6
BC5D
3BA5
3C21
BA85
BC02
39D6
3B52
BC27
BB6A
BC47
BCA3
BCA6
BC08
3C86
BC40
BBB5
3B93
BC2A
3B5F
B95F
3ACD
BC4C
3C31
3C81
BAAA
BABC
3C08
3A7D
B9F8
3BA7
BB7E
3C0E
BB82
3963
BC4E
3C0D
3BDF
3C19
BAA9
BC3D
390C
3B68
3BCA
BBA0
3BB7
3C35
BC36
BA2E
3ADF
3C0A
B886
BB13
BC3A
3BC7
3A4D
BBD8
3BFD
BC07
3B09
BBC2
3A69
BCEF
3BB4
3C8A
3ADC
BAF7
3B9A
BC01
BC98
3C93
B95B
38CC
BB84
3AF5
3BDC
BBD1
3C00
3BA2
3B8A
3B24
3C90
3BE8
BC73
39C6
3ABE
3A72
BB90
3B25
39D5
BB0C
BBED
3A7B
3BFD
BAFE
BABA
3C77
BC6F
BC23
3BBB
3B9C
3BAD
3B8F
BB93
BBD4
BB7A
BCCC
BB30
3A8C
3C90
BC5E
BBD7
BC86
BB1B
BC8E
BC8A
BC5C
BC39
3C38
BC19
BBE7
BC79
BC35
3B45
BC32
3C63
BC0A
3CA1
3BE4
BC1C
3C8D
BC23
3C3E
3C19
3B9D
3C3D
BC1E
BB83
BC7E
3B5D
3C07
BAB3
3B34
BC0B
BBEC
BB18
3B69
BC06
3BC1
3C03
3BE1
3BAD
3C47
BB05
BC0B
3B33
BC71
BBD1
BBDB
BC87
3C0D
BC4B
3C16
3940
BB90
3C86
3A9A
3C7C
BB99
39D9
BAAC
BA0E
BA8B
3C38
3BB5
3BCB
3C83
BC5B
3BE4
3BA1
3C98
BB31
B918
3CA2
BC9B
3B97
BC60
3BEA
3B98
3C98
3B0B
BC1E
BC5B
3C6A
B88F
BA15
3B0F
3C0D
3A84
3B91
3CAD
BC90
BC11
BB86
3C22
BB8F
3B90
BB37
BC66
3CD7
BBF0
3C00
3BC9
BBA5
3BC4
3C28
3B75
BB99
3C7E
BCC0
BB55
BC16
3AB3
3B3F
3BF7
3BB5
3C2D
3C15
BC5A
3C3B
3C83
BACB
3C2F
3B4F
BC14
3C5A
BB4B
BA50
3983
3C72
3C8C
3BFE
BB9B
BBF0
BC27
3CA0
BB1B
BB6A
BC40
3B36
3B18
3BA0
BB5B
3B2F
3CBB
3C81
3A84
BC64
3BDD
BC75
3C32
BC46
3C81
BBC3
BC95
BA89
3BD5
BC1A
3C8D
BBEF
396E
3A1E
3CA5
B8B0
BB11
3C7B
BCA4
BC6C
3C91
BBCB
BC91
BC10
BC5E
3B9B
3A9F
3B02
BBD8
BB09
3C36
BC22
3A61
BBE3
3C12
3A73
BB9D
3C31
3B84
BB2F
3B38
3AB0
3BBF
3BD2
3B9F
3B18
BBE1
3A24
BC28
BC51
BB6F
BC09
3CE3
3C86
BC36
3B7C
3C13
3C19
BCB3
BBE4
BC93
BBDF
3C4B
3B21
3C2F
BB94
3B17
3B14
3A12
3B9C
3C1A
3C08
BB67
3B2C
BB67
3C0A
39BD
3C3B
BBC3
BBC8
BC1A
3B7F
3C13
BC20
BC54
3B53
BC15
BBD1
3CC0
BB98
BAFF
BC6D
3CB1
BC60
BB3F
3BA9
BB87
3C02
3BA4
3C25
3C1B
BC1F
BC89
3C68
3C0C
BAD3
3C94
3B31
BCD1
BBBA
3BDE
BA2E
3C43
3B20
BC4D
BBD0
3AA3
BBB6
BC8E
3B66
BC78
3B4C
BC36
BC29
BBAE
BC1F
3BBE
3C52
3C03
BC84
BC6C
BBC9
39F8
3C16
BBCE
BB19
BB06
3A79
BB9E
BBDA
BB2F
3B43
3B0E
3ABB
BB9B
B895
3B44
BB52
BC59
3C99
3BB5
BBD9
3C0B
BC32
BA9F
3C6D
BB85
3B32
BC53
BC3C
3BD3
3ADD
3C46
BBB6
BC37
BADA
BBF2
3C2B
3BF9
3BF9
3B93
3C50
3BCA
BC30
3C25
BB25
3C8F
3A1F
3B6C
BA92
BB87
3ACA
BBE1
BC09
BC8F
3C1E
3AA7
3C45
3B46
3AF6
3C02
B938
3C1B
3C21
BC4B
3C85
39E0
BBF1
3B11
3C32
BBCD
BC81
BA13
BB4B
3BFE
BC61
BBF4
3B8E
BC3C
BBCF
BB81
3A63
3C22
3ADD
BC4E
3B21
3AD0
3BCF
3C24
3CAC
BB30
BB05
BC2C
3B58
3BDE
3A59
3BF2
BBB7
BBBF
BB1B
BA4E
39C2
3A85
3BE1
BC1E
BC20
BC22
3B0B
BB09
BC7C
BAB9
3B71
BC2E
BC0E
BC09
BC3C
BB0E
3B89
3C56
BC4D
3B99
3C52
3B84
3B44
BBC1
BBE6
BBB0
3C1E
3BED
BB57
B990
BC31
BB3F
3BFB
B950
3C1F
BA5B
BC03
BBB6
3C6C
3BC8
BB28
BBFC
3C14
3B20
BC08
BB97
3C16
3B35
3BF5
BBA2
3ABC
BBA9
3BF8
BC8D
3B35
3C9B
BCC9
BBE6
BC2E
BC89
BBBC
BBB1
3BEF
BC3A
3C4B
BC36
38EE
BC25
BC40
3A6C
BC88
3B59
3A97
3C1D
BBC3
BC28
BBB1
3AF3
3BD2
BC85
BC41
3BEF
3AFB
BB93
3C90
BB4C
3C03
3B4A
3C27
BCD5
BB4A
3B54
3B68
3ABA
BA88
3B3A
3BDA
3BF4
BABD
BC08
BC4E
3A84
3BEC
BB84
BB15
3BC7
3B10
3B89
3C2F
3B0C
3BEA
BCEB
BBC0
B8D7
BBA1
BC30
3B83
BD11
BAE4
3C25
3CAB
BA9A
BABA
3AB9
3C58
BC10
BAC4
3C9E
3C85
3AE6
3988
BBFB
BBD8
3B9D
3BBF
BB6F
B819
BC87
BC54
BC36
3C28
3B95
BC04
BC3E
BC97
3CA9
BC56
3AC0
BC88
3B2B
BBF3
BC01
BC85
3A2D
395F
BC31
BA74
BBF9
3C03
BC70
BC98
3C40
BC87
BBD4
BC3F
BC8C
3C3E
3B70
BBD6
3BCD
BBEA
BC97
BBA4
BB0A
3B9D
3C08
3C20
BC17
3C04
3BBA
3BE9
BC70
38FE
BBFB
BCD8
BAF2
3BFB
BADD
3C93
3BF5
3B26
3C84
3C0D
3C09
BC02
3C19
BC19
BCC2
3C2F
3B86
BABF
3B60
3C68
3AAA
3B0C
BBA1
BC37
3CC9
3BA6
BB55
3BD8
BA69
3A5D
BBFB
BBC9
3BC3
BC17
3BB7
BC50
BB6A
3BF9
3BE7
BCD9
3C6B
BC4C
3BB3
3BB3
BB93
3B11
BBB0
BC2F
3B3E
BBC8
3C6C
BB37
BB07
BB8A
BC18
BC4F
3BE2
BB75
3C66
BC2F
3C01
3C5B
3C81
BCA6
BC1A
BB37
3B7B
BC01
3A24
BC12
3CB7
BA51
BC82
BB22
B9CD
3BA5
3C27
BC18
3C18
3B33
3B98
3CB8
3AA8
3C58
3C65
BBFA
3BAE
B990
BB94
BB99
BC42
BC22
3AB6
BC95
3C8F
BB81
38FD
3AB6
3A7E
BB97
3C0E
BC63
BB2F
BB7C
BBC1
3B1D
3C30
3C07
3C13
BBBE
BB91
BC18
BC13
3B94
BB73
BAF6
3A47
3C57
BBB4
B91C
3B5B
BB8F
BB90
BCC5
BA0E
BBBE
BA7A
3B1C
3B4E
BC4D
3C32
3C57
3C54
BB5D
3C45
BB18
3512
3C10
3C13
3BD3
3ACA
3BCF
3C3C
BA97
BB3A
BBFA
BC8E
BB27
B952
BC1C
BBB0
3C40
BC2D
BC34
3B2B
BC83
3C20
BBE3
BCBC
3C0E
BC1B
3B47
BBCF
3B80
3BB4
BA9E
3C3B
3B8E
B8AB
3BBA
3A01
BCD9
BC32
BBDA
3BBB
BB55
3BF5
3B26
3B73
3B95
3A8D
BCB6
BB9A
3B5D
BCD3
BB60
381D
BB01
3952
3C01
BC50
3B40
3BE9
BA77
B99C
3AAB
3C51
BCAB
3C48
BAF4
BBFA
3CFD
BC0D
B9C6
BADC
3BDD
BB7C
BB5D
3C16
BBC8
BAB0
3AEC
BB46
3B8F
3B13
BC63
BC47
B863
BC43
BA38
3C4F
3CB5
BC38
BBB8
BB62
BC27
3CA4
BBF1
BB30
BC21
3B31
BB72
3C3C
3C80
BC19
BB24
BA80
BB9F
3C1D
BC4D
3BC8
3B29
BBA6
BB88
3C62
BC9E
BB1F
BC54
BBFA
BC76
BB68
BC0E
BABA
BC1A
BC44
3B13
BC25
BB8D
BBD2
BBD5
3B84
3A0E
3BC7
3BF7
BC88
3C5D
BB29
BB88
BBFC
3B9E
BB2B
3A16
3BCD
3C75
3B56
BB1A
BCB9
BBE2
BC87
3B90
3B0F
3A9A
BC3A
BB71
3BC3
3C99
3BB6
BC03
3B7F
BC08
3C39
BAE4
BC20
BC94
BC36
3BB7
BAA0
BA45
BB8F
3BD2
BB29
3C61
3C5C
3C2C
3C99
3A33
3C66
BC9A
BC1A
BBA2
BADB
BBE4
3B2F
BC84
BC4D
3C05
BC5E
3AFD
BB31
BC3C
3AB2
3C1B
3B72
3B94
BAC8
BC61
3BA0
3C03
BBDE
3C55
BC39
BA03
3A30
3BBD
3C7C
3B9D
3CAE
3C1A
3A0D
BAF0
3C3F
BBA7
3B8A
3C31
3AF5
BC90
3BDD
3B91
BC7A
BB3F
BC12
BC4F
B947
BCAC
B907
3B15
BB79
BC95
3BF3
B986
BC16
BBA2
BC91
3A41
BAFA
3BB5
3C1C
BB04
3B37
BAE7
BC52
BB52
3C74
3C43
BC92
BC50
BB70
3BFB
3C0D
BCDA
BC40
BC5C
BB73
3C7C
BBFE
BC1A
BB14
BB57
3BC1
BB90
3C40
3C94
BBE0
3BB7
BC42
3CE0
BB81
3C4A
3C04
3C05
BC00
BB20
BBE9
3B08
BADF
BC94
3C04
3A31
3B47
3B47
3BE4
3B96
BC68
3C33
3B27
3C18
3B8D
3C76
BBB8
BB9A
3CC2
3CD9
3C0F
BC1D
3AD2
BC46
BB90
BB87
BB26
3AD9
3AAB
BCB5
BC4C
BC30
BC6A
BB8C
B9B3
BC50
3B6B
BB23
BC0D
3C5B
3C70
B9D2
3C73
3C2B
3C8E
BB9E
3CEE
BA22
3B3D
3A6F
BB8F
3C0C
BB84
3C08
BC93
BC0E
BB92
3C24
BC32
3A96
BC84
3C8E
3A82
3B87
3C54
BC2B
3C33
3804
BBE7
BC92
3BD0
BC41
3C09
3A99
BBBF
3C9D
BB4B
3A5A
3B2B
BBD5
3B4B
3AB3
3B96
B9C6
3A82
3CBA
3C43
3C1C
BB65
3C95
BC01
3BEB
3C3E
BB79
3C3F
3BA5
BCCC
3C36
BB98
BC62
3A8E
3A76
BAFE
3C9E
BC8C
BB4B
3A99
3C5A
3C21
BCA5
3C8B
3C85
3B84
3B6E
BA06
BBDE
BBE6
3B89
BB1F
3B06
3C27
BCA6
3B1E
3CB7
3ACA
BC7E
3B99
B892
39C7
BAC6
39EB
BB63
BBFF
3B93
BC95
BC6B
3C45
BC26
BC5F
BB92
BA91
BC32
3BBD
BBB7
BB97
BC84
BAEA
3B83
3C54
BC52
BB6D
BBB2
3B7D
3C7F
3BFA
3C19
3B00
3C82
BBF3
3BB4
3B8D
BB9F
BBAF
3BDB
3BDB
3C21
BA79
3C93
BC3E
3C63
3C4F
3C12
3B16
BBD7
3C50
BB91
BC33
3BF9
3C0C
3C7C
BAF4
3BEF
3AAC
BB4A
BB02
BBEB
3BA2
BC90
3C8A
3C00
BBED
3C17
BBE3
BAC8
3C97
3BC8
3B54
BB00
3CCD
BAFD
3BB3
3C8A
B89B
BAF2
BC1E
BA8B
3B1E
BB84
BABB
3BAC
BC24
3C16
3CDD
381B
3B98
BB15
BBBD
BB2F
BC5F
3C19
BC72
BC74
3C0B
BBE6
3CA3
BB67
BBC2
BBCB
BB8A
BA96
3C61
BC43
3BAE
3C5C
38CA
BC70
BB9F
BB5A
BAC8
BBA7
BA35
3CB2
3BCD
3C85
3B68
3BD2
BBDB
BC93
BC1D
3C21
BBA8
3ACE
BB14
BAD2
3B0E
3C42
3C55
BAE6
BBD1
3CA3
3B83
3B37
3B84
3C95
BB80
BB97
3C17
3A46
3B20
BB9B
3C53
3C32
BC50
3B90
3C1D
3C18
3C88
BBB3
3B9E
3A3A
BBEE
BC08
BA13
BA95
BC3A
BC0F
3C2C
BB11
B82D
3AA1
BC94
BC94
BAB4
BB9F
3BEF
BBB1
BC66
BBBD
BC3C
BBD8
3CB2
BC96
3CBA
BC82
39B8
BB91
BBF6
BC32
3C0D
3B0D
BBF7
3BEF
BC00
BA52
3BE7
3987
BC93
3BC6
BB26
BC2F
BC55
3C08
BB6D
BB8B
BB76
BC02
BAF0
3B04
3B6E
BC15
BB34
BC86
3A2D
3AE5
3BFB
3C80
3C77
3B64
3B7A
BC4C
BC74
BBC5
BC36
3C85
BA68
3BDE
3B3B
3BCC
BB30
3ADF
3CE9
3BA7
3B8D
BBFE
B8CB
BCDB
3CEC
3B77
3C24
3BAB
3B27
390C
3BA2
BA80
BB8F
3B93
3BA8
BC6E
3C60
BC84
BAD7
3C07
3B23
BBC3
BC33
BBC7
BB00
3BAE
3C04
B850
3B65
3C59
3C63
BC4F
BC4C
BC0E
BC28
BC0E
3C02
BC75
3B74
3BCE
BC94
3C41
3C86
3B26
BB88
BC06
3C41
BC98
3C22
3AFD
3B47
3B6B
3C7B
BBC4
3BA8
3C17
BA67
BBF7
3B8D
3B2F
3BC0
BC71
BAAF
3BCC
BC60
3C18
BC53
3B12
BB19
3B6A
3C90
BC90
3B29
BAC1
3C59
BC20
BB3B
BC83
BAF7
BC67
3BDD
BC83
3B9C
BAB6
BAAA
BA69
BB22
BC14
3C0E
BC12
3BB8
3C89
3C46
3B41
B9BE
BC54
BB8D
3C31
3C5C
3998
BAFA
3A3C
3B9B
B991
3CAC
3AF8
BCA9
3BD6
3B63
BB8C
3B3D
3AED
3986
3C83
3BD7
BBFE
BA0F
BC74
3CB3
3C7F
3A84
3C36
3A30
BBB2
3B50
3B05
3CCB
3B9A
BB21
B799
BB49
BBD3
BC84
3B8E
BBA7
BB33
BB7F
BC6F
3B40
BC37
BAEE
BB0D
3AE8
BB97
3C3A
BC9D
BBB8
BBAA
BC3F
BB15
3B5D
3BBB
BC76
BAA0
3C85
3C94
BC29
BBEA
BB86
3C0C
BB01
BB8C
3B03
BA85
BB9A
BC9C
3B19
BB4D
3C89
BCD1
3C5F
3C1B
3BFB
3B8E
3B17
BB87
3B91
BC86
3C10
3BFF
BC0A
BB93
3C07
BC7E
BBE9
BBE6
3C24
3C87
3C80
380C
BAC7
3AF7
3C83
3B36
3C15
BBB9
BC0B
3C5E
B9FE
3B3E
BBFA
BC50
BC02
BAEF
3B40
3B8B
3B31
3AC9
3B2E
3BF8
BABB
BC42
BD06
BAA2
3CAE
3C8B
3898
BBB1
BB96
3BCA
3B2A
BBDC
BC10
3A25
3C0E
3BE9
3B7A
BA51
BBB6
BCA3
3BD9
BBCE
3B97
3AB7
BB97
BA33
3C4B
39A8
BB3B
BC90
BC15
3C8C
3B90
3A76
3C35
BB54
3B8B
3C49
3C4D
BBCA
BC98
3B83
BB50
3C9D
BB3E
3C06
3C45
3CB7
BC1F
3CB0
3BDC
3A6E
BC5B
BAE3
BC26
3C1B
BC84
3C06
BC27
3BB6
BB23
3BD4
BBA4
3A9F
BC8D
3BCF
BC15
BB6B
BAAB
BBB0
BBF8
BAC5
BB94
3BDC
BBCD
3AC7
BBD9
BBA1
BC4A
BC58
BCC0
3A83
BBCC
BC98
BAA6
3BAE
3CAC
BB1D
3CC0
3C16
38F0
BAE7
BC8A
3BEB
BC17
3C38
BC40
3964
3BCD
3C92
3A01
3B8B
BB89
3B21
3AB4
3C2C
BB9C
3C13
BBA6
3CED
3C55
3B33
3BB5
BB69
B9D3
3BC5
3C4C
BB93
3B81
BB6C
3C2E
3A38
3C5D
3BAB
3C33
3C08
3BE8
BBF5
BB9E
BBF4
BBFB
BBF0
3AF4
BC9F
BB22
BC23
BB6F
3B40
BBC6
3BAC
3C6A
BC89
BA85
3C02
BAD8
BAA8
BC2F
BAC0
BC1D
3AA1
BBCD
BB24
BC03
BBC4
3C1D
3AB0
3A38
3BA6
3A53
BC00
BAA0
BB25
3B09
BC84
3BF9
BAA1
3BA3
3BC8
3C96
BBDF
3C2E
3C91
3C14
BB45
BA8B
BB9E
BBB4
BC01
392A
3C03
3B8E
3C9D
BACA
3BD4
BB9C
3BC5
3BBE
BA69
BB1A
3B83
BBE3
BBE7
3C2D
3B96
3BF4
BBE8
BA46
BC51
BC1E
3A93
BA95
3C2A
BAB2
BB68
BB5C
BAE3
3B8D
3BD9
BBD4
3C17
3C83
BB40
3B3A
3B4F
BCC5
3B84
BBA9
3B57
BC4F
BB92
3C3E
BC4D
BA7F
BA87
3B91
3C91
BC47
BC17
BB89
BC37
BA03
BB3D
BC13
BC73
3C95
BBC2
BAFF
3B97
BB40
BB55
3BE2
BBCA
3C17
BC09
BC04
3AD4
3B6F
BBD8
BC93
3BA1
3C02
3C55
BB0A
3C56
3BD2
3AAC
BBA0
3BBC
3CAB
3AEE
BBCB
3C38
3AE9
BC67
BC34
3AC2
BB83
BAE9
BBAD
BC81
3C05
3CC2
BBE7
3C8B
BA43
BBE6
BB76
3C10
3B76
B9E4
3CAF
BBAF
BA4A
BB27
BAA7
BA22
3BAB
3B3D
3CC4
BC18
3BC3
3B6F
BA21
BBB3
3C1A
BB7C
3CC4
3C38
B40E
BA8A
3C2A
3C3F
BBC5
3C0F
BBAD
3BB6
3C8B
3B6D
BBF4
BB4A
3BC7
BBCB
3B7B
3B50
BA91
BC7E
3BC0
BB04
3C04
3BCE
3B20
3A30
3C6B
BCA7
3C30
BC16
3C8B
3AB0
3BCD
3C2B
3B7F
3B97
BC65
BC5E
BC31
BB8D
3C03
BB91
BB01
3A8F
BA57
BAF3
3ACA
3B85
3BA3
BADB
3C79
3BCD
BB59
3B9E
3994
3C0C
BC44
BB1B
3B81
BB24
BC65
3AE5
BC82
BC81
3B59
3BBF
BC1A
BAFA
3C26
3BA1
BCE2
BB91
38BB
BAB7
BB4E
BC07
3AB3
BC11
BC1C
3BE6
3B09
BB89
3C44
3B28
BBA7
3B27
3B35
3B1B
3B26
BC9D
398E
BCAB
BA95
BBE5
BB14
BC3E
BC89
BC44
BB86
3CA3
BBB8
BB6C
BC14
BAEA
BC84
BC9A
3C70
BC0B
BB98
3BDE
BC89
B901
3AAA
3C27
3C0C
3C0B
BB94
3C8C
3A95
BC23
BC03
3C05
BB7A
3C4E
BBB1
BC1D
3BA9
3AF7
3C59
3B45
3B08
3B93
3A03
3B47
B951
3B16
BBC0
BC2F
BCEC
BB8C
BCA9
3B97
BC12
BA43
BC05
BC42
3C2F
3CA6
BC41
3C50
BAE1
BC2E
3CAB
3C1B
3B2A
39C3
BA5A
BB96
3C50
BBA3
3C6A
3BF0
BC8C
BC20
BC29
BA45
BBD4
BBA9
BC42
3C39
3B02
BC81
BC5E
BC54
3C3D
BC81
3C3C
BBDF
BC86
3A31
3C07
BCD7
3C19
3C8A
BC57
BC0F
BC7D
BC8C
3A2F
3ABB
3C83
BC28
BC4F
3C94
BC38
3CBB
3C05
BB0C
BB92
3B6A
3BEA
3BE8
BA9C
3ABF
3C81
3C8C
3C35
3AB0
B99C
BC1E
3B94
3B4D
3C82
3BC5
BB34
BB1E
BB89
3B35
BC66
BB58
BB8A
BC88
BBB6
3BE5
BB8B
BC55
3C08
BBF5
BBF7
BC18
3C19
B902
BC06
BB57
3C10
BC43
BC36
BB0A
3BBA
3AC8
B9B8
3C73
B98A
BB9D
3B45
3C63
3A8C
39E2
3B84
BC55
3B74
BABF
BC47
3C3A
BB97
3C70
BC9B
3B66
3B91
BC5C
BA98
3B33
3A86
3BFD
3AB0
3B03
3BD5
3A8A
BC00
3BF0
BBD1
392C
BC15
BC83
3C37
BC3E
BC85
3B17
BC9B
BC0E
3C48
3C12
3B31
BC2E
3C63
3C73
3C8B
3B68
BC8D
3C2D
BB59
3C0E
BC5B
BC0F
BAE7
BC1F
BC4E
3C58
3B8C
BC41
B9F6
3C20
BB97
BC90
B97A
3C1B
BB9D
3C06
BB95
3B63
3B26
BB6E
BBFF
3B77
3C25
3BD6
BBB4
BA82
3C97
BBEB
BBF9
BC91
BC47
BC89
BB3B
BC47
3BBA
3B92
3B41
3CC1
3C84
BC4E
BBF4
BC70
3BA2
BC5D
3BC0
3B18
BAE6
BC05
3BF8
BB1D
3AAA
3B11
BC57
BB4F
BA4E
3BC5
3BB7
3CBF
B958
BC55
BAE4
BC25
BB91
BA68
B9D0
BB43
BC96
BB75
B9C6
3A0D
BCBE
3C96
3B98
BC03
3B62
3C13
3BCA
3CBE
BBBB
3B45
BC18
3C2B
3B85
3C30
BBA7
3BE9
BA3A
BB0E
BB64
BAEE
BA56
BC8C
BB70
3C91
3B1D
3813
BC1C
BA67
BB9D
BB43
3BE1
3BD0
BCEF
3B38
BC2D
BAF0
BAC6
B980
BBDE
3BDC
BB0D
BB84
BBF1
BC7F
BC15
3A97
3C23
3BD0
3B4F
BB96
3C63
BC5F
3BDA
BAB6
3BD1
BCAA
BC27
BBEE
BBD2
3B79
3B9E
BBB0
3B87
BA33
BC57
BBF9
BC1D
3B15
BB62
BB13
3B49
3B94
BB26
3C8A
BB55
BB2D
BBF8
BC6A
BA9C
3B5D
3C0E
BBE0
BA94
BB8B
3B8F
3BE3
BC51
3C98
3B1C
BB9A
3A46
399D
3C2A
BA6D
BB40
BBC6
3C3C
3C2E
BACE
3949
B967
3A1A
3B68
BB12
BC1D
BB80
BB20
BBB9
BC21
BC40
BBA1
BB0E
BB56
BC62
3B4D
BAE1
3B03
3C33
3C86
BB9C
BC29
3B39
3C93
3AAC
3C45
BA9C
3C7A
BC82
3B28
3BC1
BBB4
BC49
BC3E
3C26
3A17
3C6F
BC4B
BCC5
3BFA
BC0B
BCCA
3B79
BC41
3C05
BC11
BBFF
3BEE
3BD8
3BF1
3C00
BBBE
BBB8
BC7C
3C32
3BA3
BB18
BC4E
BC4E
3913
3C80
3C0C
BB04
BC4C
BBDA
3A23
BBD3
3B43
3C2B
3C3B
BC2D
3C5A
39A6
BB68
3C48
BC8E
BB5F
BBE1
3BA6
BB88
3C30
BCC2
3A6D
3C3E
BBB8
3B23
BBCA
BBA6
BB3F
3BA4
3B9C
BC94
3B17
BB78
3C84
BB9D
BC5C
3C0A
3CCE
BC90
3B93
3BDC
3A9D
3BF2
BBDD
BBC5
BCC2
BB49
3A8A
BC16
3B03
3BAA
BB19
BA32
3CB0
BB4A
3B4F
3C73
3ABD
BBAB
3C58
3BE2
3C56
BC4E
BB41
3B55
3C2F
3B45
BBF1
BC0D
BC4E
B981
3A86
3C14
BBE4
BAD9
3B0C
BC13
3BC4
3C27
3C3F
BC23
3B9B
3B89
3BA4
B940
3C39
3BA0
BC8D
3C10
BB90
3CC1
3C43
3C34
BC69
BBD1
3BFB
BC98
3B00
3C80
3C8F
BBD7
3C2D
3C2E
3C9E
BA25
3C48
B96C
BC2C
BC35
BA69
BC11
BACA
3B5E
3BA8
BBF6
BC37
3C46
BC58
BC0C
3C86
3B23
3BE5
3B24
B8F6
3BC4
3B85
3C66
3CEF
BBA5
3C50
3C2D
BC97
BBDB
3BF7
3B1B
3C10
BB5D
3B38
BB7B
3BF5
3C1A
3C46
BBF7
BA89
3C7A
3B09
BBBD
BB56
3B50
3C3A
3BF9
3BA1
3C36
BB86
39B4
3B96
BB1A
3C42
3BFE
BBFB
BC5F
BC3C
3C00
3BF5
B984
3BE0
BC54
BC13
BB1D
3CA9
B971
3C77
3B03
3B88
BCAF
3BF4
BBE1
BB14
BAA5
3BD6
3AC3
3B9C
BC70
3BFD
BC0A
3CC3
BAF5
3A95
3B87
3BA0
BBA2
3BC2
3BCA
3ABF
BB40
3C2D
BC7C
3C21
BC02
BC89
3C49
BCAE
B8BB
BC59
BB31
BB81
3B61
BB00
BBC8
BBEE
3B46
3AB4
3A28
3B70
BB77
BB22
BC21
BC10
BC7E
3C13
3BE4
BB12
BCB9
BC26
3BAE
3BB2
BBBE
BBF9
3CA2
3C5E
BB88
3A2C
BA66
3BA4
BC07
BC9E
BC33
B904
3BA2
BCC6
BC6A
3C0D
BAB9
3CBD
3C73
BC3D
BBC4
3ADD
3BF8
BC0F
BA98
3B43
3B87
BC96
BC32
3B3F
BBC9
3C19
3C13
BC43
3C49
BB27
BBD3
BC26
3C20
BB1F
BC10
3CB8
BB65
3C0F
3A76
3C24
3AA2
BC8C
BB7F
3C39
BC3F
BBFC
BB0D
3B65
BC4A
BAE6
B8F5
BC30
3BEE
3AAB
3B69
3C51
BBBE
BC5F
3C2A
BC57
B9A5
3C37
BC0A
BAA7
BBD3
3C77
BB91
3C3F
BC06
3A3B
BB3D
3A1C
3C8D
3AE8
3BD5
3B88
3B21
BC45
BAF9
3C87
3BF0
3C01
3C47
BB1E
3C36
3C9E
BB22
BC28
3C68
BC12
BBE5
3B94
3B88
3C82
3C48
3C51
3A8F
3BAF
3A3A
BACC
3BF8
3BD0
BB46
BC5E
BBE4
BBE2
BAD2
3C09
BC8C
3AE1
37AA
BA01
3CF9
BA86
3B02
3D02
3BBB
3B74
B8BC
3B85
BC23
BBC0
3C8E
BBBC
3C83
3B44
3C07
3C10
3AB9
BB24
3B30
BC07
BBEC
BC58
BC72
3C85
BB98
3BBF
BC43
BB05
BC91
3BEE
3C19
BAD0
3C60
3BBF
BB93
BBD2
3B24
3B19
3C1A
3BC4
BAA5
3B9F
3C10
BBB4
BC54
3B17
3B5C
BC8A
BC15
3C16
BC17
3C7A
3C5A
3C45
3BF7
3BF4
3C6C
BC6B
3C66
BC08
3B9E
3BDD
BAB4
3C3F
BB46
BC46
3A0E
3B05
BB69
3A73
BBB6
BC1D
3C45
BC2B
3B7A
BB49
BC72
3B15
3C65
BC23
BB54
BC37
BC0C
3A7D
BAF1
BAB9
BBA7
BA1F
3C5F
BB28
BB99
3BA5
3C8B
3B3E
3C5F
3B67
3C37
BC98
3AAF
BC05
BC40
BB52
BC2E
3C37
3B89
3C1B
3C00
3A79
3B99
BC5A
3C8B
3ADE
3C86
3BB8
3C1B
BCAA
3C1A
3A98
BC60
BC03
3BBF
3BBB
BC07
BCB0
3C32
3C07
BB0A
3C2A
BBF7
BAAB
B869
3AD9
3C9F
3BCC
3A42
3C11
BB73
BBAB
BC40
3B83
BC2A
BBA1
BBED
3B97
BC55
BAA6
BBBE
3AB7
3A81
B9CD
3C57
BBDC
BB3A
BBAC
3BEF
BB10
3C5A
3A39
3C1D
BB8C
BBFA
3B1C
3B05
3B90
3C38
394B
3C0B
3BD8
3C3E
3AC2
BBAB
3C05
3AC4
BC36
3C20
3BEA
BAEF
3B68
BA3C
BB7C
BC07
3C7A
BBFF
BB30
3B13
BBF0
3B85
3BD5
3B9D
3BA5
3CC5
BB8C
3C13
BCC0
3AE1
BC3E
BB58
BC66
3C76
BCAE
BB70
BB59
BC14
BB9A
BB6F
3C39
3B35
BBA8
BCB4
BC17
3B8A
BBEE
BB67
3B29
BC89
3C30
351C
3B41
BC0B
BC41
3C1F
3B06
3C2E
BB3F
3C93
3B47
3B66
BB71
3C34
3A9D
BB1A
BCB4
3C0D
BB6E
B99F
3AE2
BBC3
B96F
BBBF
BB55
3A02
3BCA
BC95
3B30
3C08
BB0E
3B61
BB0A
3992
3C04
BB96
3C66
BC18
3BDA
BA29
3CA4
BB66
3C6C
3BEF
BC3D
3B9B
BC89
3C20
BC65
3B29
BBB6
3BC7
BAA7
BC4B
BB2E
3C55
BB32
BBCD
3BE8
39C0
BBAE
BB75
3D0C
3AAC
BBBE
3BB0
3CAF
3AB9
BC97
BC1D
BC02
BC19
3C27
BAB0
BC73
BC6B
3C29
BAB4
BC64
3AEF
3C07
BB05
BCA9
BB46
388C
BC09
BC1C
BCB1
BCF5
BBD6
3C22
BC6F
BC7E
BC13
BBC4
3C19
39A2
3B20
BBE6
3C51
B98C
BBA4
3CB4
BC09
3C00
3C34
3BD9
3C82
3AF9
3C1A
3BC3
BBE3
BBBA
BC14
BC4E
3B07
BC19
3A4E
3A1B
3BDC
3BC1
3C12
BB5E
BB97
BB49
BC5B
BBD2
3BAA
3BDD
BC92
3BAD
BB45
BBF9
3BBC
BA45
3BC1
BA99
3B52
BC48
BB9A
BB73
BCCE
BC61
3A99
BA0F
BB9B
3C2E
BB8F
3B74
3B4D
BB8B
BCCF
BC17
3BD3
3BE1
BC08
3B3B
3AB4
BC80
3C30
3B8C
BBE3
BB65
3C94
3B9F
3BC4
3C82
3ADF
BA6B
3C27
39FD
BBE0
BBD2
BCAB
3BAC
3B1E
BCB8
BB05
BC57
BB2D
BBE5
3BAF
3A82
360C
BAF9
3AEC
BC82
B91C
3B7A
B9D9
BAC0
3C83
3C72
BBA1
3C08
BC12
3C14
BC95
BC32
BC22
BC05
BABB
BC22
3AD3
BBDB
3A47
3A23
BB00
3B7C
BBEC
BAC1
BC3D
BC49
BC28
3C1E
BCB3
3BEE
3CAC
BA88
BB3C
3B06
3BF8
3B3D
3AD3
3CBE
3CB0
BB88
BB44
BB94
3C7C
3C18
BB5D
BC31
BBFA
3C08
BB0A
3A23
39DA
3C23
3C2C
BBB2
BC7D
3C5E
39D5
BC17
BC50
3C95
3995
BC56
3C1C
BBBD
BC3D
3C98
3C2B
BBDE
3C6C
BB0E
BB8C
3BA0
BA77
BA8D
3BBE
3BFD
3C8A
BB2A
3C9B
BC1A
BC0E
BB7B
BAB3
3B02
3AEC
3C22
3BD6
3B77
BBFF
BBCE
B98C
3CB6
BC40
39E3
BCD3
BB2A
3C80
3B6C
BB7C
3BB8
BB86
3CC9
BC21
3C12
BC55
BBB8
3B87
3C89
3A07
3B3F
BB47
3B84
3B5F
3C7B
BC34
BC61
BAD9
3C84
BC4E
3C1D
3AE2
BC20
3AE6
3B5B
3CF6
3B89
BB59
BC25
3C59
3C2E
3C1D
BA7E
BC19
3BA7
3BD5
3A3E
BC1A
3BFE
BB9B
BC2D
3BE2
BC35
BC2A
3BC6
3B1B
BB42
BBEE
3A9A
BC26
BC33
3C21
BBC9
3BF0
383E
BAD8
BC48
3AED
BAEC
BB93
BB9A
3CB4
BC8C
3B97
BC03
BC24
3B11
3BE0
BBB4
BB41
BC16
BC0B
3C1F
BC2B
BAC4
3CE3
BBB0
BBB9
BBCF
3C3B
3B93
3C0D
BC7A
3BB1
3C1B
BC63
BBE0
3C5F
BA46
BBCE
3A52
3B2D
3B46
3B70
B989
BBCD
3C49
BC1B
3BBD
BB5D
3B78
BBCC
BB11
3B83
BC1A
3BF1
3C86
3CBC
3969
3B4C
BC18
BC80
BB79
BBFD
BAF5
3ABF
3A06
BB8A
BA3F
BBC0
BB43
BAC8
BC3F
3AAE
3C61
BB83
BC67
BBA1
BBF3
3BE7
BBA8
BB12
BC12
3BB0
BC05
BC14
3B89
3C5B
3AE3
BC1C
BB88
BB81
3A5B
B7CA
BB88
3C2B
3A81
BCF2
BB60
3BE6
3CBB
3C06
3B39
3BDB
3BDC
3BFB
BB47
3BFA
BC75
BC9E
BAAA
BAAF
3BC3
BA97
BC4C
BC62
3C34
3C36
BC75
BCC4
3B35
3C36
3C1F
BB07
BAA6
BB95
3A92
BB88
3B44
BBB7
BC89
3B37
3C02
3BA2
BB59
3C47
3B7D
3AF6
BC26
3BFD
BB23
3C25
3C49
3C36
BBCE
3C07
3BA6
BC09
BCA1
BB6A
BB2B
BCBA
BC20
3B08
3B82
BA8E
3C30
39CD
3BD2
BC22
BC95
3BBD
3B5B
3C00
3A2E
BBCF
BBC6
BC32
BBE6
BB7D
3AFC
3B46
3B67
3BC8
3C70
3B0B
3C59
BAC7
BC63
3B34
BB3B
38A5
3ADC
3B5B
BC14
BC03
BAF4
BC4B
BC02
3C5F
3BB3
3C15
3A1E
BC96
3A5B
3CF4
BC9D
BBBE
BB8A
BBCA
BC14
BC3A
3C4D
BB35
3ADD
BBE5
BBF8
BAFF
BCBD
BA7E
BB97
BBF6
BBEF
3C1A
3C0A
BC23
3CA3
3B8B
BACF
3BFA
BBCF
3C6F
3BEB
3B96
3C49
BBF9
BBF7
3BAA
3B39
3C9F
BBC0
BBE9
BC2E
3B57
BC74
BAAE
3B51
BC1A
BC82
3B61
37DC
B9B7
BC31
BA54
BC7A
3B89
BC1C
3BCF
BC9F
BB95
BB54
BCB7
3C68
3C4C
3C37
3B5B
BA87
BBF5
BBA1
BC8D
3B57
3BC6
3C32
3BF3
3C4C
BAF3
3BB1
3B0B
BABA
BC89
BCA3
3C4D
3CD1
3C66
3BCE
3C89
3B74
BB8D
3B53
B84E
BBEA
3C71
BC02
BC24
3C56
BB1A
BBEB
3C94
3C62
BADE
3BBC
BC23
3C5A
3A75
3C21
3BC5
3C94
BC92
3C8C
BB55
3B9A
BBD8
39E4
3C41
BB7E
3B22
3B87
BBB8
BC1C
3B4F
3B6F
BB62
38C4
3C65
3B4E
BC19
BB42
3BD5
BC31
3C39
3C01
3C2F
3A00
3BA0
3C49
39AB
BA61
BB94
3C14
BBA5
3C25
3C4B
3BD2
BBB6
3BDF
3BFE
3BE1
BB8E
BC81
3C19
BB52
BB10
3C28
BC97
3C43
3C1F
BBFB
399C
BBE9
BBF4
3C41
B964
3CAF
BB40
3B1A
3B8A
BC27
3C51
BAB1
3C01
BC4C
BA91
3BAE
BC26
BBE2
BAEE
3C3F
BBF6
3C1A
BC40
3CBA
3B07
BB2F
3C4A
399F
3B27
3C52
BACE
BC04
3C1B
BBAA
BB28
3B94
3B4C
BBDF
BB0C
3BDA
3C03
3BC9
3C47
3B38
BA56
3A9A
3AAC
BC01
3AE5
3C1A
BAF7
BC28
BC8A
BC63
3BE7
3C21
BC72
3BC4
3BC9
BC15
3B34
BB76
3AF7
BC2D
BC00
BB93
3B9B
BC26
3C24
BBFF
3BE2
BB64
3C97
3C22
3C27
BA03
B87C
B922
BC0C
3B86
BCA5
3CB5
3BE8
BBF4
BBC7
BC26
3B53
BBED
3C93
BC2E
BB2A
3B17
395F
3C0C
3C0D
3C3B
BB47
3A51
3BF1
3B82
3B0A
3BB4
3C0F
3BA5
3AEF
BC46
BB13
BC58
BC83
3ADE
BC01
BC27
3B05
BB3B
BC10
BBFA
BC05
BC98
3BEA
BC02
3B29
3CA4
BA15
3AE2
BC67
3BFF
3B29
BAC2
BC8A
3C24
3BAC
BC6D
BC26
BC12
BA56
3C64
3C0A
BB12
3B80
3B43
BBC9
3C99
3B57
BB49
3C35
BC0D
BC62
BC0C
3B6B
3B91
3A74
3B21
BC10
BC8D
3BB2
3C16
3BF5
3BCF
3BAC
BABC
BC31
BC54
BC65
3C32
3BCA
3C96
BBA0
3A7C
BBF4
BC2E
B9B2
3B97
3C26
BCA8
3C1C
39DE
BC27
3B8C
3BBB
3C1A
BBE7
BC20
3BAD
BC46
B978
BC73
BCB6
B9E6
3A84
BB88
3CA2
BBF6
3C5D
3CAD
3B2E
BBC2
3A9E
BB39
BB61
3B85
BBE3
BCB0
BB88
BB63
3BCC
BBA4
3BD4
3B07
BC4D
3BE1
3C0C
3C9F
BC6D
3B06
BB8F
3B72
3B4C
398A
3B12
3B71
BB46
3C04
BC70
BBE9
BBD3
BC30
3B05
BBBA
BC14
BC7F
3AF4
3B7E
BC05
BC3E
BADE
BBAB
3C3C
3B32
BC3A
BC8A
BC95
BBDE
3BB7
BC3E
BBFD
B99C
3B20
3CB8
BC56
3BD3
BC2E
BA9F
BBB8
BBD0
BC49
BC1B
3A36
3BBB
3C64
3C34
BBE7
BBDA
BA64
BC46
3BA5
BC25
BC27
BB56
BCD5
BB84
3BCD
BB7B
BB45
3BB4
BB04
3B4C
3C08
3ADC
BC1F
BB59
3C8E
BBCA
3A23
BC93
3C1A
3BE3
3B55
3C92
3BC3
3C88
3B7E
3C89
3B09
3C88
3C95
3C16
3C6E
3B82
3C1C
BC6A
BBD2
3BD2
3C15
3C9A
BA42
BC53
3B81
BC74
BC69
BCB0
BB83
BC55
BC1F
3B54
3C17
BAD4
BB23
BB64
BC63
3C32
3B21
3C82
3C07
BBEC
3C42
BBCE
3C49
BC26
3AC8
3C1B
3CBE
BBA8
3CA5
BC09
3C5B
BC15
3C09
B882
39CA
3B57
BBBD
BB93
BBE8
39F9
3B8B
BAE4
38EB
3BE7
BBAF
3A99
BC52
BBD0
3C37
BC88
3C6A
BB12
3BB2
BB6E
BB5A
BC31
BB14
BC88
BA2B
3C79
398E
BB1E
BC0B
3C86
BB83
3C6E
3A46
3AAE
BBB8
BC41
BB70
3C81
3C2A
BC62
BBB0
3B89
3BD9
BB4C
3B98
3B1E
BCD3
3B69
BC1E
BBD6
BBB7
3C15
BBA6
BC1E
3A4F
BC3A
3CAE
3C37
BC2D
BB9E
3C83
BBD2
3BCF
BBC5
B97B
BBCB
BB81
BBF5
3BDC
BB70
3C3B
BC68
BC43
3BBF
3BBC
BCA1
3C8E
BB91
3C1B
3B33
3B42
BC3C
3AB1
3CB2
3C12
3BDF
3B0B
BC19
BBAE
3A0A
BA92
3B31
BC81
3C9C
3B77
BB91
BAE1
3B18
3C01
3C02
BB49
3A30
BC35
BC2B
3BCA
BA78
BCC4
BBB9
BB35
3C3F
3B09
3C3D
BC4B
3BCE
BA5B
3BEF
BBA6
BC3B
3B6E
3B5F
BC4F
BB38
3BD1
B9CF
3BFF
BC61
3A10
BBBA
BB5A
3A81
BB69
BC2C
3BFB
BC7C
B986
B993
BAD0
3C32
BC4F
3BEB
BC3E
BBC0
BC07
BC62
BC09
3CBF
3C2A
BA4B
BC15
3CB7
BB2E
3C10
3C4A
BC7F
BBC5
3B25
3B98
3C6A
3C96
BBFE
3B86
3A4B
3BA8
3BAA
BAEC
3BA5
3C0D
3C0F
3B7B
BB94
BC8E
BC8A
BC1B
BB19
BBAE
3C81
BC3C
3B34
3B19
3B98
3B7A
3C07
BC08
3B93
3BD8
3BFB
3C2B
3B25
BC06
3BD6
3BE2
BC3C
BB55
3B17
3B34
BBAC
3B5E
BBA2
BBEE
3A9B
3C4B
3C2D
3BCB
BC84
3BE1
3C7C
BA3B
3BCE
3C2E
BC21
3CC0
3B1A
3C45
BB97
3BEF
3C51
BB85
3BF8
BB30
B972
3C96
3C04
B701
BC59
B87E
3CDE
B9B4
3C68
BB8D
BC00
BC3A
3B42
3C00
BB91
BC25
3C09
3C8A
392F
BC0D
BC7E
BBB7
BC1D
3BFF
BBC4
3B20
BC07
BC84
3C82
BC07
3C60
3C72
BC68
3B37
BC35
3B9D
3BC6
BC32
BC46
BC91
BA0A
BC6B
3B4D
BC15
BB88
3B42
3B34
3B9C
3A43
3B0A
3BFE
BC63
3C2E
BC02
3BA5
3B23
BB72
3B70
BB13
BC0D
BC6B
BAC6
BC93
BB18
39DB
BC2F
3B86
3BBB
BB83
BB9F
3AF6
BC59
3C05
3BFE
BB8F
BBC3
3C9A
BA8E
3C7D
3C26
3B8A
3C8F
BBA5
3ACB
3B6E
BBBB
BCB5
BB0C
BAD8
BBB9
BC93
3C44
BC10
3C5B
BC0F
3CE1
3B82
3AB9
BB07
3BEB
BBFB
3AF7
3C49
3C96
3BF2
3CC7
BAD2
3C06
3B77
BBC5
BC46
BBA8
3C5B
3CB7
3BE5
3B24
BB4B
3C81
BC3D
3C26
3BD0
BC97
3C3E
BB51
BC59
BBE4
3A9D
BC49
BCA4
BAFF
3BA5
BABA
BC08
BC18
BBA5
BB13
BB35
3C23
3BED
BB58
BB8C
3C45
3C18
BB97
3B2E
3CAD
BC3B
3C1E
3C40
3BA2
3C35
3C9C
3ACA
BB49
BBA1
3B2E
BC43
3C34
3B4F
BC7B
3A92
BC47
3C79
BB3B
3A9C
BBAC
BC31
BC03
3AD6
BC5F
BB79
BC04
3AF5
BC1B
3B9B
BAB3
3BB6
BB7E
3C0D
BB33
3C96
3B83
3B8B
3C40
BAA5
3C3B
BBC3
BC81
3B2F
BBE6
3B46
BCA9
3B3E
3B56
3C15
BC3F
BC48
BC2E
3C74
BB9F
3C5C
BC0F
3C1A
BC51
3C94
B9F8
BB22
3B96
BB45
BBA8
BC44
3C62
3C0A
BCB1
BA1D
3B50
3940
BBF5
3C9F
BAEC
BB84
3C2B
3BA4
3CD0
3AB1
BBB5
38B3
BB95
BC46
3C8A
3AA6
BBA8
36A9
3CBF
BA77
BBDA
BA87
3C77
BCB0
BB89
BB14
BBD4
BBF3
3C89
BC3B
3C50
3C84
3C84
BC17
BCB8
BBAB
3B71
BC92
BC40
3BCF
389E
BC41
3C24
3C14
BA37
BC47
3B1E
3C90
BBF4
3BC5
BB94
BB87
B937
BA54
3C58
BBDB
3B21
39DB
BC3D
3BF3
3B13
3C15
BBF0
BB88
3CA3
3967
BBDB
3B6C
3BA1
BC04
BC54
3BDB
BCE7
3BBB
BC8F
3B9A
3BA6
BBCE
3B8B
BB1D
3A4D
3CAF
3C14
BB37
BB94
3B1B
3AD7
BA29
BC19
BC0D
3B2E
BC4C
BBEB
3AAA
BB62
BABF
BB15
BCBE
BBC1
BB03
3B83
BB85
3BFB
BB19
3533
B7DE
3C11
3A3A
BB10
3BCB
3BE9
BBE4
3BA5
BBB9
3C89
BC8B
BCA5
3BF0
3AC0
B9B3
BBFD
BC07
3CE0
3C18
3C08
3B80
BB98
3C91
BC0B
BCAE
B9A0
BB02
BC86
BBDB
3B13
3AB9
3B6A
3A96
3C38
BC47
BAD7
3C0D
BC2A
3B88
BBFD
BC8B
3BD7
BB7D
3B68
BC01
BBD7
3B58
3C3B
BC04
3B6D
BC37
BB94
BA44
3C40
BB3B
BCA3
BC27
3B44
BBB6
3C0F
3C76
3C29
BA9C
B9B6
3B69
3C46
3BA6
3C3E
BB7B
BB88
BB79
BBE1
3AC4
3C7A
3C8C
BAF6
BC95
BBCC
3B0B
3913
BB06
B923
BC54
BAE4
3C26
BC8E
39AB
3A05
3C41
3BF9
3C15
3B61
3BB5
3A50
BB96
BA5B
3BB9
BA37
BB88
3C47
BBC4
3C48
3BD9
3B3D
3BB0
3ABF
BAFF
BBDF
BC24
BC16
3C0A
BB17
3C57
BA97
BB24
BC21
3C0C
3B56
3C12
BC02
3C4D
BC15
BB5F
3A49
3C90
3B0A
3C94
B9B8
BA8A
BC5C
3C42
BBA7
3BF1
3B60
3B81
3A5C
BB13
3C43
BBE8
BAC5
BBE5
3C1A
BC49
BBE3
BC15
3C73
38E5
BB49
3C94
BBAD
3B27
BA30
3B70
398E
BC13
3BD7
BC36
3C7F
3B7A
3C5C
3BCB
BC09
BC8A
BA6B
3AE7
BBC5
3BEF
BAF3
3BF6
BC76
BCC4
3804
BC92
3BC4
BC31
3B42
3BFA
BC8F
BC24
BC58
3BBE
BC0A
BBC3
3B97
3CD5
BBCE
BAF9
BC00
BC69
3B79
3C93
BAF8
3B0F
BAF8
BB6A
3BDE
B956
3B45
3B3B
BC09
BC2C
BB59
BC65
3BC7
BCF0
3BE9
BC01
BC15
BAF7
3C4B
3994
BB32
BC2D
3B37
BA99
BBEC
3C09
BC3A
3B33
3A24
3C23
BC06
BB15
BBF9
3C3A
3C48
3B7A
3BC2
BB68
3BDB
BC4A
3C69
BC97
BB8B
3C36
3A29
BC09
BB94
37F4
3BBC
3D06
BBE3
3C21
3B47
3B52
3BCC
BBAA
BBDC
3A85
3C58
BA16
3A55
3BC0
BC18
3B75
3BD3
BC25
BC56
BB75
3A28
3C10
BB5D
BBFB
BC33
3C2B
3B72
BC64
3C19
3C2A
BC0E
BC29
BC62
3B0A
BB33
3C46
BB1D
BBDF
3B9A
BCB3
BB0D
BBE2
BBB7
3B87
BBAA
3BEB
BC46
BBF2
BC2F
3BAB
3C81
BA85
3C3D
3983
BBA9
BA99
BBAD
BC63
BC58
3C26
BAD7
3B9A
3C8B
3CB8
3C07
BC09
BC2B
3C6F
BBB0
3B1E
BBD5
3BD0
3B3B
BBD8
B94D
3C82
BB0C
BB1E
BBC6
BB2F
3C2B
3C62
3B9E
3C00
BCB4
BC4B
3C3B
BC24
3B1F
397B
3B4C
BA84
BC31
BC03
3B92
BB86
3C59
3BEA
3C42
3C1F
3A18
BC32
BA8D
3C06
3C0E
3BA1
B95F
BC4A
BAE8
3B96
BB69
BBAC
BC1C
3A92
3C26
3C5E
3BE2
BBEA
BB9B
3C46
BBFA
3ADF
3B9C
3C52
3B64
3B81
BB51
BC3D
BA10
BC4B
3B1E
3BEE
3C22
BC30
3C21
3BEE
3BAC
3BA5
3C22
B9CB
3B2C
BBA7
3C81
BA93
3C26
BA8F
BA31
3C1E
BA9F
BB57
3BA1
37C9
BB24
BB4A
3C33
3C36
BC1E
BC10
BB76
3B3F
3C2E
BAAF
3C21
3ADC
3BF6
3B82
BB20
BC8B
BC5E
BB10
BBBA
BB1F
BC87
BC14
3B8F
3BB7
BAD2
3C9A
38DE
3C32
BB0D
BC64
3AC4
BCA4
BBF6
BC21
3BB6
BC31
BC72
3BD4
3C73
3C7B
BC72
BBE5
BC47
BCAF
3B47
BBB8
BC2D
3C6D
BBEE
3C96
BC51
BB3B
BB92
3C16
3C38
BBDA
BB95
BBAC
3A8C
BABA
BC32
BC10
3A8A
BC5E
BB8B
3C6E
B986
3C26
BC07
3C29
BB7C
BC59
3A98
3C0B
BB5E
3B97
BCA7
BCB5
BBE6
BB76
BC15
BBAD
BC48
3C02
BB1E
3C89
3CA9
BCB2
BC1C
BC19
BC0C
B8B2
3B8D
3C55
BADD
BB3A
3BED
3C74
B9CE
BA87
BC0E
3A77
B981
3BDC
3A9F
BC11
3AFB
B996
BB78
3B4E
3C87
BB65
3AC9
BC3A
3A98
3C20
3AE5
3C70
3B7A
BB0F
3BFE
3C81
3C87
BC2C
3C0F
39D1
3AB0
BAD6
3AAB
39D8
3C3D
BCB0
BBD0
3ADE
BC32
3BAE
3B12
3C3F
3B84
BAD5
BA41
BBEE
3C86
BBDE
3C86
3C87
BAB1
3C80
BC24
3C43
BB93
BCAA
BAAA
39AD
BB19
B997
3AEA
B970
BC65
BBB2
BAC1
BBC9
3A89
BC8E
3B8B
390C
BBDC
3C66
BB84
BC65
3AFB
3B4C
BC13
BB2D
BB25
3C02
BBC6
BA71
3BD1
3B1C
3C27
3C09
3BFE
3B69
3C57
BC19
3C3F
BBAC
3BCF
3BDF
BBE3
3AD6
3BCE
3B93
BA98
BAAE
BB0C
3B73
3C8C
BC11
3BD6
3C1A
3BAC
BC05
BBA3
BB1D
BA6C
3A6B
BB8A
3B34
3C10
BABC
BA67
BC9F
3C0F
3C28
BC60
3BCD
BC1C
3B8C
BB72
BBE8
BC29
3C98
3CA9
39C7
3C3B
39B9
BB24
BC4B
3B89
BACF
BC1B
BADD
3CCA
BC24
3A9B
BB2A
BC34
3C1E
BBC9
BB07
BA1A
BC16
3C32
3C23
3C59
B95F
3BB5
3BB5
3B8C
BBF3
BC02
3C1C
3B66
BC93
3BC2
BC0E
3B85
BB8E
3C28
3C8B
3B95
BC1E
BBAC
BCA3
3B8B
BBB6
3C2A
BB9D
BA08
3CA0
3A2C
BC35
3C4F
BBA2
BB94
BC01
BBC2
3C9E
3C68
BB7D
BB02
39F4
BC58
BB3B
3B26
3C2A
3C52
BC9E
BC35
BBC7
BA69
BB6C
39C4
3C26
BAF5
3C28
BC9F
3CAB
BB8A
BB87
BBB2
BC5F
3C1A
BB08
3B74
BC09
BB46
3CCE
3B17
BBE2
BAE0
BC04
3BED
BBA9
3C83
3BFF
3C1A
BBF2
3B40
3C35
3BF8
3BAC
3A8C
3BA3
BB79
BBB6
BB3F
3C7C
BAB1
BB9E
BB47
BC6E
3B2F
3C04
3C6D
BC48
3C53
3BCC
B903
3BE6
3C0C
3B2D
BAD2
3BAB
BC3C
BC3D
3AC6
3AA3
BC99
3AA1
3B69
3BFE
BC99
BBB0
BA73
3C03
BC74
BC07
BC63
BB95
BC54
3B24
3A27
BC03
3BCF
BC04
3BB5
3B5A
B993
3C27
BC5D
BC05
3CAD
BC29
BC85
BBE8
BA31
3BAE
BC02
3BBD
3B85
3B2D
3C0C
3C27
3C6C
BC81
BB4C
BC8C
3C18
3CA9
BC1F
3C06
3C1F
BBD7
3BBF
3C32
BC0D
BB65
BC63
3BC0
3C12
BB47
3B19
3C12
BBAE
BB87
BA36
3C5A
3C37
BB2D
3C05
BB0D
3A26
BC9D
3B7D
BC5D
3C78
3C4A
399E
3BF9
3C2D
BC2E
3ADC
3BC6
3C84
BBC4
BB30
BA7F
BC30
3B58
3A9D
BAA8
3B9E
BBA9
BBE3
BBE2
BBEB
BBA5
3C08
BBC6
3B35
BBE6
BB39
3BB3
3C46
BC7B
3C22
3C80
3BF8
3C2C
BBD3
BB0B
3C5D
3C53
3BCC
3BEB
3B47
BAC4
3C17
3BDA
3C3C
BC48
B832
BAA3
BBD6
3B47
BC87
3B51
3BC1
BBE4
BBC7
BC9C
39C2
3AFF
BC15
3C82
3B95
3C36
3BDF
BB8B
3C1D
BBCF
BB57
BC91
3BE9
3BA1
3C52
BAEE
3B99
3BD1
BB73
3C32
3BD4
3CD9
BAFB
3C22
3C48
3C6F
BBBA
3AD7
BBBB
3944
3C44
BBD8
BA55
BC10
3C3B
3BBD
BC23
BB9F
3C1F
3C02
3BCF
3BC9
BC62
BACC
BCDD
BC88
3C86
BC60
3C18
3C74
BCD1
3C98
3BFA
BC36
BC49
3B5C
BB08
3C8F
3B20
BBE5
BBF4
3B2E
BBCE
3C5F
BA05
3CAF
3C69
3B8A
3C8F
3B04
BBA0
BC2F
3C0A
BC7D
3C2A
3BB0
3A10
3A71
3C09
3B01
BBC0
BCD3
3B7C
BB21
3CAE
BB13
3B73
3BA9
3BAD
BB3D
3999
BB4F
BB64
3C82
39CF
3B5F
BBA2
3BCC
3A9C
BC20
3A92
3C27
380A
3C33
3CB0
BC83
3BDB
BC3E
3C82
3B50
BA9F
3B8C
BBC1
3C3C
3BC6
BCA2
BB85
3A05
BBE4
3C80
3C2A
3B3E
BC62
BCB0
3B4C
BC3A
3AE4
BB84
3BE9
BC4A
3AAE
3B03
3B53
3CAF
3972
3C24
3BE9
3BBE
BB0A
BBF8
BBB1
BC11
BB9F
3C86
BC3A
BC2E
3A41
BC1E
BA6B
3B50
BBE4
BACD
BC66
B880
BB53
BBD0
BBA9
BC4B
BC8B
BAC8
3C79
BC0C
BB4B
BC82
3A5A
3C95
BC1C
3C0C
3C1D
BB26
BC23
3CD4
3BB9
3C1F
B9B3
BC8D
3C54
3C13
BA61
BBBB
3BE7
3AB5
BC1E
3B32
BB65
3C10
3BF8
3B2D
3C2B
BC3D
3AE8
3C38
3B3C
3BFA
B9A3
BC70
BC29
3B76
BBC8
3BE5
3A38
BB8A
3BFB
3C76
3BB8
3C33
3C4F
3C0C
3C69
BB4B
BB0B
BB8E
BC3F
BC87
3BAE
BBB0
BB7D
BB12
3B81
3BD0
3B8F
3C36
BAAC
3C83
3BB6
3B74
BBE8
BBAA
BBAA
BB32
BC8D
BB0A
3C8B
BA82
BC05
BB9C
B922
BCA7
BBEC
BC1E
BA94
3BB4
BC33
3C69
BBDF
BC07
3B6C
3AF2
3C54
BB48
3B68
3C2E
3C10
BC4F
BC35
3BEE
3C2F
3C60
3B9D
BC20
BA18
3BA5
BAAF
BB32
B997
3C3D
3B11
BC5E
BA73
BC2B
BBB1
BC5D
3A66
3BD2
BB7A
3BC3
BB0E
3B63
3C85
BC9E
BC82
3A94
BC4A
3C47
3BFC
3C1B
3C6B
3C51
3C8F
BBD4
3C88
B940
3BA5
BC27
3C9D
3C0E
BAEC
BCA5
3ABF
BCB8
3B71
BC16
3C43
B8B1
3C03
3C81
3B08
BBA9
BBFE
BC64
BB1F
BB8C
3BA5
3C52
3BB0
3B66
BBD6
3BCF
3BF2
B99B
BC1B
BBC2
BBEE
3A97
3B91
BC1E
3BE7
3C7F
BB87
3B7F
BCE1
BB6D
BC26
3B9E
BBB5
B930
3BE8
BC6F
BC15
3C15
BBE5
BC13
3B5B
BB94
3A20
BA29
BA93
3C60
BBA5
BB52
BBA7
3C53
3C32
3C0F
BA5F
3C62
BB42
3C8E
BB97
3BE7
BBA7
3C03
BBB3
BA39
3A70
39B7
BB2E
3C13
3C00
3B85
3C37
BA71
BC17
BC6C
3C4C
BC14
3B2A
3C1E
BC43
3978
3B00
BC5C
3C54
BBF1
BBBE
3C7F
3BE4
BC85
3C1D
BC22
3C8B
3A34
3891
3C32
3C29
BB8C
BCAB
3C28
3C49
BC51
3CB4
BBEF
BAAD
BB25
3B04
3C1C
3B18
397E
3BD0
3B25
3C37
3AF4
3BB2
3BB5
3B24
3C39
3A93
BC5A
3BD7
BC19
BB43
BB65
BAA6
BB9D
BC54
BBD6
3AF8
3C5B
BC84
BC30
3791
BC97
BBEF
3A91
3B61
BB94
3CB4
BC11
BC38
BC19
BC60
3B96
3B66
BC9B
BC21
BCB0
BBDA
3B42
BC54
3BB3
BB8F
3C44
3D0A
BA44
BCA4
BA03
BBE2
BB02
BC7B
3C57
BCB4
3C0D
BB8E
BAA2
BBD1
3B9F
BB5D
BB0A
3B65
BBD6
3B94
BCA6
BC35
3C0C
3909
BBEA
3B00
BBA9
BA57
BB80
3BA8
3B75
BA38
BC80
3C44
3BFF
3B70
3B58
3C1C
BBAF
3C44
BC14
3C7E
BC36
BB22
3C2B
3C48
BC7E
3BBF
BC8F
3A45
3C71
BC47
BC81
3B8B
BAE2
3C15
3BD7
3BB5
3CD7
BC1F
3C4D
3C2F
3C08
3B76
BA4D
BC68
3C20
3BC6
3C03
3C6B
3B74
BC21
3B2E
3B08
3C7C
BBB9
BC4F
BB97
3BB9
3C25
3C5F
38C6
BBA7
3BD2
3C49
399B
BB28
BC5A
3CA4
BC16
3CA8
BB94
BCA0
BA81
BB79
3BF7
BB07
BB63
3C38
BC2A
BBE7
3C30
3C56
3B36
BC7A
BC32
BBEC
3BD3
BC38
3BCF
BBFC
3BA1
390A
BC1D
BBCB
3C05
BC03
3BFC
3B95
3B94
3C2D
3C58
B901
3C5B
BCAE
BC2C
3CAF
BB2D
BB41
3B42
3C00
3B64
3C6F
BAFE
3B98
BC90
3AF1
3B71
BAD7
BBFA
BABA
BC34
B945
3C57
BC0B
3B27
3BBD
3C77
BC31
3B96
3BFA
3B0C
3A38
BBEF
3AC8
BBAC
BC15
BC1B
BBBC
3B7A
BC64
BC88
BB6F
BC87
3C93
B99D
BA5E
3CAB
BB1E
3B96
BB48
3B8C
BB27
3C10
BA1C
BC0F
BBF5
BB40
BC5F
3CDC
3C31
3C1D
BCAE
BB98
3C19
3C1D
3C1F
3C66
BC11
3C6E
3A1E
3B18
3C1E
3B79
B924
3C92
3A22
BBCD
3C17
BC91
BA83
BB58
BC49
3B6A
B9F6
BC0C
3C16
3B81
3B75
BBE9
BC93
BAFB
3CA3
3CCC
39CD
BBD2
BC35
BA93
BC2D
3A4B
3C0D
BBBF
BB45
3C85
BB4C
BC87
3C37
BB84
3C94
3B6D
BBAC
3B80
BB8A
BC1C
BB71
3AE3
BC8E
3C84
3CA8
3B89
BC8E
BBA9
396F
3AA2
3B44
BC16
BBA2
3CAA
BB41
3950
BAFA
3BC9
BB26
381A
3C5F
3C0C
3C1B
BC21
3C69
BBBB
BC44
BBCC
BB1E
3B88
BBBA
3C56
3BA2
BC7B
BC0C
BC03
3C3E
3BD6
BAE6
BB81
BC1A
BB8C
3BE1
BBE9
BC58
3C7C
BC30
BC59
BC04
BBFE
BBEF
BC0E
3BAB
BBBD
B914
3B65
3BED
BC48
3CA4
3AC1
BB73
BC26
BC26
BAB3
BC0F
BC6A
3C3F
BC7B
3C1F
38FA
3B32
3A28
3C16
BB94
BC09
BB95
BBD2
3C22
BBE7
BB53
BBA3
BA4C
BC17
BA49
BBE7
3ACB
BC8D
3BCD
3C95
BBBF
3C0C
3B6B
3BBB
BA89
BC31
3A68
3B0E
3C68
BB77
3C30
3C59
BB9E
BC89
3BE8
BA9F
BB5D
BBAF
3C25
3B3E
3C1F
BB7C
BBB8
BC0D
BC5B
BB95
BB92
3B93
BB37
BB4B
3C44
BC68
3B14
BC85
3B49
BB08
BCB9
BBCD
BBFD
BC9F
BB30
BB4B
3C0C
3B14
3C0C
BBAF
3BE6
39A3
3B59
BC7F
3BC3
BC91
BB9F
3A98
BBFB
BC3E
BC01
BBF5
3C46
BBE3
BB9A
3C6A
BC52
3BAA
3B34
BB33
BA96
3BBF
3C07
BC1A
BC10
BBD1
3C25
BB84
BA90
BC1D
BBFE
3B1F
BC42
3C75
BA5F
BBA1
3B62
3ACE
BB5F
3C1F
39DB
3B73
BB0A
BB81
3BCC
BBE0
3C35
3AFE
3C10
BC7F
BC3F
BA86
3996
3A25
3A69
B9BA
BA06
BC27
BC2A
3B1E
BB07
3C23
3AD8
3BBC
BC14
3BA5
3AAB
BB08
3B58
3ABE
B98D
3C7B
BBCC
BC13
3914
3C65
BACA
3B00
3BC6
3C3C
3B70
BC06
3B0D
BC60
BAB3
BAC1
3C48
BC58
BB68
BCAA
BBFA
B968
BBDD
3B7E
3C86
3CA7
3C2D
3B4B
BC41
3BD2
3BB0
3B21
39A1
BC09
BB8E
BB9D
B9C1
3A23
3BEC
BC19
3BBB
3B67
3C4A
BB73
3C09
BB84
BA61
3C78
BC13
3BFA
3AF4
3AA2
3C71
BC5E
BC3A
BC25
BB14
3B53
3C5C
3B15
3CFA
BA93
BCA4
BC82
BC95
BC56
BC84
BC8F
BC03
BB73
3C9F
BCA6
3C77
3B9F
3C6F
BAE4
3C42
BC8A
BB80
BAA1
BC8F
BA99
3B8D
BA81
3C33
BBBC
3C9E
BC60
BB8A
3B26
BB38
3BDC
3C18
3BA0
3BDC
3C20
BC34
BC3B
BC44
BCD8
BBE3
3AD4
3B81
3BA9
3C57
3A10
3C0C
BC18
3C6C
BCCF
BB82
3C6F
3BA0
3C69
BC2D
3B81
3C3B
3BDE
BAD9
BBB4
BB2E
BC6F
BC15
3BBC
3895
3980
3C85
BC4E
BC4D
3C6F
3C5F
3B3D
3C17
3CB8
BAF3
3C2F
3C81
B952
BBE2
3ACB
BC1F
3CA7
BCB9
3A21
3C75
BC2D
3C06
BC80
3AAA
B9AA
BC9C
BD1E
3B10
BBA7
BC0B
3BAB
BB96
BBEE
BC2F
3C78
3C9A
BC2B
3BDD
BC09
BB55
BC01
38D9
3B83
BC52
3C76
3C3D
3C19
3C42
3C08
3B5B
3B6A
3C23
BA50
3BB9
BB45
BC27
BAAF
BA0E
3B94
BC56
3C3F
3CC5
BC9B
BB3D
BC9D
BA83
BB34
3BB4
3C1B
3B09
BC2C
BBC0
3BC4
BC17
BB63
BA74
3BE9
BC24
BB0F
BBF3
BC7A
BC04
BA01
BB00
3C3F
BBD3
BB84
3CFB
3CA4
3B07
BA06
BA86
3BEA
BC81
BC05
BC20
BC3A
3C90
BB5D
BC3B
BC3E
BAB7
BB8F
BB72
3A8B
BB78
3CB6
3B20
3C2E
3C93
3C14
3CA3
BBC8
3A62
3BA6
BA99
3AF4
BC25
3C51
3CB2
3C1E
BC14
BB46
BC57
BC0F
3BC8
BCB3
BBFA
BB3F
BB0A
BBE9
BC1C
3C27
3C83
3C91
3C0E
BC69
BB99
BB13
BC23
BAB3
BAAB
3C2E
BB16
BC8B
3B60
BB3E
BB86
BB44
3B62
BB14
BCA1
BB79
BB89
BC49
3C5E
BC92
BBAD
BC12
3B50
3A49
3BB3
3BEB
3AD0
BC17
3C2A
BA09
3B10
BBE2
BC6F
BC4B
3BB2
BAD7
3BA9
3AB9
3C18
3AE0
3B0B
BB3D
3B92
BC6C
3BFE
3C2C
BBA6
BBA8
3BB6
BA8F
BAF4
3C77
BAF8
BB33
3C10
3B0C
BB9A
BB95
3C19
BB91
3B0E
BC24
3BFC
BC72
BB82
3B0F
BC17
BC33
3A3D
BBA1
3C04
3B6D
BD07
3C04
BBBE
BBEE
BC12
3ADA
BB3C
3B53
B922
BBFA
BB02
3C05
BCA7
3C05
3C65
BB1D
3B6A
BC9A
BC40
BC76
BC03
BBF3
BB86
3BDE
BBFB
3BC7
3B7F
3C4C
3B1D
3BA8
3BEF
3C1B
BAD5
3C3C
3C10
BCBE
BB4B
3B94
3B17
3BAB
3AA6
3C23
BBFD
BBA1
3A5F
3B48
3C4C
3BDC
3C3F
BC1C
3CB2
BC66
3BF0
3C88
3CAE
BBB4
BBE9
3AB7
3C1B
3C23
3C97
3BFA
3B1D
BBEC
BC46
BC05
3D00
BC1D
BA73
3B8B
3BCD
3B24
3B00
3959
BC09
3B19
BC24
3C2F
BB2D
BC22
BB9A
3A8D
3C67
3B51
3B41
3C3B
BC24
3C8C
3CCA
BB09
BBBD
3947
3B42
3BD4
3B2E
BC20
3C2D
BAD1
BC8B
BB91
BB20
3A0C
3B7B
BB89
BC26
BBA1
3C80
3AAF
BC26
3C07
3CD2
BC89
3B32
3C85
BC58
3CB2
3BC2
BBAE
BC96
3B23
BC40
BC05
3A89
BA85
BBAD
B80A
3C3A
BAE1
BBBA
BBE1
3CAB
3C10
3BD6
BBC8
3C02
BC8D
3BCF
BC31
3B88
3C1D
3B4E
BC64
3B16
BB45
3C5E
3B42
3B5F
3C8C
BB52
BB8A
BAB8
3BF1
3CC7
3B85
BC59
3BAF
BC83
3B1D
BC7A
BB12
3C12
BC15
BC5D
3BD7
BB0A
BC6F
3BC7
BC47
BB0C
382E
3C10
3B06
3A84
3A89
3C1C
BACF
3BC2
3C88
BC92
3ABE
BBF8
BB1A
3B23
3C1E
3C46
BB87
BA62
3C43
BC84
3B0C
3BB0
BBDB
3BAC
3C02
3BE7
BBD8
BC4B
BB64
3AAD
3B74
3C1D
BBF1
3A90
BB32
3C68
3BE9
3C3C
BCAE
3B64
3B67
3C62
3C0D
BC32
BBB9
BC49
BB1B
BBC3
3C03
3B0D
3C2B
BB20
399C
3BC3
BC9A
BAF7
BB34
BB11
3BEC
BAC1
3BD4
3C8F
3BA4
BC55
BBA7
B99C
3BF8
BC44
BBB9
BC64
3BCC
BC43
3CAE
3BB2
BC13
BBE0
BB70
3B96
3BDA
BAD4
BC84
BBEB
3C1C
3C23
3B19
3B4D
BC5A
3BC6
BCFB
BAB3
3C08
BC36
BB6C
3C17
3CC8
3A62
3C89
BBC9
BA8A
BB5C
BC4B
3A4F
BC21
3BFC
B9AA
BBB2
3B87
BC9A
3C3D
BB92
3A9C
BBA5
3C16
3B05
B8F9
3C42
3CBC
3BAA
BC64
BBD3
BA9C
3BA3
BC13
3B9D
3AD6
3BD7
3AC6
BAE2
BC60
BB46
BBA9
BC15
BB2F
3B74
3C43
BC02
3C3F
BBB1
BCB3
B9E7
3C4A
BCCA
3C52
BBAA
3C3D
BC0D
3B20
BB50
BC45
3C01
BB1F
3C23
3B3F
BC4B
3C25
BAF7
392E
BAB5
3C63
3B82
3C05
BB5A
3C4B
3A86
BA60
BAF8
BC4B
3C6A
3C58
BC8F
3BFA
3AE7
3C87
BC15
3BDE
3A93
BC38
B976
B891
BA40
BBFC
3C3C
BC1C
3C36
BBEB
BAF4
3B59
BADC
3C0D
BB9C
BA95
BC96
BC10
396C
3B4C
3B11
3C45
BB75
BA94
3B81
3C5B
3B31
BB74
3C8F
BA89
3C5D
BC02
3B4B
3B72
BAAB
BC25
BBF9
3C25
BBAA
3BA7
BBAA
BB89
3BF1
3B7F
BB2A
BB0A
BCA6
3C4B
3BFB
BBDA
BC2A
BBC9
BC11
BC82
3C09
BAF1
BBA9
3BC1
BBA9
3BD0
3C21
BC01
BC0D
BBF3
BAE3
3B5D
3C7F
BC14
3C44
BB8F
3BDA
BB65
BC49
BB9A
BA3E
B9E1
BBA3
3B89
BB81
3C82
BB8A
3CCE
BC1C
3B91
3C06
BBD6
3BE7
BC3E
BB0E
3C6A
BACB
3C53
BBFF
3C76
3BD4
BAAA
B9A6
3C2E
3C76
3B2E
38B8
BA87
3C38
3BF8
3AF5
3BFC
3C07
3A27
3B95
BBA0
BB0B
3BF5
BA03
3BAE
3BF4
3BCC
3A7E
38F3
BADC
BBD8
3C92
BC1F
3C68
BC77
3A71
3C93
BCEA
BBCD
BB8A
3BCD
3A54
3AF1
BAD7
3BEB
BC86
3CB6
BC1A
3ABC
BBA3
3BB4
BC43
3C0A
3C8D
BBBD
3C0D
BB9C
BC1C
BAAC
BCE5
3B48
3B3E
3B5C
BC28
3C6D
3C15
3C50
BA5C
BC8F
BAC7
BBB6
BC42
3B74
3AFA
BC32
3B52
BBA5
BC4B
BC32
BB1F
BB23
3A9A
BB21
3B41
BB2B
3BB9
BC6B
BBD6
3C1A
3C66
3AC5
3C65
3B86
BC5D
3C91
BBF4
3AC0
3C22
BC0D
BB87
3CAD
BC5F
3B88
BC7C
BB75
BB7B
BCA8
3B94
3BBD
BB0B
3C53
3CA0
BBDD
3BE9
3B5E
3CD3
3C3E
BC8F
BB05
BC2D
3ABA
3C0C
BC30
BC3E
BB30
3AE7
BBDE
3BC4
BAB0
BC23
BCEF
BC4D
BC2E
3BDE
3C25
3C0C
3ACF
BC1A
3C1E
BC3D
3C23
BC89
3B4A
3BA8
BAD0
BC87
BBE8
3C07
3C25
3C15
BC86
BC31
BC1A
BB77
BC23
3CC4
3BB3
BC06
3B9A
BA67
B9AC
BB54
3BC5
BC9D
3C81
3C14
3BC1
BC6B
3C67
3C00
B952
BC08
3BD6
BBCB
3A24
BC07
BCB4
3C7F
BCAE
3C29
3C01
3C95
3C2F
BBF3
3B34
3C42
BB9E
39A5
BB62
3C0B
3C7E
3C2C
BC34
3B8A
BC65
3C21
3A2B
3BD7
3BF5
BC69
B858
3B7E
3BA9
BB56
3B22
BB19
3C40
BC65
BC6D
BC54
3C33
3C1B
3B8F
BA4D
BBDC
BBAD
BB41
BC8A
BB21
BC4E
BC13
3BC5
3C76
BBC0
BB9C
BBE0
BBBB
B922
3CAB
BBEE
3B5B
3C26
BB9D
3BA3
BB76
BA38
3C30
BC60
3C87
38F3
3B14
BB06
BC32
BC24
3B8A
3C2D
BCA6
3A36
B987
BB85
BB09
3CA3
BBA4
BB22
3CB1
3C2A
3B7D
3BBD
BC89
3C77
BB33
B9A1
BC3F
B9BE
3BCB
BBFE
BC36
BBDD
3B56
3B98
3C0A
3C37
3BDA
BB58
BB35
BC15
3C46
3BBD
BBB3
BAC0
3BDA
BC4E
3B3A
3C39
BC7C
3B9C
BBFE
BBA6
BCA7
3C45
3A8A
BBD0
3BE2
3AEC
3C5E
BB54
B9AA
BB10
39D6
BBBC
BC95
3B4A
BC06
3C72
BC29
3BED
BBD6
3CC0
BBF4
3B97
BBAA
3C19
3BB9
3B99
3B27
BC69
3BA5
BBA2
3C53
3C84
BB96
BC60
BA32
BBD7
BB5B
3B70
3AA6
BB3B
BC89
BAD3
B9F1
3B1C
3B2E
3AB6
3B9C
3C67
3C23
BBEF
3B5D
BB86
3B39
B9EA
BC12
BB23
BC87
3C2C
3B8F
3C35
3B4D
3C1B
3BB7
BAE2
3C1C
3C0C
3C46
BC35
3C3D
3B0B
3A23
BC68
BBE0
3B28
3BCA
3C44
3C94
3C26
3A6B
BBE6
BC23
BC32
3B46
BBDC
BC50
BA14
BC40
BABF
BBF0
3C38
BC1E
3B71
3C9D
BC2C
BB22
3BF6
B99A
3B8D
3BE1
BBE0
3C40
3C9E
BBCD
3C35
3981
BC4B
3C00
BC90
3BB3
3B86
BB09
BA62
BB5C
BBDE
BC43
3B8D
B81A
3B67
BBC8
BB29
3A26
BA9C
3C31
BAFE
B906
3C68
3C81
BC51
BB4D
BC93
BA1C
3BED
BC39
BC95
3B91
BB44
3B03
3BA0
BA10
3B48
BC33
3BBF
BA9D
BA9A
BC13
BC9F
BAFF
BB6F
BB4F
BBC4
BC7C
3C3A
3ACF
BB26
BBE9
BBCB
BBC6
3B5D
3BE8
3C11
BC2B
BB37
3A80
3C5E
B99A
BBE0
3BC7
BB58
3A28
BC09
3B45
BB9B
BC47
BB44
3C50
3C90
3C5D
BA07
BB76
3AFF
BB0B
BB9B
3C9F
BBF7
BC1F
3BDA
BC57
3CDA
3BDC
3CBA
BB36
BC82
3A9C
BB41
3C96
39A2
3C0A
3BDC
3AA2
BC82
BB29
BC0F
3B51
BCA8
3C16
3C4D
BA5C
BC21
BC4B
BBBA
3B96
3C28
3BC6
BA01
BBE3
3C35
BBB4
BA93
3BB3
3BB1
39FB
3B03
3A3D
BC06
3B93
3C0D
3AF5
BC6F
BBCF
BB89
BB3B
BC45
3C08
BA77
3BE7
3C0A
3AC8
3BA5
3C23
BC3D
BC19
BC9D
3A79
3B12
3B40
BC20
3AEB
3BE7
3C08
BBEB
3BE4
3B06
BC08
BB03
3BEC
3AC8
BC39
BAFF
3C76
BBBD
3A02
3B77
BB24
BB8B
3B25
BC1C
BC3A
BA93
BB80
3B38
BB97
BB30
3B71
BC57
BB7E
BC08
BA51
3AB3
3C22
BC26
3B37
BB36
3B87
3C22
BBEB
BC2A
3B11
3A80
3C46
BAB0
BCA7
3BB1
BB3A
BC5C
BC8F
BAE1
BB99
BB1E
B983
3C06
BAE9
3BDE
BC3A
BC38
3C0C
BBE8
3C4B
3C85
3C1A
3C6E
BC5F
3BCC
3BF6
BB2F
3B6D
BBDA
3B2F
B98F
3B8E
BCC0
B9D0
3C8E
BCB1
3C0A
BC82
3C05
3CC5
BB33
3B26
BC1E
3CB0
BC44
3B0D
3C11
BA71
3CA4
BBEA
3AFE
BB96
3B94
3C26
BC4B
BB91
3B22
BBAD
3BF7
3BBA
BC04
3BA7
3B3B
3C1B
3BA8
3C57
3C76
BC2E
BBFC
3CA3
BC7A
3BC0
BC74
BB1F
BC00
3B27
BC29
BB3E
BA40
3BE9
BC99
BC12
BC39
3C0E
BB62
3AAA
3BFA
3C9F
BB6A
BAA1
BC3F
BC8A
3C0D
3B5D
3B6D
3C47
3BF5
3CE3
BB31
3C99
BCC8
3D08
3B76
BB36
3A8B
3A84
3C46
3B91
BC02
3C46
BA66
BB05
BC1E
BC35
BB3B
3C44
BC23
3C52
B5D6
BBCC
3C69
BB20
3B1B
BB30
BC2C
BB89
BCA7
3B23
39AC
BB02
3C49
BB48
3CD7
3C87
BCA6
BB8E
BB02
BC0F
BAB6
BBB6
3B69
3BC6
BC26
3B32
3BDC
BB03
BAE2
3C2C
3C5B
BC34
3C6C
BCA4
BC3B
3C14
BB4C
3B55
3C13
BBCF
3AD3
3C19
BBD4
BA64
3A31
BC00
BB91
3CA8
BC44
3B31
BB84
3B2B
BBAB
BC48
BBA3
3CBB
3A58
3CB4
3BD2
BC15
3B92
BB55
BA98
BC7F
3C0E
BC58
BC89
3B66
BB78
BC0A
3C48
3C79
BBE6
BBBC
BB1A
BC0B
3BE4
3A05
3AB2
391D
BC80
BBC1
3C73
BCA7
BCAE
3D0B
3CCB
3B2F
3B11
3C15
3B36
BC24
3B84
BACA
3B78
3A82
BBF8
BBFC
BBED
BB91
3AD2
3B14
BC5A
BC20
BC2C
BB96
3B3A
BC82
BBB5
BBF6
BB2D
3BC2
BBE5
3C3E
BACA
BC17
3C81
3B6E
BB1A
3C4D
BAE0
BC3D
BBCE
3BD3
3C61
3C14
3B27
3A4B
BB87
B991
BBD4
3C01
3C7C
BBF4
3C3A
3C53
BBE8
BB9D
39F6
BB7C
BC46
3ACC
BBA4
BBFE
BBAC
BB56
B988
BC85
BBD0
3B42
3BDD
BB85
BC82
BC2A
BB87
3CAF
3C1D
BC12
3C44
3B9E
3C4D
3B69
3A61
BB8C
BC3A
3A83
BAC6
BCA5
3CB7
3B15
3B89
3BB9
BC4A
BB86
3B41
BC39
BB81
BCAE
BB3F
3C98
3B94
B899
BBEB
3C10
3C1A
BBDF
BC78
3BF5
BC14
3B8E
BCB0
3C51
B918
BBD6
3D17
BBFF
3C2A
37D4
BC36
3B18
BC51
BB86
BB9A
BAB3
3BD1
BC8D
3CC0
3D05
3BD5
3C22
BC1F
BB00
BB2D
BB88
3B93
BC09
3C0D
BB0E
BC7A
BC7C
3C16
3BB3
3C74
BBF0
BC53
3AEA
3AE1
3B69
BB43
BA93
BC3E
3B75
BC27
3B87
BCD6
3B45
BC35
3C15
BB60
BB07
BB3B
3C32
BB00
BC51
3C9A
3C2C
3AAD
3C10
3CA3
BB01
3BC1
3B41
3A8D
3BC9
BBE9
3C35
3AFB
BC25
BC25
3CEA
3ABF
3B39
BC2C
BC07
3C01
BC8C
3AC5
BB16
BBD5
3C73
BCAB
BC26
BBE2
BBE1
3AAE
BC8C
3A37
BB50
3C22
BC84
3B4D
BC00
BC2D
3C60
BABF
BC41
3B8E
3C66
3CC3
BA1F
3C51
3A69
BC90
3B95
BBDE
3BC0
3C0B
3C1A
BB9E
3C21
BBDA
3B92
3BAB
3C0F
BB94
3B54
BC36
3BD2
BB32
3A89
BBB8
BC0E
3C54
3BE4
3AE8
3C02
3AEA
3BD8
3C34
3C13
BC27
BC3D
BBE5
BBD0
3B15
BB70
3BF6
BC05
3B84
BC0F
388A
BC2F
3C7C
3B59
BC9E
3CB5
BB21
BC09
3C54
BBBE
3C1D
BB9A
BBBF
3C29
3BCA
3BFE
3C3D
3C6A
BC5F
BC9D
3BEF
BC9A
BBE7
BBDD
BC52
BC79
BBBC
3BC1
BC30
BB95
BC9C
3BD1
BA9E
BBA2
BAB3
3B2E
3A4D
BB2E
3C12
3B8F
3C13
3BF7
3B91
3C62
BBD1
BBC1
BB91
BC85
3C09
BC2A
3ACC
B9DB
BC2B
BB3E
BBFE
BA9C
BC06
3C1C
3A0B
3B64
3B4E
3CC5
3C04
3AF8
BB6F
BCB3
BBC4
3C19
3B8B
BAC1
3C9B
BC85
BC3F
3B86
BBE8
BC14
BBBC
3AC2
3B6C
BC59
BB75
BC89
3C67
BC44
3B83
3C4F
3BAF
BBC7
3C34
BC02
3BBA
3C3F
3BEF
BC3E
BBDF
BA2E
BC77
3C32
BBF0
3C7D
BB37
BC3A
BC59
3B1C
BBD3
3B57
3CA0
BB43
3AEB
BB40
BB75
BCCC
B9D1
3C48
BAE8
3AD9
BA92
3AB5
3CB8
3B81
3A51
3C72
3B39
BA57
BC4A
BC51
BC98
3B15
BBE8
BB7F
BC8F
3C6E
3C1D
3C28
BADA
3BF9
3B6E
3BCF
BA66
BBF7
BB9D
3C24
3C82
BB3D
BAA9
BC70
B92C
3BDB
BB17
BB8F
BBFE
3B41
3C08
BC47
3C67
BCA6
BC89
3B97
BB62
BC41
3C2E
BBF0
3C06
BC35
3B89
3C84
BB44
BBCF
3B90
39B4
3C5D
BAC5
3BC0
BB65
BAA2
3C3F
BB56
3C6F
3BC2
BBC8
38FF
3B57
3C8E
3C70
BB99
BC09
3BE4
3B9A
3C74
3AB9
3C35
3A38
B7B2
BBA0
BC1E
BB45
BB51
3BDA
BC71
3B6B
3C26
BBFE
BBB6
3C54
BB27
BC80
3A21
3BE6
3B9F
BBF3
B9D8
BBAA
BC1E
BB9C
3BFE
BC28
3B9E
BBC5
3C5A
BB31
3B6D
BBB9
BB41
BC23
BBEA
BA95
3A92
39B3
3C28
3A80
BADD
3C60
3CC3
3BD0
3BE6
BB8F
39B9
3C9D
3C5B
BAE7
39AD
BB82
BB84
3B94
3A15
BA41
3BE3
3AA5
3B34
BBA2
BA5C
BC86
3B51
3C1C
3C58
3C08
BBB3
3C48
3B78
3BC3
BC65
3C2D
3AF7
3BD3
BC84
3C0D
BAB6
3AA1
BB2F
3AC3
3B2C
BC87
3BB6
BAB9
BC39
BC25
3C29
3C37
BA9F
BAB4
3A8C
B91A
BA5C
BB89
3B94
BA19
3C15
BB1A
BB4B
3C02
BBA7
B95D
BA8E
BC07
3A96
BC8A
BBA8
3BD9
BC30
BC00
3B49
BB4B
BB90
BB87
397F
3B57
3BBC
3A33
3C36
BC20
3C1F
BC1D
3A77
3B89
BBFC
BA8A
3C19
3C10
3B0F
BC95
BC81
3BF8
3AB0
3B6B
BC04
BC25
BB09
BC16
3B3D
BC5D
BBB7
BC47
BB10
3AF6
3CB8
3A22
BC2E
3C34
BACA
3C94
BC8A
3BFF
3C43
3B05
BBEC
3B76
3AD6
3A98
3B77
3B5C
3C06
BB2B
3BE1
3C89
BC37
3C43
3C54
3C92
B912
BBE1
BAFB
BC56
3BEE
3BE8
3B57
3C6C
BA56
3BEB
3A11
3CB8
3B92
3AB9
BA72
3C2C
B953
3CB9
BC14
BBAE
3BBA
BC16
BB79
3C0A
BC41
3C2C
3C04
BB8F
BC8C
BC64
3CAC
3BF2
BA8E
BC7E
BA6B
3C11
3BA3
3BB6
3B81
3C3B
BA9E
BC8D
BC8B
BB70
3C3A
3C12
3C41
3C6D
BB53
396D
3BA0
3AB5
3C40
BC81
3C4B
3C8A
3C8C
BC0B
3C41
3C28
BCAB
BBF8
3BEC
3BD7
BBE8
3C32
BC8D
3BFC
BC7E
3B7B
3B70
BB3D
3C4B
BBD6
3BE5
3C59
BB89
BC4D
3BE3
BB0D
3C50
3C0D
3CAF
3BA1
BBDE
BBC9
BB84
BC32
3B3F
3A5A
3B3F
BB72
BB4F
3C1E
BB9F
BC54
3BC6
3BBC
3BD0
BB21
3B82
BC3A
3CDC
BBA8
3C1F
BCEB
BC1E
3BF4
BC83
BBD2
BB8B
BB96
3C1D
BCA0
BB61
BC10
3B13
BB1F
BC0D
381C
BBA1
3CD6
38E9
3C3C
3B94
BC44
BB10
3C43
BC15
3C7C
BC9F
BC15
BC8B
3C3F
3C5A
BC14
BC67
3AAE
BAC9
B908
BC03
3C2F
3C8D
BA83
3C30
BB96
BC52
3AF9
3C25
3AD6
3B2E
BAE2
BC91
BBAA
BC57
3BDB
3BC3
BC7E
BC60
BBCA
3B1B
BBA4
BACD
3BE6
BB25
BB8A
3C82
3C48
3B9D
3C68
3BD6
BBEE
BCAF
BB8A
BC03
3BE3
3B27
BC00
3BF5
BC5E
BBC1
BB39
BC23
BC4C
3BC6
BB15
3B0F
3C58
3C25
3A0C
3BC9
3AFE
3BEC
3C24
3C30
3BE0
BBDA
3C3E
BB3C
3BC7
BC43
3CA2
3C4B
3C2C
3978
BC43
3B28
3B41
3C65
3BBC
3BB5
BBF7
BD03
3C44
3C10
BBE8
3BC2
BB5D
3C3A
3C2C
3C4F
BA85
3A80
3C23
3CA1
3C61
BB06
39A7
3C08
BBB2
BBA9
37B4
B9F8
3C14
BC8A
BBD4
3C58
BB2D
BC5C
3C05
BC29
3C7A
BBF5
BC11
BB6C
3AB4
BAF0
3AAD
3C3F
3BD2
3C5D
3C14
3C14
BC82
BAAE
3C0A
39DA
3B16
BB16
BC98
3B83
BAEA
BC13
3B29
3C02
BA34
BAA1
3AC2
3C08
3CAA
3B20
BB85
3C7A
3BC8
3A7C
BB6B
3BEF
3C16
3C41
BBAB
3B2B
3C2F
BC2E
BC49
3B79
BB5A
BC72
3A5A
3B32
BAD1
3BB9
BC5C
3BEC
BC9C
BB14
3C29
BB8A
3B9F
BC0F
3B34
3B48
3C3F
38F7
3C2A
3B22
BA04
BBEF
BA9B
BBBC
BC7A
BAB1
BB93
BACC
BAC5
BB75
BB98
3A20
BC96
BC0C
3C95
3A7D
3BB9
3B25
BB98
3BEF
BB23
3B9E
3BD9
BA1F
BC0F
3C93
BC9E
3AE5
BB94
3BD3
3B3F
3B2F
BB75
BC59
BC1B
3C94
BBAF
3C0E
3C42
3C5D
3A9F
3BED
3B6B
3C23
BA6B
BC5B
BA15
BC97
BC8E
BC8D
3C18
BC0C
3B59
BC6F
BCC8
3C11
B846
BC45
3BB7
3CC9
3A94
BC18
BAAC
3C17
BB70
B81A
3C0F
BC1A
3BE9
BB43
BBB6
BBF4
BC0D
3C20
3BAC
3B65
3C10
BBE0
BB60
3B55
3CBE
BADB
3BCE
BC82
3C50
3B3E
BBB8
BB63
B96C
BBC6
3B37
BC14
BB15
BBE8
3C36
BB1D
3C76
BC62
BC88
BC25
BC14
BBA0
3C38
3AFE
3A0B
3C31
BC8A
3C24
3AA5
BBBD
3AFE
3B1E
3B0D
3B52
3BE7
39CD
3B94
3C6D
BC25
3B84
3C31
3C06
BC05
BC0B
BC3E
BC0A
3CB3
3AE8
3CA0
BB2E
BA99
3C32
3B6D
3C8C
3C33
BB71
BAF0
BC1B
BB02
3BB8
3BEA
3A4A
BC0D
3C54
BB38
BBD5
BC9D
39D2
3BE3
3A88
BBE4
3C5E
BC34
BB6F
3B8E
BAC7
3AD9
BBCB
BBA4
3C45
BAF9
3C10
3C08
BCA8
BA71
3B92
3CF6
BA49
BC80
3C52
BB2E
3C02
3C1D
3C27
3C4B
3C54
3BB3
B9A3
3A6C
3A98
BC32
3B9A
3C5F
BC80
3AA8
3C36
BC6E
BB93
3AE8
BC6A
BC0D
3B80
3BE0
BB2B
BC18
3B20
3BDD
3BD5
BB49
BB0A
3C39
BB92
3B87
3BC3
3B1D
BB25
3B3C
BBA5
BB16
3B8F
3BD0
BC38
3C3D
BC1E
3C64
BC34
3BE7
BB55
BAE2
3BD9
BC14
BBA5
BB4E
3927
3C66
3B4D
BC38
3C48
3B26
BC45
BC3F
3C29
3C9E
BC30
3C74
3B6E
BB85
3BB4
3C19
3BCB
3C61
3C80
BBCD
3B6E
BBBF
3ADA
BC53
BC54
BC99
BB62
3AAC
3B52
BB85
3B39
BAF4
BB20
BCC4
BB3E
3C73
BB94
3C50
BABE
3BDA
3BF6
3BD8
3D08
BB0E
3AAD
BBA1
BC1D
3AB2
BC53
BB0D
BC0F
3BD0
3AD4
BC7A
B989
BB14
BC71
BA8D
BC08
BB2D
3CB7
3D08
3C39
BB0A
BC81
3B18
3A78
BB68
3B82
BCAA
3B6B
BC29
BBA7
BAB4
3B1C
3BD2
BC0D
3C63
3C26
BBF1
BC4E
BBC5
BCAF
3C6F
BBF1
BA0C
3C77
3C0B
BC0A
3C56
3C76
3C08
BBC9
BBF0
BC55
3AE8
BC1D
3BA9
BBBE
3C30
B8D3
BB3B
3BA4
3BCC
BB4C
BBA2
BCC3
BC4C
BBCE
BC77
3A98
BC0E
BB75
3C14
3AB4
3BCA
BAD5
3A2B
3BC2
3B91
3C2B
BC8E
3B5D
BB4F
3C21
BB06
39A8
BB10
3CA1
3C5B
3BA0
388E
BC3D
3BA7
3B6B
BBC2
3CA1
BAF0
3B00
BBA0
3BC9
3BFB
3C10
3B93
BBF1
BC47
BC65
BC06
BC16
3C20
BC37
B9FA
BCAA
3B7D
BC77
BC75
BB50
3A97
3C87
BC4B
BBF6
3CD8
BAD0
BC7B
3C26
3BCD
3BAA
BC26
BC4C
3C08
BB23
BC50
3B3F
39B2
3C9D
3B55
3BEF
3C5D
BC0A
3C61
BBF9
BA6E
3BF0
BB7B
BC38
BC2A
3BE6
BBA7
3B8E
BB6E
3BEE
BC2D
BC09
3B06
3C5A
3AA7
3B2D
3BFB
3B31
3C04
3B6D
BAFA
BC44
BBDE
3AAE
3B19
3BA3
3B46
B95B
3B23
3B83
BC97
BB57
BB53
BC25
3C1C
362F
39BB
BC11
BACD
3C0E
BBEB
3AF0
3B1F
3B60
3B3F
3B1F
3BAB
3C3D
BB04
BC45
BB15
BC58
3B84
BBF8
3C09
BA83
3A9F
B9E0
3B57
3B8F
3BE2
3C83
BC01
BB92
3AE6
BC78
BB97
3B96
3C6B
BA13
BBD7
3BA7
BB4F
BB87
BBE5
3B93
3B99
BC12
BC81
BBBA
B915
3B9B
BBBB
BAD5
BBD9
3C7F
3C35
3AEA
3B58
3B45
BC60
3BE5
3C29
BB4E
BBEB
BBAB
BBA4
BB11
BBE1
3C46
3CC3
BC09
3B50
3B18
BB68
3B51
3BFA
BC48
BB92
3A5D
3BDD
BC37
3C0D
3CA7
3C89
3B74
3B88
BB94
BAAA
3C65
3BD4
3C7D
3B9C
3B92
3BE2
BB3F
3C28
BAA0
3C0D
3C25
3A69
BA61
3C42
BB9E
B8CC
BB2E
3BE4
BB86
3C1E
BC60
3BFB
3C65
3C1B
BB29
3986
B9C3
3B27
BCAB
BC2C
3B85
BC1F
BB03
BB9B
3BD6
BBA4
BB87
BB63
3B43
3B62
BC77
BC0E
BBB5
3C8C
BB58
BB5F
BB01
BB3F
BBAF
BC65
BB98
3C26
3C20
BBCE
3BFA
BC32
3C26
3B88
3C30
3C57
BC1C
3B04
BC31
BB76
BBA4
3C84
3B31
BC39
BCD6
3C9B
3C7F
BB51
3C4A
3C75
3C10
BBBF
BC16
3C88
BC8C
BBF6
BB8C
3BF3
3C05
BB94
BB78
3C04
BB4B
3C7E
3AB8
BC4B
BBAD
3C18
BCB5
3B84
3C53
3B27
BC27
392B
3C5D
BBAF
3B4A
3C27
BBDA
BB9A
3A80
BC86
BC25
BBFC
BC76
39E8
3C2C
BC3D
3AB6
3A75
BCA2
BCA5
3BF2
BB95
3BE7
3CE2
BB03
BC10
3BBA
3BB3
3BB4
BB2B
3C6A
3BB7
BC17
BC87
3C79
BBED
BC1A
3C45
BC0E
BC08
3CC3
BBB3
3B73
3C29
B95E
3B5C
3B36
3C8C
BB04
BB2B
3C8C
BAD1
BA09
3B0F
BCB6
3C08
3C02
BC0A
BA1A
BC4E
BBA1
3A00
B9ED
3B36
3A99
3C04
3BDE
BC0A
3AB7
BA9D
3C10
3C8C
3BF7
BBCD
3B91
BC00
3C23
BC84
BAD2
3C8A
BC71
BC20
3C89
3C50
3C73
BC37
3B66
BB10
3CB5
BBFD
3BAF
BA4E
3B96
BBF8
3B69
3C95
BA02
BCB7
BC2B
3C4C
3B84
BC23
BC66
3BED
BB47
BC0E
BB3B
3C22
BC49
BBBD
3B0B
3C2C
3C3E
BBD8
3C1C
3BFA
3B84
3B39
3B2F
3BE1
3BAB
3C0F
3B46
3B9B
BBF6
BC48
3BE7
3A82
3C23
BC0B
3C3A
BC11
3B97
BC29
BBC0
BB8A
3A04
BC29
BBD7
3C85
3BC7
BB5E
BBB4
BCAD
BC77
3C03
3BCA
B814
BC76
BC98
BC92
BC89
3C58
3C54
BBDD
BC3E
3B9C
BB4B
3C5F
BC59
3CE1
3805
BC93
3B5E
3CAE
3C18
3C9A
3C4F
3B9B
3BD6
B9F5
3B13
3BB9
BBB2
3C3B
BC9D
BC27
BC6C
BB91
BBCD
BC68
3B19
3C43
BA50
BB39
BBFF
3B17
3C31
3B1D
BB99
BB8B
BC8A
3B16
3B82
3BC1
3C28
3B8D
BC32
BC08
3BB3
BC80
3C1F
BC01
3C7D
3AC8
BA93
3B12
BB4B
3C9B
BB43
BB0F
3C4E
3BA7
3BA1
3B68
3C8A
BC00
3C27
BB37
BC35
BB80
3B7A
3C17
3C16
BC94
3BA9
3BCA
BB5F
BC05
BA82
BC91
3AA8
3BD0
BB37
BD0A
BC78
B935
BCD9
BB38
BA5F
3B50
3C84
BA2E
3A8E
BB24
3C87
BAF4
BC04
3AB8
BC5A
BC37
BC9B
BAF9
BC04
BB63
3B84
3C81
3C0F
3BBE
BC0A
3C29
BC0D
BCCC
BC30
BBC8
3C68
3D01
BA00
BC11
3A63
3A97
BC80
3BB5
BC33
3BB3
3CA8
BB9C
BBDF
BC64
BCBC
3C8D
BB5C
BA16
BBCD
3B8B
BC27
BBC0
BBB4
3C2A
3AA3
B988
BBA5
BBE7
3BC0
3C44
3C3F
BC78
3BB4
BBE9
389A
3B8E
3CCE
BC1F
3B9F
BC1E
3BA8
BA51
BBB2
3C16
3C72
3B68
BB3A
3ADD
3B3A
3BCA
BB26
BBF7
3C59
3BFC
B8A8
BA51
3AE9
BADB
3B40
BAFA
BA09
BBE2
BA12
BB53
3B41
3BD7
3BD9
3C42
3CBD
BA84
B9ED
3B26
3B7A
3B54
39BA
3BDC
3B3E
BC17
3AE5
3AC3
398C
3B8C
BBC1
3C03
BB86
3BA2
BBD9
BB41
BB60
BBC5
3B15
BBBF
3B7D
BB8F
3A1F
3C68
BC0F
BBA4
BBD4
3A1C
3B18
3A15
3C0B
BBD5
BBA0
BC39
3B49
3B23
BBFB
3C45
BA83
3C21
3C54
BBF9
BC4B
BB82
3ADE
3C29
3B87
3917
3B9B
BB90
3BB1
3C87
3A71
BC07
3BD9
BA95
3B74
3C6E
BB6F
BC4E
38E5
3BCC
BBF8
BC62
BC0B
BBAF
BAAC
3C5F
3C8F
3C3C
3C83
3BB1
BB88
3C26
3ABB
BAE8
3C4F
BC08
3AC4
BC0D
BB8B
3BBC
3C1C
BBE0
BBCC
3C8F
3BC2
BADB
BBE1
BBB1
3A67
BA45
3A80
BC82
BC12
BC1A
BA74
BBC0
3A4C
BB59
BBDB
BBD8
BC8B
3C1F
BA57
BB5A
BB5A
B87B
BC19
3BE3
3C31
BC02
BC06
3BB6
3B9D
BB7E
BCF7
3C70
3BD0
BAE8
BBA8
3AF3
BBAC
BC07
BC0F
3C0C
3C65
BC96
BC4B
3BC2
3AC1
3CC8
3B36
BBDE
BB8D
3BB9
BB74
BC26
39E3
3C08
3BFB
BC16
3C04
3C29
BBB4
3A90
3B69
BBA1
BB70
3C8D
3C22
3BF8
BBA7
BC23
BC58
3BBB
3C72
3BA7
BC31
39F5
BB83
3B46
BAB3
BC04
BB48
BC65
3BC3
3C22
3C6F
3B96
BBF6
3B1E
3B4A
BB9E
3B6A
3AFB
BA57
3C3B
BC12
BC06
BB4A
BC30
3B8F
BB9F
3BCE
BC14
3ABD
BBFE
BC34
BB6F
3CB1
3BA0
B827
BBD5
BC17
3C95
3B8F
3C2C
3B46
BB5B
3C42
BBD6
3C2D
BBDF
BC93
BC10
BB97
BC50
3BA9
BC8F
BB38
BC02
3C5F
3BCC
BC4D
3B10
3B1B
3C11
3B58
BC57
BCC4
BC98
3C89
3BF9
38E9
3B5F
BA90
BB64
BBE1
3AC4
BC74
BBB8
BAF3
BC1E
BB05
BB98
BC7E
BC27
3C06
3B1D
3B94
BB92
3C49
3BBE
BB12
3BA9
3C5E
3C34
BC2F
3C76
BB8A
BC24
3BFB
BC22
BB2C
BBB7
3C36
3C10
BB09
BC0E
3B32
BC5F
3CC2
3AC0
3BC3
3C39
BC6D
BB8E
3C0A
BB9C
3C86
BC43
BC2F
BC5D
3BD2
BB8D
BCA2
3BD7
3C97
BB8D
BC2F
3A6E
BB86
BB7C
3C11
BC25
3D02
BBC0
BC3D
3BEF
BBB0
3B33
3C7C
BB81
3C26
BC39
3C2B
BC28
BC42
BB74
3B58
3B5B
BC71
3C1D
3BC2
3AA9
3AD2
BAEC
BBD0
3AE1
3B7B
3BA9
3A89
3B3D
3B5F
BB4F
BC0C
BBB3
BB06
3BD0
BBAF
BB32
3B81
BBD9
3B27
BC8D
BB55
390C
3C9E
BB4C
3C32
3B58
BBDE
3B8C
BBAA
BA1F
3A13
BC0A
3A05
BC37
3BFA
BAF8
3B13
BC25
3B22
BB49
BA31
3C4E
BB6C
BC25
3C8F
BC49
3BA1
BB4F
BB83
BC2E
BBD9
BB7A
3BC6
BC3A
3BF9
BBA4
BBC8
BCD4
3B0A
BC22
BA14
BC14
3BC2
3A81
BC35
BB97
3C7B
BC4B
BC4B
BC3A
BC54
3CA1
3B50
3C81
3BA9
BC3A
BC7E
BB0C
3C32
3BC5
3C2F
3C69
BC9C
BC5D
BC6E
3CFB
BB69
3C72
BBF2
3B8A
BC80
BBDA
BA6C
BBD4
BB85
B998
BA3D
3A6D
3B09
3C9D
3B9C
BC89
BB99
BABC
3B74
BC31
BC93
BB07
BB8C
BC04
BC89
BBEA
3C40
3B23
BBC5
BB15
3C25
3C0E
BC2E
3C23
BC58
3BB3
BC01
3C2F
3C7B
BC2B
BC15
3ACA
3C53
3CB1
BCA5
BC72
3B21
3CD8
BA17
BB96
BC29
3C39
3A5D
BBC9
BB0C
3C80
BC3E
3BD6
B9D8
BA41
BC6A
3B91
3A56
3C18
3763
BBAB
BABB
BB33
BBF5
BBFA
BC28
BC25
BBB7
3C42
BB6B
BC59
BBDC
BB25
3A73
3B52
3CC9
BABF
BB08
3BB8
3C27
3A97
3BEC
3B35
BB0D
3A6E
3BFC
BA41
3BE8
3B95
BC22
3C39
3BFC
3C40
BC2F
BBBB
3C1F
3B38
BC73
BA01
BC61
3CB8
BC9A
3C2E
BB2B
3BA5
3BF5
3972
3B6B
BB89
BC85
3A0C
BC55
BC96
3C96
3B93
BC91
3B77
BC10
3BB2
BB09
BC40
BBAB
BBC6
BB9F
3C91
B95D
BC79
3BED
BAE4
B9DE
BB8D
3CA1
BC9F
BA1B
BC20
BC17
BC0A
BBA0
3C12
3A9F
BABF
B974
BBD1
3BAA
BC0E
BA9A
3BEB
BC64
3BE7
3C6F
3CFB
3BD4
BBE7
3B7E
BC2E
BB51
BA79
3C81
BB6E
BCA9
BC7B
BB88
3C78
3C24
B8E9
3C23
BC26
3C73
BBDF
3C68
BC5A
BC6F
BBCE
3CAD
BC3A
3C7E
3AE7
BC82
3C5A
BCBF
3C99
BACC
BB5C
BC86
3BA9
3C6E
3AB5
BC4B
BC31
BCA0
BBB1
BCAA
BC58
BC6E
3B37
BCAC
3B90
BBE9
3C06
BB37
BC29
3BF4
BB31
3C37
3C61
BBD8
3C65
3B11
3C1E
BAF6
BC11
BC1D
3C5E
BC0D
BC1A
BC1D
BBF8
3C88
3BAE
BCC4
3B82
BC09
3BA7
BC45
3A6D
BAF7
BA5F
3C1B
3931
BC58
BC5E
3C45
BBCB
BB99
BBB9
3C42
BCB0
BB21
3C3B
BC1A
3C2D
3B8D
BBF4
BBE7
BC81
BBFB
3BDB
BBB1
3B8D
BC32
BC59
3BA9
BC81
3B8A
3A82
BC48
BA27
3B2B
BB2D
3CB3
3A12
BC84
3AB9
BBE2
3BBC
3B49
3827
BC04
BC82
BC3A
3BDF
3B50
3AB5
3C63
3A21
3C84
BB29
BC36
3B1E
3BFE
3CAC
BC1A
BB90
BC02
BA8E
3AB5
3BA5
BC4B
3C9E
3B8D
3B1D
3C82
BC5C
BB69
B9CE
3BD8
BC2B
3C10
3C97
3C32
BCAC
BBC2
3C2B
BBAB
BC52
3B78
BC00
B9E1
BC7A
3CE1
3B59
BC4B
3BCF
3B1D
BB12
3C02
B971
BC8E
3AA4
B9AC
BC10
BC09
BCD8
3BCC
BBCB
BAAD
BC42
3BFE
BAEF
3C06
BC55
3B8C
3B5D
BAFA
BB66
3C1A
BADA
3C86
3BBB
3C14
3C25
BC45
BBBF
3B95
BBA6
BC2F
BB40
3C6A
3C4D
3B88
3C46
3BB1
B96E
BBC7
3C56
3A57
BA77
BBE1
BBBC
BB1C
3AF6
3B3A
39F9
BBDB
BBFE
3A11
3C4F
BC87
3CB5
BC5B
BBF9
3BAC
3A9E
BCBB
BC3B
BB91
3C03
3BB6
BCF5
BBDD
BAD4
BC36
BC06
3B69
B9B8
BC81
3BA9
BC61
3C1F
B85B
3C13
3C16
3B10
BB6C
BBF7
BBDD
BBE5
3B94
3A98
BA13
3D1D
3C5A
BC9C
BC46
BC2F
3B78
BB5A
BC2C
BC45
BA62
3C18
3BE5
3BB6
BB82
3BFB
BBD0
3BA1
39F5
3AB7
3C99
3AEB
B98C
BC1F
3AE1
3B4B
3BBB
3BC1
3C29
BCA6
3BB2
BB87
3C35
BC5B
3C0B
3B0D
BC59
3BEC
BBA1
3BE5
3C38
BC74
BB5E
3989
BBF2
3BB0
3AA7
BC6F
3BE3
3AD7
BC7A
3C5E
BB85
3BCA
BC5B
BC42
3BA3
3C33
3B87
3B4F
3C37
3BC6
3C73
BC4D
BCC6
BBBA
BC4B
BBCB
3A1B
BB4E
3C10
BA98
3CA5
BC8C
3C73
3BE1
BB0F
3C96
3C94
BA0B
3980
BB01
3BC5
BB15
3B32
3BD6
BB31
BCC9
3BE0
3AB4
BC28
3B8C
BA2D
3C23
BC3B
38CB
3B24
3A5A
39F7
BC3F
BC55
BB8F
3BAE
BC53
BB2B
BB2F
BBC9
3C76
BBB2
BB1B
BC18
3B8C
BBAF
3C19
3BBB
BAC9
BC4D
3BFF
BCAF
BB9E
3C50
3B96
3C20
3B20
3B64
BB80
BC50
3C2D
BB26
3BCC
3BA9
BC55
3ABA
3BC4
3996
BB73
BBFF
3AC4
BC06
3BCD
BC10
BBC6
BC11
3C15
BA53
3A05
BBBE
3BCE
3BB8
3C10
BB96
3B54
3C53
BCBD
3C89
BC12
BCAD
3AE8
BA67
3C39
BC21
3BFA
3C2A
3C10
B995
3B5D
BB37
BB97
BC62
BCA5
3AB9
BB7E
BBFA
BC69
BC38
BB17
BAFC
3C22
B9EA
3C57
3C52
BB3C
BC74
BA76
3AA5
38FB
3BE8
BBC8
3C04
BC39
BA9A
BB8C
BC84
3CBC
3C1F
3C12
BB91
BC28
BA77
BB8E
BBA8
BB51
3C17
3C0E
BC29
BBFD
BBA7
3C0C
BC2F
BB0F
3B54
BBD8
3B8E
BC15
3B0B
3A3C
BB5C
3A84
3C54
BB70
BA64
BC9B
BC0E
BBBE
3B66
BAAC
BCA9
38D2
BB84
3C49
3A80
BB51
BBEC
3A86
BC50
3BC4
3B2C
BC30
BCA5
BC6A
BC1B
3BE7
BBD5
BBEF
3C2A
BBFD
BA8A
BBCD
BB59
BBEB
3BFF
BC85
3C06
BC81
3B99
3C7A
BB3E
BC00
BBAF
BBAB
BB61
BBA2
BB0F
BB15
3C4A
3C42
BBCA
BC1C
BC1C
BB8E
BC0A
3BCB
BBE9
3B51
BB35
BB76
BC09
BC05
BBE0
BBCF
BC13
3C19
BAB0
3CA8
BC8F
BA9E
3C4B
3BD3
3ACD
3A43
3C3C
BC5B
BC04
BC13
BCB6
3CDD
3B7A
3C8B
3C14
3B62
BBE0
3A5F
BC85
BC35
BB2C
3ADD
3BDD
3B0F
3AC8
BBF0
BB91
BC2D
BC6C
3C45
BAC3
BBE3
BB32
BA83
3A28
BB8B
BA81
3BF4
3B95
BBFB
3A94
B9AF
3B4F
3B5A
3C32
BBC6
BC4C
3B11
3A8D
BBC7
BAD3
3B7B
3CCB
BBB4
3BE2
3BD4
BC96
B982
BBB5
3B67
3CD9
3ADF
BAE7
3B90
BCE0
BBF9
3B6A
BC6F
3AFB
BB44
3B76
3BD2
BBF7
BC0B
3AD9
BC71
3C24
BACD
3BC0
3B83
BA5C
BCA3
BBC6
3BCD
BC53
BB69
BC48
3C1A
BBFF
BC32
3B56
BBA6
BBFC
3C81
BC36
BC92
3C51
3CB3
BB9B
3C1E
3BB2
BC38
3C0E
3CE9
BB7D
3C94
BB80
3BD1
3C63
BC56
BC09
B99D
3C02
3BBA
BBBC
3AD7
3BB7
3CA1
3C55
BC4D
BB30
BB0A
3C4E
BC4E
3C04
BC0E
3AB4
BC5B
3BDB
BB89
BA04
BC29
3C89
3AC1
3C0A
3C50
3A3A
BC31
B9AE
3B7C
3C09
BB06
3C3E
BC1D
3C32
BA7C
BAEB
3AA0
3BDB
3B22
3C1E
3C0D
3B06
3B00
BBB6
BB64
BBA2
BCCF
3C7D
3C1F
3C8B
BB20
BC07
3C35
3C3E
BBD7
3BDC
3C8B
3CA6
BAF9
3C3C
BC02
BBDA
3BE8
BC3C
3B8A
3BBD
BB46
3BB2
BC2E
3AE7
BC34
BBC9
3BC5
BA9A
3AE4
3B8C
3AD5
BC6A
BB85
BA1E
3A0B
BC54
3B4A
3B88
3BD4
3BB8
3C55
BB3C
3B07
3CB6
BB52
BBDA
BA1C
3C61
3C08
BA79
3BF5
3B1F
BA8C
BB50
BBE2
BA04
BCA9
BC39
3C3A
38A9
BBAB
BBC6
3C5E
3B27
3C01
3C1A
388C
3BD5
3B9D
3BE4
BBBE
3BA2
BB92
3B8F
3BF9
BC12
3B84
BC19
BC37
BBA2
BC4D
BC35
BA5C
3C23
BC07
3ADA
3C11
3C17
392E
3BAB
BBFB
3BE7
3BDB
3C10
BBBA
3B5C
3C5D
3BC7
BB3C
3B1F
3BE8
BAAB
3C0D
BA08
3C20
3A4D
3CA5
3B77
BC74
BAE0
3B68
3B63
3C0C
3C27
BBC2
3C0F
3C37
3B9D
B9C8
BA89
BA93
BB89
3B39
3B90
BB99
BC1F
3BDC
3C88
3C1D
3B01
BC18
BAD2
3C10
BB67
3C12
BBF7
BC0A
BC6C
BC29
3BB3
BC96
BA82
3C0C
3BC7
3C49
BB4A
BB72
3C90
BC44
B8D9
BC37
BB62
3AF3
3C19
3B20
BC86
BB2C
BBFB
3BB6
BBFF
B9C3
3A8B
3A8B
BB02
3B95
3BD6
3AB2
BBCC
BB99
BBE4
BBFB
3C49
3AFF
BCA7
BC93
BA49
3C48
BB0C
BC67
BB6D
BB81
BC09
BB95
3A35
3C0B
3BE7
BA4C
3C17
BBE0
3B54
3BA4
BC4F
3B3C
BA14
3A7E
3B6E
BBED
3A86
BA3C
3A8E
BB82
3C3F
3C4A
BBDE
BC29
BB8E
3A11
BC3F
BAF8
BBBB
BC07
3C97
3C4E
3B1B
3C8B
BB9E
BBE6
BC32
3A68
BCCF
BB25
3B2F
3AC6
3C1C
3BA7
BC36
3BEB
BB9A
3A47
BC75
BA48
3A9A
BC50
3A67
3C5D
BC48
BB78
3B21
3BAE
3CB3
BBC0
BAC0
3AE9
BC18
3BB9
BA5F
3C69
BBA3
3C11
3C44
BBA9
BBD5
3BBF
BC35
3C4D
3BF6
3C21
3C29
39BD
3BCB
BA9E
3BD5
3A81
BB1C
3C40
BBE5
BCA3
BBCC
3BC2
3A8B
B9DD
BB0F
3C9A
3C04
3AD8
3A41
3C4C
3B59
3C4A
BC71
BA9D
BC26
3BBC
3B25
3B80
BBC5
3C41
3C05
3C34
3AB1
BB18
3CA9
BB7F
3B95
BB75
3BFB
BB56
3BE0
3BA3
3B8A
3B57
3C54
BAD6
BBDF
3C22
BC66
3C0F
3A75
3BA1
3C4F
BC4E
3B9B
3BC6
BC2A
3C57
3B49
BC11
3B48
3941
3987
BB62
3C90
BA14
BAD8
BC42
3BB2
BC37
BC1D
BC69
BA02
3C88
BBA3
BBCA
BC02
3C11
BC2F
BBC7
BC27
3BE7
BBB0
BC74
BA1D
BC44
3B0D
BC0B
BC2F
BABD
3B1D
3C2B
39D7
3C0A
BC5D
BBCB
BC30
BBA0
BB80
BC57
BA54
BA22
BB4A
BC3A
39CA
BC6F
3A51
BC71
BC0F
BB7C
3B6F
3C08
3C2A
3BC8
BCA0
BC01
BC5D
BC55
BA7D
3BA7
B927
3AF7
BB9E
3C4F
3B5F
BC7B
BA40
3B78
3B75
BBA9
BC0D
BBDD
BC1F
BC48
3C83
BABA
3C22
3A2F
3C1E
BBF7
BB03
3B91
BBB0
3BAC
3BCB
BB0F
3B43
3BB1
3B82
BBBA
BBD3
BA9D
3C77
3AAC
BB85
BB96
3BC7
3AA1
BC82
3A8B
BBC4
3BAE
3C6F
BBDF
BC9D
3BDD
BCE8
3B6B
BC35
3ABA
39BB
3C2F
3B89
3C21
BB82
3A51
BC39
3BB1
BB4A
3B1F
3A8A
BC7E
3AE2
3AFC
3C9E
3C6F
3C05
3C25
BC4F
BC2F
BBA7
3BCD
3B93
3C13
BCA3
3C23
BADD
BBBB
3B07
3C40
BC21
3C08
BBBC
3BA2
B907
3BA4
B978
BC31
3A61
BBD6
3ADC
3CA0
BC71
3C46
BC05
3BC8
3BFB
3B56
BC09
BA99
3CC4
BC8F
3C1D
BC5F
BBA8
BB1E
3C07
3B37
BCA1
BBBF
3BEC
3BD6
3BE1
BC6C
3BB9
BB8B
3A2B
3BD6
BC0C
3C0D
BA6D
3B86
BB69
3BCE
3B8E
BB31
3B57
BC14
3B04
3B25
3BED
3C2A
3C37
BCCC
3C23
BB85
BA38
3AB1
3B49
BC5F
3BC9
BB57
3C58
BC56
BA1C
3BFC
3C07
3C02
3C03
BC93
BC8B
3D0F
3B44
BBBC
3BAB
BC28
3C10
BBDD
BC41
BB77
BBF4
3C2E
BB5B
3B7C
BA4E
3B64
BC7B
BBDE
BAE2
BB88
BB05
3C39
3A6C
3C8A
BBE2
BC20
BBB2
3C94
BB00
3C1B
3BF2
BB64
BBB1
3BBE
BA0B
3B2A
BC4E
3C46
BBD3
BC34
3C01
3C53
BC60
BB44
39A4
BCBF
BB17
BBFA
BC56
3B06
BBF3
BADA
3A71
3BC1
38AD
BC56
392B
BB84
BBFC
3C68
BC58
BBC1
3C77
3C38
3B3D
3C23
BC0E
3C02
B713
BA2C
3C00
BC9B
BC7F
BAF4
3BDD
3C4E
BB15
BC12
3BF5
BC90
3BD3
BA9A
3B73
3B15
BC35
BBB9
BC66
BBBF
BB3A
BB4B
BCB0
3C71
BC43
BB14
390F
3BDF
3B93
3C11
BC2D
3C51
3BA6
39F3
BCCA
BB66
3BFF
BBC4
B9F9
3BC1
B89F
BC2A
BB8A
3C58
BAD6
BC87
3AB8
3B73
BC6A
BB11
3C01
3CA3
3BAB
BC4B
3B4F
3C05
B9A9
3AF7
39A8
BC21
3ABB
3B5B
3C10
BC3B
BC35
BBB6
BB50
3C9B
BB23
3C1B
BA74
3B1F
3BFC
39AA
BC31
BCB2
3BA0
BC17
3BDA
BC2B
BB0B
BBE0
3B1F
BB62
BAC7
3C89
3B35
3BBA
BA09
BBD3
3CAB
3AE7
3C9A
BA16
3AA5
BC23
BB8A
BBFC
BB89
3C9A
3B13
BBFA
3BC4
BCAB
BBDC
3C43
BB50
3C2E
3C3A
3CA7
395A
BC0E
3C8A
3BBB
BA56
3BF2
3981
3BBD
3C59
3C94
BCEC
3BB6
BA73
3C41
BAD9
BB09
3B42
BC06
3C1A
BB6E
BC1D
BBD0
3C0F
BB32
BC08
BC27
BAC3
BAA1
3CBC
3C11
BC6A
3C45
BCC3
BCA3
3B98
BB97
3BD0
3BAA
BB4F
BC8E
BCA6
3B72
3BC5
3B34
BBFD
B936
3B9D
BC80
3AF4
BC69
BBA5
3BCB
BBEF
3C4A
3AB8
3B28
BB72
BBB3
BB7D
BC76
3C89
BCA4
39C8
38F3
3C53
BB7D
3C80
3A94
BBC7
3C0E
3C92
BA4B
3C77
BBAF
3B74
BBEB
3C10
BBC3
BA14
3CA0
BCB4
B9B8
3BC9
BC3E
BC5F
3C73
3C5E
3BFE
3B15
3C2A
BBC7
3CD7
3BA7
BC73
3C74
3BFF
3B0D
3C38
BBFD
3C83
3C9A
3B9D
BC66
3AF6
3BB4
3C77
3CCD
BB8B
BC2B
3C2A
BBC2
3B5B
BC36
3B0A
BC07
3C2C
3B9C
BC3F
BB68
BB3D
BC9C
3C8B
BC13
3B47
BA5E
3C10
3C16
3C00
3B64
BBBA
3C6F
BB6F
3B8B
3C4F
3C7D
3C06
BC71
BC88
3B7D
3C08
BC15
BB90
BC1B
3C42
3C25
3B8D
3BB9
3B3C
3C47
3C1E
3C06
BC01
3BFF
3BBC
BB73
BC2A
BC21
BC28
3C34
BBB5
BBAD
3C8B
BB86
BC6F
BBEF
BBC6
3C43
BAE2
BA3B
3BA8
BC93
3BFF
BBAC
BBDB
3BC8
3A99
3C9F
3C23
3A94
BB92
BAA9
3AF1
B968
3B33
BB06
3AC9
BBD2
3B23
3C34
BC57
3B41
3B56
BBFC
3C60
BB04
B7D1
3C3C
3BEE
B8D2
3BD3
3BE6
3C03
3B95
3B87
BBD1
BB5C
3B09
3B17
3CA0
BB60
BB72
3C1F
BA6C
3C43
BC12
BB86
3C7D
3B9F
3A91
BC00
BAF6
3AB1
BBB3
BBE5
3C02
BBB9
BC36
BC34
BA35
3C3A
3C14
BC7E
3ADA
B97F
3B76
BC97
3B19
BBCB
BB69
BC12
3C6E
BBAB
BC3B
BC57
BCA9
BB4B
BA8B
3C3D
BA9B
3B9D
3BB0
3B85
BBFD
BBCA
BB72
3C55
3C18
3C0E
3C47
BC3F
BC15
3BE8
3C17
BC0A
3B83
3C7D
BA03
BBDC
3C17
BBCC
3C0D
3C36
3BEF
3B8B
BC3F
3B9D
3A21
3C2C
3CE1
3AE8
BBE5
BC27
BB41
BB18
BB5C
3915
BBC1
BC45
3B6E
3C02
BC86
3B90
BC0D
3B2D
BC5D
BBC3
BC44
BB38
BBB7
3B3F
BC1E
BA72
3A19
BAAC
3C23
BB25
3B86
BC18
3BB7
3AB8
3C38
3B1B
BBC5
3B9B
BAEE
3BAA
3BA6
393F
3ABD
BA9C
3C91
BB33
3BF1
3BD5
BAB7
3C08
3BA5
BBB3
BC12
3C13
BC99
BBAB
3C4B
BB2F
3B80
3B8D
BB74
3C0E
BAAF
BC04
3B4A
BC1C
3C3A
3C07
BA8E
BBAA
BBA1
3B53
BBCC
3C12
3C18
3C11
3C19
3B1A
3BCF
3B7C
BA57
BB80
BC71
3C37
3BDE
3ACD
BB28
3CDF
3B21
3CA9
3BAC
BC42
BC29
BC0D
BABB
3C3F
3C84
3B51
3C2C
BC4D
3BE3
BC3E
3B74
BBFD
3B1C
3ABE
3B31
3C8A
BBE7
3C6B
3C8B
BBE1
3B60
BBDC
BBAF
BBD5
BC40
BA8B
3C0C
3ADB
3B81
3C40
3BDD
BC26
3C5D
3BB6
3B16
3C0C
BB85
3C3F
BBF4
BB44
3A79
3B9D
3BC5
BB8F
BC47
3A89
BB1E
3B4B
3B51
BB1C
3C60
3C21
BB05
BC29
BC9C
3AF8
BBA6
3CAA
BC57
3ABA
BCDA
3B2D
B9B0
3C43
3C27
3C34
3B4E
3B04
BA69
BBF8
3AA1
3AA4
3C8B
BB2F
3B73
3BD7
3BA1
3CE5
3BDA
3B4A
BA77
3A84
3C5F
392D
BC86
BB4E
3BF0
3BE1
3CBC
3B70
3C00
3B48
3BB0
3B1A
BB60
BB27
3C88
3C6E
3C09
3C08
BC1A
3C3A
3B1A
3C86
3C61
BB99
BBD8
3B64
BBED
3CBA
3C84
BAB6
BC5D
BB94
BAA7
BC21
BCB2
BC80
3BC6
BBF6
BC67
3BB6
BBE8
BC9E
3B1A
3C46
3C90
3BC9
3C21
B9A1
BB2B
BB72
BC59
B9D3
3B6B
BA8D
B88F
3BBB
3AFC
3B10
3C97
BBA7
3BC2
3B93
3BF4
3B55
3C99
BBB1
BC60
BC6D
3C5E
BA73
BB99
B89D
3CCC
BA4D
BC29
BC50
BC3B
BC91
3BEC
3C89
3C28
BB20
BC2D
3C26
3BB0
3C55
BB2A
3BB8
3C5B
BC4F
3B59
BCCB
3D0A
3AC1
BBA0
3B5A
3C7A
BB69
B938
3BE7
3C5B
BB3B
3C4A
3B9C
BB21
BC13
BB7E
BB38
BC4C
BAB8
B971
3C93
3B39
3C23
BBCF
BB82
BC21
3C02
3B18
BA39
BC82
3C2F
BC1C
3B85
3C23
BBC4
3AE6
3C52
BC45
BC11
B933
3C04
BB47
3B94
BC91
BC99
3A1C
BB50
3B32
BC02
BB96
B974
BB2F
BA10
BC68
3C49
3C39
BB07
BC54
3C3F
3C37
BBA0
3B4D
3B0B
BB22
BA9A
3AE1
B8AB
3BD4
3AAA
3C49
3C46
BA6D
BC36
3BBC
3BAE
3BE6
3BCC
3C68
BCAD
3C5A
BC63
BC42
3B85
3C1F
BB60
BBD1
BB9C
BC10
3C2F
BC8A
BB65
BCB2
3C01
3B80
BBFA
3C8E
3C27
BC84
BB06
3C06
BB7B
3CE3
3CA3
BB2F
BCA7
3C91
BC12
3CDC
BC31
BCCF
BB91
BBBC
BCB6
BAA2
BAD7
3AA4
BC2E
3C61
BBA3
BB9E
3C6F
3BD1
3B1B
BB8D
BCA8
3C36
BB88
3A8D
3BCA
BB32
BBE0
BC77
3C9A
BC6B
BC84
3C62
3C37
BC21
3B34
3B3F
3C7F
3C20
BBC3
BC93
3C16
3B47
BC68
3BC7
BCF7
BC76
BC54
BB32
BB05
3B98
3BAD
BCC3
BBDF
3C47
BBB5
3B58
B92F
B9AA
BB64
BC13
3AAC
BBA2
BA04
BBA6
3B95
BC3E
BBBE
BBC2
BCFB
B9F9
3C0D
3C89
BC17
BAE1
BB10
BC9C
BC89
3C82
3C73
B9F3
BBBA
BB80
394B
3B7F
BBE2
BB59
B927
BBD0
3C31
3BCE
BABF
BC75
3C3B
BCDA
BAD7
3C40
3940
BBCF
BC30
BC9F
BB84
BBA4
BC07
BB4B
BC09
BB24
3BFF
BC82
3CF2
3A8C
3BE2
3BB1
3C8D
BB8D
3C07
3C78
BC32
BC8B
B980
3A7F
3B1A
3BB2
BB26
3B42
3B49
3BD2
3AD0
BB1C
BCED
3B05
BC85
BBC2
3BAC
3C67
BC20
3BA1
BC49
BB92
BB74
BBB7
3AD6
3C62
BC90
BB50
BC05
3A8F
3B13
3C11
BCB9
BA79
BB07
BB77
3B24
BC53
BC04
3C86
3B23
3C0D
BAA6
BCD9
BBB3
3C55
3A5A
BCB0
3A01
3B32
3BB8
3CE8
3B48
BBE3
3C42
BAA1
3B96
3B5F
3C21
BBD4
3A87
BC25
BB48
3C3D
BC01
3CC1
3B93
3B11
BC94
BC55
BB21
B9B3
BC1E
BC3B
3C7A
BC16
3CC5
3C2F
3B91
3BF3
BC0B
BBE6
3C44
BC03
3BC8
BBFA
BBAE
BC0F
BB80
3AEC
3C0D
BC8B
3BEC
3C36
BB8B
3CE0
3B8A
3C3A
B984
3BD0
BC21
BBD8
BB52
3B92
BB5A
3B65
3C09
3CD2
3A3B
3ACE
3C49
3C6B
3A79
3C91
BC03
BC8C
BC14
BCBA
3C22
3CAF
BCB3
3BCF
BB9E
3BE2
3C34
BB89
BA85
BB23
3B8F
B99E
BAF5
3A0C
3C25
3B7B
3B2E
3C34
BA83
BC28
BBCA
BA95
3B86
3AA2
BB29
3B55
BA81
3C09
3BAB
3A9D
3ABF
BA99
BB4C
BBAF
399E
39CB
BC4D
3AEB
3C2D
3B66
BB0B
3C14
3A11
3BC6
BB30
BCFE
3A74
BB83
BBF3
BC92
BBF0
3C9F
BB88
3C6E
3C74
3AB2
BC42
3C16
BC55
3BD3
BC56
3CEB
3C6E
BCA5
3C2E
3B9C
3C02
3C57
3BB8
BC67
BB08
3C72
3B98
3BAE
3A73
BC27
3C85
BD10
3B83
BC68
BAEE
3BCC
3C8D
3B93
3B56
3C00
3B6E
BC15
3C23
3BEA
3C08
BBCE
BAE6
BC6B
3C8D
BC98
BBCF
3C25
3C0F
3CD7
3C43
397F
BBA3
BC33
BB87
BC0C
BC24
3A6E
3B4D
3B8A
BAD7
BC3F
3BE3
BB50
BB12
BBE1
3B7A
BC2C
BAC5
BB36
BB40
BB92
3C0D
3AD8
3B78
3BB4
BAD4
3C70
BBE2
BB8B
BA49
3ABE
BB9A
BC16
3A7B
BC2B
3BBB
BC8A
3CF3
3A29
BC20
BB46
3BE6
3A59
3C16
BC4B
3BC9
BC13
3B9D
BC90
BB9C
BC91
BC88
3B89
BB2C
3C9E
3C08
3A8A
BB6F
3C65
3C47
BBC8
3A3B
3A5B
BBEB
BAC5
3BE3
3C2D
BC6B
3C3D
BBA7
BC0A
3C60
BC26
3CA5
BC48
BC4A
3BEC
BC66
3C46
3C52
3CC9
BBC7
3B67
BB44
3B47
3C05
BCCF
3C5A
BBFE
3B94
BC9A
BD0A
BBE7
3C3B
BC55
3BAD
BA65
3B10
3C98
BC05
3B26
3C89
BAEA
BB0A
3BB7
3ABB
3C88
3C0F
BBD9
3BCE
3C8B
3BB0
BCA7
3BDD
3BFD
BC11
BA46
BA23
BAFE
BB5D
BC2F
3C41
BB8C
3BA4
BB8A
BCAE
BCCA
3C64
3CB8
3C0F
BC2A
3C60
3AEE
BB88
BBD9
BBE1
3BC5
BC3C
3C20
3C9E
3C18
BB68
BC4B
3C4E
3CA9
398A
3BCA
BC31
BBD8
BAC8
3B5A
BB1F
BBC4
3C1C
BC55
BB2B
3C5B
3C25
BC10
BC85
BBB8
3C42
BC34
BA78
3AE1
BAD5
3AE2
3CAE
BB7B
3C93
BB87
BB27
BC8C
3AB7
3C49
BA98
3BF6
3B7A
BC94
BBC2
BADB
3C6F
3C35
3B58
3C32
3B86
BC8A
BA5B
3C24
3C3A
3C1F
BBFA
BCCB
BB63
3C4A
BC54
BC86
3BFE
3C8E
BACF
3C67
3BD0
BCEC
3C58
BC1A
3C1F
BBDE
BC08
3C4D
3C04
BBF1
BB15
3BE9
BCCD
3BAC
BA2D
3CAB
3A30
BBBA
3B47
3C31
BC5B
BB0F
BA48
3BFE
BC90
BCEF
BBDD
BCD6
BB43
BC0A
BB37
BC40
BBE8
BC19
3B41
BC53
38D8
BBE1
BAD3
BBBD
3A2E
3BC3
3BAA
BB83
3CFE
BAAB
3B5B
3C32
3AF4
3C5B
3C0C
BB8B
BC99
3A6D
3B27
BCA1
BC24
BC82
BC48
BC3C
3C56
BC3D
BC36
BCDD
3BA1
BC94
3B3E
BBF3
BB54
BBE9
3CC2
BA8E
BC57
3C35
3BB8
3AB2
3B9F
3C37
BA62
BC01
3BDD
3C0D
3CAC
3B50
3AE7
BBEA
BC50
BC07
3BCA
BBC0
BBE4
BC47
BCBD
3AA4
BBE1
BC72
3C4F
3CC6
3C80
3C57
3A78
B8C5
3CAB
3B7B
3A22
3BC9
3BEF
3B61
3C84
BC63
BCA5
3C44
3B1B
BBE4
BC16
3BBC
3C8C
3BBD
3A28
BBE3
BC25
BBB3
3B9D
BBC1
BBB9
3C7D
3C17
BA75
BC1C
3BFC
BC90
3C7D
BBEB
BBA6
3C65
BAF7
3BDC
3B93
BBB3
3B36
3C07
3BC9
BBDE
3C6B
BB5A
BC8D
BB04
3BA0
BAFB
BC11
3AF1
3C81
3C3B
BC4A
BC0C
BC01
3C98
3B9E
3A99
3B35
BAF6
3B8C
BA61
BB0E
3C3D
3B20
BC14
BB8B
3CA0
3C39
BA21
BC3D
BC1F
BB96
3BD0
BC28
BAF3
3A42
3C8B
3C04
BC91
3CB3
BC14
3B92
39AA
3C4E
BBEE
BAC4
BC02
3A90
3C2E
BB0A
3B87
3C3E
3BC7
BC11
3C1D
BB09
3C2A
3B70
BC18
BB51
BCC5
BB60
3AFF
3C33
BC3D
BBBC
BBB8
3C90
BA67
BCAB
3ABB
BC07
3B61
3C8A
3BDC
3C84
BBCD
3C9F
BBA9
3C2E
3A68
BB82
BC88
3B96
3B5B
BC38
3BA0
BBB1
3BCA
BBCB
3C3F
BBB7
3991
3C8E
3BDA
BB4A
3BD5
3C5E
3C13
3BA0
3C49
39F2
3C06
BC3B
BA91
3C9A
BB47
3C21
BCA0
3B02
3C53
3C77
BC8F
3C01
BA81
BBEA
3BDF
BC53
BBC8
BCA1
3C50
BC63
3C24
BAE9
3AC1
3BB4
BAEF
3AE3
3AC6
BB58
3AB7
3AAD
3BF2
BBD3
3A32
BB00
BC91
BA86
3BAD
BC13
BC55
3C67
BC22
BC85
BBEE
3C3A
BCBD
BC1D
BB0A
3BEC
BC7F
3B5A
BA47
BB1E
3B63
3B93
3BFA
BC28
3BF1
BC11
3B06
3A39
BC2A
3C8A
3B94
3B29
BB52
3C01
BB8E
3C71
3BDB
BB24
BC90
BC7C
3C18
3C80
3CBB
BB0A
BBD8
3C2F
BCA5
BC2F
BC0F
BABC
BBB8
BC08
BC4D
B9EA
BC20
3C04
3C00
3BD3
BBA0
BBE6
BB5E
BBD3
BC4D
BC64
3B09
3B53
3C0C
3C24
3CB3
3B13
3A9A
BB00
3C44
BACA
3B1C
3BC1
BB9B
3C03
BCA1
BC20
BC55
B88D
BC95
BBB8
BC00
BB1A
3BF7
BBAB
3B86
3CC8
BC9C
3C7C
3C35
3C6A
BB6F
3A9F
BC1F
BBD2
3B16
3B34
BBF4
BC69
B960
3C8A
3A8B
3A0C
BBEA
BC0B
3C16
BC23
3A2C
3C19
3C60
BC75
BAA2
BB37
BC4E
3B87
3BD5
BC0B
BCB5
3C90
3BF1
BB37
3AF7
3C6F
3AEE
BB2B
3C32
3C9D
BC78
BBF3
3C66
BC11
3C97
3C1D
3C35
BC7B
3B03
3C4A
3A8A
BADC
BBB4
BBDD
BB54
3B4B
3B50
BBE9
3B17
BBD9
BC56
BC58
3BE3
BA4D
3C38
BACA
3C09
3C4C
BB17
38B2
3C0F
BC8E
BCD2
BC19
3C6E
3C67
BB9C
BC40
BC41
3C5D
3AFA
3C3F
3AD3
3C3D
3BD9
BC0E
3C16
BB7B
BB60
BA67
BB32
BBEF
BC8D
39EA
BC65
BC34
3C63
3AD3
3B01
3C1C
BB2C
BB47
3C64
B8EA
3CE5
BBA9
BB95
BC1F
3C69
BC6B
3B31
3B26
BB08
3BAA
BBD8
3D03
3AA2
BBE7
3B68
BBFB
3A3A
BAF0
3C8A
BB13
3AE9
3C03
BBB5
BB11
BC61
BB14
3AFA
BC43
3C0C
BBB4
3C80
3BB0
3C20
BBB5
3BB4
BC3A
BB97
BAFC
3C27
BBB7
BC69
BCC0
BC09
39A0
BA66
BC6F
B9C0
3BAE
3BF7
3C1D
39A8
BBE5
BBAD
BC94
BBE0
BC18
3AFA
3B35
BC0F
BC2A
BC50
BC41
3C54
3A33
B8C4
3C0C
BC4E
BCA4
BBAF
3C59
3C46
3BE1
3C7E
BB21
3BAE
3C06
3C69
3C1A
BBEA
BB8D
3B06
BC85
BBAB
3C2D
BA28
3C0C
3AAC
3BCD
BBF3
BC1E
BB1B
3BC7
3C49
BC3C
BC04
3CB4
3C1B
BC83
BB62
BC11
3B4A
BB8A
BB5E
B85B
3B28
BB23
3C06
3BBE
3BD5
BB5E
BC38
BB93
3C01
BBD6
BA2F
BC31
3B68
3B00
3B79
3B85
BC7D
3CC2
3BA5
3BC6
3C2D
3C60
BC2B
3B84
BC1D
3B90
BBBF
BC6B
3C90
BC2D
BBC0
BC42
BC58
BC08
BB3F
BCBE
3B0D
BBBB
3BCD
3B8D
3CBF
BB4D
BA91
BABA
3C5A
3BB8
BBA9
BBF4
BADF
BB9D
3C10
BBA1
3BD7
3C94
3BA9
BC87
3CA4
3B7A
BB29
3CCE
BB7A
BC46
BA3B
BCA7
3BED
3AF6
BC17
BBE2
3AB9
BCCB
3C56
3C31
BC8B
3B80
3C12
3BB3
BC98
3BF6
3C16
3BB4
3C4D
3C05
3A79
39BE
BB53
BC9C
BCE9
BC5D
3B7E
3A57
BB90
3B09
BBED
B8A3
BB74
BC3C
BC5E
3B79
3B1A
3C38
BC49
BC2D
BC10
BBDE
3A67
3B92
BB8E
3AD3
BBE2
BB8A
3CC2
3B88
BC81
BC33
BC67
3C1E
BC5B
3BF6
BB91
BB67
3C1F
3AF6
3C15
BC2B
BB39
BB05
BC6D
BC75
3C63
3C6C
3AD9
BC5B
3BD0
3BC8
3C87
BC82
3BF1
BC3D
3B81
BBF8
3B4C
3B9C
3C99
BC4D
BC87
3BFD
BC2E
3C55
BCB6
3CBE
BB9A
BB08
3BCB
BB51
BC27
BB45
BC3E
B8C8
3C16
BB99
3973
3CB3
3C05
BB05
3CC1
BC8E
BAA0
BBB5
BBA2
BC16
BB88
3C14
3BC0
BC38
BCA7
BC6E
3BED
3C73
BB08
BC1B
BC2E
BC46
BB87
BCA3
3C46
3B32
BA62
3CB4
3CB4
BA88
BBC7
BC77
3C86
BC5C
BBE1
3C66
3C9F
BA81
3BE2
3C1A
BC4D
BB0D
3C8A
3B59
BC31
BC5C
BC66
3C33
BC5E
BB67
BC01
BC5A
3C1F
B750
BCC3
3C79
3C83
3BEE
3BAA
3C7C
BB5F
BBB0
3B93
BBED
3B50
3C17
3C3F
BB3A
3AE2
3CA9
3C67
3B31
BC04
3C03
3C58
BB31
3AE2
BBA9
3C40
3AB4
3C3B
3D22
3C66
BC54
3C49
BBF0
3B94
BC37
3BA3
BB1B
3C83
3C3B
3C09
3ADA
BC2F
3B8B
BB5E
BC5F
394E
BC84
3C2E
3AB7
3C5B
3C4A
BC63
BC40
3AD3
3B25
BC1E
BB8D
BA14
BBB1
3919
BC3A
BC21
BC1A
3C2C
BC58
BBC1
3B73
BC52
3B53
BC51
3AED
3C2D
3C11
3ACB
BC80
3C12
BC14
BB7C
BB86
3C9E
3CA4
3C4B
BA94
3C91
3B53
BB64
BADA
B999
3A0E
3C88
3B88
3C9C
BC8C
3A73
3B85
BB57
BADC
B91E
BB9B
3C01
3C45
3C57
BBEF
BAE0
3C14
BBE0
BC15
3B20
3C98
3C7D
3A8C
BBE5
3B20
3BD6
BC4E
3C08
BC0F
3B94
3B1F
3C0C
3C2B
BB1F
3BA8
3B96
BBBA
BC3E
3C72
3C34
3A8A
BBCD
3C83
BB97
3B73
BC99
BC41
3929
3C4D
3BB9
BB86
3C66
BC88
3C2A
3C05
BC21
3C56
3C4F
3AAF
3C00
BC64
3C4C
3C51
BC83
3BD8
BB71
3C0C
BC58
BBBD
BB6A
BAD9
3A21
BC01
BC83
BCA8
BB94
BCA9
BAC6
3BD2
3CA5
3C37
BC11
3BAB
3B8D
3C00
BC09
3BFB
BC32
3B87
BBA3
BC10
BC21
BBF8
BBA2
BC5D
BC91
B9A4
3CA7
3C10
3B69
3B12
3A2E
3BFA
BB74
BC38
BAF6
3C02
BA28
3B11
3AC2
BB19
3BC0
BC8A
3B08
3A42
3A5B
3B26
3C48
3C02
BB9A
3C62
3BB9
3BB1
3BAB
3CAF
BCA2
3BAD
3941
3B66
3B84
BBDC
3C75
BC95
3CD1
BBE9
3C88
3C07
BBBF
3AC0
BA5D
3BA0
3C82
BB76
3BA5
3B52
BC62
BBE9
BBC5
BC81
397D
BCBF
BBE5
BB01
BBA5
BBD5
BB83
BC4B
BBC3
3BD7
BC1B
BC0D
BBDA
3C47
BBB5
BCA4
3B26
BCCF
BB9A
BC0F
3B7E
BC78
3A21
3C40
3BD8
BC36
BB7A
3C2D
3B29
BBC1
3C0A
BB12
BC42
3C8F
BA16
BB8D
BBB3
3C20
3AF3
3980
BBC6
BBFA
3BF6
3BF2
3BD2
3C8B
BD10
3C5D
BA63
3CB9
3C14
3C51
BBD0
3C1D
3B3A
3ACF
3C1E
3C0D
BD05
3C1F
BC11
BA42
BB9B
3B32
BB37
3BB1
3C3C
BB71
3C8B
3C3A
3C5B
BCB7
BB90
BC92
BCB8
3C40
39B0
3C81
39CF
3B3D
3AE1
BB5E
BB08
3ACF
BB09
3C75
3B82
3C51
3C9B
3A9C
3BD2
3C1E
3A0D
3CBA
BBB3
3BB3
B8BD
BBF2
BCA5
3CC1
3AEA
3C63
3BB5
3C2D
BC25
3BDF
3BC7
3AC8
3BA6
BC5B
3BE8
3B11
BA2F
3B6C
BC7C
3C3B
3B8F
3C84
BADE
BC0D
BC0C
BB79
3C58
BBCE
3C04
BC55
3CA1
BB76
BC2D
BB66
3D07
3C01
3C52
BC23
3B8E
BCA0
BC0A
BC32
3BD0
BB49
BC17
3B92
3C35
3AF8
3CA0
BC40
BBA7
BB74
3AC2
BAFB
BB7D
3C06
3BFC
3BA8
BADF
BBD9
3C2F
3C39
BBA7
BC12
3C75
3BE7
BB8D
BC7E
3BAE
BC43
BA96
BBE5
BCCC
BBA2
3C31
BC7B
BB97
3A88
3B86
BC52
BB95
3C4D
3BAB
3BC1
3BD1
39FC
3C5C
BBE0
3B81
BC54
BC14
3AC4
BC6B
3BB2
384C
3C2C
BB66
BC87
3C94
BBEC
3C7A
BD06
BB95
BB7C
B81E
3BDC
BCA4
BB92
3C76
3BF4
3B92
BC12
3B53
BC08
3C17
BC26
3C05
BBFB
3C1D
BC59
3A85
3CC9
BBC0
BC14
3C87
3AE0
BBEB
BCB0
BBAC
3C3D
BBD3
BB13
3C9B
3BC4
3BEF
3C87
BA59
BC86
3C6A
BCB0
3B02
3BEB
BB44
BC6E
3A9F
3C69
BC8A
BB63
3AA4
BA1B
BB26
BACE
3C8A
3C3E
3BCA
3BB1
3BC5
BBD6
3A87
BC18
3BE1
3B5F
3B66
BB4C
3AA4
3B64
BACF
BC12
3C07
BAC2
3B83
3BF6
3C1E
3C2C
3B2D
BC0E
BB55
3CE6
3BD2
B983
3B2F
BBF2
3C08
BC8D
3A8C
BC89
BC27
BB81
BB8E
BC90
BB7D
BC32
B80E
3C5C
3B8E
3BCF
3B7B
3C2F
3C20
3BFD
3CC4
3BBA
3A92
3C91
3BA2
3C3B
BC48
BBFD
BB5E
3B5E
3C47
3C9C
BAEC
BB9E
BA31
BB48
3C9B
BC96
3AAA
BB26
3B13
BBF9
3B6E
3A2A
3B5B
3BF6
BCAC
BBAC
3CAD
3C64
3C9C
3AFE
3C58
3B8C
3B9A
BAC6
3C32
BC15
3BB4
3C36
3A86
BC1F
BCDA
BBB2
3C07
3C67
3B39
BC19
3A81
3C86
3BDF
BBA3
BB9E
BBE6
3B96
3C25
3C65
3BF8
BC34
3C28
3B4F
BBC7
3C4A
BABA
3C79
39A3
BC78
BBC3
3C42
BD12
BAAF
BC86
BB1F
3C14
BC66
3AB4
BC9F
BC0B
BB0C
3ACA
BBAB
BBBF
BB24
BBA3
BCB3
BBDA
BBD1
3BEC
BBDD
3B58
BC79
3BE6
3C2A
BC2B
BC85
3C44
BC58
BB3C
3ABF
3C94
BAA5
BBAE
BBD9
3C15
3B98
BC6D
3C05
BC58
3C43
BB88
BB92
3BBB
3CE8
3BA6
3BA0
BBD6
3B8F
3B88
BBBC
BC52
BBA1
3BB9
BC3A
B9EA
BC34
BB89
3B83
BB5D
BBF4
3C78
B999
BB9D
BBE8
3AF4
3C04
BCE7
3BFA
BC81
BBD7
BC26
3AC9
3BC6
3C98
BC94
BBA6
3B86
3C97
3B5B
BC46
BC1C
BC24
3C30
BA04
BC2D
3B58
BC51
BB38
BC8A
BB4F
B99A
3C8A
3A37
BCC3
3C28
BC13
BA78
BAB8
BACE
BC2F
BBE9
BCA4
BB93
3C83
BC28
3A1F
3BF6
3C8D
3AF3
3AB3
3C05
3BDE
BBBC
BBD6
3BDE
BB9A
BB9D
BBD7
BC9B
3BAF
BC42
BB33
BC96
3996
38D2
BB9F
3B58
3B6D
3AC0
BB39
BC04
BA93
BC80
BADF
3C06
3C1C
BC23
BAB0
3C98
3C69
3BEF
39CA
3C06
BAFC
BC9D
3C35
3B93
3C14
3BA5
BB9F
BC4A
3BCF
BC90
3BBA
3AE5
3B84
BB84
3A14
398F
391D
3C33
3B09
BBDD
3BD7
BAC9
BB04
39FB
BCCE
BB0B
3C12
BB3E
3C37
3BF7
3C3C
BA16
BC13
BC22
BC40
BB8E
3C14
BA30
BC01
BC12
3C1B
BBF7
3B57
BC38
BB6E
3BFA
3B93
3BA9
BB6A
BB6C
3BAC
3C02
3BC8
3C13
3C07
3B30
3C09
3C36
BC04
BBC3
BBCC
BC56
3A96
3B9C
BC9B
3C57
3B8C
BA60
BC32
BB5D
3C61
BB3E
BC6A
BC7E
3C6B
3BE6
BB32
BC6A
BC09
BB8E
3C93
388C
3BCC
3B77
BBFD
BB2C
3A3D
399C
3B49
3C55
3C8A
3AAE
BC6F
3B66
3B97
BC13
BC75
3BA1
3B9A
BC5F
BC0D
BC22
BAFB
BBCA
3BAC
3C5A
BC0C
3BAE
3B08
BC6A
BB0F
3B69
BB8B
BC35
BB3E
BCB0
3BA5
BC01
3C15
3C93
3BCC
3BA2
BC82
3B43
3A28
3C05
3C30
3C35
3C05
BC21
BAE2
39F2
BC85
3B15
3B5F
BBD7
3C36
BC10
BC64
3C2C
BB4F
BBDF
BCA0
3A8B
3BBA
BC03
BC48
BA33
BC04
BC49
3B80
3C51
3C1A
3C80
BBA2
BBEE
BB4E
3C2E
3C99
3BE8
3C3A
BAAF
BBA1
BAFB
3C19
BA89
3CE4
3C2A
BD0E
BC75
3822
BC4F
BC0C
3BF0
3C6F
3BF2
3B71
3C5F
3C7C
BBDA
BBA4
BA76
BC7A
3C2E
BC18
39F9
BC39
3CAF
BA9B
BB9A
BA02
BC88
3BF5
BA30
BB81
3C37
3BFF
3B84
3B63
BBD3
BC6F
3B62
BC02
BC9F
3BC3
BB2C
3CA6
3BD5
3AB5
BC1A
BC44
3C31
3BE5
3C33
BB16
BB9A
BB53
BC83
3C1C
3C64
BB73
3C4D
BBB1
3B76
3C92
3CD5
BBBD
3B81
3C74
BCBE
BABD
BC29
3C27
3B80
BB3F
B9AD
BC43
BB94
3BB6
3BD8
38D7
BC27
BC28
3C24
3C2B
3C05
BA7F
3C02
3C70
BB9C
3C13
B8B8
3BB8
3B55
3B96
3C2C
BC46
BC33
BB95
BBE1
BC6F
BBE9
3C54
3957
3B0B
BA57
BB29
BC26
BC2E
BC49
3BC1
BC38
BB8A
BAAE
3B82
BC83
3BAD
3C4A
3B9F
3B4E
3BAE
3C89
3B39
3B0A
3A8E
BCB8
3C16
3B98
3C97
3C11
BC88
39BB
BC04
3BF5
3C27
BBC4
BA27
BC18
BB99
BC0F
BC10
3BA0
3B24
3C51
3B98
3CBC
BB81
3B03
3BBA
3C3B
3BD0
BB3E
BB96
3C33
BBB8
BA31
BB50
BC86
BBE7
BBCD
3BF2
3BED
3C30
3BB4
BBD0
3B1B
BC4F
3C0E
3C01
BBD9
BCD4
3B92
3A86
3C61
BC00
BBCF
BADC
3AB0
3C22
BC07
3BAF
3B24
BB62
3BEF
3B1E
BC4E
BA18
3BBA
3BD2
3B79
BB9D
3B67
3BAC
3BF7
3C0B
BC27
BC4A
3C66
3BA9
3C42
BC2E
3C26
BC22
3B55
BB4C
3B9C
BC3E
3C19
3C5A
BC70
BB99
BBAE
3C0B
3C10
3BE0
3BC8
BC25
BC17
BB9B
3C30
BBA0
BB24
3A56
BA30
3B1C
3C9A
3C5E
3C72
BC9D
B9EE
3CB0
BB9F
BB78
3BCF
3B7D
3B53
BC5D
3C49
39D0
BC1A
3BCF
3BA9
BC94
BC67
BC6A
BBC5
3B28
3AF9
3C9E
3C81
BBCD
BAEE
BB55
3BAD
BC12
BBDB
BB1E
3BC3
3CB1
BCC0
BC5C
BA17
3BB0
3CA8
BB06
3C96
BC99
3BAE
BB85
BB4F
BC63
3B0B
3C1A
3A57
3C8F
BBDC
3C2E
BB70
3C14
B996
BC46
3B05
BA9C
3CB9
3BD2
3B8B
3951
3C5E
BA27
3C0F
BB9D
3C1A
BAD4
3C7D
BB88
3B1D
3BA0
BB27
3B5E
3BAD
BB2C
3B78
3C8E
3C69
3BE3
BC84
BAFF
3BF1
BCA4
BB8E
3C26
3C2D
BB27
BC80
3C51
3C04
3A28
BBB9
3B86
BAB3
BBD3
BC06
BB4F
BAD7
BB8C
BC16
BC34
BC90
3C6F
3C0F
3BA3
3C1E
B9E5
BC6A
B992
BBBC
3BB1
3C20
3BF0
BAD7
BBD1
3C1F
BC2A
BA1B
BBE3
BB87
3C2C
BB80
BC64
3B9A
3C48
BC49
BB06
3BE8
BBE1
BC5F
3C50
3B4F
BAA5
3B87
3B99
3B10
3B07
BCAC
BC30
BC27
BBEA
BC46
BBC8
3BAF
3C83
3BF6
3B96
3C8E
BB1D
BC13
BCCF
BC2B
3BA3
BB84
3BF2
39D0
3C43
BBEB
3B34
BAC8
BB9D
BC67
3B6B
BBE9
BC6D
3C4B
3A99
BC05
BC4B
BC80
BBC6
BC2B
3CB6
BC86
3AAD
BBE1
BBC6
BB15
BC4E
3AE6
BC9C
3C01
BB0A
3BCE
BC13
BC28
BC0A
BBF2
3C4D
BC24
BC00
BAC6
B92A
BB63
BB9A
3BF0
3B7D
3C9A
3C7E
3C17
BB54
3C5E
BC1E
BA70
3BF4
3BFE
3BF4
39C8
3B27
3A8C
BB88
BC8A
BBFF
BA36
BAA4
3B83
3C57
BCA4
3AA2
3BB7
3B49
BA75
3C16
BB29
BB16
BB44
BB7F
B989
3B81
3C43
3B91
BC88
3C65
BBBD
BC08
3C2B
BC3E
BBA5
3C15
3C80
3AF0
BB97
3BDB
3AE4
BC14
3C6E
BCA0
3B38
BC04
3B77
BBEC
3B52
3C2F
BBE0
BA57
3C5A
3C53
3C02
BC44
BC56
3CA7
BC37
3BB3
3C9D
3C69
3A17
BC13
BB6B
3B08
BC05
3CC2
BBA9
3B94
BB70
BAF3
3CA9
3B2F
3C20
3CAC
BBC1
BB99
3BBE
3C7C
BADA
BBFE
3BAB
3A8B
BB84
3C99
3BF3
BA83
BBAD
3A7B
3CA6
BC1C
BBF5
3A41
3A43
3C9F
3B12
3C54
BB15
BC03
BC29
3C48
3BD4
3C05
3C53
3C1E
BB22
BBA7
BC1F
39F2
BA68
3A94
3B2D
B9EA
3A3F
BC02
BBA6
3C1F
BB9F
3BF7
3A0E
3C3E
3C2B
3A81
3B25
BBBB
BBE8
BBD1
3B81
BBD2
3AA5
BA7B
BBD1
BA54
3C09
3BC3
3C40
3CA3
3C17
BA06
BB0B
3C57
3A72
B749
3B97
BC0A
3BCE
BBCD
BC94
3BC4
3C86
BA6C
BB82
3B34
BB36
BB2C
BB91
3B32
3BB7
BC86
3C94
BC47
3BA3
3BA8
3CD7
BBA5
BC47
BC17
BC81
3C2E
BBB3
BC82
3B07
BAC0
BA2C
3B6E
3BEF
3B9B
BBC0
3C69
BC82
3B07
BAF9
BC14
3C4A
3BAE
3C8A
3C16
BB5C
3C82
BAEF
BC19
3C13
3A74
BCAB
BC0F
3C64
3BF2
BC9E
BB28
3B98
3C40
BC89
BC43
BBFF
3B84
3BEC
BB27
BC01
3B80
BBA6
BAE6
3B88
3C4F
BC12
BB98
BB0C
3B5F
BBB9
BC91
3C23
3CCD
3C01
3CCB
BC15
BC85
BCA9
3A2A
BC24
3C55
BCA0
3BEF
3BB4
BC53
3BCA
BBFC
BC15
3BCA
3BBB
3CD3
3CA0
BC29
3BC9
BCA7
BB9F
BBDB
3BF9
3BE4
3B90
3BE0
3BEB
3BB4
BA37
BCBB
3ABF
BCEE
3B02
3C12
3B8F
3BCC
3BAC
BBF3
BC00
B9AE
3B57
3C2A
BAEB
3BCA
3B76
BBB3
3C2D
BC8E
3A1A
3B44
BBBA
3946
B9C4
3C0D
BB3A
3B9D
BC90
BCBB
3BFA
BA17
3B55
3CA1
BC5C
BC0D
3C51
3B05
BB1F
3C23
3B99
BBBC
3C91
3AE6
BBBE
3C1C
BC6A
BC81
BC0F
BC46
3C01
3C4B
3BD0
3B1C
3A4C
B930
3C21
39F6
BC45
3B61
3BD5
BB58
B8B3
BB7E
BC4E
3C75
3C9D
3BF7
BCBC
BC5E
BB0C
3C12
3C1C
3BDF
3C82
3BB1
3AD2
BB33
3C3A
BB59
BC39
396D
3BB5
BC2D
3C67
3BCE
BB19
3C65
3B18
3C24
BC00
3B60
BC0F
3B56
3C0B
39BD
BC2F
3B49
3BBA
39EA
3C92
BA61
3C6A
BB5E
3C0A
3C39
BC3D
3C46
BB58
3B75
BC08
3C1D
3C6A
3C0D
3BEA
BBAF
3C72
3C2D
3BE2
3CC7
BC2B
BB5A
BB8F
BBB6
3B40
3B65
BC91
BBED
BBF2
3C1D
BCE3
BCAC
BBC0
BA77
3A28
3BC9
3C09
3C5F
BC11
3B49
BB8E
BC3B
BC6F
3B3F
3C9A
BB9B
3B00
BBD8
BB03
BB92
3BE7
BC81
3C4C
BBB8
BB0B
BC6F
3B3B
BBAB
3C2B
B952
BBE8
3B5F
BC31
BC1D
BB27
3BBF
B9B4
BAA6
3C49
BC50
3C09
BBF3
3B25
BC22
BB90
BC11
3BA3
BBD7
BBB6
BA2C
BC54
BC1B
BBC6
3C47
BC86
BC45
BADC
BB80
3C67
BC02
3B5D
B88B
BBAC
BC44
3C8F
BCD1
3C0A
BC88
BC97
BC81
3C62
BA77
3C93
3BFB
3C83
395D
BBEA
3C23
3C0C
3C9F
BCAA
BB9F
3C4F
3B36
3C40
BB8E
3B12
3BD7
3B22
3C0A
BBC4
BB57
3B80
3B43
3BEB
3C00
3C88
BBC7
3A35
BBFA
3B0A
3B83
3BA9
3C4F
39D8
BC8B
3B3C
3B96
BC80
3AD0
BB1C
BB8F
3238
BC83
BBAF
3C05
3875
BA52
BBC8
3B69
3C1C
BAE0
BB3B
BBEE
3C8E
BC25
BC14
BC06
BB3E
BB30
BC5B
3C8C
BBF0
3BB6
3A39
BCC9
3CDC
BC87
378E
BC76
BB4E
BC36
BBC3
3A61
3AE6
BCD9
3C45
BC74
BC3B
3B2C
3B8D
BCC9
3C49
BC51
3B25
3C20
3B08
3A99
BB4E
3BBB
BCA8
3AA1
BC7B
3B11
3B9F
3B2E
3C3B
BBD5
BC25
BBD8
3BE7
3BD1
BC5B
BCDB
BC28
3C15
3AA4
3C73
3D17
BB9C
BBB7
3890
BC4D
3B71
BC8E
BC17
3B30
BAD4
3CA6
BC8D
3B20
BBCA
B9C7
3AB3
BC11
BCA1
BC9A
B8F8
3C2E
BC75
3C1A
BC23
BAB9
BBD4
3C0F
3CB3
3C64
BB5D
3BC1
BC9F
3BE9
BAA8
3C30
3C29
39B5
BC03
BCA1
3CA1
3B87
BB7D
3C5D
3CB2
3982
BC0E
3C10
3C0F
3B69
BB1B
B9D8
BCB4
3C61
3C37
3BAC
3C82
BBD0
BBD7
BB86
BB52
BC5A
BB45
3C0B
3AB7
BC55
3AB5
BBAF
3BFF
BB2A
BC27
BC1C
BB3C
3C57
3C54
BAEA
B968
3C33
BC5A
BB89
BC8F
BA35
3C25
3C39
BB36
BC7A
B9E8
3C0F
BC31
3CEE
3B88
3B9D
3CCB
3CD1
3C29
3C42
3C29
BC30
3C0F
BC6E
BBFF
3ADB
BC0D
BC03
3B14
BC93
3A98
B9F8
3A82
3C8D
BC65
BBB5
BA1F
3BD2
BA3B
3C34
BC3E
B9FA
BAB0
BC5A
BB26
3A9A
3B0D
BCAA
3C31
3C8C
3B37
3ADF
BC60
3A80
BB84
BC09
3CB0
BA29
BBAF
3C45
3C58
3C96
BAB8
BAC0
3BE2
3B9B
BC06
BC6F
BB49
BBA7
BB89
3B1E
3C21
3889
BBF8
3C4C
3BF7
BCA4
3C74
BB92
BB92
3C2E
BA07
391E
BC5F
BB49
3B5E
BC99
3B86
3C93
3C11
39AB
3907
3CC5
3C0C
BB96
BC76
BAF7
38F4
3BA6
3B38
3C6D
3BAF
3BEA
BB8A
3876
BC58
3CED
3BAA
BC5A
BB45
3C33
BC42
3942
BC65
3C90
BA37
BB1D
BC91
BAD1
3B8F
3C17
BC7F
BB1E
BC16
3C98
BB8A
BBC1
3A84
3C3D
3AFB
B8B9
BC3C
BB98
3BB7
3C98
3BB0
3AD9
3C31
BC2E
3C25
3C6B
3B13
BB9E
3C05
3AB5
BAC1
BAE6
BB81
3B70
BADF
3BD1
BBCC
3A03
BC1C
BC95
3C0A
3C79
BC2C
BBFE
BB09
3BF8
BCB1
3C03
3CB8
3BB9
3BD2
3B74
39D6
BC9A
3CAD
BB12
39B8
3C1C
3B80
3B9F
3B2B
BC3B
3C15
BC17
3CB3
BC2F
BB85
BBF6
3C1C
3BFF
3BD6
3BA8
BAAE
BBB2
3B8A
3AEC
3B70
BBAA
BB01
BC3C
BC29
BC0F
B6F9
BC41
3CAE
B9B0
BBB2
3BC2
3B4F
BB2B
BC52
3C68
3AD9
3B91
3CA8
3B14
3BAA
BC7A
3AC1
3C37
BB09
3C08
3C2A
3B11
BC67
BB44
BC1B
BA0A
3C33
3B91
BC50
BC2A
3C83
3C07
3BBA
BC2A
3BDA
BC2D
3C1F
3BDE
BA31
BADB
BC08
3B9A
BB78
BBB6
BBF2
3C9A
BC32
3AC1
3C83
3BCA
BC32
3B98
BC2D
3BFE
3C86
BB1B
3B81
BC19
3CB6
BC1F
3C88
BB9B
BADA
BBB1
BC3D
BC4D
B6B9
3BF0
BB81
BC8C
3C01
3C18
BCAE
BB2E
BC86
3B2A
BAEF
BB0E
3C4E
3B1E
3BA2
BBD2
BBB2
3C5B
3AFE
3A82
3C4A
BCEB
3C4D
BABE
BCD4
3C28
3B9D
BBCD
3C53
3C13
3C0B
3C3A
BA58
BA8A
BA96
3AA3
BB47
BC7D
BC07
BBB9
3C8D
BAF7
3C1C
3C55
BCCE
3C42
BB8E
3C3B
BC26
BC0E
BBA3
3C14
3CD7
BB92
BC1D
3C57
BB59
BC24
3C17
BAE9
39A2
BBF3
BC5F
BC0E
B910
3A8B
BA06
BC29
BBB1
BBE2
389F
BC63
3B43
3C1F
3C24
BC33
3C57
3C0A
3C3E
BC25
BB47
BBDE
BC16
3B8E
3C38
BB90
3C3F
3BC1
3B5D
BAE7
38F7
BB8C
BB53
BA49
3B77
3C83
BBD2
3C38
3C10
BC6B
3B3A
BBF2
3C86
BC7B
3C89
BCBC
BC41
BBAB
3ABB
3C29
3A9E
BB70
3B8F
3C36
BA8F
BC3A
3C1D
3CA4
BB55
3A90
3B98
3B44
3BC7
3C24
BCA9
BB00
BAE7
BB28
BBCC
BBF3
BC46
3CA3
3C2F
3C89
3B25
3C8B
3C17
3C28
3C46
BAB2
3B8D
3BD7
BC07
BB90
BCCC
3CDC
BB64
3A44
BC33
BBE4
3C2C
3C59
3C86
BB98
3B17
3C28
BBD9
BB96
BB94
3BC6
3A19
BBE4
BB10
3B74
3B74
BBBA
3A85
BC07
BB1F
BD06
BB78
3BE8
3A82
3C58
3C43
BC4A
BC8E
3C99
3B79
3C86
BC62
3C45
3C66
BBD0
3BA0
3B85
BC7A
BBCB
3C96
BBAC
3C1E
BBAA
3C5E
39F0
3CB3
BC0B
3C62
3AB9
BC57
BC38
BCD1
B9FC
BC3E
3B6C
BC7C
3C0E
BC8B
BD1E
BCA6
3CA4
BB91
BBAD
3C37
3CD7
3B9A
BB2D
BC63
BCF3
BC21
BC5A
BBCB
BBA1
3CD6
BC4F
3B49
BC96
3B81
BB2C
3CA0
3A1A
BB90
3C65
BC57
3C4F
3C2C
BB8F
3B81
3C10
BB30
BB0E
BC53
BBE3
3AC9
3B8C
BCC5
3D04
3BE3
BBBF
3BC9
3AE4
BA6C
BBCE
3C36
BC3C
3C58
BAF7
BC64
3BB9
37C6
3BF5
BCCB
BB88
3C41
3B5D
BC00
BCBB
BC39
3C0F
BB84
3AF3
BAD8
BB7C
BC95
3C26
3C8C
BC82
BAF2
BC8D
BB6D
3B59
BAD8
B9AF
BBE7
3C32
BC2F
3C5E
3BD7
3BD7
3CCE
BAEC
3B92
BC50
3B15
3C34
BBF1
BBAE
3B6C
3B01
BC8D
3CDB
BC3B
BC85
3C34
3B83
3B1C
3C83
BBEF
BC7C
3BEE
3C97
BC4B
BBA1
BB98
3B85
3C60
BC7F
BBBF
B924
3C06
BBBD
BBD3
BB7F
BB4E
3B58
3A1D
BC04
3B11
BC0C
3B9E
BB89
3B40
3BDE
BB57
3BD2
3C0A
B933
3BC1
BC25
3BB4
BAA0
B9AE
BB53
BC75
3C95
3C09
3BCE
3C9A
BC25
BC77
BC84
BB07
BC48
BBB2
3BAD
3B4F
3B93
3CC6
BA16
BC71
3C3D
BB73
3AF5
BC1E
BB72
BA5E
BC51
BC58
3C77
3BD1
BBB3
BAF9
3AC6
BB56
BBF9
3A67
3ACB
BB1C
BB75
3BBE
BBA4
BB2B
BC38
3BFF
BC70
BB7C
BAC2
3A32
3ABE
BB0F
3BD3
BC2F
3C6A
BA7A
BABB
BB7F
3B77
BBBB
3B28
3C15
BBFE
3C6F
3C2E
BBAC
BB33
BB93
3BC4
3C6F
3BB3
3C2E
3BCF
BB9A
BC4E
3C1E
3BCC
BAC3
3BB1
BC5D
3BDE
B984
3BED
BC1D
BC50
BB5A
BB93
3BCF
BC78
3A6B
BC34
BBEB
3BC9
BB91
BCB3
3C3A
3B94
BB26
3BED
BC02
BBDF
3BFD
3C5E
BB13
3BB3
BC3C
BB0A
BC95
BAF6
3B1A
BC0F
BB7F
BC1E
BB11
3C1F
BBB3
BB27
3B5B
BC09
3B7E
BB87
3BB3
3BF2
3B56
BA9B
BB22
3B45
3BF6
3B18
BC4E
3B8F
3AB5
BBF8
BBA6
3B6A
3BFC
3BC3
3B34
BB70
3A19
3B01
BBD2
3C8C
3C0C
3BB7
3BCD
BB92
B908
3B44
BC10
BC69
BADF
BBAC
3C3E
3BA5
3B77
BC0B
3C5F
3BB4
3B73
3BD1
3C50
BC14
BC97
BB25
BB32
3A85
3CEC
BBB7
BC06
3BC9
3C3D
BC0D
3B21
BB0D
BB33
3C1A
BC5A
3C95
3B8A
3AA0
BCB1
BC4B
BC58
3B9A
3B75
3BAB
BC14
3BB5
3B7E
3C7B
BC95
3C0F
3BA6
BC5B
BA39
B8A8
BC82
BB8F
BAEA
3A95
3BA2
BBDF
BB68
3B87
BAB9
BC90
BC84
BB91
3CA8
3B3F
BBB8
BC8E
BAD9
BBAC
3C5F
BC94
BC6A
3BC8
BA24
BB1D
BC25
BC3D
BC06
3B34
3C22
3BFC
3B60
BB1A
BC1D
3A01
BA8E
3C91
3CEB
3BE0
3BF8
3BA7
BC1D
BB88
37E8
BB15
39E5
3B47
BB5B
BCB4
BB5B
BB90
BBCD
BBA1
BBDA
3B74
3BCE
BC4D
3C16
3C9D
BC46
BB72
3CA6
3C25
BBC8
3B07
3B3B
3C2E
3CA7
3BE5
3C50
3C61
BBEE
BBE4
BC05
BC84
3CD7
3BC5
BBD7
3C3E
BB85
BC23
39C5
3B11
3C0A
3C4F
BC19
3C02
3B99
B9F6
3B65
BBC2
3C8C
BB73
BB38
3CD3
3C77
3B9A
BBCA
BA4D
BB23
3C50
BBF6
BBAC
3BC8
BB01
3BA1
3B65
BB8E
3B88
BBFE
3BEE
BBB4
BC16
B92F
3A42
BB33
BC98
BBC7
3B93
BC1B
3BA5
39F6
3CA4
BC8A
BC78
3C5D
3BE7
BC4D
3C4E
3CF0
BB1D
BC0C
BC03
BC17
3BC1
BC3E
3C47
3BB2
3B13
3BD8
3C16
3BBF
3A90
BCED
3B26
BAD4
3B49
3A9D
BC04
3C7D
38A7
BAF4
3B37
BA55
3BB3
B986
3BBD
BC27
B9D6
3BCD
3BA7
3AB3
BBB3
3AC4
BBC5
3C7C
3BA5
BC64
BBC9
BBF0
3C34
3C46
BBAD
3C2F
BB9A
BC8F
BC50
BB78
BC58
B9E6
3B4B
3BE6
BB88
BBF4
3BC1
3BC4
BC12
3C1C
BB2C
BBCD
3B66
BAE6
BB63
BA55
BCB6
3BA1
BB84
BB5B
BCBB
3B06
BCBB
3D14
BB17
3C40
3CB7
BB91
3ADC
3BB6
3BDB
3BB2
3B01
BC5D
BC35
3B93
3BA7
BC16
3C70
BB89
3C20
BC67
3B68
BC52
3BBD
3AC0
3C1B
BC67
3B5F
BC40
BAAD
BC8B
3B89
3BC8
3BDA
3C26
BA06
BBA5
390F
3C0F
BC75
BCE8
BC8D
3C1A
3C15
3BCD
BC0F
3B55
3BE2
3C2D
BC68
3C63
BBD3
3B6E
3C2A
3B76
BC8F
3AD8
3C12
3B6E
3C27
BBC2
3BBA
BC2E
3ABC
BB48
BAF6
3BC4
B8F8
3C32
BBC0
BA4B
3B7A
BC6B
3898
3BF2
3AF6
BAED
3A9C
3C52
BC2D
BCA0
3B56
BC4E
BCC1
3BE3
3B02
BB5C
BB80
3C7A
3BBA
BC5A
3C42
3C28
3C32
BBFD
3AAF
3C31
3C8B
BC44
BC9A
BBE1
3CB3
3C51
3BD5
3C65
BC07
3B53
BBF5
BB9B
BC34
BCB0
BAFE
3B08
B9F4
3C45
3C2C
BB5A
3C2A
BABC
BCDD
3BAB
3AA5
BC0F
BC47
3CBB
BC1E
3BDA
3B4C
BC1F
BC06
BC58
BBAD
3A8B
BB6C
BC5F
BBA8
BB95
BC24
BC12
BAFF
3BE9
3C0E
3C05
BBFB
3CB2
BBB7
3BD9
3971
BCB3
BBB2
BC29
BBEF
BB02
3C52
3C54
3BB3
BC6D
3A8A
3C71
BB06
BBC0
3C2A
BC31
3C98
BAD1
BC97
3B15
3CE7
BB0B
3914
BBA1
3C9A
BC09
BC0C
3AE0
BCDE
BC13
BBC9
BC99
B89F
BC22
BC83
BBCA
3C47
3C3A
3BAC
3BB3
BC04
3BF9
BB4C
BC64
3BA8
3CAB
BC6E
3B96
BA7B
3BA6
3B4E
3BB1
BBF4
BC77
BB98
BC7B
BC8A
39F3
BC74
BC15
BC75
BC58
BBFA
BC2E
BC91
BB8F
3C37
BAF0
3C4D
3B98
3B12
3894
BC22
3C5C
BC66
BA9F
BC12
BC2A
BC5F
3C0E
3BEF
BC37
BB6E
BC38
3B04
BC05
3C93
3B92
BBDF
BC3D
BC9A
3C13
3C33
3C5E
3C07
BB25
BB90
B9AC
BCDD
3C62
3C2F
BC46
BCD0
BC15
3B99
BC9F
3BD0
BC5E
3C02
3C9B
BC10
BC13
3B0E
3B86
BA4E
BC71
3C15
BB85
BBD4
3C33
BBA5
BC55
BAF4
B937
3C47
BC80
BB3B
BB9D
3B8A
3C2A
3BEC
BC52
3B72
3B64
3AA7
3C52
B8B1
BCC9
BB77
3C02
BB8D
3BF3
3CC9
BB85
3C82
BAB9
3C89
3B83
3C42
3C8F
BCB1
3C90
3B29
BC50
3AEC
BBC6
3C85
3BEF
BB8A
BB3C
BB88
BBFA
3C1B
BB25
BA39
BCBF
BAC0
BC82
BC44
BC94
3B3F
3C4E
BA20
BCC9
3AAB
3B09
BBA2
3B49
BC83
BC13
3C94
BCCA
3C1D
BBF3
3C3D
BC8D
B961
BB24
3B23
BC74
3B08
BC81
3BE8
3C7A
BA2C
3BAD
3C2B
BB91
BBC4
3BE7
BB27
BBE2
3A38
3C49
BBA1
BC33
3B3E
BB99
3BB5
BB41
BB0B
3C31
BA9A
3AD3
3C44
BC35
BB39
3C84
BB62
3C5C
BC05
3CBF
BB96
BBE9
3B74
3B85
BC03
BAB7
3BAB
BBCC
3C81
BB82
BBAB
BC6C
BBA8
3C3D
3BAC
3C60
BB52
3C1B
3AFF
3C11
3B1B
3BB3
3CFE
BB9F
BB03
BBEF
BC7D
BC0B
BA96
BC8E
3B8A
BB0F
BC06
3B93
BB99
BBC8
BC1A
BC1D
3C6D
3C72
3BDA
3C50
BC76
3C30
BB02
BB91
BC65
3BF0
BB97
3AC9
3830
BB6D
3C02
BB77
BC1D
3C61
3CBE
3BED
3A7A
BB4E
BCA6
3C98
3CB6
B98B
3C7D
BB90
3C0F
BC29
BCD8
3BBD
3BE0
BB8A
BBA4
3C5F
BC2E
BB0E
BC08
3AB4
BBC2
BAA2
BC69
3B95
BC1C
3AE8
3C1E
BC3A
BB0D
3C1C
BC91
3AA4
BBDE
BA2F
BC94
BBED
3C23
BB36
3C32
BC3F
3B25
BC54
BBF5
386C
BC74
3B04
BBE8
3B0A
3AC6
BBE7
3C00
BC8C
3A22
3B9D
BB9F
BCDE
BB45
3C0D
3C70
BB13
BBF4
3C2D
3831
3985
BB97
BC57
BACD
BC11
BC11
BB00
BBD9
BC8C
3B36
BB0B
3BDE
3C1F
3C01
BB92
3B83
BA74
3C39
BB45
3B2A
3BEF
BC30
BC05
BC81
3CA2
BBF4
3C51
3BC5
BB30
B89A
BADF
3C4A
BCE8
BC15
BB08
BCE1
BB77
36BB
BC0C
BB50
BBE1
3C53
3C03
BBC6
3AFD
BB90
3C81
BBCC
BCCD
3C16
3C9E
3B64
BB70
BB55
BC1F
BB81
3BF7
BBDD
BB85
3AAC
3C58
3B0C
BB26
BC38
BB95
3BAD
BC01
3B82
3C52
3C37
BBCA
BBA2
3C5D
3AEC
3C43
3C9A
3AB6
BAB2
BA66
BC76
3A28
BC37
3BC3
BC28
BC29
39DC
BB1E
3C2B
3C7E
BABF
BCA2
BC59
BC90
3C24
BB55
BBE7
3B88
3C2C
BB19
BCB6
B92B
BC03
3B9D
BC4E
BCE7
BC52
3AFD
BBD8
B9E3
3BCF
3C68
BBB1
BC5E
3C03
BC54
3AD0
BBDB
BB02
3B90
BC17
BB4D
BB72
BC14
3BEF
BC54
3B7D
BBF3
3BA6
BBB0
BABD
3C02
3B81
BBBE
BB72
3C3E
3AD8
3C46
BBB7
3986
3C9C
BC05
3B89
BC44
B963
BAB4
BC1A
3AE9
3B13
3C6D
BBD0
BC07
3C9A
3B47
3C5E
BBDE
3B68
3B11
BBF3
BB31
BB32
3C05
3C06
3AEE
3C33
3B99
3C4A
BBA0
3C24
BAD5
BB10
BC0B
3AC6
B946
BADB
BC19
3A0F
3C94
BC74
3BD2
3B58
3BE5
BC06
BA86
3C67
3B2E
3ACC
3C1D
3CCD
3CAB
BB47
BB42
BC0A
BBFC
BB7F
3CA6
BB81
3C46
BC41
BB9E
3BE5
3B78
BB4D
3B91
3C00
3A53
3B05
3C4F
B93D
BC81
3B36
BAF3
3BEF
3B8D
BC01
3C82
BBD8
3A4B
BBE5
3BA2
BC18
3C91
3C38
3B3E
3C4F
3C11
BBA3
3AD1
3CA9
3C44
3BF5
3C9F
BB92
3C8C
3C51
3C49
3A55
3B9A
BBD0
3BC5
3C3F
B9F7
3B9D
3BD9
3B0C
BB47
BB26
BCB1
3C1B
BC78
3BDC
B9A5
3B06
3BA3
3B53
BA87
BB2A
3B54
BB80
3B3D
BB21
3C14
BC81
BBC8
BB3B
BC11
3A48
3AB4
3CCD
3C04
BB51
BB71
BC5E
BB95
BC73
BBC0
BC21
BC21
3CB7
3B87
3ABB
3C4A
BBEC
BB3D
BC1B
3BCD
BC98
BC28
3C7F
BB7C
BC4E
BC7E
398E
3C3E
3BA7
3C25
B947
3B97
3BF1
3BBC
BB0C
3BB7
3C43
BB96
3AB1
3C9B
BBA9
3B01
3BC1
BC92
3C70
3A29
3BFC
3C18
3B88
BA8F
3B1D
3A39
BBC2
BC04
3B4F
3C80
3BD4
B9C9
BC4C
3BF0
BB3B
3C36
BC80
3BC9
BBAF
BC8B
BC23
BC2E
3BE9
3C49
BAF5
3BB6
BBE9
BB8C
BC12
3BAE
3C0D
3CAD
BB9B
3A07
BC47
3CC3
BBF1
3BD9
3C9C
BBE5
BB35
BD00
BC48
BC7E
BB85
BCA4
3CEC
3B04
BC31
BCAB
3B48
3C53
3C92
3B19
BC87
3B89
B84D
3C17
BBF1
3B15
BBFB
3C21
3C66
BCB3
3C01
BC1A
B888
3B80
3C21
BB06
3C28
3B9C
3C6B
3C9A
BB1A
BBBB
BA50
3A71
BC87
BC4E
BC3E
37D7
3C04
3BE9
3C23
3A0E
3C77
3C11
3B28
BC27
BA14
B9A4
3BC1
3C13
BC26
BB0C
3CD9
BBBA
BB9E
BC51
3BA1
3C64
BBB1
3CB5
3C55
3B5F
3A1E
3C5B
B92D
3C32
3C53
BC4D
3A40
3BAD
3C40
BB5A
3B20
3B29
BC63
BC88
3C42
BC84
BB45
3AC1
B80E
3C57
BC05
3B79
BC6F
BCA9
BB60
BAC0
3BB4
BC34
BCAD
3CC5
3C9B
BB80
BC4C
BB64
BB82
3C45
BBBE
BAA9
BB6A
BC1D
3C48
3C94
BB48
BB10
3B37
BBA9
3C06
BB87
3C9A
BC0B
3AF8
3C63
BB2D
BA57
3B8E
3C92
3AA6
BC97
3B24
BC4B
3C16
BC99
BCA8
3CE2
3BF8
BB02
BAFE
BC23
B9E8
3BA1
BA75
BC18
3C06
BC8B
BB9F
3B44
BC40
BC67
BBE3
BADF
3C24
BBBA
3C21
3BBB
BBA6
3C6F
BC14
3A1D
BC30
3BD8
3A79
3CAD
3B50
BB69
BC3F
BB87
BC1A
3C38
BBE3
3C8A
3C08
3A8E
3B0D
BBC2
3A28
3C6B
3AEE
BAA6
3C06
BAEE
BC02
BD08
BC99
3B63
BBDE
BC69
3A75
BAFB
BB73
BB20
BC59
BB1F
3BE9
3B53
BC4D
3AB2
BACC
BBD6
BCD0
3BF2
3BFD
BB43
BAB9
3CAE
BCAC
3B08
BC71
3C16
3B26
3C36
BBC1
3BA5
3C0D
BC86
BC52
BB40
BB8F
BBB8
BC2C
3CBA
3C33
3C02
3C36
BB44
3C23
3981
BD1C
BBE3
BC1A
BB1B
BB37
BBD2
3A7E
3B6F
3A9D
3C6E
BC30
BA7C
3C02
3A27
BC60
3CA1
3932
BCD6
BB72
BC55
3C26
3C65
BC01
3BAC
3A34
3C2E
3C2D
BCDA
BBF3
BBCC
BC14
3BC4
3B7D
BCA5
BB1D
3C91
BC44
BB91
3C83
BBED
3C44
3B88
3BD4
3C99
BBB7
3B78
BC07
BB5A
BB1B
BC6C
BC6C
3A94
BA9D
3B6E
BAEB
3B80
3BEB
BAB2
BB86
3C3E
BB2C
37CF
BBF0
BBBD
3B99
3BE8
BB52
3C80
BC31
BC09
BC25
BAE2
BBD2
3AB4
3B2D
3C5F
B947
3C8C
BB6A
BC0C
BBE7
BBB7
BC9C
3BDA
BB84
BBB2
3B2E
BB8F
BBD7
3B9F
3B16
BCDA
BC1F
BB99
3C22
3C4F
BBFE
BB39
3CAE
3B91
3C6A
BBA8
3C85
BBCB
3ABC
BB8E
3CBC
BB92
3ACC
BC17
3CAE
BC60
BC87
3C3D
3B51
3C7A
3BBE
3BF0
3A09
3A9C
3B53
BBB8
BBB7
BCA7
BA70
BBA8
3CA7
3A86
3C82
BAA1
3B4E
3C3F
BC32
3CB9
3979
3AD6
3C20
3B47
BABA
BC8D
BB0A
BC30
3CBD
3B47
BAD7
3C5C
BCA8
BC8A
BBF3
3C03
BBAA
3877
3C68
3B6B
3C35
BBF0
3C0B
3975
BC83
3B3C
BC17
BBDE
BCC7
3C34
BBB1
BC18
BAE5
3BEE
3C9E
BC82
BBB6
BBB7
BC10
3CF9
3C2C
BC3C
BC83
BC24
3BC2
BCCD
3BED
BACC
3A66
BC31
3B0A
3BA6
B9DF
3B17
BC1D
3C31
BB33
3D00
BA07
3BC8
3C54
3C36
3B26
3B50
3C03
3BD8
BA0E
BB39
3B20
BBD6
BB82
BC4D
3BB1
BB9E
BAE8
3B0A
3C39
3BF3
BCEB
3C05
3C57
3B4F
3C5D
3B7C
BC10
BAAF
BC2F
BCC0
BB94
BBC6
BC32
BC0D
BC2D
BAF2
3A12
BC1E
3C1A
3CA5
BCA5
3BA9
3C88
BB10
3C78
3C2D
BBEC
BC21
BB53
BC86
3BBE
BB67
B989
3C1A
3C34
3B96
3C17
BB25
3C90
BC34
BB77
3C14
BC27
3C69
BBBD
BC93
3B34
3BEC
3AB9
BC85
3B9C
3BE0
3B87
BC64
BCA5
3AD2
BCA4
3A30
3BE0
3C51
BC2E
3C3D
BB9E
BC2B
3A78
B92F
BB8B
BB7D
3BD7
BC19
3C36
BC73
BCA8
3BDA
3AC3
BC44
BB47
3BC7
3BFD
BB5F
BC97
3C27
BC4D
BC09
3CB9
3BF4
3C30
BC08
3C16
3C06
3C77
BBBD
3C08
BAB7
BC2B
BB8C
3C0D
BBD8
BCA2
BC42
3CA1
3C81
3C38
3C2B
BB8F
BA4F
3BDC
BC7D
BB39
3C31
3C24
BB68
BBAF
BAD0
3C0C
BAD3
B827
BB92
3CCC
BCE1
BB87
BB63
3ADF
B749
BC73
BB48
3B63
3B71
BAC0
BB9F
BC76
3B8C
3BAE
3B63
3CBC
3C24
BA72
3C47
3C41
3BE8
3BA4
BBB2
BAE9
BA84
BBBC
BC03
3AE7
BB3F
3995
3B7C
3BA5
3BCD
3CAA
BC53
BBB3
3B93
BA14
BB5A
BCAC
3CC3
3C62
BC05
3C4F
BC49
39D2
3BB1
B916
BB07
BAFF
3B86
3B42
BBA7
3C2D
3B5C
BB5E
BC84
3C88
3BD1
3BBD
3C45
BBCC
BBD8
3B50
BC46
BC07
3A08
BC86
BC09
BC15
3BE0
3BCE
B7CC
BBF6
B8D9
BCAA
BCE4
3C74
3BE4
BC23
BB6A
BBCA
BBEE
3AD6
BC66
BA19
BC13
3C95
BB82
3C22
B976
3C1F
3C8B
BC4B
39FA
3C71
BCA6
BAD2
BB58
3B02
39DD
3BB7
BA62
3BB9
BB93
BB35
BC3A
3C0B
3A95
3BB0
B787
BC4A
3BC8
3BCF
3B9B
BBE4
BBB8
BC96
3B37
3C4E
3A60
3BE0
BBBC
3C71
3C05
BBF7
B977
3C13
BC11
BC86
BC62
3C70
3C1B
3C39
3B84
3BFC
39DF
BB30
BC8F
BAB4
3B6D
3B62
B9A4
3B5A
3B40
BBC5
3A2C
BBB2
BC73
3B42
BC23
3BA5
3BAD
3B66
BC26
3C6D
3C5A
3B1D
BBAD
3C95
BC0C
BCB6
3C72
3C45
BC41
3C17
BBA8
3B87
3AC9
3A1A
BCAC
3C92
BBF2
BCB1
3C95
3B87
BA81
3C82
3B08
3C8C
BB79
3BE4
BBB5
BC18
BC06
3CA9
BBC6
BBC4
3C2B
3BFF
BA64
3C59
3C00
3CE6
BAC8
BC2C
BBA3
3CAC
BC27
BC59
BB9A
3C89
BA41
BC7F
3B1F
BAC5
3C1C
3B9B
BC27
B95E
BBB1
BB26
BB8D
BB0C
BB52
3C6F
BC6A
BCC2
BCA9
3BE7
BC12
BA3C
3B60
3C16
3C2E
3BED
3C1A
3BD5
3BCE
BC76
3BC9
3C05
3C12
3959
3ABB
BC15
BC25
3CBA
BB05
3BC5
BC49
3C98
39CD
3ADC
3C06
BB99
BB39
BB52
3C58
3D03
BB0F
BC09
BB13
BA9B
BB22
3C71
BBFB
3CA5
3BA4
39B6
3C2E
B996
3C47
3C06
3B67
BC4A
3A67
3CD1
BC8A
BB71
BC19
BB76
BC04
B86B
3CEB
3B07
BC20
3CDB
3B42
BCEE
BC2B
3C7E
BBAF
3C2E
BC4B
BC78
3C17
3BAC
BCB3
BB99
BB98
3BBF
3B39
BB97
3CD1
3C12
BC74
BB2C
B8C7
3CBF
BB87
BC02
3C1C
3C86
3C5A
BB97
3B9C
3C57
3C88
3BE9
BC27
3C04
3B48
3C78
3A11
BACA
3C8D
BBF2
371B
BC8A
3B6D
3B32
BB95
BBD9
BC36
BB87
BB82
3A9C
3C65
BC0F
BC93
BC26
3D03
3B20
BC41
3B50
BC14
3CB2
3BC4
BBA0
BB6E
BC34
BBE4
BBC4
3A5D
3BA7
3C4F
3B94
3B0E
BC2D
BC01
BB4F
BC3F
BC1D
BC1B
BA4F
3BB9
BC75
BC3B
3B63
B8DF
BC37
3B23
BA7F
3C7B
BC99
3BDF
3A01
3A52
BC14
BB83
3B99
BC82
3AA0
3AE1
BB8B
3BFB
BC4C
3C10
BC19
BBB0
3C6A
3C3A
BA89
3A29
BB28
3B96
3CB7
BC00
3B85
BBD8
3B31
BAB3
BB2B
BC3D
3C11
3BA4
BBFC
3C90
3BD0
3CB9
3C82
3C15
3C59
BAD3
BD10
BB9D
3C18
3BAE
BCD6
3C1D
3B18
BC84
BB91
3C47
BB5D
3A25
BB13
3B2C
3C4A
3C83
3C1A
BB5F
BB2C
3BEA
BC9B
3B19
BCC6
BC43
3CB3
3C26
BC24
3A75
BB25
BBE2
BC0C
BCDB
3C77
3C99
3B63
3C2E
BA5B
BC94
BB39
BC1B
BC9D
BBEB
3BBB
3BC1
3B7F
3C5A
3C54
3D0C
3C04
3B24
BB55
BA9B
BBC8
BBF1
BC1B
3A0D
39B7
B9BE
BAC0
BBE8
BC62
BBA5
BC69
3A96
3BD3
3C01
3BAD
B8F2
BBB4
BC55
3BB6
BBAB
3A89
398F
3B07
BB03
3C79
BB82
BC87
3C77
3C41
3C5F
BC5D
BB99
3C96
BBEA
BC60
3C18
BB0F
3B90
BC69
BC01
BB6E
BC49
BC0A
BBDF
BC80
3B71
3C6D
3BE8
BA09
3C24
BC35
3BE4
BC92
BBE9
BB86
BCBC
3AC5
BBC2
3B49
BC67
3C07
BBBA
BBEB
BBEC
3C1E
3BF3
3B63
3C8B
3C58
BBC4
BC26
BBDB
3C33
BC82
BC40
3C93
BBF3
BC68
3BA1
BC1D
BC6B
3C4F
BB09
3BB6
3CB0
BB1C
BC6E
3B4C
BC18
BC14
BC9C
3BCF
3CCF
BBA9
BC87
3C8B
BB15
BC3E
3C71
BB82
3C21
B98B
3BA1
BAFB
BBF0
BABF
3C84
BC28
BB77
BC1F
BBCD
395E
3C77
3C9C
BB15
3C91
BA91
3C61
3B5F
BCAE
3B84
3C3F
3BCC
3BAB
3A8F
3BC4
BB9D
BC73
3B0D
3CD5
3BB5
3C32
BB71
3CCC
BC84
3C84
BBE7
39D0
3BE3
3A72
BBD4
BBB0
B998
BCB0
3BD3
BA16
3B98
BBDD
3C19
BC76
3BC3
3B49
BBD9
BC74
3C63
BBD2
3BE4
BB5B
BC92
BA42
BBF8
B94C
BC33
B985
BBCE
3C93
BC05
3BF4
BB2B
3B22
BBCF
BC90
BB8F
BC40
3CBC
BC18
BBBC
3C1D
3BA6
BA91
3D00
BC3E
BC00
BAF1
BB58
3C6D
BC14
BC03
3C1F
3BF7
3C02
BB0D
3B90
3C07
3C49
BC07
BCC4
3AE4
3B79
3C75
3B64
BB37
BC97
3BDE
3C07
BB9F
3B30
BA79
BB9F
BBA8
BC51
3C3D
BC87
3BC8
3A4A
3C48
BC2A
BB79
3B48
BAB0
BC5E
3B9E
BB0B
BBFA
BAFF
3BC1
BABC
3BDE
3BDA
BB94
BC0E
3AEF
B9A9
3BAD
3B13
BC5F
39C7
BB2E
3B08
39A4
BBC6
BA5C
BB59
BBAF
BBBD
BC81
BC87
3A8C
3B0E
BB6B
3BD3
BBD8
3CAE
3C08
3C6C
3B87
3B62
BB46
BC4D
3C87
BBA7
3BFA
3C73
3BCB
BB38
3C30
3BCA
BC05
3BFC
BC17
3C4C
BB99
3C0C
BBD1
3C9B
BBC6
BC15
BB6D
3C0F
3B50
BBFF
BCBA
BBFD
3BDE
3C80
BB00
3987
BCC5
BC32
BBED
3C36
BB9A
BBBD
BAB5
BAF2
3BC7
BA67
3C09
3BFC
3C09
3C64
BC5B
3A16
3C23
3BB2
3CA5
3CC3
BBC5
3ABC
BB49
BB73
BCAD
396A
BBD4
3C86
BA63
BA6D
3BE7
3C95
BC58
3C09
3C4E
3C28
BB99
BC88
BA89
39FD
BC06
BD06
3B61
BC98
3C0D
3C24
BA34
3A97
3B93
BBA8
3C13
3BF8
BC71
BCB6
BC46
BBCF
BC43
3C07
3BA1
3C1A
3C12
BC03
BBBD
BC0E
BC5C
3C43
3AC5
3C83
3C61
3C72
3BE6
392D
BC47
3C58
3B52
380D
3BE8
3CCB
BAE3
3BFA
BC84
3B89
3AD0
3C3E
3B66
BC0E
3CEF
BCCB
3AB0
BAC6
BBBE
3C45
B915
BA82
BCA5
3C53
3BD0
BA13
BBA1
BBD0
BB52
3C97
3CB2
3B50
BC47
BB12
BACE
BBBC
3C11
BC0E
B9A1
BCA9
3C94
BBA1
3CAC
3C62
B7EA
3C91
3BE2
BC84
3CAA
3B6E
3CD1
BC1C
3B53
3ABD
BADF
3C21
3BA5
3C15
3B02
BBB2
BC8D
3B60
B9E6
BBFF
3BB1
BA81
BB57
3B6E
BC89
3BB6
BAFA
3C87
3BC6
3BA1
3BB3
3CA9
3B20
BC09
BC58
BBA5
BACE
3C96
BC34
3BF6
3A23
3C14
BC6F
BBB8
BC52
3BFD
3C48
3C8E
BA49
BC7D
BB1A
BBB5
BC1F
BB95
3C09
3B4C
B9E3
BC96
BBDB
3C28
3A09
3C3F
3ACC
3C9C
3BA7
3BD1
3C0F
3B2E
BB99
BBA4
3BBF
3C10
3C1D
3C55
3B0D
3C4A
BAD0
3BC3
BC58
BB3C
BBB4
3BFB
BB0E
BBB7
3BE6
BB35
3A07
BB0D
3C70
BBB7
BB43
BC22
BC1A
3C86
3CD0
BCFB
3C11
BC0D
3B4D
BC02
3C02
3B90
3BE9
3B29
BC02
3B69
BC21
3ACC
3BD4
BCD2
BC15
BC89
3BE9
3CA2
3C3F
3C3B
BBC4
3CA8
3B1A
BBCE
3BD3
3C65
3C10
B967
BC05
3AE6
BC21
BC46
BB7E
3C12
3C0F
3C3A
3B31
3B75
BA53
3C3F
3BA1
BCE3
3AA6
3C6A
3982
BC9B
BC19
3956
BADE
BB7F
3CA3
3C0A
3A38
BB49
3C1D
3C22
B991
BC4F
BB72
3BDC
3C03
BC30
BA98
BB47
3CC9
BC2D
BC36
BC4B
BB15
3AE2
BB52
BBCA
BA42
3B95
BBF4
3BB5
BC51
3AED
BA96
382F
3800
3B28
3CCB
BBAB
BC98
BBA3
3C79
BC50
3BEB
3C03
BC1A
3994
BB28
BB3C
3C48
3BBE
39ED
3C19
3C94
3BED
BC55
BBAB
3A59
BCA7
3B4D
BC2A
BC85
3C3C
3C3D
BA71
3C31
390A
BB52
BC34
BBBD
BB98
BC66
BB6A
BC1A
3BFA
3BAA
BC04
B975
38FA
3C40
BBE8
3B3B
BC72
BBFA
3C17
BBC0
3B1F
3B21
BC83
3944
3B08
BBC9
BB94
BA47
3A02
BBAA
BC83
3BE1
BBB8
BC40
BB9B
3CA3
BB96
BC6B
BC0B
3C25
3B00
BB85
3C9F
BB42
BC24
3C0F
BB5A
3C2F
3B8E
3ACB
BC51
3C45
BB26
BB11
BC2E
3CA9
BC76
3C2E
3CA6
3CDC
3C84
3BF0
3C6F
BBB9
BBF8
3C8A
3B9F
3C86
3B3A
3B3B
3CC5
3BBD
BCAE
3C3A
BAD5
3B0A
3B8C
BB97
3A83
3BE1
3979
3C25
BC4F
BB04
38C3
3BC9
BB65
BCA6
BB3E
3A5F
3B8D
3A27
BB70
3B86
3C3E
3C3D
3BA4
3C16
BBED
BBCC
3BB1
BC90
BC4E
3C13
BBB0
3C4E
BBD8
BBB6
3C3A
3C92
3C2B
3BFF
BB31
3C84
3C09
BBE9
BBD8
3C6F
3C53
3947
3C1C
3ADC
3C3C
3C34
BBB6
3C02
3BA7
BCB0
BCBC
BB69
3A2B
BA0C
BC07
BB96
BB53
BADA
3CC8
BC43
3C18
BA1D
3B12
BB99
3C13
BC5B
3B5B
BBBD
BBE3
3B98
3BEB
BA8C
3BC5
BC9F
3BC1
3C2E
39CF
BA01
3C3C
BC00
3B11
3BA4
3AA8
3B99
BC8B
BBBA
3C87
BBE5
3BEF
BC4F
3C1A
3C5A
BB53
BB6C
3B7B
3C9F
3A46
BB99
BC5F
3AB6
3C8F
BC2F
3C11
BB9C
39EC
3C42
3C1A
BC5B
3BE0
BC3C
BB85
3C3D
BBAE
BB2D
3BE5
BB13
BADC
BC24
BC87
3C61
BC19
3A99
BC36
3CA1
3B9E
3C3C
3C9D
3C73
BC28
3C48
BC58
3BB6
3B9A
BC54
BAD0
BBB0
BB93
3C30
3C60
3BA8
3BCD
BC23
BB93
BBDB
BC03
BC2E
BB13
385C
BC07
BB53
BB57
BB4E
BBFD
BC7A
3A69
3A0C
3C43
BA68
3B7D
BB97
3C14
BC87
3C0A
3C72
BB5F
3B3B
3A57
3C12
3C4D
BABD
BCE3
3CDA
BB1E
3B0A
BB84
3B83
BAC3
BCD0
BC36
BC28
3B99
3C4F
3BE8
3A52
BAB5
BC16
BC3E
BAFB
BC89
3BCC
BB15
BC44
BC5C
3C45
BB84
BC61
B95E
BBC9
BC88
38E0
3B32
BC79
37E5
BCB0
B99B
3C28
BC41
3C50
BB87
3BA8
3B70
3C07
BC3C
BC47
3B8B
BC84
BC3B
BC84
3BFD
3C5E
3C76
3C83
3C23
3AEA
3B3B
BC66
3C6F
3BCC
3BEF
3B86
BB8F
B94E
BBAE
3BBE
BB87
3C38
3B8B
BA91
3C09
BB93
BC15
3B39
3CBC
BC61
3BD2
BB99
BA83
3B6C
3C51
BC40
BB8B
BBE7
BAE1
3B88
38C6
3B1F
3A8F
B76E
BC98
3C25
BC17
3CA1
3C16
3BCF
3BA8
BBD2
3C1A
3BC6
BB50
3A9A
3ABB
3A28
BC40
BBEB
BC24
BBE6
BB91
3C83
BC30
BBCC
BC60
BC1A
BBE8
3BF4
3AC9
3C0C
BA3D
BCA3
3C90
BC6B
BC03
BBCF
3C4E
3C6F
BAB6
BB34
3AB3
3C76
3C67
3BCC
BBCE
3C7F
3B99
BC00
BB5B
BC77
3B9A
3C8C
3C75
3AD1
3BB9
3BD3
BC82
3C0A
3B8E
BC1A
BB41
3C0D
3B85
BAF6
3952
3C15
3C3C
BA93
B8B2
3A41
BA72
3B4C
3A1E
BB2D
3AA2
BC12
BBB7
3BFF
3C28
3BA1
3CA3
BC7A
BC06
BB14
3BF6
BC23
BC49
3B4A
BAEB
BAC4
3BF4
3CA2
3AC0
3BFD
BB03
3C65
BC81
3A33
BCBB
3B16
3C7E
BCCE
BB06
3AB7
BB41
BAF0
BBD5
3A36
BC4E
BC18
BC78
3CC4
BB57
3BF9
BB71
BC16
BC48
3C2A
3CAA
3ABF
BBBF
BC38
BBDE
BC3D
3C7B
BBA3
3C95
BAC3
BC97
BC55
BB1A
3B45
BC26
BC16
3B87
3ACC
3C94
3934
3BA4
3B17
3CED
BC6B
3CF1
3C96
BA9A
B88C
3C10
3C37
3C5C
BBB7
BB77
BBB3
3C87
3B5E
BC25
BAF2
3C96
3BC6
BB55
B950
BBE2
BACA
BB1B
3BFB
BB2E
BC81
3CA7
3B89
3ACE
3AEB
3C61
3C68
BC9A
3B2C
3AB4
3C80
3BE0
3C75
BBB3
BB8D
BB81
BC75
BB94
3C0E
BA83
3ADF
BC69
3B4F
BB5D
B7C8
3C18
3C2B
BC3F
3B15
BC84
BA94
BB92
3B60
3B0A
3C03
3BD5
3BB7
BB31
BC39
3BB9
BBC9
BD02
3C0F
BB61
3C88
3914
3C08
BC5E
BC09
BC06
3C15
3942
3C66
3C5F
3C36
BBA7
BBF7
BBD6
3C0A
BACF
BC97
3C1B
3AF9
3C49
3B88
BC9C
BBAD
3993
3BD3
BB98
BC01
BC15
BC4C
3C60
BC80
BC35
3C0D
390D
BBB6
3AC4
3BE3
39B6
BAF1
BC3E
3C60
BBB6
3C5F
3C42
BC05
BAAC
3B4E
3C5A
3C17
BC78
3C31
BBCB
3C3C
3BAD
3C02
BB92
3C28
BB68
BC72
BC84
3C2E
BC66
BC49
3C7C
3C2F
3C44
BC22
3BE6
BAC1
BB07
BC75
BBBA
BC0F
3BBB
3C2A
BAD6
BBBF
3B80
BB0D
BB54
BBC2
3BD2
BC8F
3CB5
3BDC
BCAE
BC4D
BB95
3B73
BA39
BC37
3BB5
3B59
BC97
3CBE
3AE6
BCA9
3B14
BC81
3B94
3B05
BBCA
3B80
BADB
3C23
BBE2
BB29
3B03
3AC3
BC07
3BC9
3A1C
BAB5
BC5E
3CB4
BA62
3CC0
BBDD
3AE6
BAC2
3C15
BB71
3CAD
3C58
3C12
3C96
BB0D
3C3D
BBBD
3CA3
39E8
BC10
3C09
3C8A
3CB4
BC6D
3C97
3BB3
BD04
BB99
BC81
BBFA
BC55
BBB3
BC1A
3C22
3C38
BB87
BB3E
BC9B
3C62
3BA4
3B9F
3BB1
BC50
3C48
3BF0
B937
3BA6
3BA4
3C0C
BC27
3B93
BAD7
BCC2
BCA2
3AD8
3C26
BB09
BA45
3C00
3BCD
BB48
BC24
BC03
3B50
BBC8
BC32
3BD1
BC13
3B26
3C2A
3C8F
3C4D
3C91
3B7C
3A29
3B01
3C22
BC34
BB99
3B80
3C05
BC3F
BC86
BC8B
BC8D
3C42
BC32
3C14
BB44
3B13
3B29
BBAD
3BF9
3C2D
BBF5
BAC2
BC8B
3C19
BC0B
BBA2
B98B
3C3E
3C1D
BB4E
BAA2
3C56
3BA1
BBBE
BC5C
3C6F
3CEE
BAE4
3BB1
BC9D
3B77
BB6D
BC8D
3CB5
3C56
BC5C
BCA7
BC1E
BC04
3C8E
3C0D
BB45
BC8E
B9C8
3A4E
BB57
BC56
3C2E
B979
BBA0
3B9A
3CB0
BA1E
BC94
3B85
3C21
BA40
BC72
BBBF
3836
3BCB
BC6B
BC6E
B970
BB8A
3A8B
BA83
BBCE
BC51
3C7F
3A1F
BBFA
BC91
3B62
BC02
BC03
BC0E
BC52
3B05
3C14
BC03
3BC2
BB85
3CA6
3C13
BCF6
3C10
BBF2
BC4E
3C7F
3BBF
3BB1
BAB1
3C76
3C85
3C8D
3AE8
3B93
BC5E
BC5B
3C13
BC70
BC33
BBF5
BB6A
3BCB
BC2A
BCA9
3BEC
BC3C
3C60
3B01
3CB1
3C17
BC92
BB1C
3BC2
BBB1
3C30
BC5F
3BAD
3AD6
3BC2
3B9D
BC34
BC3B
3B72
3C5D
B80D
BCB5
B90C
3B7E
BC88
BCBD
BC33
3C77
3C4C
BC08
BBDD
B9DF
BBD2
BB03
3BB1
3BDB
399F
BA18
B9C4
BCB3
BB7C
3B68
3B56
3B20
BCA0
3B92
BC93
BB78
BB19
3AA1
39A4
BB82
3C92
BBB9
BD0F
3B31
3B84
3BBE
BBE3
3C8C
BC2D
3CA2
3BC5
3B08
BA99
BB39
3B30
3C61
3B20
3B75
3B1D
3B79
3B2F
3A1A
BC8F
BB83
3BB9
395F
BC85
3C4D
3B66
3BA2
BB54
3C66
BC73
3A81
3C81
BC59
BAB1
3BF2
BC39
BBCE
3C6B
BC59
3C5F
BBF5
3B26
39C6
BB83
B94E
BC67
3B06
BAEC
BA4A
BB90
3B67
3C3F
BC19
BC24
BA32
BC5E
BC0E
BC5E
3CD6
BAD6
BC14
3B9D
BB5E
3C4D
3C3C
3BCB
BC60
BB50
BC29
BC85
BC61
BC9F
BBF5
BAE3
BC1E
3C0F
3BB2
BC21
BB91
3C96
BAD9
BBF4
3BB6
BB8A
BC82
BBC9
BC80
BBFC
3BC8
39DC
BC6D
3C93
BC8E
BC27
BBCC
BB98
BC25
3C98
BB3B
3C33
BAE9
3A29
BBFA
BABE
BBAD
BC75
BB68
BC07
3C28
BC25
BB94
3C14
BBDE
BB5B
BB8A
3B34
3CD2
3C3F
BB72
3BE5
3BD0
BCB2
3C44
3B6D
3B9F
3C53
3B48
3C09
3AD8
3C1D
3C43
3B02
3CAA
BB72
3B59
BB9D
3B93
3C36
3A26
BCD4
BC4C
BC39
3C38
3AF0
3BAA
3C59
BC51
39C5
BC6A
3C61
BC22
3C4B
3BC7
3C43
3C73
BC1B
BB93
BC0F
BB49
BBB2
BB6B
3B81
BC1C
3A21
3B01
3C38
BCD4
3ABC
3B04
BB51
3BC3
3CBE
B703
3C84
3C67
3C99
BB57
BBFB
BC47
3C0E
3BC8
BCA0
3AEB
BAF7
BA82
3C45
39C8
B8D9
BBBB
BA2D
3C54
BC0C
3B60
BC27
3B8F
3BA5
BC30
BC90
BC43
3C0E
3C21
BB51
3B20
BBF7
3BF1
BB84
3C36
BBE3
3CEB
BC60
3C2C
BB91
3C32
BC57
BC46
3BC5
3BAA
3A1E
3AA0
BBDF
36FE
3C80
BC62
3CBD
BCB1
BC5E
3BA6
3C1F
BC87
3B12
BCA3
3C5F
3C26
3C11
BC1F
BB40
3BA2
3BCE
BCAB
BC01
3C4C
BB52
BBBC
BB49
3BB6
BC25
3C7E
3C3E
3C1B
BA77
BC4E
3C76
3BD7
B91E
BB08
3C46
BC88
3B8C
3BB4
3BD4
BBDE
BC3A
3BCC
3B87
BB0A
BB82
BB1A
39D9
BC03
3C25
3AF2
BC47
BC7B
3BC7
3CF1
3BB6
3B32
3D09
BCAC
3C6F
BC7C
BB71
BB92
3BB3
3B05
BC4B
BB9E
BC61
BBEF
3B8F
3BE1
BB6E
BC32
3B21
BC5D
BC62
3BE8
3C0F
BB66
BB8C
BBC9
B975
BBF9
3B8B
3BE9
BC32
BC49
BB85
BAF1
BBCD
BACD
BC73
390D
3A8D
3CB3
BC4F
BC4E
BD09
3ABA
3BFC
3A5D
BCC8
3C1E
BCAE
3C0A
3C0B
3BB8
BBCE
3CB6
3BF3
3B90
BC78
BCD0
3BA0
BB48
3C3F
BBF5
3C5D
BC9C
3B5D
B97C
BCA4
3BB1
3B07
3C54
3B33
3975
3CD4
BC98
3BB3
3B93
BB08
BBA1
3C8F
3B52
BB47
B9C7
3C4A
BC41
39AA
3B76
3B8D
BB9C
3C3E
BC64
B9B0
BB9F
3B01
3C62
3B58
BA64
BC41
BC5B
3B88
3C45
BC58
3B34
3B9E
BB3B
BCA3
BC58
BB75
3B68
BB0A
3C76
3C97
BC00
BC1D
3B55
BBF8
BAB9
BC1D
BB8E
3BE8
3BD9
3B2B
3B69
BB61
3B0F
BCA5
3C80
3C52
3BF5
3C19
3B54
3BC9
3D33
3C77
BC2E
BBAA
3C1E
3BB6
3C34
BC4C
BC18
3B4F
BC27
BBD9
3BD4
3BF2
3C25
3A55
BB27
BBCC
3BD2
BC30
BAE3
BCC0
3C1D
BC88
3BC8
3B94
3C28
BBD6
3C18
3C5C
BB9D
BC1B
BA98
3B91
BBCA
3CD8
BC9C
BA82
3C03
3C8B
3C7D
3C66
3C06
3B96
3C12
BCA6
3CAB
BBDD
BBC3
BAB0
3C84
3BFC
39A8
B923
3C02
BCAE
35B0
BBEF
BC4E
BBB2
BC8F
3C02
BB48
3B73
3BF0
BA97
3AE6
BA7D
3C77
3C9D
BBB3
3C8C
BBE3
BAF3
BA87
3C47
BBF4
BC10
3C1E
BC3F
BBAA
3C4D
3B16
3C1E
BBBC
BBBA
BBBB
BC7F
3BC5
BC6E
3BD9
3B25
3C70
BBAD
B99F
3C3A
BA82
3B4F
BBF0
BC89
BA80
3BE4
BBFC
3C3E
3B63
BBCD
BC00
3AE9
3C43
3C83
BC66
BC6B
BC35
BBC8
BB7E
3BB7
3C73
3B42
381B
3A87
3AEB
BCAC
3CA7
BA86
396B
BC39
3C27
3C36
B6FD
BBB1
3B5C
BBDD
BC03
BC2E
3BCD
BC2E
BC3B
3BAD
3B07
3C3C
BC84
3C58
3BAF
BB6E
3B02
3BC6
3A1A
B9ED
3C01
BC8D
BC48
BC03
3955
BC91
3BC9
BC18
BCA0
BA9E
3864
3CB0
3BCA
BA29
BA91
BB8E
BA32
3B24
BC12
BB8C
BA86
BC66
3C0E
3C0D
BB72
BCC4
3C40
3931
3C18
3B00
3BBF
BB37
3B23
3BDD
3C2F
BB38
3C08
BC06
BC2D
BB69
BCB8
BB9B
3C05
BBFD
3C2F
BBEC
BBA8
3C95
BC31
3CA1
BCC0
BC55
3B83
3CC8
BC10
3B6A
3C64
BB2B
3B66
3B16
3BF7
3C5E
BA79
3CA5
BB89
BB83
BB01
BB75
BB83
BA6B
BC65
3BDC
3C77
3BE2
3B42
BB1E
3C17
BBA8
3C86
3B9E
3C3F
BC2F
BA8B
3CC2
3C3C
BC56
BC82
3BB0
3B94
BC3E
3B02
3C78
3B1C
3C2D
B924
BC81
3B66
BBF2
BB83
BB90
BC18
BC92
3CA2
BBB5
BBC8
3CB1
3C81
3C8E
BCB8
3ADB
BC40
B97A
BB41
BA9E
B9E2
BC1C
3BC7
BB1B
BBDD
BC21
BC64
3B9A
3AB1
3C43
3BC1
3A75
3C27
3C1D
BCB3
BBC3
B725
BC64
3C77
BB82
BBA0
3B98
BBDE
BB32
B9D8
3B98
BAAB
3C8F
BA8B
BB87
3BA9
3B56
3BF3
3C9D
BC2E
BBCB
3C2B
BC90
BC08
3BE3
3C1E
3BD1
3C80
3BA8
BB3B
BC42
BC50
BBC5
3C44
3C41
BCB0
BBE9
3CB1
BC29
3B32
3CC8
BC0E
BAB2
BC84
BAAE
BC05
BC22
3B03
BC72
BB0D
BBF0
BB02
3AC4
B906
BB8D
3AC5
B9B3
38BA
3C08
BC06
3C52
BC01
3A49
BC64
BC61
3B9E
BBA4
3C1A
BB97
BC16
BC72
3BAC
B8EB
3ACD
BC29
BB8E
3BBB
3C86
3B8D
3A99
BC7C
3C73
BB8B
3A92
39DF
BAF3
BAEE
3C1A
3BEE
395E
3BC2
BC17
BB0B
BBE9
BC8F
B876
BBF5
3BCB
BBDB
BC0E
3C58
3C4D
BBD3
3C01
3C33
BC52
3C90
3B8F
BC6F
BC07
BC94
BC8A
3B91
3C35
3C54
3C2C
3BD3
3C12
BB2A
3C13
3AA7
3B8A
3AF1
BC4F
3CB4
3C16
BBCA
3B9A
3C35
3C20
BBE5
3C53
BCD3
3B49
376F
3B62
BBF3
BB8F
3C0B
3BC4
BB23
BC24
3811
3BC8
BBD5
3C4E
3C1B
3C12
BC0F
BB93
BC03
BA9D
3A5C
BC0E
3BA4
3B8C
3AF0
BCB0
3C0B
3B18
BC02
BC4A
3B13
3B26
3C07
3982
BBA0
BC30
BBDB
BCA1
BBF7
3C10
3C91
BC35
BC2E
BC0D
BB29
BB90
3C64
3C41
BB9F
BAF9
B9C4
BC56
3C1E
3CE1
BCC7
BB73
3C0F
3CC3
BC41
3992
BC54
BC9F
3BD4
BBC7
3C3B
3BB3
3C1D
3CEB
3C14
3A1D
3A50
3BAD
3C6A
3C50
3C0D
3C74
3C66
376C
BC31
BC51
3B47
BBF0
BBD7
3C97
3C3E
BA00
3C71
3B3E
3B9F
3C62
BC39
3C3C
3C43
37F1
BC14
3B80
BBC2
3BEC
BABF
B9C9
3CAA
BA95
BAA8
BC07
3C99
BB23
3B82
3BE2
BA8A
BC4B
3C07
3C82
BC43
3C74
3D03
3B31
3BDC
3C0F
3AB3
3BC3
BAC7
3B45
3C58
BC4F
3C92
3C93
BB76
3C4C
BB07
BB6C
BB05
3B96
BB50
BC53
3CA1
BC0D
3B92
3B9F
B97F
BC1A
BC36
BCAE
BC63
BC7F
3B82
BC30
BCBA
3C86
BC1D
3AF5
3C04
3BF4
BAA3
BC8D
BC60
BB23
BB62
3A8F
BA9C
BC20
3CF6
BB86
BC59
BCC5
B9D0
BCA8
B75B
3C61
BB8A
BC8A
3C72
3A3E
3C0D
BBB9
BC3B
3C14
3A45
BCE0
BC88
398C
3B62
3C7B
BC96
3BAF
BC0C
B917
BBF3
BC98
BB01
BAAA
3B21
3C68
3BE7
BBCF
BC7A
BB1D
BB60
BBE5
BBF3
BBA5
3C17
BC2F
3B8E
BB86
BC08
3AB2
3AE6
BA8B
BB38
BC16
BBD1
3B98
3C0A
3BEC
3B6A
BB4F
BCAC
3C5C
BA8C
BA33
BBF1
BCAB
BB4D
3C8C
3BC6
BB5A
3C81
3CAA
3CE9
BBBB
BC08
B961
3C8B
3B4E
3AA4
3B98
3BC3
3B9A
BCB4
3B94
BC6E
BB5F
3C45
39E8
BB50
BAF0
3B1B
3C00
BB26
3C04
BBA6
3B8A
BB3D
B808
3B8C
3C24
3C3B
BB28
BBFA
3BED
3B46
BC5E
BB99
3BD5
3C37
BC93
BBE5
BBB4
BBBD
3BF6
3C1D
BB8D
3C28
3BFD
3C37
3CA0
BA7D
BC1F
BC6C
3BF9
3BC1
3A39
3B2E
3A87
BCB2
3A22
3C29
BA99
BAD8
BBA3
BC7D
3C78
3C82
BB4A
BB4D
3CE2
BBAB
3AAD
BC9A
B99D
3BA4
3C2D
BBBC
3C03
BC23
BC8D
3BB3
BC23
3BFC
3A82
BB15
3C4E
BBF0
3B98
3BE7
3B9D
3BDC
3BA5
BC33
3B10
3C99
3AF6
BC77
BC90
3BBA
3C76
BC73
3B11
3AC6
3C54
BCD9
3B9C
3C75
3C09
BBCD
B6CC
BC2A
3B33
3C18
BC6E
BC6B
3C91
3C55
BB1E
3BFD
B981
3B7A
BB41
39AE
3A27
3C88
BC0A
BC5C
BC45
3C06
BB9B
3B6F
3BEF
3C21
3C0F
3BA3
3CAE
3C24
3971
3962
3BD8
BBB1
BC4B
BB02
BCAC
3B83
3C55
BB3E
BC32
BC8E
BB4E
BAE2
3B13
BB63
BC2F
BB16
3B90
BABF
3BA1
BBD7
3ADE
3BE7
3C3F
BB9E
3CAC
BBDE
3C92
3C60
3C09
3BC8
3C3C
3AFD
BB08
3B91
BC78
BC49
BC8B
BC3D
3C22
3C38
BBAC
3C55
3BD3
BAD1
3C95
BC5E
3C9C
3B8C
BC68
BBDC
BBCA
BC56
BB9F
BB3C
BCAD
3C4B
BC30
3D11
3C5B
3C11
3AD2
BB91
BC2E
BA27
BC27
BB56
BBF0
BC74
3C44
BB8D
BC5C
BC2C
BC13
BBF0
3B35
3BC6
BCBF
BBE4
3B91
BC0E
BBF5
3990
BBE4
3C3F
BBA3
B8B4
3B3F
BC06
BC1E
3B07
BC58
BB14
BB09
BBF8
BCA6
BA81
3BE5
BBFA
BC64
BBDE
BBCC
3B5B
3B62
3CA9
3C77
3923
BC09
BBD5
BCB9
3C46
BB0F
BBF1
3B36
BC17
BBA3
BAA3
3BC8
3BF6
BC3D
BC06
BB7C
BAC6
3BF2
BC41
BB6B
BC89
3BA6
BCC1
BAA6
BC29
3A5F
3C5A
3C59
BC66
BC21
3C84
3B67
3B67
BA9C
BBF1
3C0A
BB79
BB68
BB8A
3BC4
BCA3
39AD
BB93
3C1A
BC63
BC0F
BCAD
3C28
3C22
BA27
BB60
BAA4
BC3F
BCA1
3C21
3BE2
BB23
3ABA
3B9F
BC86
3B63
BB92
BBFB
BAB4
BAEB
BC0A
3A13
3BCD
3BB7
39D7
3C08
3AB0
3C1B
BC18
BBF4
3C07
BCA5
3C6A
3C32
3A50
BC57
BB17
3B75
3B81
BCA0
3C40
3C29
BB57
3C1B
BC16
3C85
3BE5
3BD4
BB92
BAC6
BC3E
3C91
3B1D
BB98
BC5F
BB76
BC00
BA94
BC21
3CB3
3BAF
3B05
3C82
3BB5
3B28
3BDD
BC8E
B9CA
BAC0
3C51
3B9E
BC4A
B989
BC83
B888
3C9E
3CD1
BC4A
BBBD
3AAA
39E4
BC7F
3B84
BC89
3B97
3C21
3BFE
BB4C
BB58
3BD4
BC78
BB3F
3BA3
BC18
3A8A
3C44
BCB9
3B03
3AEC
3CD6
BB86
3BDC
39D6
BC23
3C40
3C81
3C68
3C91
BAAF
3918
3BD7
BC8C
BCBB
BBED
BB5B
3C88
BAA4
BC95
3B3A
3B88
BC0B
BB96
BA23
3C57
3C23
BB57
3AF5
BC2A
3B2E
BC1B
3A7B
BC3E
BC4C
BC7A
BBBA
BB2C
BC08
BC4D
3C02
BBD9
BBA8
3B0B
BC0C
BC87
3AC5
3A9B
BBC1
BC25
39FD
BC36
BB08
3C32
3BAC
3BBC
3C34
BBD4
BC31
BC8C
B750
3C06
3BDC
BB8F
BC17
3B25
BB1B
BBEF
3CE4
BBAC
3B01
3B12
BC3C
BB8B
BB85
3B9A
3C27
BBAF
BC05
BC58
3BA2
3BC1
3BAA
BC13
3999
393F
BC15
3AE2
BAE3
BA90
BB22
3CC7
BC8F
BC4C
B869
3A55
3C35
BC71
3A96
BC57
BBEE
3B9A
BB6F
BC0D
3B88
BC21
3B34
BBAC
BB7C
B807
BBAD
BC65
3C52
3AA4
3C0C
3BF5
3B98
3B9B
3C09
BC14
BBB4
BC08
3C04
3C24
3C11
BC2A
BBAF
BC18
BC30
399E
3C0F
3C0E
BBEA
BA70
3855
BC69
3C83
BBBB
BB8A
BBC0
3BF5
3C2F
3B2F
BC66
BC5A
3A7D
BC4A
3B48
3C1D
BBE3
3C84
BB53
BC8B
3C2A
3C10
3C94
3AD0
3BA0
3C66
BCAE
3BDC
3C1D
3C4E
BBDB
3C65
3B5A
3C40
3C71
3A8C
3C1C
BBB2
3C07
BC0C
3CBB
BB89
BBC8
3B13
3C34
3B96
BB75
3B68
3C59
BBAA
BA33
3B9C
3BB4
BC25
3B94
BC32
BA53
BBEC
3C0E
BB7C
B9F9
BC09
BB97
3BA1
BAE4
3B73
3C27
3B8E
3C8B
3C76
BC89
3A93
BCCD
3B2A
3B90
3C3B
3C54
BC8E
3B96
BC3B
BC26
BBD9
3A4F
BC51
BB50
BBF4
3C21
BC3F
BABC
BC00
3BBC
3C41
3B8C
BA09
BBF9
BC57
BCB2
BC6D
BB52
3B20
3BFE
B9AA
3C5F
BB31
BC03
BB8D
BB73
BC1D
BBAA
BCA8
3BD5
3C28
3C4E
BC9D
3C34
3C5A
BB65
BB0D
3C1C
BB62
3CAC
BC78
3BB0
3B2E
3BD9
3C50
3B6A
BB4E
3C4E
3A98
BAB1
3C3D
BC76
3A48
3C59
BCA9
BB39
BBD4
BB8B
3BA5
BBE1
3BF4
BA65
3BF7
BB7B
BBA4
3B97
3B9B
3BC9
BC04
BAC4
BC0D
BA83
3BFC
3B15
BB00
BC25
B9E4
BB1E
3C3C
3C43
BA13
BB58
BB28
BB84
BBEA
3CD7
B9E2
3BF8
BC58
BC09
3CCE
BC3D
3CA7
3BF8
BA42
3BB0
BA1B
3BC8
3A79
BBE0
BC27
3C3D
BC3E
3BFF
B9B2
3BDC
BAFD
BC17
3BEB
3C2C
BC1F
3C0C
3C38
3B9E
BC99
BC2C
3A07
BBD4
BC84
3C9A
3C1C
BB94
BCA2
3AE9
3B30
3C06
BA87
BC5C
3BD3
BC55
BC15
3BCC
BB49
BBB6
BBFA
3C1E
3C1D
3CB4
3B62
3AA9
BCBA
BB1C
BBCE
BBD0
BB98
BC43
BC56
BC41
3BFD
BBBF
3B85
BA49
BC8B
BCD3
3C24
BB12
3B25
3BA2
BC87
BBA5
BBC5
BBFB
3C21
3C12
BC48
3C87
BB90
3C83
3B9D
BB93
3BAE
BC3B
BBBC
3C59
3A95
BC19
BBD8
3B97
BC84
3B25
BC8D
BBAD
3B66
3AC5
3B9A
BB0F
3CAB
BB9E
3C6A
3C4C
38BC
3BF8
3C89
BBAF
BC34
BC9A
3C91
3C2E
BC93
BC17
BB98
BB32
3AEC
BC62
3C2D
3CA6
BBAE
3BC4
BCA4
395B
BC0F
BA98
BCD0
BBA7
3B8A
3AA3
BC53
BB0E
3B3D
3BA0
BA8B
BBE5
3C23
3B75
BC35
3BA6
3C65
3B97
BC42
BBC6
BBFF
3C10
BACF
390A
3B9A
BB22
BB5B
BB28
BB87
BC81
BB1F
BC87
BC81
3C5C
BBFE
BBE1
3CDD
BC73
BC14
3C05
BB71
BCCD
3C02
BC3B
B8ED
BB9B
3B69
3C14
3BB1
3C51
BC4F
BC4F
BA07
3B62
3BF0
3B89
BC03
3B83
3C54
3AE1
BC23
3ADD
BBBE
BB56
BA2F
BC13
BB40
BB28
BC27
BC23
BCD7
3C86
BC22
BC87
3A72
3C35
BC13
BC13
3B3B
BC78
BC27
3C04
3C0B
37BF
BB10
3BAD
3BAD
B936
3BC7
BC0F
3BDB
B93E
3A9E
BC35
3BA6
BC80
3C27
BB1B
BB10
BADB
3AE3
3B2E
BBA1
BB93
3B4B
BAF2
3C20
3C17
BBE0
BC19
BBD8
375C
BC16
BCC5
3B91
3C1F
BC6B
BB24
38E8
3ABB
BA1E
BC89
BA55
3BFA
BBC0
3B9A
B86A
BBCF
3C0B
384C
BCBD
3BBD
3AD0
3BB4
3B09
3A1E
BBDE
BC3C
BAF6
3C01
3B73
BC5E
BAC0
3C31
3A9E
BC6F
BAA3
BBE9
BB9A
3B3E
BC85
BAB0
3C77
3B02
3B33
3B88
BBA3
3BA9
3C86
BC85
3B9A
3C08
3BC7
3C04
3C60
3A99
39F9
3B75
3C09
3C97
3C2F
BBC1
BB94
BC86
BC1F
BCA6
BBCF
BAA0
3A8C
BBD9
BB0A
3C0F
3AAB
BBB7
BBBF
BCBA
3B24
3CB3
3B0F
BB11
3BF6
BC82
B99C
3B94
BAFA
3ABA
3C13
3B87
BC7A
3BE9
3BCE
3C47
3B5A
3C82
BBDB
BB58
BBF6
BB2D
BB4C
3B78
BBB4
3C03
BC0C
BBF3
3BDF
BB65
BBF8
3C10
3C18
BC9C
BB24
BB4B
3C4E
3B21
BC2A
BB98
3C41
BBA0
3B02
3CE6
BAE0
BA90
BAB2
B825
BA20
BAA1
BC7B
3C88
BBF3
3BB6
3AB6
3CC0
BC5A
BC6A
3B29
3C3C
3C68
BC38
B9C7
3B3B
3C02
BC1E
BB9D
3A85
3C91
3C56
BBE6
3C91
3B83
3B21
BC28
3CB5
BC44
BC5B
BC2D
BB3B
3C09
3BC4
BBE0
BCAF
BB78
3A99
3C61
BAE3
BCC9
3B42
3B5F
BBFE
BAD3
3BDE
BBC3
3BBB
3C38
BA89
3B25
3B9D
3B89
BC5C
BBB1
BCA4
39A1
3A94
3B8A
BC01
BBAA
3BE8
3C04
3B9B
3C67
BC31
3C41
BC47
3B31
BC94
3BCF
BC34
3C58
BC8F
BB5D
BC98
3BA9
3CBE
3CA2
3BE6
3C25
3C24
3BB4
BC62
BC71
3BB7
3C4B
BC5D
3C3E
3B52
BB51
3C0C
3C3D
3C90
BB85
3BCF
3A0F
BB26
BC11
3BC0
BC77
3B78
3B59
3C1A
BC39
BB81
BC51
3CF5
BCAC
BB2B
BC87
3BD5
3B90
3C52
3A23
BBD2
3C40
3B96
BAFB
BC23
3B8C
BB6B
3B54
3A7A
3CB8
3C85
BBC0
3B8F
3C50
3CBA
3BB3
BC92
3C53
3A03
BBE8
BCC7
3B17
3B8F
BA54
BAC4
BC7C
BB97
3CC7
3BCE
BC80
BAF1
3C20
BBE3
3BD1
BC24
BBE3
3B6C
3B91
3C71
BB3D
3BAF
BB14
3CAC
BC8F
3BAC
BBD5
BB4C
3C18
3C20
BC3A
BAAE
3BCA
BCCC
3CA4
3C50
BBCA
BC1C
3B4E
3C45
BB3B
B924
3C54
BB75
3B4D
BC80
BB56
BBCD
BC31
BCA2
BCF4
BC8C
BC76
BCB2
3C3A
BB11
BAF9
3C48
BC83
3C11
BA55
3BD2
3B31
BB7C
3C0E
BAA5
BCE0
3B23
BC93
3BCB
BBE1
3BB3
BC89
3BC9
BBB7
BC76
BC36
3A96
BB29
BC13
3B80
3C01
BC7E
BC37
3B81
BC74
BC0B
3A94
BBC0
3B29
BC81
3A64
3B9C
3A8E
BC1A
3BA2
BB89
3C50
3C3D
3C34
BBFD
BBF7
BC2F
3C27
3C24
BBD7
3C00
BC01
3B04
BCBB
3BC1
3BE7
BC4B
3C10
BA9D
3AF2
BC6E
BC02
3C79
3A96
BCE5
BCDC
BB69
BCA1
3C20
BA70
3C2B
3943
3A55
3C86
BC26
3AD8
3C02
3A87
BB48
3A72
3C12
BAC9
BC00
BB3D
BC93
BC8B
3AB0
BBEB
3C1A
3CE4
BBC5
3C71
3C89
BC66
3B2F
3C29
3C5C
BC47
BBD1
BC47
3CA9
3C50
3CEE
3C5A
BBEC
BCD6
3C7B
3C0C
BBB3
BC38
3BD6
BC19
3B40
3B9F
3C84
3B0F
3C14
BC48
3C9D
BC18
BBA1
BA29
BB4D
BB95
3AFA
BB95
BB8A
3C13
BC98
3BFB
BC27
3C5E
BCDE
3B2B
3B91
BCC1
BB1E
BB17
3C6D
BAF6
BAE6
3985
3C1A
BC75
3CCF
3C7C
3CD1
BC90
BC1A
BC08
3CE1
BCAF
BB8D
3A7F
BB12
3CAD
BBB2
3A2A
BAB9
3CA1
3BBC
BAB8
3BC7
BBB3
BA5E
BC4C
BBCF
BBC4
3980
BBEB
3CB5
3AF4
BB88
3BFA
3BF3
BB79
3A6E
BB23
BB37
3C63
BB2A
3C7C
BCAE
BBBE
BBFD
3C09
BBB2
BC06
3B33
BBED
3BA4
3C23
3BF5
BB32
3C39
3C64
BC7D
BCB0
BC71
BB32
3BFA
3C99
3C88
BC95
3C53
BC27
BAC3
3A6D
3C50
BC6B
BC91
BC09
BCD9
B893
3C31
BB06
3B69
BBC5
3AD3
3ABB
BC15
BC06
BAB0
BCC7
BC43
3B04
BA51
BBD7
3C51
3BAD
3BFC
BCEB
3C3C
BC9A
BC33
3C41
BA64
BC3F
B8D6
3C9F
3C13
3BFC
3A74
BB5F
3B1B
3C7A
BB2F
BCAA
BB7C
3C3A
3BED
BB87
3AD9
BC28
3BB8
BC93
BC8B
BC15
396D
3BEA
BC18
3C9F
BB9F
BCF5
BCB2
3B61
3C5A
BB9B
3B89
BB64
BC5E
3C64
B9E8
3C52
BB9C
3C3E
BBEB
BC41
BC20
3A9D
BB86
3AC6
BAAF
BA53
3B1F
BC53
BCEF
3C88
3C36
BBE9
BBCF
BB2E
BB0D
BC82
BC1A
BBC2
3C68
BB22
BA8C
3A2B
BB15
BC0F
BAE8
BB9A
3C0A
B90D
BB29
BBA7
3C4E
BC8D
3C30
BB0A
BB64
3BC8
BB2A
BB6E
BCCD
BBF4
BC94
BCA2
3B46
BC86
3804
BC04
39F6
3BE7
3BB5
3C11
BA84
3BCC
BB48
3C82
3C01
BACD
BC69
BC8E
3BBB
3C84
BC14
3B09
BB10
BC52
BC0E
3C1A
BC3B
BB94
3BFF
3C2D
3A6A
BC03
BC78
BC2D
3B19
BC78
BC1F
3C85
BBFC
BC8B
BB8F
BC62
3C3B
BC03
3C0E
BCF6
BA30
BC57
BBE0
3C70
3AA8
BB56
3C30
3B9E
BBE0
3B0D
BB0E
BC86
3A46
3A00
BC18
3B02
BC00
BC7F
39D8
BBF5
BAD1
3C2F
BC02
BC35
3C0A
BB7C
3B78
3B4B
BBC9
BC1F
3742
BCEF
BC14
BC27
3A81
3BE1
3B83
3BA8
3B0F
BAA6
3C00
3BA9
BC56
3ABB
3B54
3C80
BB57
BC82
3C2F
3B98
BCD5
BB7A
BC6D
BB72
BBF0
BBAA
BC8B
3C78
3C55
BB9B
3C65
B9BB
3C2D
3C1A
BC49
BA08
BC00
39BA
BB7D
3B8A
BBD8
B9E1
BC82
3B55
3B2A
3A25
BC16
BAD5
3C22
BC0A
BAA8
3C0E
BC36
BC18
BC6A
3BEC
3CC2
3C80
3C5F
BBE5
BC2E
BC06
3C3B
BC58
3C01
3A08
3B3E
3BF1
BAB8
BC15
BBFC
BC66
3B59
3C26
3C6A
BA29
BC51
BBD1
3C2D
BB69
3BAA
BCA6
3B03
BC2A
3C31
BC83
BC0F
3C98
BAAB
3C8C
3B66
39DE
BA56
BC59
3B4F
3C37
3C45
BBC4
BBEB
3BE0
3A5F
BC04
BC22
3C06
BB0B
3B52
BC8A
3A2C
BB8F
BB48
3B8A
BC2E
BB66
B967
BC02
3A27
3BCA
BC0F
BBFB
B98D
3C1B
3897
3AAB
3A18
BB65
BC97
BC36
BB38
BC05
BB48
BCDC
BC1F
BC21
390F
BAEC
BC1E
39F3
BC88
BB06
3918
BB65
BADA
BBC4
BCA7
BB85
3AB1
3C38
BC3A
BBBC
BB79
3B65
3AE1
BB81
BBE8
BC0F
3C0F
BB94
3C33
BB69
3C16
3BB0
3A0E
3CD4
BC21
B9A5
BBAC
B9E2
3C8C
3C11
BA70
BBBD
BC23
BC86
BBF2
BBC0
BC02
3B81
BB87
BC21
3BAD
BC80
BC92
3CB3
3C0B
B9EE
BC1A
BC85
3C88
BC22
BC17
3CBB
3BFF
BC42
BBF5
BC63
3B41
B9AE
BB17
BC25
BBB7
BAEB
BB04
BB29
3ADC
BC98
BC5D
3C99
3C9C
BB88
BBD0
3C94
BC0D
3B58
3BEA
BBE6
BC43
3C2F
3C86
3BAE
3CEA
BC65
BC2C
3A27
3C3E
3C2E
3B75
BC4B
3BDC
BC92
3BDD
BB93
BB29
BC35
BBEA
BC2F
BA9B
3C0A
3C1C
3B1F
3CB4
BB95
BC91
3B21
3A2A
BC7C
BB96
3A8C
BC9E
3AA6
BCA3
BC32
3A33
3C62
3C46
BA9C
3C90
3BCE
BACE
BB23
3CE8
BC2B
3B2C
BAFC
BC40
BCA9
39B6
3C2E
BC8B
3ADE
3C2B
3BEE
3C62
BC34
BC6C
BBC2
3BCB
3C1E
3B47
3B6F
3B0B
3A4C
BBED
3A85
3C2D
3C7F
BC4E
3C6D
BB61
3C35
BC56
BCDF
3A00
3A6D
3C90
BC3E
3CA7
3AB5
BBFF
BB0D
BC67
BB34
BB60
3CEB
BCCE
BBEA
3BBD
BB27
BC3C
BBE0
3C80
BB35
BB1B
3C50
3BAD
3ADA
3C9C
BAD2
3BB2
BB7A
3982
BB93
BC0B
BC0E
BC0D
BC79
3BB4
3C04
3CA8
BB5B
BC42
3C9F
3C4C
3B3F
BC5E
BC8B
BAE9
3B4F
3C01
B910
BA90
3C2C
BB66
3C2C
3BDD
BBB8
BB1A
3BC9
3B1E
BCC1
3CC6
3B30
BC13
BB23
BC61
BB4D
3CDA
3B93
39B0
B91F
3CB7
3C7A
BB5A
BB63
3B9E
3C05
3C89
BBC1
BBC5
3B48
BB4A
3CAE
3AC3
BC4F
3AF1
3BE6
3C27
BC47
BC1E
BC41
BC27
3B7E
BC4A
3BE1
3C80
BB2D
3C4E
3C4C
BC0D
BA20
3B0A
3CCB
BC24
BB2C
B887
3C1B
BBF3
BB72
3B05
3C08
BACF
BA9D
BBD4
BBBC
3C25
3BBD
3C27
3C24
BC36
3844
BC9C
3AF8
BB73
BC80
BBF6
BA98
B886
BAB5
3B50
BC29
BBD6
BC75
3C4E
BC7B
BC50
3C32
BB5D
BC74
390C
3C5B
BC66
BB73
BCC0
3BA5
3BE8
3B6C
3B25
3AC2
3C16
BC43
3C2F
BBE0
BC06
BCA1
3B2E
3C26
3B9D
BC9C
BB35
3A92
BC14
BC58
BC38
BC1B
3CDF
3BDE
3BFB
BC0B
BC3F
BB97
BBA3
3C30
3C30
3C26
BBB5
BB15
BC95
BC50
3C11
BB73
3C18
BB5B
3C5B
3B27
BB90
BBBD
BC83
3C1D
BB4A
3A78
BC5A
3C50
3C3D
3BE2
3CB4
3C76
BAEA
3C2B
BC7A
BC3E
3C09
BC65
3A1D
BC4B
3C84
3C86
BAA7
BCD0
3A89
BCAC
BB87
BC27
B9D9
3BCC
BC78
3BA2
BB39
BB28
BB66
BC03
3C27
BC90
3BC5
BC2B
BB12
3C68
3A90
B9D7
3C44
BB11
3C7B
BC3B
3CA2
3BBF
3C94
BC55
BAB5
B9A2
BCB6
BC58
BC6F
BC80
BBF9
BC83
BB89
BB81
BAF0
3B9F
3C13
BBAC
3C20
BA41
3A07
BAB5
BC70
3B39
3C43
BAC0
3B2F
BB50
BBB8
BC33
BC17
3C0B
3BD1
3BC3
3C37
3AE0
BCA9
BC13
BB09
BBED
390D
3C42
BAD9
BC67
BBE9
3C2A
3976
3C30
BB80
BBD3
BC7D
BB90
BB80
BC78
3C65
BB50
3CAC
BBCA
BB1B
3B6B
3B3F
3C2D
3C89
3AD6
BD0A
3BCC
3C39
3B61
BBBC
BCB0
BBC7
3A66
BB45
3BBB
BA8C
BBF3
3B6D
BB1A
BB3D
BBFE
BC6E
3A77
3B38
BC13
3C51
3CCD
3BFF
39E0
3CAF
BCA4
BB18
3BFF
3C24
3B7E
3C1A
B9E1
3B4E
3A3F
BB8E
3B65
BCAE
BA32
3B6B
3C02
BBB2
BC27
3B93
BB84
3B7E
BBBC
BC54
3B10
BB8A
3C01
3B74
BBD6
BA01
3AEE
BB45
BC09
3C05
3AE0
3B0B
3C37
BCB2
3B20
BC37
3BAA
BC94
3C01
BC29
BC5B
3C3E
3ACF
BC4E
3B3D
3CA2
BA10
BA68
B995
3C46
3CA7
BC81
BC04
BC3A
BAB9
BBA0
BCA5
3C60
BC22
BBF6
3B10
3B9E
39E7
3B0D
3C04
BB64
3C63
3CA5
BC3E
3C88
BB46
BCB3
BB8F
3C74
BC75
3C01
3C73
BB24
3C2F
BB21
3C51
3C10
3A1A
3998
BC06
3C16
3A70
39D6
3C0E
3BB2
3C64
BCA5
3C88
3C55
3C3A
3BDE
B9D9
3B46
BBFD
3B80
BB12
BC53
3C04
BC6A
BAF5
BC26
BC69
BB71
BB52
3CA6
BBB4
3C5D
3B6E
3B09
3A2A
3C27
BC43
3B6B
BC71
3C1B
3AE5
BC46
3BBC
3C4C
BB7F
BBAD
BC6D
BAD4
3AFF
BBDA
3C1E
3C21
BB91
BBCF
BB8C
BBB9
3C08
BCBD
3C24
BC82
3B52
BABD
BCA5
BBFF
BBC4
3C4A
BB98
3A9A
3A81
BAF5
BC79
BB31
3A04
BB41
BBBF
3BCA
BC90
BC60
BC58
BC30
3A85
BBB1
3972
3B9E
BA45
3CA0
B9C6
3AB8
3B7E
BAD3
BAC5
BC89
BBC9
3C10
3C5D
B7CC
BBCE
BB1B
3C87
BC61
3CAB
3AB5
BA4C
3BE2
BA9B
3BB4
3BE5
3B8C
BC11
3BE7
BC58
BCBF
B7C7
BB17
3A87
3BDC
3B7B
BCD3
3BE2
BC1F
BBBF
BBBA
BC80
BBC8
39E0
BC02
BC9B
BA4D
3AB5
3C28
3C80
3BB9
BBCA
BC3A
BC3D
3C37
BACD
BC80
BC4B
38FA
3C0D
BAB9
3CA0
BBBE
3BCD
BB7B
BC35
3A26
3B8F
BA6F
BC9D
BA28
BA75
3C62
BB2A
3AD2
BBB7
BB79
3AC8
BB0B
BC62
3BA0
3BDB
BC08
3C79
3C49
BA17
3BC1
3AAA
BA0F
3BC1
3C71
3C5B
3BFB
3C42
3AF0
BC82
BBD1
3C58
3A86
3B30
3B02
BB44
3CC8
3BF8
3B57
3B55
BC65
BB58
3C0C
3C95
3C4A
3C11
BC43
BC5D
BC55
BBAF
BA8A
3C1B
BA85
BCC6
3BAC
3C80
BBB9
BB92
BC5C
BAD8
BC72
3C13
BC08
3AAC
3BFA
3C35
3C24
BCAB
BB0F
BBE8
B718
BB9A
3C1F
B9EF
3BA8
3C0C
3CD0
BB5C
BC12
3C60
BBD8
BC1E
BCA6
3BD0
BC8F
BBCA
BC00
3BBD
3BB0
3C5E
3AD1
3D00
BB27
3B2C
BB8C
3C24
BC54
BB56
3BF6
BC41
3B71
3BAD
3CA2
3AAC
BA6F
BC2F
3A10
3C3A
3CAB
3AC3
BBD6
BC8F
3C26
3BCF
3C08
BBF5
BB59
3BCC
BBB1
3C4D
BC3D
BBF4
3C08
3C44
3C86
BB92
3AF4
3B98
3AE8
BA1C
BC14
BC85
3B9C
3AD1
3C83
BC15
BB5E
3C0A
BBBF
3C2F
3C26
BC95
3B8D
BB06
3C52
BBFF
BB06
3BE0
3B01
BC48
3AB6
3BD9
3CC6
3C6C
BA42
3C83
3C35
3BBD
BAD3
BC85
BB2D
3C15
BBAD
3A6F
BC6F
BA86
BCE1
398C
3BA8
BAFB
3CA8
3C25
BC56
3C51
BC4E
3A76
3C0B
3B33
BC08
BC40
3C08
B9E2
BC91
3A32
BBFE
3C29
3CD3
3BB5
3BEC
BB6B
3C2A
BC28
3CA4
BC19
3C68
3BDF
BB30
BB64
3B55
BC46
38B4
BC46
3C85
3AB1
BB14
BC2B
3C5F
BC9A
3B5A
BB7F
BBAF
BBE4
BCA9
BBEE
BB92
3AB6
3A12
BBE3
BB8D
BC6F
BBAE
BC95
BBBC
BBB0
3A2F
BBE8
BA87
BC1B
BBAF
B990
3C71
3BA5
3C1B
3C02
BB62
BC2F
BC1F
3A91
BC6D
3BAE
3CC1
3C0B
3C12
3ABB
3B45
3B1C
BB4B
3C28
BB2A
3CDF
BB0B
3CC9
BAC3
3983
BC43
BC0E
BBDB
3C37
388D
BB38
BC49
BB26
BBEB
BC58
3B2E
BB89
3C8C
3C5B
BC9C
3BB4
3C31
BC24
BAC2
B984
3B1E
3C9C
3BE9
BC01
BB00
BA29
3C61
3B1E
3BAC
3B2F
BB8C
BC55
3B73
3B89
3B67
3C82
BC0E
3C7B
BBC7
BB91
BC1E
BC10
BB10
BC4F
BC88
3B51
3BCF
3C04
3BF5
BCB4
3A14
3C1D
3B81
BBA2
3C75
3C12
BB5A
3A94
3C20
BCB9
3BCE
3B2A
3A8F
BC09
BC0D
BC7A
BCB3
BCB0
BB9F
BBFE
BBAC
3BCF
3BA2
3C9B
3BBE
3955
3C28
3C1F
BCA9
BBA7
BB51
BBEA
3CC6
BBD9
3C2D
BC9B
3C10
3AFE
BB14
BB8D
3C1E
3AE8
BAE7
BC1B
BC30
BC59
BC12
BAB4
3CD6
3C4A
BBCD
BCC5
BC03
3BB0
3A75
3A99
BC3A
BAC6
BC7E
BC24
3C8F
3BD9
3CAF
3B96
BC07
BC15
3C0D
BB5C
BCA3
BC28
BC91
BC26
BAD1
BBD6
3BCA
BC52
3C22
BB4B
39D5
3C93
BAC9
3C0F
BB3A
3A8B
BAB0
BC4A
3C6E
3B8A
BC0C
BC4C
3B92
3B35
BBDE
BBDB
3C16
BC05
3A15
3A9F
BBD0
3B1B
BCC2
BBE9
3BDD
3B14
BC94
3AED
BB96
BC5D
BC28
3C58
3BF7
BA3B
3BB8
3B14
BB67
3C89
BC28
BC20
3CB0
3B7A
BC62
BA6B
BB96
3B9A
3B89
3C99
3CAB
BB11
BC19
3C24
BCC8
BAFF
3CDE
BA27
BC08
BC38
3C11
3CAE
3AD5
3C78
BBC3
BC84
3C56
3BA1
BBBC
3AB3
3BC3
BBE6
B8FE
BC6F
BAED
3D02
BC5B
BA8A
BC74
BAE2
BC90
BBFD
3B9E
3C0D
3BFB
BB68
3BAB
BC19
3C2B
BC53
BBC5
3CA2
3B53
BC56
3B8A
BB40
3ABA
B9D5
3B8E
BC7B
BAA9
BC34
3B95
3BB4
BA36
BC09
3C37
BBD7
BBD5
3BED
3CB2
BC27
BCA5
B9DF
BAE6
BA11
BCB7
3C9C
BB76
BBC4
BCB9
BB37
BC1A
BC3B
BB2C
3C47
3C34
3B66
BBFB
BBBD
3BD6
3A29
BC78
BBD4
3BCA
3B29
BBAC
BBFF
BBA4
39F2
3C11
3BC8
BC64
BC49
BC2D
BBA2
3B9E
BA5A
3BBB
3C81
BC9C
3C12
BC1D
BC11
BA5D
3C86
BCAC
BA91
3C38
BB64
BC7A
BC83
BA4F
BC82
3B5E
BC4B
3A33
3C06
BBA1
3C72
3C73
BCB7
3C3F
BBA5
BC14
3B5D
3B41
39C0
3BC8
BCAA
BBEB
BB5C
3AAF
3C4A
3C95
3C16
BB35
BC85
3A5E
BC01
3C83
BB68
3C52
3C16
BB1F
BA99
3AD9
BAB8
BC39
3B7A
3C78
3B47
3C3A
BBAA
BB3E
BBE7
BCAB
3C47
BBF5
3C1F
3C3A
BC34
3BA9
BB82
3B95
3C17
3C70
3CBE
BBDB
3C58
BBE6
BC18
3C38
BC3C
3BFD
BC40
3B73
BA85
3BAD
BB83
3BFB
BC72
BC32
3CB2
3C33
BB76
3C82
BCB2
3CB3
3BA8
3A16
3C3B
3B7C
3C07
3BDE
BCD2
3C8B
3B79
3C3D
3B32
3C1C
BA83
BA11
BADA
3B8E
BC13
3C8C
3811
3CAD
3BFE
BB11
BC31
3C62
3B2C
BB0D
BBB4
3BB5
BB3E
BBCD
BC2A
3ACF
BBE7
BBCF
3AF1
BBB7
3C01
3BCA
BBA0
BC57
BC32
BBFB
BB53
B88B
BCD1
3BE1
3BA9
3C83
3C49
BC50
BB3F
3BB4
3AB6
B9F5
BB72
BC9F
3C83
3B2D
3BA7
3B7D
BC4D
BC83
BB32
3BF6
3C26
3B3A
BBAB
3BBC
3AE6
3BA1
BBD7
3B89
3B8A
3B93
3B26
BBDA
3BE2
B985
BA42
3BCC
BBF0
B9B0
3C82
3B12
BC8E
3B4F
3BED
3B46
BC5E
BB6A
BB9C
3C95
3C9E
3B87
3BD9
BC02
BB07
BB06
3B53
3C28
3B03
BBEB
3C13
3C4F
BC01
3BDA
BBC4
BBD4
BBF7
BC03
BC4A
BC40
BAD8
BB1E
BC6A
BC99
BC42
BC36
3B7E
BC7B
3B68
3B28
3BE8
3BF6
BB95
3B28
3A2E
380C
3C1B
3C2B
BB1F
BB86
BBB7
3C64
3A1C
3BFE
3C28
3C71
3BB6
BBE7
BC83
3C10
3BFD
3BF1
BA95
3CF3
BBD7
BC91
3C5E
3B7B
BC79
BA40
BC3D
BB28
BC69
BB49
3B82
BB53
BADA
3BBC
3C7B
BAEE
BAAE
BBBB
3A98
3D01
BCBC
3AA3
3BD8
BB7C
3B6B
BC09
BC68
3CC5
3C62
3BCE
3C44
3BF1
3C7B
BC3A
3BC4
3AD5
3BE5
3B5C
3B2D
BC3B
3B3A
3B30
BC09
3C67
3C39
BB75
3BE2
BB5D
BAC4
3AAB
3BCF
BBCF
3C0D
3CC3
3C27
3BD6
BC22
3B20
3CBF
BBE8
BC39
3A8B
3AF5
B8F0
3C37
BBFD
3AAC
3B90
BC55
3C8C
BC00
397A
3B22
3BB1
3BD6
BC1E
3A07
3B0E
BB6F
3BF2
399D
BB06
BA52
3AAC
3BE0
3B98
3C7E
BCB5
BBC0
BA96
3B37
BC41
3BDC
BBE0
3C0B
BCB9
BBB4
3C50
BB78
BC85
3CB4
BB18
BB69
3B67
3C01
BB07
BCB4
3C87
BC6E
3C6F
BC4F
BB88
BC31
BC56
3B8C
BB4B
BCF5
BC11
BB2E
3ACC
3B95
BC91
BC6C
3C76
BB8F
BC77
3C3D
3C87
399B
3BA8
3C6B
BBB6
3AE6
BBC1
3C6F
BC3D
3B8D
BBD8
BB95
BB27
BB38
3A96
BC5C
BB2E
3AE5
BAAD
BB3E
3B4A
BB62
BCAC
3B7C
3C37
3BFB
BBE7
3C0A
3B23
3C14
3B94
3C94
3C07
BC87
BC41
BB8C
BC05
3C2E
3C18
BCB8
3C87
3A69
3CBF
3B30
3C6D
3BC6
B85A
BC3C
3B1B
3A10
BBA4
3BA7
BC83
BC2C
3B52
BB90
3BAD
3BA1
3B4B
BC92
BB0B
3C15
BB23
3AD8
3C48
BC2A
B978
BB84
3C22
BCB5
BB8B
3C30
BB38
B980
3C1E
3C12
BBD6
BC0D
3B2A
BBDD
BC3A
BC8B
3B88
3CB8
BBE5
3BB6
3C20
3AEB
3C39
BB66
BBC4
BBBC
BCB0
BB57
BC43
3C33
BC0A
3BCD
BC2F
BC6C
BC04
3C08
BC8E
3C0D
BB96
BBFB
BA88
BC0B
3C0E
BC24
3BA6
BC0E
3C32
BC54
3B45
3C59
BB86
3B13
BC3B
3AFB
BC69
3BBE
BCA7
BC2F
BCF1
3B8B
BC24
3C2D
BBE4
3BED
BA9E
3B2F
3BD4
3C46
3BBE
3BBA
3B92
3C9A
3CC2
3B0C
BC59
BC83
3C77
BBDC
BCB5
3C46
3B03
BB65
BB81
3C2C
BC26
3C31
BB2E
BC11
BCA3
BCC1
BB85
3C08
388B
3BCC
BBDC
BC38
BC31
3AC3
3BB1
3C37
B974
3B80
3AAF
BB3A
3B02
3B4B
BC34
BBC8
3C24
BC62
BBB0
3AFE
BC30
BA5B
BBF1
BC4C
B9DE
3C15
3C74
3C3F
3C94
BB95
BCAF
BB0E
3BEA
3BEA
3BB3
3BC1
BC90
BC8F
3B72
BBFB
BB7A
3C1A
BC19
BC1D
3C5E
3C70
3A20
3CAA
BB28
3C85
3C42
3B5C
3B47
3AF8
BB20
3B7F
BBC2
BBF3
BCB1
BB72
3C80
3A9F
BB64
BBC6
3C08
3C39
BBC3
B9D0
3B48
3CCB
BB6D
BB10
BC54
3C55
3A13
3B94
3B9E
B99B
BB9B
BBAA
BA1F
3C0D
3C53
3C27
BC01
BB0C
B92D
BC6F
3B31
3B92
3C41
BB03
BC2A
BC9D
3C8A
3B76
BC0B
3B8B
3CE8
3B16
BBD9
BC67
3BBF
3C7B
3B8D
BB05
3A71
3C87
3C59
BC66
3C68
3C5D
BC90
3C30
BCA3
3C58
B91D
BC6B
BA3C
3BE4
3C7D
3C96
3B8F
BC59
BC36
3AD9
BBD1
3C0D
3CD7
3BB0
BAA5
BC1D
3876
3CCF
BC70
3B8A
B9DD
BA16
3C13
BC2D
3B3B
3CC9
3B2B
BC1A
BC23
3BDD
BC4E
3A53
BCA2
3B30
BB1C
3C25
3C98
BC01
BBB0
3B02
BBFD
BB96
3B84
3B37
BC9C
BA93
3C6F
BA52
BC7B
3B09
BC77
BB85
BBDC
BC15
3C40
3B35
3C06
BCA2
3C4D
BBD9
BC34
BC74
BB4E
BB76
3B96
3C3A
BBBA
BB92
BB95
3C6D
3B96
BBD7
BBA8
BB9C
3BD5
3C0B
BB68
BB53
3AE7
3C0E
BC22
3C2C
BC10
3B69
3C87
BCBE
3C16
BC30
BC5F
BA42
BC1B
3B54
BC33
BB38
39FF
3BCC
BBBA
3C28
BB8A
BC54
BBDE
BC7A
BB69
BB31
3C99
3C8F
3C40
BB72
3B28
BB37
3B29
BBA0
3C69
3C87
3C43
3BBD
BAD7
BC27
BAD8
3BE6
3A2D
BB01
BC32
3B40
3C98
3C32
3C39
BC11
BB9B
3B6A
3BEA
BC36
BB11
3B45
3AA6
BBF4
3AFD
3A47
BC0E
3C99
3A96
BB7E
BBF5
3C0B
BB35
3C30
BBE7
3C04
BC23
3C41
BC29
BBF5
3C65
BC4B
BC30
3C33
3B77
BC88
BACF
3CC2
3B58
3C65
3C1C
BAB7
BB91
BC87
3CA9
BACC
3B8C
BBCA
BB9A
3C80
BC87
BBF8
BC65
BB37
3ADB
BBBE
3BFF
BB43
BC3F
BC38
3B9C
BB69
3AB5
3B89
3CB6
3B28
BBD5
BBB5
3CD3
B93D
3C3B
BA29
3BC7
BC89
3B0D
3BD2
BBB4
BC9E
3C68
3C35
3AB5
BC5D
3C69
3C16
3BA3
3C0A
B9CA
3AA2
3CD6
BCBE
3C3A
39C3
3B2F
3C81
BB04
BC2E
BCBA
3C12
3B42
BBF1
3B02
3B72
BAA4
3B9A
3BCB
BBB8
3C59
391B
3B9C
BB53
BBE5
3C30
BBD5
3B2C
BC1B
3AF6
3A2C
BBFB
3BB7
BC01
BB8C
BC1D
3C12
BBD4
BC52
3BAD
BC36
3CDE
BC6E
BCC8
3C03
BB34
3C45
3C60
BC9E
BB47
3988
BB13
3C51
BC41
3C8C
BA5D
3C4B
BC4A
3C69
BBAA
3B28
3BE1
3C1C
3C50
3B08
BC37
BA9C
3C70
B9DD
BC0C
BBDE
BA06
BAE6
BB41
3C43
3C40
BB75
BC36
3A9E
3B8D
3C66
BA28
BBFF
BCB0
BCE2
3BA1
3BFF
BA2D
BAB7
BC22
3C12
BA8E
BC40
3C54
BC76
BB2E
3B29
BBDB
BBC8
3BD4
BC74
3ADA
BBB9
BB83
3C58
3CF5
BCC9
3C33
3C8F
3C2C
BBF6
BB80
3BF2
BC50
BC58
3C83
3C26
BC42
3AD2
BBCB
BC19
3BF3
3B42
BB70
BC36
BCA5
BC37
3ABC
BC30
3BD8
3B5B
BC32
3C70
BC78
3BD1
39F1
3A1F
3B5C
3C3D
BBFB
3C20
BCE4
BC09
3C8E
B8C6
BB24
3C43
3BB0
3C8D
3B60
BB0E
BC11
BC82
3C38
3B03
BA9B
3BB0
3A84
BB6A
3C4C
3C49
3BA9
BAA8
BB9A
3CB0
3BAE
BBD3
3CAF
BBB4
BB4B
3B75
3A46
39AC
BB15
BC25
3C53
BC32
BC8B
3C0F
BC9D
BB44
BC0B
38C7
3C32
3C9D
3C69
BC44
3C12
3C40
3C09
B857
3C5D
3CFA
BB04
3BC6
BB27
BBD5
BAD5
BCF4
3B67
BA09
3BB0
3CC6
3B9D
3C62
3B00
3C2D
3CA1
B8AA
BAA9
BC06
3B87
BC9E
BAEB
BA5E
BB23
BB72
3C0D
BCC0
BC15
BC64
BC3E
3C2D
BA40
3B7C
BC32
BB6F
3C6B
387B
3BAF
3BAE
BA3A
BBE8
3C3A
B8BD
3B98
3B03
BA9F
BC66
BB89
BC26
3B97
BA5B
3B61
3C91
3B97
3C3D
3B92
3C80
3C74
BC0A
BABC
BB57
3C67
BB41
BC74
3B8D
BC81
3C39
BB69
3BA4
3B91
3C6A
3BFD
BBE7
BB96
3C22
BA13
B937
BA8E
3A3E
3C8C
BC5A
BB9C
BC6B
3B70
3CAC
3CC0
3C83
3B2E
BB13
3C92
3BCD
3D03
BBFB
3AD8
3BDF
BC2E
BC06
3C83
BCB2
BB1B
BBBF
3BBC
BBD4
BBAA
3C29
3AFD
BC80
BBE3
BC53
3CAF
BC7F
3BBB
3B51
BC25
3BFF
3C29
3B6F
BC2C
BC56
BB5E
3BD5
3C2E
3896
BBC6
3C13
BC7C
3A93
BB18
BC3B
3AA1
3BD3
BA9D
3C41
3A89
3C05
3C10
B908
3C6C
3C95
3CC2
3BB6
3C43
B927
BC45
3C39
3B87
BC86
BC97
BC19
BB63
3C1C
3B74
3C20
BA11
3C60
3CC8
BB01
3B16
BC1E
3C0D
BBCF
BC5F
3C8D
3C10
BBDC
BBEE
BCB7
3C50
3B04
3C80
BBF0
BB65
B904
BBAE
3B56
3C5C
BC22
3B52
389F
3C01
BC0D
BB64
BBF3
BAEC
BC20
BAB5
BCB0
BC75
3BF7
BC00
3C7B
B982
BCC1
3AA5
BA80
BC80
BB03
BC20
3C14
3C04
BC91
3BA2
3B8C
3B8E
BB26
BB31
BAA2
BBC9
BC82
BBB1
3C78
3C36
3CBF
BAD2
B901
3C08
BC82
BAF9
38B4
3C81
BC66
BB14
3B45
3C3F
BB5D
3BDA
3BBD
3AD4
3C37
3C8B
3AB3
3B49
BBE2
BC9D
3C7E
BBF4
3C1A
3ACC
3B3A
3C0F
3CD9
BB1C
BC15
3B0A
3B59
BC10
3B15
BB42
BBD6
BA90
BC34
3C39
BC3C
BBD2
3AE1
BA7F
BC9A
3C32
3B88
BC52
3B8C
BC6C
BC73
3B2A
3C4A
BB41
3BBF
3AA2
3C9C
BBDF
3A6A
3BED
BB3B
3B80
BC8D
BBDC
BB46
3C40
BBA0
BB5E
BB8C
BB3B
B8F4
BB2A
BBA1
BC4D
BC13
3C64
BBF4
3C3E
BA3E
BAEC
3AF3
BBC7
3BC8
BAD9
BBCA
3C0B
BC31
3C57
3BA8
3BB9
BB15
3C7D
3B3E
3BA9
BC63
3C15
3BE1
3C0C
3BDF
BB28
3C19
BC46
BBA9
3C83
3BBC
BB8B
BBB2
BC77
3C43
3C14
BCE5
3B86
3B86
3AC9
3B78
BBA9
B9C5
BBF3
3BAB
BCBC
BC30
3C9B
3A48
3BB7
3B12
3B9F
B98A
BC3B
BB9E
BB2A
3C5A
BB93
BB90
BC3A
3C55
BC8A
3C20
3BA5
BC34
BBE5
BBAF
BC2A
BB9F
BBE5
3B79
3C89
BCBF
3B0F
3CD2
BB92
3C65
B8EE
BC27
BBDE
3C9E
BB08
3C02
3BE5
BBB8
3C68
BA94
3B8F
BC15
BBA1
BBDF
BC87
BA64
BBBF
3CAC
BC73
3B01
3BAB
3C33
BC55
BC2C
3BF9
3A2A
3B84
3C81
BC4E
3B64
BBEB
3B2F
BA64
3C6A
3C03
BBEF
BC2D
BA28
BC0E
3C23
3C13
3CB7
3C39
3C35
BC12
BC8F
3AD0
BB46
3B97
BA96
3B44
3C11
3BA4
BBCA
BBDA
BBAD
3C48
3C7C
BC91
3C47
BBB8
BB8B
BBA8
3C8D
3B57
BC27
3C17
BAC6
3C65
3B41
BC5C
BB1D
BB66
3BC8
3C01
3A1D
3C11
BB4E
3AD9
3C4F
BB85
BBDD
3CE3
BA55
BA86
3BDD
3B11
BC56
BC5A
3C69
3B6F
3BA7
BAA5
3BFE
BA1C
BB42
BC15
BB4B
BB28
BC69
BCA4
393D
BBC3
378B
BBCA
BC73
3BE0
BC97
BC1C
3CA8
BBE5
BAEC
BC8B
BA96
3BF1
BC6A
BC57
BC47
BC2C
3C18
BC2F
3BB6
3C44
BC4C
BC07
39C8
BC2B
BBD4
3C3E
3BB2
BB29
3B05
3CD8
BCC8
BC82
BA28
3AF9
3C51
3A34
BBAF
BB0D
3AB4
BC0A
3BF0
BC3F
3A71
BC10
BAB6
3BC6
3C36
3AFC
B80D
3BBE
3C03
BB04
BB3F
3C52
3A54
3B75
BC8C
BB98
3BD7
3CA6
3C63
3C6C
BB44
3C43
BC58
3BC1
BA41
3CB4
3B2B
B922
BC18
3BE6
BA5F
BBE0
3B01
BAF5
3BE6
3B98
BC68
3AB9
BC8B
BBE6
3C0D
3B9F
BABB
3C85
3A92
BB5C
BC5F
BC0A
3AC6
3BF6
3BED
3C30
BBAF
3B52
BC56
BC21
3B0C
3B3C
BC98
BB8A
3C4B
3CA0
BB47
3B8F
3BBF
BBEC
3C54
BA5B
3CAB
BC09
3C3D
3C20
3B86
BC20
BC04
3C79
3B9D
BBA1
3B54
3CA7
BB7F
3BF8
BC36
BAFC
BBE6
BC31
3A52
3C5E
3C93
BA4E
BB44
3C86
BC23
3B9E
3BBA
3C98
BC14
39F8
BB91
BC89
BC0B
3C41
3C52
3B96
3B8D
3A57
BB7F
BB27
BC51
3A98
3BD9
3C17
3A15
3C47
BC28
B943
3C2E
3C13
3C28
BC38
3A9E
BBDF
3C83
BBD6
3C66
3B69
3B42
3C2C
BBFD
3C92
3AFF
3C47
BC6B
3C2F
3CB1
3CB0
3C64
BB36
BBD5
BCBF
3AD6
BCBF
BB2C
3C03
3B62
BBB2
384E
3C74
BA40
BB11
BC8A
BB36
3BC6
3C5A
3BFF
BB0D
BA94
3AF9
B97F
3B0C
3C5E
BBDE
BBBB
BB4C
BC13
3B70
BC45
BB6D
BC83
BC16
3B8A
BBBF
BC32
BC2C
3B33
BC6C
BBDB
BBA6
3AC1
BC35
3AFA
3CAE
BAED
39C3
3B15
BBDB
BB41
BCAC
BB83
39C3
BC26
BC8B
BB0C
BC12
3BF9
3C7F
3BBB
3A18
3C48
BB6A
BC05
BC8E
B9CC
BC98
BB9C
BBA2
BC6C
BC48
BAC4
BA03
BB92
BBDC
BC45
3AE5
3C93
B873
BC66
BA06
BC06
BC26
3C53
BB70
3B64
BC6B
BC03
BB7A
BBBA
3BFC
3B71
3C5F
BC1C
BC41
BC01
3CA7
BC6C
BBDE
BCBC
BC24
BAB8
3ABA
3A76
BC23
BC39
3BDA
BB27
39BB
BB41
BC08
3BCB
BABD
3B9A
3C0D
BC55
BC82
3BFE
BBF1
3C8A
BB49
BBB3
3B2A
3B92
BBC8
BB8B
BC54
3BFE
3B28
3B6E
3CA9
BC58
BB98
BA1D
BBD7
3C15
3BB0
3BFE
3C14
BB99
3B9D
BA85
3B46
BB6A
BC33
3C84
BCCE
BBFC
BC66
3B9D
BB7F
3C16
BCA8
BC20
3C4A
3B7A
3C17
3BFD
3BD9
3B94
BC2B
BC95
BC0B
39FE
3A83
3C0A
BC75
3C88
BB56
BC32
3BF1
3B90
3CA3
3B1A
BBCF
3C28
BA2F
BC36
3C01
3B7B
BA67
BB50
3C4C
3BAE
BB91
BA1D
3BA9
BBC2
3BA9
3B2B
BC7A
3BFA
BA1B
BC25
BBAF
3BE2
BA51
BC2C
BC7F
3C38
3B1E
BB8D
B9FB
3BF0
3B89
BB06
3B33
3A1C
3C86
BC12
BB46
3C01
3AC4
3BFA
BC3F
3B5D
BC6D
BC7E
3B96
3C15
3C0A
BC84
BBA5
BC44
3CB3
3B64
BB97
BBC2
BC0B
BB96
3C0B
3C89
3C1A
3A9B
3B8F
BBAF
3B05
3C2A
3C5E
3BB4
BBDB
3AB0
3C5D
BA7B
BA93
BBCC
BB2E
3CB0
3CBA
3C00
BC06
BC06
3B7A
3BBD
3A98
3C4D
BC45
3BA2
BC9B
3C3B
3B6B
3BEF
BB7E
3B38
BCA6
BB96
3C3D
3BB6
3C6F
BC1D
BA1C
3C40
3C22
3C5E
B92A
3C94
3BC0
3B8F
B8CF
BB9D
3957
BC48
BC69
BB9A
3BCD
BB79
BBFE
BC33
3C0E
3C59
BC56
3B3F
3B1C
BAAE
3AB8
BA74
BC5C
3BA0
3BF6
BCC8
3B81
3B2C
B9BA
3CB8
3BAB
BCD4
3C16
BB0D
3C5A
3BEF
BB59
3C06
BC8D
3C8B
3C8F
BB95
3BAE
BC14
3ADA
BC43
BC14
BB3B
3C60
3C39
BC15
BC67
3BA0
3BE7
3C4D
BC2B
BC42
3BBC
39F6
3B7B
3C1A
3C0D
BC44
BCBC
BB6E
3C6A
3BB7
BC4C
BC99
BC68
BB0C
BCC5
BBDA
3B12
BBE3
BB66
BBA6
3BCB
BBA3
BC47
3C4F
BB0F
BABB
3B96
3B7A
3B6B
3C33
BC87
3C48
3C56
3BD8
3A82
3B51
BCC4
3B0B
BB18
BA48
BAFF
BC7B
BBCC
3CEE
BA03
BC22
3BC3
3C99
3C5E
BB88
3BEA
BBCE
BCC6
3B5A
BC29
BC88
3C9F
3BAC
BAAD
BBB7
3BC7
BBB4
BC14
BA8C
3CA3
3C2A
3C0C
BC61
3C5D
BB4E
BAAD
3C30
BC0A
3C1D
BC1F
BBCF
3BED
3AF8
BB0B
BBA9
39E1
BC42
BC89
BC28
BB84
3AAA
BBBB
BA1D
3C2A
3A5C
3C59
BC2F
BB0F
BA76
3AC7
BB8A
3B01
3C34
BC7C
BC10
3B65
BBCD
3C88
BB6F
3B9F
BC07
3C8B
BC22
B97C
BB08
3BF3
BC2D
BC06
BB97
3C04
3A8A
3B0B
3CE7
BBDE
BCB8
BC86
3B8C
3BF7
BC04
BB20
BB43
BB81
BC13
3B8D
BCC6
BC5C
3CAA
BBD6
3C77
3C64
BBA8
3BEB
BBE5
3C2A
BB55
3B81
3A8C
BC11
BCB9
BBE7
3C3E
BC3C
3C1E
BBB9
BB9F
BB7D
BC09
BB1B
3C60
3BF5
3BDB
3C30
3C2D
BBE0
B9ED
B986
BAA2
3C65
3C2C
BC38
BBF2
3C2E
BC31
BC9D
3BD0
BCBB
3C7D
BC7A
3B9D
BC39
3BC0
BC1C
BBFE
BC04
B95D
3B43
BBCB
BB8B
3C3A
BC0E
3BF4
BC94
BD00
3C3E
3B27
BA58
3B96
3C93
BCE1
3C6C
BB29
BC56
BB1E
3AC3
BACC
3BDF
39A5
3C14
3B80
3B8A
3BB6
BB66
3B2D
BBAB
3C99
3C19
3B84
3B93
3C28
BC6E
3BE8
BC0E
BC7E
BC89
3B89
BC17
BC7A
3C5A
3C31
BBAC
3BCC
BA27
BBF8
BBFF
BC70
BC8C
BBFA
3B02
3B3B
3C9C
3C13
BC43
BB83
BC5A
BC81
3BD3
BC3E
BAF1
BBAC
BA23
3C26
BC40
BC08
3CA4
BC9E
BC9B
BB88
BBBE
BC94
3B85
3B9C
3B61
BBEB
BBD5
BB15
3B04
3C15
BC4B
BB49
3A7F
3C28
3C09
3B82
BC0D
3B57
3C7A
3B99
BC35
BB8E
BCAB
BC5B
3C2A
BC28
BC0E
BC7D
3B9C
BBAD
3CA5
3B3F
3BA8
BC40
3B91
BA3D
BC26
3BB0
3C8D
389B
BC6A
BC6E
BC2F
BBA1
BC5B
BC57
3BC5
BCA8
3B27
BC1D
BC49
BAC4
3C80
39E3
3C6A
BC04
BC5F
BC27
3C12
BC67
3CA1
3B82
BC03
3C5F
BBC6
BB99
BC23
BC4A
BC22
3BDD
BA33
3B9E
3BB8
3B85
3B0F
3B90
BCAD
BB3B
BAF9
3C02
BAD9
3B49
BBB2
BAF5
B7E4
39B8
3BCA
3C42
BC79
3BA1
BC19
3B34
BC4F
BB85
3BA9
3AFE
BC5F
BC29
BAB8
B9D9
BB4B
BB71
3B2E
BC3D
3AB5
BB21
3C7D
BC60
3C13
3BBC
3B9B
3B1F
BC56
BB64
3819
3A8B
BC29
3B09
39E4
3BB0
3C9B
3B11
3B9F
BC76
BBC9
BCA3
BC08
BC7C
BAB9
3A9B
3BCD
BCB6
3C82
BBB6
BC75
BC0F
B992
3B49
3AC3
BB39
3B25
3C39
BB46
BC3B
3BB3
3BD5
3B13
3AE3
3BE7
BC02
BA9B
3C0C
3C35
BC9D
BBEE
3BE4
39BA
BC64
3C83
3B94
3B96
B93D
BB65
BBE7
3C36
BBC9
BB91
BC16
3C67
3A5F
3CD6
3C40
3BD4
3B55
3BCE
BBBE
BC5E
BA1D
3C4B
BC11
3B86
3BBA
BB3E
3C43
3BA4
BC17
3C89
3B2D
B9AA
3C96
3BB5
BB65
BBA5
3B6C
3BAE
3BF5
3B1E
378D
BB31
3B37
BC0A
3C06
3C60
3C09
BB4C
3C57
3BC1
BBEC
3C1C
BC3E
3BDA
3B8C
BAC6
BC10
3C97
BBDA
3B4B
3C14
BB94
3999
BBCB
3B15
3BB3
BB00
BBCD
BC49
BC1B
3A40
3C65
BB52
3BD4
BC4D
3A67
3C76
BC00
3B12
BCD8
3BE0
BBCD
BB02
BC16
3BC3
3B3E
3BC8
3B78
3BAF
3B89
3C1C
3C61
BCBC
3B0D
3BA8
3C09
BCB7
3C34
3C59
BBF7
3B72
3C87
3AF2
BB14
BBC9
BC84
BBC4
BB5F
3C38
BC4E
3A0A
3A96
BC07
BBAC
3C19
BC15
BCAE
3BFE
BA47
3B80
3C10
3BC6
BC24
BB35
BA63
3C34
BC1B
BA22
3A62
3C33
3C49
BAB2
BC08
3B5B
BCD6
3B18
BC17
BC02
BC4B
BC82
39F4
3C37
BC5D
3AA2
3C5E
BC26
BBCB
3C15
BC4C
3C0F
BCB6
3C9F
3B94
BC6D
3AD6
3C49
BC24
3B91
BB03
B9A5
BC06
BC36
BC67
3BEF
3C00
3AD8
BC31
3CD6
3AB5
BC40
BB46
BBBA
3B82
3B27
BC2B
3B28
BC7C
3C38
3CC3
3C01
BAF7
BBEC
3C0D
BB8D
3C49
3C00
BBFE
3C9B
BBE1
3BBB
3BCB
3C08
3B9F
3C54
3BEB
BC8D
3B90
B95C
BC1E
BBC6
BB1E
3B78
3AB0
BC5E
3968
B9E8
3C15
BC69
BC6D
3B89
3C1D
3BBA
BB1D
BBA6
BBAB
3C8E
3B8F
3BC5
BAFC
BAD3
3BE0
BC3C
BC7D
BBF0
BB28
BC3F
BB4D
3C05
BC80
BBAB
3BE0
BA61
BC1D
BC07
BB17
3C07
3B4E
BAB8
BB92
3C32
3A8A
3C11
3C1B
BC79
3B4D
398C
BC0B
3C6D
3CA1
3C97
BA3D
3C38
BBAC
BC27
BC75
BBCD
BCE1
3C25
3BC9
BC0F
3BEB
B98B
3A1C
3BBB
B94E
3B77
BC2A
BAFC
BBF0
BA49
BB4F
3C9E
3B9D
BBD6
BC7C
3B82
BBD9
BBBB
BC00
3C1C
3C55
3C10
BC26
3B46
BB07
BB47
BD08
BB7C
BC1E
3B65
3BC4
BC5D
3C6D
3B73
BBD7
BC87
BC04
BBFF
3B98
BB07
3C94
BBB9
3C15
3A16
3C72
BBE2
3B94
3B78
BC0F
3A9A
BB6E
BA73
BBAB
3CA9
BC17
BBAC
3C02
3B05
3B57
3C6E
3BA0
3C39
BB72
BCA3
3C26
3C08
3A8D
3BD7
3C21
BBA3
3C49
3BB7
3B95
38B4
3C47
BBCC
BBB4
3BF8
3C98
BC1E
3C05
3B19
BBD1
3A95
3C8B
BC1B
3C74
BC21
BB8C
3B89
BC84
3B17
BB21
BC84
BB97
3C19
BC7A
3C82
3BE2
3C43
BB31
BB9F
3C07
BCB5
3C3D
BBF7
3BE5
BC45
3CD2
3AEE
3977
BC49
3C0F
3C86
BB96
3A01
3B9F
3BED
3C20
3CAB
BC39
3C6A
3BDB
BC53
BC60
3BC2
3A16
BB25
3C44
BC3E
BC2F
B870
3C1C
BC1D
3C28
BBA6
BC4B
BC28
3A53
BC05
3C14
3CC4
BBF8
BBA3
399A
BBFB
BC65
3B1C
BBB3
BC23
BC4B
B9C6
BC1D
3CE6
BAA3
BC79
BCA0
3B76
3B1F
BC01
BC8F
3C34
BB93
BAF8
BAAC
BBC4
BC89
BC1A
3BE0
BBE8
BC1B
3C7F
BBBF
BC01
BBF6
BBCF
BC84
3BA5
3C4A
3C7D
BB0B
BC5C
3C09
3C32
BBC0
3AA9
BB66
BB98
BC2F
3C62
3BA0
BA24
3B94
BC67
3BB0
3C07
BB24
3C04
BBBC
B9D5
3B0E
3C10
3C89
BB52
BAFA
3C65
3C2E
3C6A
BBAA
BC6F
3AD9
BC11
BC8D
BBBC
BB4D
3C1B
3BAA
BC91
3C48
3C42
BCD4
3BCA
3C6F
3B2C
3C50
3B2E
3BB2
3C4F
BBC4
BB11
BB19
3A91
3C9B
3C34
BAA9
3C36
3BAD
BA43
B911
BC06
3B8C
3C6C
3B41
3B22
3BAE
3C1C
BB16
BC4C
BC11
BB97
BBAB
3CB0
3BBB
BC16
BB07
BBD7
3A4C
3C14
3B78
BC8A
3C60
BBF8
3C93
3C17
BC95
BA9F
3C68
BC81
3C04
BB6C
BA1E
3BD9
BBFC
3BEC
BC22
3B96
BC81
BC22
3C42
3C09
BCE8
BC2E
3A11
BB08
BC38
BC11
BB87
B8C4
BC47
BC91
BBC5
3AC3
BBFC
3B92
3C20
BC18
3CC0
BBF9
3C26
3C22
BB3C
B9F7
3CAB
3C31
3C6D
BB90
3B80
3BCE
3C21
BB67
3B99
BC04
BC87
3BC4
3C81
B994
BB7A
BC6F
3C1C
BC90
3A20
3A7E
BB2F
BCB3
3C8E
3BE6
3A8F
BB03
BB1A
BB1C
3C78
BB77
3BB2
BC42
BB87
3C02
BB42
BBD8
BA83
3AC7
BC75
3C1B
BBBF
3B36
3C53
3BA9
BC31
BC75
3C7B
3BCA
BB19
BC1D
3C1D
3C50
BC79
BC06
BAE4
B9D2
BA77
BB9D
BCA2
3C14
3B5A
BCA0
3B19
B9E7
3C95
BBFE
BBDF
3A94
3CAF
BB88
B9CA
BBFB
3AFF
3A2B
3AC7
3B47
BC54
BC6D
3BA9
BA5F
3B4A
BC7B
3C4E
3B3F
3A96
BB9F
3BC0
3C0F
BBDB
BAD9
3B8E
BCC1
BC23
3C83
BC14
3CA8
B9FF
BB9D
BC36
3CCA
BC5F
BC83
BBF1
3CA4
3C4E
3B5C
3BEA
3C2F
3CB5
BBEC
BBF6
3C67
BBCC
3C88
BB31
BC53
BBAB
BC0B
BC48
3BBC
B9D7
3C85
BBBE
3C2F
3B41
BBBD
3C0F
3BF2
BC01
3B5B
3AAD
BB83
3C08
3AD1
3C84
3A9C
380E
3BA5
BC47
3C70
BBF0
BC2D
3C22
3C93
3C88
3C29
BB12
3BF4
3C94
BC03
3B9E
BACC
3C49
BBDF
BC02
BC82
3C76
BC1F
3C5A
3B41
3BB9
3BB9
3B32
3C39
BCBF
3C05
3BE9
3C41
3B92
BBE9
3C64
BB45
3B42
BA5C
BC0A
BA9A
3BD5
BA5D
BC03
BC19
BB89
3CD3
38BA
BC40
BC97
3A06
BB91
3BE1
B9DE
3C19
BC57
BB83
3BE5
3B35
3C02
BC56
B9DD
BA16
BB46
3B57
3B73
BC3E
3A9A
B97C
3C2B
3BFC
3A73
BAAF
B98B
3C22
BBD7
3B19
BAB6
BA0C
3C57
BAA0
BA75
BC04
3C58
3C01
3B00
3C99
3ADD
3C57
3B94
3A29
BA62
BBB5
B9B0
BB17
BC4F
BBEB
3CBF
3C21
3C54
3C34
BB35
BC6E
3BD6
BB50
BC9B
3C25
BC92
BC43
BC45
BC2A
BAAA
BCAE
3BA8
3AD7
3A15
3B14
3BD0
BBAB
3C14
BC6B
3BFD
BC3E
3C8F
3B82
3C81
3B16
BBC2
BB38
3B93
BC07
BB79
3B8F
3C18
BC6C
3C03
3C2C
3C30
38E4
3B23
3B95
BBAA
BC46
3BA0
3B1C
BC04
BB0D
BAD8
BB09
3BBB
BAE0
BBA6
BB60
3BB6
B77F
BCA1
BC81
BC84
3BB0
BC82
3C07
BC36
3C0F
BAFB
BB23
BB38
BA24
BBCD
3BD7
BB11
3C05
3C05
BB83
3C9E
3B4A
391A
BB21
BBF1
BB86
BB99
3A66
3C2B
BB03
3C1B
3C8F
BCBA
BBE2
3B8C
BBB3
3A33
BBF3
BB7A
3C00
3C08
3B08
3B59
3BDF
B9F6
3C03
3BF0
3BE9
BC8A
3B1F
3C19
3BE1
BA57
3C1B
3CDC
BBA8
3A56
3C84
BCB6
BC02
3C19
3A31
3B97
BB85
BAB6
BCBD
BCAC
BAF4
3B85
3C0F
3C1C
3B99
BBFA
3B96
BC0A
BB26
3AC8
BBE0
BBAE
3A64
3C47
3C0F
3AD6
BC1C
3AA8
3BA3
3B61
3C13
BC17
3C4C
BC62
3B0D
3CAA
BADB
3BA1
BBB6
B939
3C9C
3BDE
3B69
BB1A
3C2E
3C42
BA74
BB4D
BA10
3A84
BC04
BB48
BCA1
BBB6
BBBB
BBD3
3C02
3AE9
BC3B
BB7B
3C16
BC23
3C6D
BBBB
BC92
3C5D
BCBF
3C63
3AF1
BA91
BB0B
3C8D
3C23
BC1C
BB15
3C03
3BB2
BB95
3C2B
3A5B
3B90
BB8C
BA19
BB51
3B03
BB28
3A49
3C4D
BB91
BCD1
BBCE
3B65
BC0E
BB3B
BC89
3BCC
3CC1
3C2C
3C04
BB05
BC43
BC3C
3C01
3A3C
3C13
BC8E
3C43
BC25
BC25
3BCF
3A0D
3C1F
3B8C
BB3F
3AE3
BB92
BB01
BA97
3C77
BB25
3C0C
3B59
3ACD
BBEA
3BF1
BA86
3C45
3BB1
3BBD
3C57
3A4A
3C59
BB71
BC0E
3B73
3C32
BB6D
3C93
BC41
BCC9
3C1F
3BB4
3C68
3BA6
3B81
3C4F
3AE3
BBD1
3A84
3B66
3C0B
BC6F
B9EA
3A3E
3C21
3C56
B7ED
3C05
BBFC
BAD2
BC07
BBA1
3C4D
BBA9
BC39
3B0E
BC09
3C3E
3C4E
BC17
B970
BBB6
BC5D
BC06
3B37
BA89
3B51
BC4B
3C6C
3CA6
3B29
3C85
3B9D
3C01
BC0B
3C38
BB0B
BC81
BBE0
3C90
BBED
BB34
BC51
BC5F
3B39
3BB2
3BFD
BBD9
BB3F
3BE4
BB06
BC15
BA98
3B46
3C10
BC11
3A8D
BC1E
BC21
BB89
BCAA
3C01
BC1C
BBA8
3B39
BC02
3C7C
3B35
3A3D
3C42
3B3B
BBA4
BB04
BC84
3BA0
BBA8
3B8F
3BE7
BBAA
BC44
3CD4
39AC
3C71
3C18
BC46
B9E0
BAD0
B980
3B1B
3C40
3A4C
B997
3BC4
3C16
3BEB
3BC8
BB91
3BC0
3AB3
3C36
BCA9
BB5F
3B76
3C37
B92E
3B2C
3BDE
BBE3
3C3D
B8E6
3CA5
BBD2
BC99
BC81
3C5F
3B6E
BC16
BB93
B958
3BAA
3BA0
BC92
BC66
BB4E
3BE2
BC66
BBCB
3B8C
3C28
3B12
3C2A
BC99
3C09
3A2A
3BB2
BC10
3BED
3C57
3CAD
3BFD
BC8C
3BA8
3BA3
38DC
BC92
3B42
3C80
BCA4
BC05
BB26
BAF3
BC02
3B26
BA90
3CB4
BAB3
3C48
BBD5
3C04
BC1E
3BC7
3CB6
BBF2
3BDD
3A44
BBD9
3B59
BB93
3B0D
3CCD
3C47
BC33
BC15
BBC6
3C77
3B8E
B8F5
BC01
BB99
3C5C
BC6D
3C04
3C55
BCBB
3BF4
BC72
3ADD
BC24
BCAC
BBBB
3C6B
BBAF
BCC1
3A0F
BB92
BC39
3B87
3B85
3C28
3BB9
BBA6
BC3F
BBD2
3C9D
3BD2
BB22
3CC1
3C1F
3D0D
BC1C
BBB5
3BA4
BC11
3B8D
3BC5
3BB6
3BCD
BA65
BC5D
BB11
3B43
BBC5
B9DD
BB2E
3BD5
3BF4
3C20
BABE
BC36
3B8B
3C36
BC1E
3BA1
3C5F
3C0D
BBA5
BBA1
3A71
BB3D
3BEE
3C35
BBDE
BB09
B9E3
3A6A
BA03
BC8D
3C6E
BBBC
3C0D
3C02
3BCD
BC05
BCA9
BC3D
BCA3
BACC
BA26
3BD8
BB8F
3AD4
3B10
BB09
3B92
B7CD
BC45
BC48
BB95
3B60
BB97
BB0D
BA7F
BBEE
BC27
BA7E
3AF6
3C6E
BCE6
3C3A
BBD0
BBFA
BC21
3C9C
BC65
BB23
3B41
BA38
3B98
BC14
3C6D
3B88
BC39
BB86
BC87
BA5D
BC90
3CAA
BC8C
BB8E
3BEF
3B6E
BBD7
BC72
3B82
BC71
BC6A
3BD8
3B0F
3C24
BC29
3C5D
3C10
3B78
3BD6
3A8B
3C41
3A83
BA7C
3BBC
3B46
3BA9
3C2E
BA41
3C7A
3C55
BC15
BC11
BC5D
BC2F
BBDB
3CDE
BBE5
BC17
BB81
BCA4
3A0E
BBF2
BC72
BBF7
3B57
BB1E
BB9E
3C04
BB96
BC99
3B2B
BB60
3C15
3B45
BC83
BBF4
BC3F
3B64
BB94
3C9C
3C40
BB2C
3C5D
3C07
B9AA
3C58
BB03
BB9E
3B46
BC0D
B8EE
BC8C
3B5E
3C36
BB9B
3C94
3BD4
BB0D
BC8F
BC08
BCD8
3BEC
3C5D
3BE1
BA86
BB87
3C58
BBF4
3B5C
BB97
3C19
3C25
3AB6
3C24
BB2E
BB33
BC01
BC5F
BBE8
3C1E
BBD0
3C12
3B30
BC95
3B79
BC31
3AF7
3C2A
3C5E
BC5E
BBF9
3B2E
3C30
3CD4
B9D8
3C43
BC60
3CB5
BC70
B9BA
BC38
BC34
3BE8
BBDE
3B23
BBFD
BC26
3C0C
3C33
BC42
3C67
3BE9
BC9B
BC93
BC14
BC29
3B94
BBE9
3C12
BC05
BC85
BBF4
BC4E
3C65
BC13
3B77
BA05
B91A
BC03
3C1A
3C10
3CA1
3AF2
BBB9
3C28
B9A7
BB89
3CAD
3B49
BB2B
BC64
3C5B
BB7E
BC10
BBCD
BC78
BA58
3B49
3C8F
BC26
BBD4
3C0C
3AD8
BB73
BAB1
BBA2
3C0B
BCA6
BBAF
3BDE
BBB3
3BC9
BC59
BB0E
3C85
3982
3BBC
BC4E
BC1C
BA70
3C04
BC0D
3C8B
BBB9
BBD1
3C65
3BFA
BC4D
3A48
BC1A
BC2C
BCBE
3B52
BAD2
3A6D
BA53
3ADD
3B8B
3C95
3A8D
3BAF
BAAB
3C81
BC0D
39C4
BB0F
BCCC
BBEB
BC3A
3A09
3B8A
BB18
3C5D
BC17
3C51
BC27
BC4E
BCE4
BADC
BBFB
BBE8
3C14
3C39
3B39
B997
3B40
BBCB
3C03
3AD4
BBDD
370C
3C27
3B26
39AE
BAB1
3BF0
BBB2
BC94
BC9B
3C41
3CD6
3C78
BB23
3BB4
BC33
3C3D
3C17
BC1D
3B1E
3B47
BC34
BC94
3B19
BC4F
39F5
3C2A
BA8F
BABF
3AC5
BBB0
BC90
BC74
3BF1
3B92
BC8F
BA58
BC3B
BBBB
3C8D
3B4C
BC6D
BC55
3C44
3B48
BBAA
BC2B
3C2D
3B90
3BB4
3C3D
BCD0
BC23
BA8A
3BA3
3C2E
BA90
3C48
BC48
3C3F
3C50
BAB7
BBCD
3C30
BC19
BC62
3C31
BA8A
3B5B
BC99
BC0B
3C74
BC2D
3BA6
BC91
BBCF
BBA0
3BD8
BBF0
3C1E
BC7D
3C0D
BB75
BC3E
3CAB
3D24
BBE4
3BBE
3BCE
BBD0
3C22
BC84
BC96
BCB6
BC16
3C7E
BB3A
BC2E
BAD9
BC5F
3A16
3CAE
BCF5
BC2A
3B1D
BAC2
BBF1
3BA0
3B96
3C28
3C24
BAB8
BB32
BBFD
BC13
3C8A
3C48
3C00
BB82
3C05
B978
BA5A
3B10
3CA6
BB07
BCCA
3C8E
3C27
3C05
3B62
3AD3
BC1E
3B33
3BC7
BC23
BCBE
BC61
3B45
BC0F
BC86
3CA4
BBDE
BC78
3C33
BBF2
BC4A
3C0A
BBE3
BBB9
BBFA
3BF4
3BEE
BBF5
3C63
3B41
BA96
BC24
BB7D
BC4F
3C4A
BAB8
3B6D
3C36
36A2
3C43
BCC6
BB82
BBCE
BC76
3C49
BBB9
3CB0
3C3D
BC62
BB64
3B9C
BA57
BA93
3C2D
B961
BAD9
BA3B
BB10
BB31
BBB0
3BDE
BC91
3B23
BC93
BC0A
BBBD
BBDF
3CAE
3B96
BC99
3C9B
3C7F
BB96
3C2D
39C3
BB29
BC43
3D01
BB3F
3B4E
BC77
3BB2
BC4C
BC9E
3B8B
3BEF
3C2A
B9BA
BC11
BC3D
39EE
3B9E
3A4B
BC13
3B2C
3C64
BBD9
3C0D
3C77
BC37
39CC
BC84
BBF1
BB83
3C18
BBBD
BB7B
B86B
3C58
BB24
BC5E
BC93
3C3B
BC53
3BE6
BB8D
3CB5
3AB9
BC6B
3BFA
3C61
BC00
BA26
B777
3A9C
3BF6
3B43
BC85
BB2B
BBC3
3BD8
3C34
3C3F
BC27
3C15
BBA2
BCA2
BC29
BB34
BC88
3ABA
3C48
BBB7
3C9B
BBBA
BB08
BBAC
3B7F
3B7B
BBA2
BC68
BC13
BC5C
BB5C
BB80
BC78
3C56
BCC6
BC1A
3B9A
BC8F
BBB5
3BA4
3B36
3C8C
BBAB
3C77
BBB4
BC81
3C44
3C6B
3B95
3BEB
BB1F
BB1A
BBB9
BC0E
3C1E
3C2F
3B68
BBEE
3BD4
3B9C
3C31
3B42
BB82
3B33
3CC7
3BE3
B5CF
BBB2
3BC1
3B7E
3AEF
BC0C
3BB7
3B2D
3BF3
3C26
B8C1
3B2C
3BDA
BB20
BCE3
3CA7
3C61
BB60
3C6A
3AC4
3B3E
BCC7
3A7D
3B76
BC53
3C41
3C15
3C86
3C5E
BCA7
BBF6
BC3B
BC56
B954
BCBD
3965
BC0D
BB07
BB84
3C2E
BC32
3C21
3BE1
BBF6
BCB0
BC07
3BCA
BBD3
BACC
3C03
B644
3BFF
BCB2
BB5B
3B48
BC64
3CDF
3B70
3996
3BAE
B996
3CB4
3C10
BAC6
BC1B
3BD7
3C13
B951
3B07
B966
3C73
3C1B
BC9B
3B7E
BC46
BB60
BBA3
3B93
BCE8
BBE3
BBE7
BC44
BA91
3BF3
3C5A
BC50
3D24
BBC0
BACA
BCA6
3C16
BC8F
3C93
3B5C
BBB4
BC68
3C4D
BB8C
BC61
BC5A
39E8
BBF7
BCC4
BBEB
3CDB
3CBB
BBC7
B9D0
3BB6
BBA9
3CA9
3B24
3B89
3CA4
3B27
3BD2
BCFA
3AA0
3C3D
3BB7
BC5F
BBBF
391D
3C64
BCAD
3CB9
3C4F
3C0D
BC4B
3C67
BC83
BA98
BBD1
39E2
3C36
BBDD
BCA7
3B14
3B2B
3C22
BBA8
BAB5
3B9A
3C30
3BCC
BB64
3A8A
3B11
BCB3
BC65
BBB8
3BD0
BB18
3C95
3782
3B03
3BC5
3B87
3C4F
3A42
3C05
3C40
3B91
3CC8
3C5A
BB9B
3BF9
BC54
BC4E
BCA5
3CCD
3B2A
3B9F
BC7E
BBE4
BB76
3C11
BCA9
3B28
B9B5
3C0D
3C82
BBF2
BC98
BC4A
3C2B
BBD1
BC28
BBCE
BABF
BBF0
3BBF
3B1E
BAAE
BB69
BCA9
3A1C
3C33
BBDF
3B5C
3C26
3B83
3C8A
BAB1
BC18
BCAC
3BB5
3C55
BB30
BBE8
BB32
3B61
3B0F
3C5B
BAA3
3C6A
B9BF
3B96
BC14
3C44
BB78
BC94
BB39
3AB8
3BA5
3A94
3C07
3BF3
BAD0
3BA6
BBC9
3C6C
BA94
3C0D
BC74
3B92
BC72
3C5B
BB08
3C87
BB56
3B67
3BF2
3C1D
3C5B
3B39
3C1E
BC57
BA30
BB33
3BB6
3C18
3B9B
3BF3
BC9F
BB42
BC20
3C4A
3BF5
3C3B
3C08
3C74
3ACE
3B6F
BB6B
BA04
3C3C
BB6B
BBFD
3C21
BBE8
3C05
BC62
3C23
B6D7
BB84
BBCA
BBF3
3B9B
BBDB
3C65
BC7C
3BAC
BBF5
BC47
3C24
BC0C
3C1C
3A90
3B79
3B9C
3AA9
BBA3
3C2B
BA9D
BC36
BC2E
BBB7
BBB6
3B02
3C2C
3C9E
3B7C
3C3D
3AFA
3B3E
BA56
BAFE
BC32
BC37
BB8C
3CA4
BC60
BC7C
BC3C
3C15
B9E3
BC9B
3C6C
3B8D
BC29
3C90
39A2
3BD2
BCAD
3C43
BA68
3C08
BB53
BCB5
3C15
3C4B
BAC3
3BBD
3C35
3C95
BC2B
BC3E
BADF
BB35
BC93
3C06
3C04
BB8E
BBCF
3C40
BBD7
3B62
3A37
3C03
BC88
3BAA
BC86
3C40
3B02
3C86
3A14
3BEF
BA68
BC89
3A38
BC21
BB9C
BBC2
3BE6
B7B4
3BFE
3CBD
BBCD
3A92
3C05
BC0A
BC0B
3A80
BC01
BBF4
BC37
3C76
384A
BCB7
3AC8
BBEF
BA93
BBDD
BBCE
BAEA
3C87
BA97
BC33
3AA3
BC83
3B41
BC1D
3B69
3C7B
BC29
BCA0
3CC0
BB85
3B0E
B9D2
3B03
BC2F
3C12
BB8C
3C3B
3C95
BC4C
3C97
BBC9
3AAD
BBDD
BB2A
BC97
3A2B
BC8B
BB85
BB8D
BA07
3B90
BB08
BA8A
B9F8
BBC0
BB25
B908
BAE3
BB08
BC05
BAB3
BBA7
3C3B
BACC
BB9C
BC0B
3C32
BB9B
BC40
BC50
3C4C
BA17
3B87
BB0E
B936
3C18
BB78
3C0B
3BC1
BBF4
3C4A
BC22
BBBF
BBED
3CA6
BB13
3A8E
BC73
BAB2
3CB0
3B59
3BE9
3A5B
BC79
BC42
BC97
BB39
BCA9
3BE1
BADC
BBD2
3BD4
3BDA
3AF5
3C51
BB7A
3B73
BB0B
3C74
3C8D
BC71
BB07
3AE9
3C15
39F8
3BAB
3B24
BB9B
3C80
BB40
BCDC
3C39
BAA6
BBF1
3C56
BBD9
BC39
BC36
3C72
3CA0
BC6B
BC50
BBE4
BBEE
BC24
3C9A
3B43
BB2E
BB17
BBF3
BCE1
BC3F
BBB9
3CC6
BCA6
399B
3BDD
3BA7
3C03
3C14
3AB5
BB9D
3BAA
BC4E
3B62
3BAE
3BFB
3BD0
3AF5
3AAC
3AEF
BB4C
3B94
BA85
3BFD
3C82
3BB8
B917
BC56
3CF3
3B6D
3C6F
3C6F
BBAC
3BDD
3C6A
3BA3
3C45
BB48
BB61
3B56
BBA4
BBB1
3BD3
BCA2
B910
BB71
BC67
BBE7
3BA6
3C8C
3B5E
BC8E
BBC8
BC12
BBBB
3C73
3C6A
3C8C
3C0E
3C5D
3B17
3AA4
BAE3
BBA8
BAC2
3C28
BB39
3BEA
3A37
3C3B
BC9C
3C2B
3B26
BBBF
3C91
3C13
BBB9
3C14
3C2F
3C41
3C8E
BBD6
3972
B9D5
3B0B
BBDA
BC3F
BC82
3BFD
3C1E
BBF1
BB15
BC58
BC2D
3C44
3BD1
3C0F
BC0B
3957
BB3F
3B8E
BBEA
3A92
3BE8
3B42
3C32
3C14
BC2B
BC26
3AFE
BBA9
3A8E
BC18
BAEF
3C24
3C42
3C47
3C8E
BABA
3A72
3C43
3B80
3BF7
3B52
BC8C
3C12
BBA8
BB95
3BD1
3C5A
3C64
3C0F
3B06
3BA7
BC00
3C0B
BC63
BAFB
3BDE
BBE0
3A9C
BC50
BCA4
3B85
BCD0
BBB4
3A8D
3C1E
BC7D
3C6B
3B2C
BC18
BBDE
3B17
BBAC
BA60
BC09
BCA1
BA79
3B28
3C40
BB70
3C89
BBD6
3C4C
3C46
BBA7
B9C9
3B75
BC03
BBF9
BC29
3B87
3A26
3B40
3C45
BC1E
BB36
3CA4
BA4E
BA97
3BD6
BBF1
3C24
BCC0
BA8B
BC01
3C0B
BBCD
BB9E
3B55
BB93
BAAB
3B75
3C1B
BC56
3BC4
BC82
BC0C
BC25
3B16
3BC6
3B7F
BAF4
3B8B
3C27
BC3B
BB93
BC82
3B74
BC24
3AD7
3B2C
3B10
3B7D
3BC3
3C54
BAB7
BBB7
3A68
BC98
BA8C
BA93
BBAE
3ABD
3C75
BB09
3B9A
3AC7
BBD5
BB09
BC6A
3C0A
BBB4
BAA2
B981
3B89
3C29
BC24
BC81
BBCC
BB74
BB34
BC5D
BC0F
BC11
3C0B
BBDD
3CCB
BBE8
3C15
BB85
3B8D
BC86
39E8
3C0A
39A7
393A
BBDC
3CB9
3BC3
3B1F
3A1B
BC26
BB16
3CAE
3C81
BB47
3AAC
3BA2
3BC8
3C6B
3BAC
BA79
BBDA
3C5A
BC0E
3B73
3C13
3BBE
BBC4
3A42
BBED
BC38
3C0E
BC3C
3AE1
BC3F
3C61
3BDA
BAF3
3B5C
BBAF
3C6C
BC3A
BAA9
3C7C
BBC0
BC31
BC2F
BC14
3C38
3C22
BCA1
3AE3
BC81
3C81
3C9C
3A6F
BBEF
BBD3
3A94
3CEE
BC5D
3A04
BB95
BA9F
3C7B
38E5
BA6C
3C52
3AB2
3B24
BC80
BB91
BAF1
3B6D
BBFB
3A91
BB32
3CBF
3C56
3B87
3BBD
B9CA
BC53
3BE9
3928
3C2A
3B3C
BAC2
BC96
BB50
3C25
3C24
3AE3
BC3D
BC3D
BAD3
3C68
3ACD
3C12
3B5D
3B9E
BBEF
3CE4
BC24
3B20
BC82
3BD8
BC0E
3BF7
BAF9
BBD3
3B31
3B9C
3BF4
3C7E
BB9C
3C8A
3BC3
BB74
3BCA
3C8A
BA22
3C90
BC42
BBDB
BC46
BB8A
BAE1
BBB5
3C4E
BC33
BB9C
3C11
BB13
BB33
BB9B
BABA
BB64
3C0B
3B80
BBC0
BCA0
BC34
BC96
3A94
BABE
BB9F
BBD5
BB2D
3C0B
BBAB
BC53
BB90
3C36
3B6F
3CDA
BB77
BC34
BC92
3C0D
BADC
BC21
BB97
BBE6
BAA2
BCA3
3CB5
3A7A
3C2C
BC70
3B33
BC09
BCD8
BBE7
BBD2
3C79
3C11
BBA6
BCDC
BB82
BB64
3C4B
3B2C
3C6F
BC0F
BB63
3C1C
3ABA
3A85
3CA6
BC48
BB23
3C4D
3C32
BBD4
3C4D
3A86
BA3F
BC2A
3C01
BC90
3C79
BBFB
BC1F
BC0B
BB01
3C47
BAFB
3A9A
BBFD
3C03
3C02
3C2A
3BCA
3C69
3BE6
BB51
3BD3
3BC2
BC05
BB9D
3A95
BC81
3C05
BB5D
3BA2
BB2B
BB08
3A58
BBBD
3C8C
BB30
BC0E
BC0A
BB2F
B9B7
3C21
3BF1
BC41
BA9E
3BA0
BD01
3AC3
3B7F
BB9E
BA85
BABC
3CD2
BC35
BBC2
3CB5
BBDA
3CCF
3C13
BACE
3B99
39F0
3B0B
BC1C
BBEC
BB95
BAB0
3BF4
3BA3
3C69
BB09
BBDE
BC05
3C41
BB84
BC15
3B60
BB6F
3B0C
39EE
3B96
3C3F
3BFF
3C85
BC39
BC8F
3BDD
3CD3
BC2A
3C82
BB9B
3BF7
3B45
BB9D
BB3B
3C19
BB62
BC65
3C6E
BB8B
3C32
BC1C
BC1F
3A9A
BA81
3B8E
3B3F
BB1B
3BF1
BAD2
BB3B
3B17
3C7A
3B16
BC35
3B7C
3B55
BC3B
3BCE
BCAB
3C3F
3A82
3B48
3CAB
BB06
3B1B
3C62
3B14
BC57
BB58
BBF6
BC94
BC74
3B04
3BA5
3BF6
3BC6
3A6C
3BB2
BC2B
3B99
38B8
BAF9
3C14
BB99
3C33
3B09
BBB9
BC70
BBFB
3BDA
BB79
3CA6
3C4B
BC16
3C22
BC82
BC32
BC46
BB9D
3C1C
BC5B
3A35
3C6C
3B13
BBA5
3B83
3B60
BBD9
BC2B
BC42
BB9B
3BF1
3B7B
BC25
BBB3
3BB2
BB01
BB9D
3C08
3BD0
3C68
BA55
BBB1
BBAF
3BD6
3BA9
3CCD
3C81
BC42
3BB7
3B8C
BC14
3B15
BB4D
BCF2
3A03
3BB1
3CFB
BB72
BBE5
BBD9
3C82
3BA1
BA84
3CB0
3B3B
3B10
3B1A
3C4A
3C50
3C23
3A58
3BFC
BC23
3C40
3BA5
3B2F
3C0A
3C94
BB43
3B45
BC74
BC42
3C8E
3BF5
BBCB
BC39
3CA0
3BE0
BC33
3BD0
BBB5
BB8E
BC17
BC1D
3CD3
3B97
BC02
BC68
3B81
3A4B
BB24
3B3C
BCC6
3C83
BBD7
3BFF
BC5C
BC31
3AD6
3CA4
3B59
3BB1
3B3E
BBFE
3B8D
BB10
3C92
3C01
BD00
BC92
3B62
BB08
BBEC
3BAA
3C96
BB1B
3CC7
3ACE
BBCF
3B32
BB63
BAF8
BCA1
3C12
3B02
BC14
3C23
B929
BBFC
3CA1
3C7B
3BC7
BC73
3C07
BC03
3C94
BB01
3C50
BB2A
3BD9
BB65
BC53
BB4C
3CE2
3B1F
BBBE
3BBC
3B84
BB57
BC4B
3C26
3BD6
BC93
3BA4
3CD3
BBC3
3B3B
3B8D
3C4A
3B99
3AAD
3AAB
BC66
3C8D
BC4A
3B3C
3BD0
BB9A
BB9B
3BB3
BBA0
BAD8
B9D2
3C65
3CB4
BBC4
BB43
3BC6
BC22
BCB8
BC57
BBDB
BB6F
BC5E
BB18
BC08
BC73
BBD8
3B3F
BA99
3B75
3BC0
BB16
3B56
BAA4
3B31
BCCC
3C9F
3C9D
BC14
3C08
3C8B
3BB0
BC2D
BAC2
BBD2
BC37
3BEE
3C10
BB38
BCA3
BC6D
3C56
3C99
BC05
3CA2
BBFD
3CA1
BBE7
BB4B
BB6E
3B98
BB59
BBA3
BC84
BA69
3AB0
3C4E
BB66
3BA9
3BE0
BBC7
3B6A
3C06
3B75
3BBB
BCCD
3C85
BC1E
3B4A
BCB8
3B1A
BC2E
3C54
3C3D
BC34
3BE9
BB93
3ABB
BC0D
BB8A
BBA5
BC2F
BAC3
BAD5
3B7B
3C54
3BF5
3C4C
3C99
BBCD
BB3D
BC96
BA82
3D06
3C3A
3CF8
BC4E
BC8D
3BA2
BBBC
3CA8
3C50
BB0A
3A21
BC5E
3C41
BA64
BB5C
B9C9
3C35
3B70
BB23
BC84
BB18
3BC3
3C95
BBF4
BCCF
3C75
BC4E
BA7F
BC61
3B22
BBD2
BB9D
3AA3
BC13
3AEB
BCE1
BC2F
BBC0
3B8A
BB9C
BBD1
3CA9
BD04
3B02
3BAA
BC21
3CBA
BBC1
BC7E
BC1B
BC06
BC09
3BF6
BC15
3C42
BBE7
3C3C
BC0F
BB1A
BC13
3BCE
BC87
3C26
BC04
3C93
BC24
3B08
BB75
3C21
BBDF
3BD7
BB4E
BC9D
3C96
BB0E
3A03
BBF8
3C2B
BC4A
BAD6
BCD8
3B53
BA90
3A2A
3C33
3BEC
BCB4
3C58
BA29
3BCB
BB8B
BBA0
3BD3
3AD0
39FF
BAAF
BC3C
BC71
BBB5
3BE8
3BDB
BC76
BAB0
3A37
BC0F
3C5F
3BD2
3B99
3BD9
BBB9
BC2A
3C2C
B993
BC96
BC2F
3C1A
BC9E
3C01
3C3A
BC81
BB1B
BB94
BAAA
BBC3
3A93
BBCC
3C8C
BC79
BAFB
3B15
BC14
3C0D
3A60
3B78
BB87
3C50
3B63
3B18
3BE8
3B02
BB7D
3C9D
BC15
3C5C
3B54
3B6C
3BDC
3B16
BB4C
3A09
3CB0
BA2E
3BA9
3C83
3C1C
BC43
3C06
BC5F
BCC8
3C7F
3C04
3C71
BB7E
3C6E
3C1A
BC4E
3BA9
BCCD
BC78
3B1F
3A24
3C87
3A4F
3B1F
BC0D
3C61
BC28
36A1
BAD3
3AF7
3C12
378E
3B0F
BC42
3CD0
BC3A
BC8D
3BF3
BC07
3C81
3C01
BA68
BC7B
3B43
BC50
BBED
BC14
3C3C
BBE0
3B0F
BC46
3BD8
BAB2
BBC2
BC32
BC8B
3ACB
3C51
BBF0
BBCA
BCA1
BC45
3A25
BB7F
3C1A
BC36
BC0F
BC55
BBF5
BC36
BABA
BB97
BCA5
3B4A
BBF7
BB94
BCAB
3BF6
3B8E
BC52
BC37
3B78
BB91
BBF6
3CD9
3BDA
BAF8
3C6A
3C3C
3C8A
BC11
3B60
3A4E
3BDA
3C69
BBB1
38C2
3BE8
BB6F
3B80
3C4B
BB5E
3B75
BC71
BBF1
3C92
BB33
BC2C
BC6F
3B04
BCA8
3C90
3936
3B92
BB9A
3CF7
3AF2
BC10
BBE8
3A39
BBF6
3C2E
BBFF
BAD7
3BD0
3B8D
BC4A
3C0F
3C51
BC4E
3B99
3C81
3CB8
3BE5
3A86
3C0B
BB6A
3C21
39D3
3836
BB5C
3C4C
3C93
BB97
3C8F
3C7D
BC47
3C8F
BBF0
3C11
3C1E
BBF8
3B1A
3C0E
BC13
3C16
3A2F
BBBC
BA5C
BC89
3C1B
BBA3
BC78
3B9A
3BCA
3C08
3B14
BB14
3AEE
BC33
3C74
BBF6
3C2C
BB88
BBB0
BBC4
3B41
BC9B
BC69
3C15
BCB4
BB1B
BA7C
BC72
BBD7
BC07
BBEE
3B6A
3BFA
BB91
3A1D
3B44
BBF2
BC03
3BD5
3A7B
BA16
3C5B
BC35
3B67
3C93
BCB0
BC94
3B38
3BD2
BBBF
BBCC
392C
3C39
3B87
BCCE
3B2D
3C18
BCCA
3BAC
BC21
BAF2
3C25
3BAA
BB7F
3BC7
3C5F
BBCB
3C80
3C40
3B5D
3AAF
3C82
3C00
3BCD
BBA8
3C4D
BB40
3C09
3CB1
3BDA
3C36
BC46
3CA0
3C43
3C22
38F2
3C7F
BAD5
BA85
3B7F
3B31
BA86
3CB4
3C0B
BCB3
3B6C
BC6A
3B8E
BC14
BB25
3B37
BC5E
3C4E
3C82
39B7
3C5E
BBAD
3778
BC1B
3AD7
BBF1
3BB6
3C90
BBD5
BC6C
BAB4
3C3D
3AE5
3B8C
3C42
BABD
3AA8
3B59
3A39
3B40
3CB1
39EC
3AF6
BAC5
3C2E
3C8D
BC61
3C04
3C40
BB58
BC52
BCD0
BCC1
3C21
3AEE
3C07
3B18
BA8A
3C05
3A59
BBE0
BBF0
3C3F
BC3D
BAB7
BC3D
BB3E
BBD9
3C52
3BF8
BC2E
BCBF
BB55
BC2B
3B8B
BBC4
BB81
3BE6
3B0C
BC2A
3C0F
3B9B
3B9A
BC78
BC83
3C5B
3C64
BB7F
3C03
3C68
BB6D
3CB7
BBE7
BD03
BC94
BBED
BB2B
3BDA
BA7F
3C2C
3BDE
3BB4
BB34
3B9F
BAB3
3BA0
BC29
BC48
BC6B
BB16
BC09
3B74
3BFD
3C9C
BC16
BC68
3BAE
38E6
BBAA
3B76
3C8C
BBF1
BC64
3CAC
3C5D
BB86
BCA3
3C4A
3A99
3C23
BB59
BAD3
3CD1
3BA6
BC3B
3B36
BC2D
B99C
3C2E
3C57
BA9F
3C8F
BC8C
3C0C
3B86
BB5A
3C8E
3B27
BC00
BBE0
BC06
3B02
BC3D
3C51
BB88
3BB0
BBB9
BC4F
3BB1
3BEB
BC4E
BC6D
3BF7
3C17
3C85
3A71
BC01
3C3B
3B85
BBA3
3B1B
3C5E
BB0D
BBDD
BC6F
3B9B
BBF2
3C9F
BC45
3A61
3C7B
3B29
BBE4
BBF9
BC00
BBA7
BC44
3BF9
3C0A
3AA5
3BFE
3A7A
3C15
3B87
BC63
BBF0
3CAE
BAE9
BC0D
BBDB
3C15
BB90
3BF4
BC09
BBFE
BC14
BB1D
BCC3
BC2D
3BB5
3C4F
BCAB
BC12
BBFE
3BD3
BC27
3B9F
BC61
3B06
BB4B
3A9A
3A3B
BBA3
3C29
3CB9
3AC4
BC13
3CB3
BC7D
3C2D
BB14
BC59
BC49
BB93
3A9F
3906
3AB5
3BCE
BC16
3C11
BC09
BAD4
3C2C
BBF1
BC4A
3C01
BACB
BA57
BCA3
3B9B
BA20
3C8B
3C4C
BCBA
3C8D
3C1C
3C9B
BBF4
3BE9
3BE2
BC23
BC14
3BDC
BADB
BB91
3B9A
BC76
3BAD
B9AC
3B33
BBB8
BBB4
3C14
3BF0
BC25
BBDB
3B32
3B51
BC44
3B7D
3B59
3BEF
3C97
BB24
3BBF
3B81
3B91
3AF6
39C7
BBB7
3C4B
BB26
BC27
3ABD
BA42
3C1E
3C2E
3A16
3B90
BC38
39FE
BC67
3C8F
3BFA
BC9F
3B3B
3C13
BBEC
3C15
3CA3
3B02
3C1C
3C24
3CAA
BCA1
BC24
BAFC
3C8B
3C76
BC38
BB9F
BA26
BC95
3BE7
BC8D
3C21
3C29
3BD1
3BEC
3A98
3C75
3BDB
3C61
BC2F
3C7E
3C4E
3A8C
3BD9
BC26
BB10
3CBD
BBDD
BBA1
3BD3
3A9C
3BD9
BBBE
BBC1
3CA1
BA85
3BF0
3B1E
BAC5
BC9B
B986
3CA1
3BAC
3B34
3B82
BBD5
3A88
3BE0
BCF4
3C18
BBAB
3C15
BC26
3BA6
3B92
3CDC
BA38
BA97
3C2E
3C29
3BB0
BC31
3B8E
3BBE
BC73
BC37
BC72
3C0A
BC08
3C5E
BC87
BC8D
BBF3
BCA3
BB64
3C1F
BC42
BAFC
3C42
BB24
3BCF
3C3B
BB60
BAE1
3C1D
3A89
BC93
3CB0
3BFD
3BD6
3C34
BCD1
BC41
3C38
BA3A
3B18
3C15
BBFE
BAB8
3C1B
BBF1
3C3A
BC6C
3C10
BB0F
3C50
BBE5
BC20
BBC4
3BE4
BC7E
B94C
BC61
BBD1
BC4B
3C58
39CB
BBDD
3BE0
3C67
3BAA
3C9D
3C83
BB91
BB94
3C01
3C00
BBA9
BC11
3BFC
BB07
BBF3
3CBC
BA90
BC73
BACE
BC8A
3A12
3B65
B9E9
BB02
3B85
BBCF
BACE
BBA6
3B35
3AD8
BC0E
3C41
BB35
39B6
3BBA
3BC7
BBF9
BC4E
BB90
BC7E
3C62
3BB9
BC07
B9DA
3A9C
3C1B
3C39
BC13
3BE8
BC69
BC90
BC9D
3B55
BC89
3D17
3B02
3A96
3ABF
BBC4
BA18
BB7A
BC28
3C55
3C28
BCB0
3C1C
3B6C
3BD6
3C60
3C85
3C00
3C77
3A78
BBB1
BC0D
3C95
BB24
BB0D
BB7A
BB24
BC1D
BAE1
3A85
BCB7
3B67
BB4E
BC8A
BBEA
BC0A
BC43
3CCB
BA8D
3BF0
3C8D
3C7A
B94D
BBB0
3B7C
BB54
BC15
3CA5
BC5E
3BE0
BC5E
BBC9
3B7F
BC78
BBF6
BAE0
3A25
3BB4
3BBE
BB89
3C8B
3B6A
BBD8
3C85
BBC4
BBC8
3B8F
BAC5
BBA1
BB3F
BB93
BBEF
3C04
3BF3
3B24
BB49
BC4F
3C8A
3B97
3C71
3BE8
3ADA
3BC0
BC1B
39BD
BC99
BC8B
BC2F
BCCE
3B45
BC97
3B4B
BB11
3CA0
3BBB
BC09
BC42
BC17
BBF6
B931
BB5A
BC30
3BAF
BBA3
BB4B
3CA4
3B12
3BDE
BC1D
BBF8
BC75
3C44
3BA5
3BE8
3B90
BC41
BC07
BC48
3C0B
3B51
BAD8
3B50
BA72
3BEE
BB9B
3C5F
BC4F
3C07
BCC9
3C1B
BAF0
BA73
BB39
BB08
BAF7
3B48
3CC1
BB87
BC86
BBC4
3C9A
3C14
3B0B
BC02
BBFB
3B47
3C22
B9DC
BBDF
BB52
3BE3
BC83
BC08
3AD1
BBDA
3C08
3C0E
BC0E
3C66
BC7F
BC00
BB99
BC19
BB15
3B0C
BB9D
3C8F
3C2F
3C82
BB3D
3C0D
3B6E
3B0E
BC93
3BEF
3C1E
BC1D
3C6F
BC0B
BC39
BBEC
3BCF
B991
BC10
3C0B
3BBF
BB75
BCA0
3C02
BC01
3B0F
BC3B
3AB9
BADD
3B15
BC15
3BE2
3B11
3C2A
3A37
BCB4
BC34
3C55
BAB0
BC49
B956
BC06
3C7A
3B05
3A99
3CDC
BB28
BC4C
BAF7
3C99
BC42
BB3A
BC47
BB6A
3BB6
3B89
3BB0
3C23
3AE3
BBA8
3BCF
BB4D
BBE4
BB0F
3BF5
BBEC
BACC
BC93
3C05
BA77
B9ED
3C09
BC0B
BC3C
BC5B
3C83
3B7B
BC2B
3800
3C64
3C80
3C01
3A97
3A59
3BDD
BB86
BC3C
BB59
BB18
BBA2
BBAE
3BA4
BAA7
BB42
BB2B
3BEF
BC88
3C0B
BB82
3C10
BC1C
3B91
3CA1
3BFD
3C41
3BAA
3C1B
3BAC
3C73
BB6D
3C36
3B2A
3BD6
BB2F
BC28
BC44
BBDB
BBE4
BBFD
BC6F
BB27
BBB6
BD02
3CFC
3CEA
3BB0
BBD0
BA26
BC47
3CB1
BC84
3C0A
BAD0
3B30
BC27
BA47
BBD5
BB2F
BC00
BC32
3CAA
BC1C
3BC0
BC2B
3C7D
BC7C
BBB0
3B3B
3C01
3B97
3B56
3B92
BC1D
BBD2
BC17
3C00
BB60
37AA
3C1B
BB3D
BC7E
B9E8
3C03
BBB6
BB18
3B39
3C76
3A35
BC0D
BB8A
3C93
3B9C
BC91
BB88
3B38
BC1C
3B05
3BBF
3BFC
3AF4
BC8C
BC69
3C17
3C26
3B07
BB1B
BC36
3C94
3C09
3C7E
BC83
BBBB
BB37
3C5C
BC56
3CB9
BBC6
BC09
3C19
3B2E
3C24
BC22
3C9E
3BB0
3913
BB25
3C6D
3C4B
BC51
BC25
3A98
3C07
3A38
BCA8
3C21
BBB0
3C28
BCA5
3AA3
BC84
3C5D
BB4C
3A61
BC5C
3C8B
BBA2
3C30
BC23
3B4E
BAE4
3C98
BC79
3B9C
3BB4
BC9B
BABC
BC35
3A84
3C4E
3AF3
BC4A
BACE
BB71
3C3B
BC37
3BF2
BC9C
BAD6
BB07
BC18
3C39
3C40
BC64
BC70
BC07
BB9A
3B5E
3CB7
BB2A
BB4D
BAD6
BC7F
BAD6
3C96
3A4D
3BD9
BC81
BC36
BC60
BC09
3C5A
3B4F
BB93
3C27
BB16
3BBC
BC70
3BD5
3C6C
BA86
3BCF
BC3D
BA08
39E2
BB85
BC8E
3BA4
3BD5
3BE7
3C4B
3BF1
3B9B
3BF1
3B05
3B9A
3C2E
3BAB
B9FB
3C76
BC2D
3B12
BBB9
3C6A
BC97
BBC8
BC5E
BB18
3B8D
3B6B
3A1E
BA81
BB95
BA05
3BD9
BB71
3C06
BC8D
BAD0
BC44
394C
3B82
BAD7
BCA8
BC2E
BB8A
3BD8
3C7D
39AF
3B4E
3B29
3A17
BA56
39F6
3C19
3C8B
BC67
B8D3
BC13
3CD6
3BAB
3C19
3C32
3C81
BC48
3C01
BBD8
BC62
BCAC
3C0A
BC69
3CC8
BC2A
3C07
3CAE
BC81
3B04
3BCE
3BB9
3C91
3C4E
BB90
3BD4
BC4E
399B
BC23
3C1D
BAFB
BA42
BBCC
3C38
3B57
BBBD
3B50
3C20
BBF9
BB49
3C21
3C63
BB3D
3BA6
BBED
3BFB
BBA0
39E0
3BE6
3C7B
BBCE
3C69
3CB5
3A5F
3C33
BBEB
3C22
BBA4
BC36
BC2B
BCFE
3BCC
BCA9
BC9F
BC1D
3B1A
3C29
BB40
BCB5
3C3F
3AB2
3C8B
BB1F
BCAF
BC56
BB4E
3C00
3A27
BC87
3BE5
BA99
3CB3
BC48
BC0D
BB1E
BB49
BBA8
3B40
BC00
3BF0
BC28
3B84
3B7C
3B41
3A77
BD0F
BBE2
BB8F
3C41
BBB1
3B91
3C96
BA41
3B83
BC35
3CC0
BA18
BAE9
3998
3B86
3A11
3CA9
BB8C
3C15
3C06
3A92
BC6E
3BEF
3C86
BC7D
3C97
BA4B
BB5E
3C00
BB88
BC4D
3BFE
BC70
BC20
3B83
3CA2
3C5B
3C9A
3B93
BC8B
3C93
3B0C
BC0D
B9A3
BC83
BC10
BB86
3C3D
3CD4
3BA0
BB01
BBCA
3C22
BC3B
3C1E
3BEF
3C06
3BDB
BBA4
BBA0
3ADC
BB82
BC5D
BB9B
BB94
3B7B
BB47
BC32
BC17
3C34
BAF6
BC1A
BC65
3AA9
BBC2
3BCA
3BF5
BB35
3C4B
3AA2
BC0E
BC0C
BB81
BC3E
3A06
BAB9
BBF9
3C12
BA0A
BB97
BB64
BCA2
BC36
3BB3
BB10
BBF9
3C03
3C6A
BC20
BAC6
3C23
39EE
3C27
B86F
BBE0
B65D
3CDC
3C42
BBFE
3C95
BB13
BC81
B9D9
3AC2
BB4E
3C35
BC18
3B7A
BA97
BB99
3C07
BB19
3C8E
3CBA
BC2E
3CC4
BA56
BC2F
BC26
3CB1
BC40
3CD2
BBD8
3B90
3B7D
BB5A
BC47
B910
3BA8
3C0E
3AA8
BC27
BB67
BC22
BCAE
3B2C
3BEA
BCA7
BB44
3B6E
3BAD
3B39
BB59
BB2C
BB33
3C81
3C0E
3C1D
3C9E
BC04
3C1D
BC67
3B18
BBFF
3C54
3ADE
BBB3
3B94
BC6B
BC0D
3A9B
BC44
BC3F
3B12
BCBE
BC22
3C01
BB69
BC3B
BCB2
BBB6
BC01
3A9E
BC4A
3C99
3C87
BC6A
BBC0
3C1D
BBCD
BC57
3AED
BC87
BBEB
3C0F
3CDC
BB88
3BBC
3BE8
3CD2
3C1A
B7FE
3ACE
BBD7
3A98
BCE6
3C9D
BB35
36BE
B9EB
BC2C
BAEE
BB06
BBB2
3B02
BC0A
BC08
BC6C
BB3A
3C26
BB2B
BB22
BC78
3BCB
3CC8
3C0F
3C87
3BB2
3BE8
BC11
3A18
3AE7
3C0D
3C83
3C01
BCB3
BBC9
3B1A
3B13
BC1D
3ABA
3AFB
BB3A
BC0E
BCC4
BAB1
3BD8
BC37
BB3F
BB82
BC6B
3C01
BC3E
BC66
3C95
BBB8
3BD6
3C24
BABE
BC89
BA42
BBFE
3BD7
3B5D
3A5D
3BD3
3C0B
3C36
3AD1
3B60
3BB7
BB24
3BB9
BBAD
BB95
3B6D
BC4E
BBA0
3B95
3BC2
3CAA
BBFD
3B29
3B01
BC8C
3B89
3B2C
BC72
3C5C
BC88
3AAA
BB99
BC35
3BF1
3A0D
BC6A
3C67
3B8E
BAD1
BC2B
3C5A
BBA1
BBDD
3CA8
BA15
3B8F
3BBE
3B54
BC13
3A6F
3C68
BCB1
3B69
3C0A
38D4
BC91
BA4C
BBAD
3C87
3C53
39F4
BBBA
BBBD
BC21
BA69
3CEE
3C14
BAB1
3C10
BB4D
BBE5
BC81
BCC6
BBE0
BC2B
3BE4
3ACE
BC58
3C21
BB8C
BC4E
BB9F
BB96
BB61
BCA0
BAE7
3A2B
3C29
BCA2
BB6F
BBD4
3CB4
BC0B
BB81
3B2B
3C15
BB94
3C74
3C3F
BC30
BC8D
3BAC
BC96
BB0F
BBA1
BBE8
BB90
B996
BA21
3B87
3AEA
3C2B
BBE3
BC89
BB63
3C17
3C31
3C7B
BC06
BAEB
BBD1
3B7A
3B82
BC5F
BC9E
393F
BC8B
BC0E
BC12
BC4C
BC1A
3B0C
3B16
3C9B
3C11
BB6B
BC15
BC52
3BFD
3A6E
BB7A
3B39
3C1A
BC9D
3B29
3C0F
39CA
BAEB
3C04
3C67
BC0B
3B0C
3C9D
BB3E
BC82
3B7F
BBA6
3B5C
3CA4
3BBA
BB4A
BCC1
3C20
BC4A
3CA9
B972
3BED
BAE4
BC6D
BA74
3C56
3C84
3CA2
BB01
BC0E
3C01
B934
3B24
3BA9
BBF6
3C0B
3BE6
3C5F
BB5A
3B10
3C94
3C9B
BC6E
3BF1
BBE1
3B75
3AFD
3B26
3BA7
BC78
BC4B
BC10
3ADA
BA36
39E8
BCBB
3B7D
3BC0
3C1B
BC4C
BB95
BC65
BC53
3C0D
BC03
BBD8
3C2B
BA2D
3B13
BB9E
3BA0
3C3A
3B9C
3B10
BA36
3C87
3B95
BD15
BC82
BC3E
3B53
3CA2
3BCB
3BE3
BC80
BBDF
BAB8
3A8E
BCA9
BB94
BC86
3C16
BC79
3B04
3BF4
BC37
3C43
BB4E
BC26
3B66
3BE1
BB59
BBCE
BAAE
BC5D
BCD4
BBF5
3C3A
BCC7
3B4C
BC44
3B4C
3C03
BBED
BB86
3B70
3D08
BBED
BC3C
BBCD
3C5C
3BC5
3C26
BB0F
3C0B
3BB1
BB6F
BC8C
3A7C
BB04
BC7F
BBB1
BB4D
BC08
BC34
BA70
BBCE
3B92
3B0F
B951
BBC7
3C1B
BBD5
3C15
3BC4
BB63
3B50
3B0D
BBD9
BC68
BBE6
3C45
BBDE
BC2C
3C8A
BAF3
3ABB
3BF2
B9E9
3B1A
3BD4
3B8C
BBD3
BC83
3BA8
3C2D
BAB0
BA51
BC13
BB43
BCCF
3BB6
3CA2
BC22
3C10
3C96
BC87
B9AA
BC52
3BAD
3BBD
BC14
3C08
3B47
3C62
BBA9
3C23
3B57
BC17
3C19
3C21
3A2D
3C02
BC5B
BC0A
3C1A
3B4F
3C4E
3C75
3A1A
3BDC
3B3E
3AB6
BCA7
3C0A
BC0B
BC7A
BCCE
BBB3
3C38
3CCE
3C3A
B9D7
BC27
BC68
BC23
BBAA
3AE6
3ABF
3C22
BAC2
BBD6
3B82
3C2A
3CAE
BC97
BC27
3C1C
3A5E
BB26
BB1F
BC9C
BBCC
BC15
3AD9
BB18
3B36
BC90
3C58
3C89
BB42
BB8B
BB54
BBB7
3C9B
3C37
BADD
3A17
3B1B
3C8A
3BBA
3AEB
3C3F
BBF8
39A7
3B65
BBD2
3A83
BB9E
3C71
3BAC
3AE6
3B84
3B63
3C25
3BC6
3ABB
3C19
BBB4
BCAA
BC58
BABD
3C91
BB5E
BB5C
3A11
B827
3B31
BC10
BC7D
BBB8
3B94
3B83
BC5E
3BBD
3B16
3B24
3C26
BC2C
3C75
3A63
3B4C
3BE3
BC19
3B88
3C0B
3BB3
BC3D
BBE0
3CA3
3B55
3CA5
3C18
BC02
3CC5
BB30
3BF4
BC07
BB5E
BB76
BB9B
3C85
BBD8
BC31
3B44
BC64
BC34
3BDB
3BAC
3C13
BC50
BC30
BA56
3B08
3C84
BC67
BC38
BBA7
3C5F
BB61
3C7E
BA21
BC12
BA04
3A84
BC32
3BD6
BC1E
BC8B
BB9A
3B0E
3B20
3BE5
BAAC
BB07
3C24
3BA0
3ADF
3C0A
3BF3
BC44
3BC1
3C21
3BB4
BC3A
3B86
BC2E
3CBB
39C1
3C33
BBBE
3CC7
BC36
3C9B
BC8E
3C36
BC9E
BB83
BC95
3B81
BBAD
3AF7
3C5E
BC86
3CA8
BC5B
B96B
3C78
3B92
3AD4
3B3A
BC2D
3C59
BC0F
3BA2
BB42
BB8D
BCA8
3BBA
BC42
3C1D
3CA5
BB08
3B25
3CA3
3B44
BCA4
BC91
3BEA
BCCC
3A12
BC51
BBC0
3BB5
BC81
BC4B
3CA8
3C34
3C52
3C62
3B8B
3C02
3B9B
3BE6
3BEA
BA99
BBC7
38EA
BBE0
3C77
3BD9
BC33
BB44
3B35
BC00
3C2B
3C08
3CF0
BC5D
3BAD
3C65
3B3D
3CBB
BBF8
3CA1
BC82
3C87
3BF8
BBE6
3C01
3A03
3C4A
BC75
BC77
3CEA
BC7A
BC11
BB1B
BC88
3C26
BC4E
3C87
3B64
BB95
3C63
396B
BB61
BC92
3C5A
3C66
3AE4
BB3E
BC5C
3C7A
BB63
3C26
3C11
BAFB
3AEC
BC07
3BE5
3A1E
3C0E
BC96
3B41
B73A
BBA3
3C0F
3CB1
BC32
3C98
BB58
BB26
3C05
B909
BB3A
3BC7
BC18
BC76
3BF4
BC58
BBE5
3BB3
BB69
3C85
BC08
BB36
BC55
3C31
BBF3
BB29
3C30
3BB5
3BBB
3C1E
3B81
BC2C
BA7B
BC02
3B3B
BC27
3B2F
3C08
B8F6
3C08
BC9E
3BD2
BC7A
3BE8
BCAB
3C6F
3C0D
3BA6
BBFC
3C6A
BC69
BAC3
3B43
BC94
3BB7
3C94
BB32
3BB2
3C01
3C0B
BB69
BCA8
3C11
BC84
3A26
BBFB
3A99
3AA3
BB6C
3C09
3CDE
3C86
BBEC
BB0F
BC7D
BBD9
3AA3
3C0E
BC9A
BC2E
3BB1
B92B
3AEA
BAFB
3C06
BC8C
BAD0
BC39
3C25
3BA6
3BFB
3C4A
B790
BC6D
BC33
BC38
BB6C
3C7D
BC25
BC0D
BBA7
3B0B
BC88
3C0A
3C0E
3B09
BB7F
BB2A
BB80
3C1E
BBF7
BB1B
3CA9
3C9E
3C7A
3C12
3D18
3B37
3B5C
BBD6
3BCC
BC11
3C8B
3A8E
3B84
3C1F
3C06
BCAA
3C35
BBB9
BC70
BBA4
3BD6
BB2F
BC4C
BA80
3CA1
BB03
BAA7
BC35
3B8E
3A5C
BB50
BC96
BC4B
3A85
BCE7
3B70
B981
BB87
BCCE
3C17
3C89
3AF1
3CA4
3C63
BC8A
3C0B
3C6D
3B65
BAD4
B7BB
3B72
3C98
BCD9
BC42
3AF1
3B87
BC21
3C0D
3C21
BAD8
3C0F
BC92
3A1F
3BD6
BBA9
BB18
BC7B
BC04
BBB9
BAC8
BC73
3C09
3C0D
3B01
3BBC
3C0F
BAFE
3B5B
3CA0
BBE6
3C2D
3BDB
3C40
3C96
3C6D
3AC8
BC4F
3BDF
BCB8
3A3F
3C30
BB8C
3BE0
3BA1
BC43
3C18
BC27
3BA1
3B80
3B8E
BBEB
3BD6
3927
BA21
BA81
B94D
3C1D
BAEE
BBFE
BC8F
BCA1
3C90
3BC2
BABD
BB0F
BBAB
BAD8
3A77
BBA3
3B25
3CD2
BC65
BC37
BAAF
3C03
3BDD
BADD
3C53
3A0F
3C1F
BB9B
3C12
3B85
BBE8
3C5D
BA9F
3AB4
BC84
3C97
3CAC
BA1A
3C11
3BF3
3C02
3C33
BBFB
BC49
BAF0
BBD6
BBFB
3983
BC02
B90B
B9FD
3C26
BBB6
BCA6
BC5F
BA37
BC12
BA43
3B3B
BBF4
BC1A
3C74
BB8E
BCBC
BB19
3C91
3CE8
3B3B
B931
3A9B
BC69
3B36
BBE7
BC88
3C99
3C0B
BBE5
BC52
3AFE
3C44
BBCB
BCC6
3BA7
3BB1
BBCA
3C4C
BC8F
3C24
3C98
BAA1
3A47
3BB1
3C62
BB9A
BC14
3C88
3C53
BBDE
BB22
3C76
BBEF
3C43
BC16
BB18
BBAF
BC7F
BAEE
3C64
3C94
B7A2
BC8C
3C2F
3C0E
3C13
BBD1
3AA4
BC4C
3CF8
BC2B
3B6E
3BF3
BB7A
BB8A
3C8B
3C3A
BBCA
3C81
3D0D
BAF7
BCC5
BC3E
BBBA
BC43
3986
BCB3
BBAD
3BDF
BC48
BB43
3C57
3BC0
BC95
3BC6
3B94
BBD2
3C09
BC40
BB85
3BE9
BC7E
3C42
BC39
BC39
BC16
BC9E
BB5C
BA07
BB40
BC16
BC36
BABA
BC1D
BBFC
BCBC
B9F0
3B18
BBA0
B98F
BC1C
3C0A
3B59
3C07
3BAA
BC2E
3A56
3C61
BC0F
BB89
3C2C
3C30
BB8C
BB36
BC09
BB52
BC04
BB37
3A91
BC07
BBA5
BC8A
3C99
3C65
BCA0
3C97
3C38
3C0D
BBF5
BAEC
BBAE
BBA9
B9C3
BC38
3C04
3AB1
3BBA
BA22
BD06
BB4B
BBC9
BBCB
BCD4
3B66
BCA7
BBBE
3A71
BB6A
3C27
39C6
3CB7
BBA6
3BA3
BB95
BBC3
3CAD
BCCD
3BD5
3C05
3C7A
3B0F
BB8A
BC89
BB93
BCA9
3A92
BBF2
BC13
BA60
BB2A
BC0F
3B76
3C5D
BC6B
3CB5
BA88
3C06
3BA0
BBEE
BBB9
39CF
BBF6
BC81
3B81
3C26
3A9E
BBCC
3B63
3BD5
3C7F
BC06
3B76
3B88
3A1C
BB8D
3B70
3C52
39F8
BB88
BB30
3C0D
BBFC
BC43
BAF5
BAE5
3BAF
BAAD
3C96
3C2A
3B8F
3C14
BB7D
3A37
3C2E
BB8F
3C54
BB66
BC43
3AC5
BC27
BBC7
BC9B
BBC6
3A90
3C8C
BBC2
3BC8
BC3B
3B5E
BA0A
3C0D
3B52
BC4B
3C85
3BC4
3B8F
3BBD
3B8F
3CA7
3C01
3C52
BC96
3C3B
3CB9
3A4C
3C39
BBE7
3AB4
3C92
3C34
3CB7
3AC0
BC09
BBCA
3C3E
BB11
BAFD
BB95
BC44
BBE5
BC6F
BB72
3C4C
3AB0
BBFD
3AA0
BCDD
3AE1
3C9E
BC9B
B884
3B4C
388C
3C99
3B16
3C04
BC2E
3BA7
3C85
BB0B
BB1B
3B5B
BC5D
3CC2
3C23
3BC3
BC3A
3C3C
BA70
3C1E
BC32
3A8A
BBCF
BCB2
3C02
3B22
3BC3
B9B0
3C32
BBA4
3AF4
BAE4
3B3B
3C3E
3B93
BB38
3C89
BBDB
BC24
39C8
3AB5
BA48
BB2E
3CE7
BA5E
BC80
3B85
BCA5
BC09
BCFA
BCD1
BBCA
BA27
3C97
3BD2
BAD2
3B89
BC09
BBBF
3C2B
3B95
BB1B
3BAC
3BBC
3BC8
BBF6
3C94
3B82
3BB5
BBC4
BC30
3BBE
BCBA
3826
3C8F
BC45
3B8E
BCBD
3BA8
BB06
BB5B
BCC4
BC10
3A92
3C05
BC57
3B72
3B14
BADB
BC80
BC18
BC4B
BC95
3C63
3C7A
BB1C
3C66
BC25
BBF2
3C00
3BED
BC35
BA9E
BBC6
BBA5
BB8E
38A7
3BA3
BBF9
BB23
3C4A
BA16
3B93
3BEF
3C1F
BA42
3B30
3B02
B992
3B88
BA64
BB66
3B0E
3B8F
BC0B
BC5B
BAFA
3C8C
BC1A
BAD2
3B18
BBDF
3C12
BC35
3C22
B8B3
3C4D
3CA5
3B91
3A90
3AE1
3BB3
BAC2
BC97
BBA5
3AEB
BB9B
BBCD
BBD4
3C5C
3BEA
3C52
3B5E
3BD9
BCE1
BC0B
BB94
3B83
3BF2
3C95
BBCC
BC93
3AE5
BBA8
BBAB
3C89
3C50
BBC3
3C46
3BC4
BAE4
3BD7
BB7A
BC64
BC34
BBA7
BB23
BCEB
BBCC
3CC0
BB80
3A60
3BCC
BC07
3C8C
BC1E
BCCD
3BB5
3C19
BA32
3BCF
BC02
BC5F
BC88
3AAD
BC5B
3AF8
3C82
BC06
3BBC
BB9F
3A15
BC8C
3CAD
BBD2
3BBB
3C2B
BC90
B78F
3C49
3C9C
BB50
BBDB
3C43
BBE7
3BF0
3BDB
BC20
BBE1
3B5F
3B35
BC45
3C43
BC4C
BAF9
3BFD
3C1D
3C91
BBE4
BA08
BC90
BBFB
3BDF
BBC2
3A9D
3BF1
3AD8
3BA7
3AD1
3C8D
3A57
BAC7
BBE0
3CA8
394B
3C8E
3B3C
3BB9
BB76
BC07
3B90
3C64
3C50
BC00
BB9A
BBEC
3C35
3C8A
3A7D
3B42
BC0D
3AA2
BC4C
BB0C
3C04
3C31
BC6C
3B6A
BB52
3BB8
BB1E
BC36
BA22
3C5C
3CB4
3BC5
BB54
3C47
3CFA
BBA0
3B4A
BC55
3B4A
BC8C
3C05
3C38
BC0D
BBCC
3B4F
BC57
B9D7
3CED
3BF7
BC05
BBF6
BC10
BC27
3B96
BC04
BCD0
BBA8
3B54
3C26
3C69
38DA
BBF1
BB9B
3C88
BBBD
BCE1
BA3A
3C17
BBBA
BAC3
3BCC
BCE1
3BD6
3B41
3C5A
3C98
BC8E
B9E9
BC18
BB8E
BBD2
BBFE
BC44
BBB6
3C41
3C2B
BB98
BC10
BC59
3BDD
BCB8
3C8D
3ADD
3B4B
3A66
BB91
BC0B
3C22
3C7E
BCA1
3C91
3A7C
3C0A
3CBA
BBB0
3C56
3C72
3B01
3A0A
BBD0
3A98
BBEA
3C4B
3AB3
BB5A
BB0F
3CB2
BB51
3C41
3CD5
BB3C
3C75
BB77
BC2B
B959
BC40
3CBA
3C39
3C90
BBE3
3C5C
BBED
BAAF
BCA4
3B71
BC74
3BD2
B88F
BA99
3AB4
3B0B
BBCE
BBA0
3C0C
BB3D
3C00
BABF
3CF8
3BB6
3C54
BC24
BC5F
BB3E
3BC7
3C92
3B7F
3B28
BCA3
3B4D
3BD0
3C1B
BCCC
3BA0
3C0B
3B89
BC18
3CB9
BAE4
BCD7
BB25
BB85
BC99
3C15
BC11
BCAD
BC38
BBEA
BA86
3AFA
B96F
BC14
3A85
BC40
3AE5
3CAE
BBB2
BC3C
BC12
BC15
3C93
BC25
BC51
3BCD
BBD3
BBF4
BB6C
BB89
BCD2
B824
3A91
BC22
3BCA
3C79
B980
BC13
BC36
397B
BC8A
BB9C
3C23
3BFF
3AC7
3C5B
BC05
3BE6
BCE1
BCAC
BC5C
3BDD
BC80
BC1E
3BA9
BC19
BB84
3BB8
3CA2
3C26
BA9F
3C64
3B5A
3BBA
3BB8
3B4A
BA87
3B20
3BB9
3C6A
BC7A
BB67
3BA4
BCE9
3BF6
3C2C
BCB0
BB79
3C30
BBE5
BC45
BC2D
BC6F
BBBF
B9CF
BD1B
3C01
BC1E
3C83
BC28
3B19
3CA8
BC18
3C0F
3BC1
BBE8
BA72
3BF0
3C64
3BC2
BBD9
BB9B
BC7A
3AF4
3BE5
3C69
B9A8
3CDE
BBC8
3D06
BB86
BC9C
BC0B
BA92
3CB1
3B9C
3AA7
BC78
3BC7
3A8C
BC69
3B3A
BAA8
BCB8
3C76
BB5A
3C15
BC47
3C58
BAEF
BBA0
BBEB
BC35
BC6F
BB91
BBA2
BB93
3B7E
3B97
BC48
BB75
3C26
3AC2
3C60
3B85
BC42
BBD8
BB49
3C89
BBA9
BC3E
BB8F
3AA4
38B7
3C56
BBB5
3BDE
3C0C
BC6D
3B1A
BC3C
BC0B
3ADC
3C4D
3C95
BC01
BC48
BC13
BC88
3B0D
3C1B
B9E8
BBBD
BCC1
3B8C
BB87
BC09
3B10
BB28
BB2F
BAD3
BB98
3AEA
BCAC
3C2D
3888
BBCA
3C1A
B86B
BC8B
3C00
BB03
3B2E
3C36
399C
BB80
BCBE
3C02
BCAF
3B9A
BCBD
3B39
BB8D
BC61
3B0B
3B8B
3C46
BBF7
BC23
3C1E
BC0F
3912
BC54
BC22
3C67
BC00
BB31
3C7E
3C0C
BBAC
3C51
BC60
3B85
3BC5
3B78
B9C7
BBD9
3A5A
BCC1
3C91
BB36
3B52
B933
3BF8
3A80
BC43
BACA
3AEA
3BC9
3C3C
3B77
3BC5
BC88
BB81
BB51
3C0B
BB90
BB0E
BC22
BCB9
38D7
B9F9
BBB1
B9A1
BAF8
BC81
3BF9
BC15
3BC6
3C06
BAC7
3C0A
3B4D
3CA6
BBFD
3C97
BBD1
BB85
3BF1
BC11
3B45
3C25
3A63
BB74
3C5C
3C28
3BE9
BA72
3C18
3A8B
BC10
3B84
391C
3BB7
BC0D
3A15
3BB2
BC2F
BB26
BBDB
3B7C
3A79
3BCC
3BF9
BBEC
3C4F
BAE1
3BCC
BC35
3CBF
BC25
3B8B
3C35
3C75
3C78
3B9E
3B6B
3C7B
3C83
B9F4
BB5B
BB91
3C19
BAB3
BAD8
BB66
3C06
3BB8
BC3C
3BD3
BC43
BB9E
BCA7
3B75
3C26
3C2D
3A56
BC0C
BC78
3C83
BC9A
BC87
3AF7
3C80
BBB1
3B04
BC0E
3C84
398D
3BAF
BB0E
BB9F
BB5B
BADD
3B96
3B87
3B4E
BC5B
3B5C
BC17
BC4F
BB90
3C2B
3C2A
3A84
3BF0
3C7B
BB8A
BCED
BC12
3C22
BC5E
3C92
BBE6
BC59
3C61
3B31
3C26
3B13
BB81
BC4F
3C17
3AA8
3AA4
3C42
BAAA
BC0C
3B2D
3CFF
3C1C
3C40
3BA0
39A9
3BE9
BC16
BC98
3A28
3C04
BAF7
BBC1
BCD7
BC90
3BC7
3BA0
BC03
3BFC
BCA7
3C5E
B738
BC14
3B51
BCA3
BC47
B81A
BC85
BADF
3B06
39C2
3CA1
3ABD
3C21
3B9B
3BBC
BCD3
BBB5
BAD0
3B40
3C0C
3C02
BAE9
3BC9
3B46
3C00
3B33
BC40
3BD7
BC16
3BBC
BC05
BC1D
BC17
3B2F
3CC2
BBCC
BA71
3C9A
3A37
BB30
BB94
3C65
BBC3
3B3F
BC47
3A47
3A50
3B89
BB60
3BD4
3B44
BB9B
3C01
3BD5
3C90
BA3F
3BB0
BB86
3CA8
3C8B
3BCB
3A7E
BBE0
BC97
3A1D
BC6B
BC4A
BB75
BC2E
3BE2
BB93
BBCE
BBA8
BC45
3C26
BB1E
3BAC
BB08
3C0A
3C15
3CA8
3AB1
BB04
BA82
3BF3
BBCF
3BAC
BC82
BC20
3C82
BC11
3C33
BC59
BC0A
BBD5
BB13
B90B
3B77
37AC
3CCD
BBF3
3BCF
3C1A
3C88
B98D
3BB4
3C2A
3A8F
3B63
BC9F
3B75
BD0D
BC2A
3B10
BCB6
3BE4
3BA6
BAE7
BA25
3C04
BA77
BBC0
3BF6
BC1B
3C1F
BC95
BC02
3BC9
3C2B
BBB1
3ABD
398D
BC79
3AA5
BC2E
BA93
3A9F
3ADF
BC1F
BBA7
BC16
BBCC
BCA5
BB3E
BBD1
3B87
3C71
BB1F
3B7A
BB27
BC63
BA21
BC91
3C4D
BC84
3BEA
BC52
BBBF
3B46
3AC7
3C34
3C7F
BB5F
BB6B
BB86
BBF1
3BA9
3CC0
BC4C
BC38
3C9F
3C40
3B9A
3BB9
BC30
BB07
BA2F
BB30
3BD9
BB00
BBA7
3C1D
3C3D
BBC9
BBA4
BB84
BAEF
3C0E
3B6F
3C4F
3BB0
3C69
BADA
3BAF
3AB9
BC81
BB1B
BCAF
3A8F
3A06
BC04
3C42
BAEA
3CCA
BCB5
39C9
3C65
BC09
BCE6
BC85
BA41
BB8A
BC51
3C3F
BC15
BCC7
3A9D
3B46
BBE6
3B50
BBBB
BB0D
B9F3
BB1D
BC32
BBBE
3C18
BC1E
BC21
3C2F
BBC1
3C4A
3C0B
3AEF
BC26
BC31
BC3A
3B9C
3C16
BC7A
B9AD
BA94
BB9B
3BE0
BC9D
BBB0
3C21
3BB8
3A8E
BB57
3BDE
3B26
BB0C
3C2E
3C87
3A71
BC14
3B70
3CA0
3C2C
BBBC
BC31
BB95
3C0F
BC6F
3C0A
3CBB
BAD5
BBFC
BB1F
3D0A
3B99
BC17
BC31
BB9B
3A54
3B9D
39D3
3A0C
3A88
3C88
3B91
BBE2
BBD8
39E6
BC90
3CAF
3BB4
BC02
3BB7
3ACE
BC87
3C47
3C70
BC38
BC61
BB73
3C68
3A8D
3C11
BB97
3885
3CEE
BB15
3A67
3BDE
BC6E
3C2B
3AA7
BB76
BC15
3B72
3B97
BB3E
BC48
BBA5
3C1F
BC65
3CC1
BC45
3B1E
BC7A
3C30
BA72
BCA5
3C83
BC49
3BEB
3BA8
BC04
BBB8
3B81
3C87
BC18
3B9E
BC9E
3C18
BC0E
BC29
3BB1
3A9D
3A55
BCB3
BC67
3BAC
3C52
BC5F
3B51
BB31
3C86
BBCC
3AF6
BB59
39E6
BC88
BC31
BC0E
BCDD
BB89
BC40
3C85
BC40
BC6C
3B82
3C63
3C30
3C29
BC94
BC4B
BC16
3BFF
BA6D
3C24
BC38
BC2A
BA89
BAC8
3BA0
3C80
BBBB
3CBF
B8FD
BC91
BC8F
BBBB
BC33
BBA4
BB9B
3BBC
3C4A
BC21
BBE9
BB78
BAD0
3BF0
BB48
3A3C
BBFB
BC29
BCAC
BB59
BC53
3C51
3B5B
3B6B
3B95
BCB8
3AAC
3C85
3CD3
BC76
3CA3
BC1C
38E4
BC2F
3C66
3C75
3A4F
BC85
BC19
3B1F
BCF1
3BC5
3C18
3B7A
3C48
BC4A
3B13
3C50
BB5E
BCBF
BC4B
BB85
3A2B
3C25
3BB7
BB7B
3BCA
3979
BCA0
BB57
3AC6
BC0D
BC5C
3BE4
BC64
3B9C
3C16
BC8D
BC6A
3C3F
BBB9
BC39
3C07
3CA2
BB8C
BB1A
3C48
3C21
3C0E
BBBA
3B13
3C11
BBA6
BA91
3B1C
3C06
3BA6
BAA8
3950
BC64
3C60
3B8F
BB82
3A32
3C88
3C8E
BAB9
3BEC
BC7D
BBDC
3BA7
3C1C
3AAB
BC1A
BC07
3B88
BB12
3C05
3C72
BA1F
3C6B
3CB0
BB8F
BC02
3BBA
BC31
3B27
BC41
3C17
3C0C
BC07
BCAF
BC1C
3BA1
BBFE
BC8C
BB38
BACA
BBB5
BC0B
BCBD
3C52
BC78
BC47
3C84
BB9D
3C84
3C17
3B5D
3B36
BB97
3B7A
BC19
BBB2
3B84
BC2E
3C54
3BCD
BA97
BB2C
BB50
3CE2
3C61
3C6F
BB3D
BC82
BBC0
BC55
BC58
3BE5
3ACC
BCC2
3B67
3C7D
BC5E
BC4C
3C46
3BE4
3BF1
BC44
BC81
BC8E
BAA0
3CEC
3CAA
3C3A
3AF4
BD05
3C5F
3C03
BBBE
3C9D
BC30
3B55
BC72
BB7B
3C38
BB79
BC31
BCA9
BC2E
BBCD
BBAB
3BB8
BCB0
3ADA
3C39
3BED
BC61
3C4B
3BAE
39A3
BC4B
3C4D
3A93
3C80
BC51
3B8C
BBC5
3C49
BA8E
BBE5
3A2B
3B84
3C16
3BC8
BC35
3C6F
3C8A
BCA9
3C19
3C97
3BB1
3C8B
3B3E
BAEB
3CA5
3BA9
BBCA
BBC0
BB8D
BC60
3BA7
BBC1
BC43
3CBA
BBC4
BB38
BB1B
3B5E
3BBB
3B80
BB73
3C89
3AF7
3C7A
3C04
395B
BA9C
3C3B
BC8C
3ACD
BC36
3C10
BBC0
3C15
BC66
BB2B
3C55
3C57
BAD5
BC57
3C0E
BAD9
BC37
BB24
BC99
3C45
BC5D
BC74
3C2B
BBB4
B95C
BC27
BC14
3BAF
BC40
3AEC
3CC9
3BEB
3BB1
3C1C
BC1D
3B90
3BF2
3CEC
3A91
BC08
BC6A
BCAB
BAD3
BC6E
BB37
3C67
BCA8
3AF4
3C0D
3C2F
BBD2
BCEE
BC28
3C3D
BC85
3A07
3AE5
B7CA
BB8C
B9CC
3CAF
BC91
3C1F
BC8C
BC67
3C93
3B21
B9B0
3B81
3C9C
3A3A
3C6E
3A57
BBE2
BBEA
3BBA
3B22
3CAE
3C30
BBE9
BAD4
BB95
BB9A
3B1A
3C12
BBA4
3C19
BC98
3A8C
3BD6
3BC1
3BD4
38E1
BB34
BC8C
BC0D
BB56
3C82
BCB7
3C9D
3C6C
B900
3B02
BB94
3C9A
BC19
3BA2
BCA6
BBA4
BA76
BC48
BCB4
BBD9
BB86
BB7F
BBEB
BB1D
BBAD
BA68
3BAC
3C83
3BCB
3B74
3C6A
3B94
BC53
BC01
BC60
BBDA
BA6F
3C06
3C5B
B883
3B81
BC6B
BCE7
BBCA
3C77
3BF2
3C36
3B8E
BC79
BB84
3B65
3BF0
3A8F
BB1E
3C68
BB97
BCBE
BC19
BBFF
3C0B
BC78
3CD2
BAE9
BB2B
3A9C
3C33
BBCA
3B19
3BB7
BB87
3B41
BC8B
BAB2
BC8B
BB9E
BADE
BC1E
BC39
BC40
3C37
BC9D
BC09
3BCF
3C37
BB8E
3CBA
BBCA
BCEB
BAA2
BB9E
BB4E
3C71
BC97
BC02
BB5F
BC46
3C3F
BB8B
3B36
BB8E
3BED
3B0F
3C1B
3C84
BC09
BC09
BB12
BB60
BBF7
3BB8
BB73
BC28
BACB
3C55
B882
3BA7
3AF1
BC59
BC33
3C8D
3C0F
3BDB
BC55
3B5B
3BAE
BC99
3C1E
BCD0
3ABB
3A54
3C59
3CBE
BC8A
BC96
BBC9
BA36
3C86
3C2F
3B4C
BB10
BC0D
BB44
3CA3
3BE1
3B93
BBC0
BB94
3BFD
BC64
3BC1
3AD9
BC41
BA99
BC1B
3BBB
BB52
BAAB
BC55
BCBB
BBF2
3CAA
BB6D
BC1D
BBC9
3AC4
3C08
3C29
BC6F
BBD1
BA2A
BB9E
BC59
3ABA
BB9F
BC63
3BC5
BB52
3CAB
BC0D
3B6C
3B9B
3AC8
BC3F
3BCE
BC47
3C82
BBE3
3BD5
BAA0
BC21
3C2D
BCB0
BC1F
BACD
BCCB
3C0B
3C8E
3BBB
BB9A
3C96
3B25
BBC4
BC11
BCF3
3C29
3C3C
3B3A
BB87
3AA5
BA5E
3C1B
BB55
3C84
BB3F
3BB1
3A93
3B8D
B7C8
BBB9
3B58
BB33
BBEB
3C16
3AF5
BB04
BC88
3A6F
3B8B
BB84
3BF8
BA55
BB39
BB7A
BC22
BC18
3B98
3C32
BCAE
3BA8
3CC3
BB42
3A00
BAA3
3A2E
3C3C
3B01
3BB0
BC8A
BB89
3A37
3CA5
BA9E
3A93
BC04
BB27
BC2D
3CCB
BC0F
BC13
3CC3
3B2D
3B99
BCAE
BC1C
3C78
BBC0
BB2E
BC10
3C58
BCB5
BBF4
BBB2
3BB8
3B64
3AF4
BC39
BB32
BB42
BA96
BBC4
BAFC
3C38
3B3C
BB2A
3BCD
BC1A
3B60
B946
3C76
3BA4
BC12
BC87
BC5B
3BA1
BC13
BA11
3BAC
3B9A
3C64
BC1F
3BD6
BC09
BA1D
BC9F
BC66
3C2F
BAED
3CA5
3A0E
3BB3
3BB0
BAFF
3BA4
BC76
BA55
3A0F
BC91
3B3A
BC3E
BCC3
3C9A
BAA2
3C35
BB62
BC9B
3A56
BBD3
3BFD
BCCE
BAEA
BBD6
3BC9
BC89
BB63
3BE2
BB9E
BC00
BC03
BCDC
3B3D
BCB4
BB9A
BB4F
3BD3
BC17
3ACF
BA31
3C57
3CAE
3C6F
3C2A
BC5B
3C85
3AB3
BC0A
BB9F
BC2C
BCCF
3C43
3BAA
3AFB
BB45
3B16
BC04
3BB2
BB04
BB87
3C96
3B92
BC3D
BB22
3C41
BAD5
BA93
BC85
3BD2
3C7D
BBEF
3A51
3B68
B8C9
B9CB
3C56
BB8D
3B8B
3C8C
3C4E
3B72
3C51
BBF3
3C35
3C19
3ABD
BC5A
3AF0
BBD7
BC61
3B96
BA91
B8FC
3A96
BC99
BC82
BB7E
BC6E
3C22
3BD1
3A1D
3C16
3C26
3B24
BC23
3B87
BCE2
3C7F
3C52
BBB7
3C32
BC8C
38BF
3BAD
3A91
3B36
3BA7
BB8F
3BD0
BBDA
3B9D
3936
3B75
3C29
BBE0
3B62
3C18
BB60
BA1B
3BFE
3BCF
3C35
3C28
3A16
BC6F
3BD1
3AFB
3CBD
BC9B
BC1C
3C4D
3C02
3C1C
BA8A
3C11
BB7F
3C04
BC02
3C09
BC35
3BB4
BB69
BB69
3BFF
BC64
BBC6
3C50
BC04
3BF6
BC81
BB52
BC53
BBCE
BB91
3C66
3A7D
BB66
BBD8
3BF1
3C3E
3D00
BC06
BAC2
3B42
BC2A
3BD5
BC54
3C6D
3BC6
3B9F
3C12
3C2D
BC1A
3BE2
3B75
38C7
BAC9
BC27
3C64
B90A
BC07
BC18
3A5B
BC2D
3C0C
BB4D
BBCA
39A5
3C4C
3CA4
3ABE
BBFD
3BCA
3B6E
BC20
3BCA
3C00
3899
BC65
3C31
3C86
BC31
BB69
BB8E
3C04
BBD0
BC0B
3AC4
3B9E
BA6E
BC20
BAE0
3C0B
BBCD
BBA6
3B28
3BBB
BA87
BBC5
3C0C
BBD9
BC47
3B0C
BAEB
3C94
3C52
BBFB
3C73
3BC4
3C70
BB73
3C19
BBEA
BC15
BBFE
BC5D
3B97
BC4E
3AC2
3B47
BBA8
3C16
3C88
BB02
3B1E
BB92
3C36
3C78
3B10
BBA8
3BD6
B9F3
3B1F
3970
BC38
BBC7
BCA7
BB5A
BC5F
BCB5
BC40
3BC2
BC7E
3A85
3BE2
3BCD
3CC7
BBB6
BB88
BB2F
3C98
3AC4
3BD7
BB2B
BC20
3B91
3B1C
3C5C
BB2A
3B50
3C86
3BCD
3C11
BB00
3C97
3C11
BB8D
3AA7
3B85
BC2E
BB95
BBBF
3C49
3BE7
BAA8
BC68
3BBF
BBF6
3BB5
BC4A
3B89
3B40
BBEC
BC9B
3BF6
3ADE
3CA6
BC11
BBF5
BC87
BB51
3B07
BB03
3C3D
3C4E
3C57
3B98
BC93
BBDD
3B79
BB55
BBBB
B8E1
BBA5
3C2E
BB6A
3CBA
BC94
BC30
BBE1
3C00
3AB4
BBA0
BC4F
3A51
BC70
BA0D
3C9C
BBB5
3C43
3B9B
BB10
3BEC
3B97
3C47
3C16
3C01
3BA6
BB15
3CA3
BC28
BB0C
BA9E
BC10
3CCE
BA04
3B73
BC0E
BB06
3BA3
BBFC
BC6A
BC10
3B87
3B52
3C56
3A88
3B50
3B85
BA1F
3BF8
BC09
3C85
3C10
3B70
3C9B
BBC0
BB35
3C1C
BC43
3B85
3BBC
3C2D
BC8F
BB9F
BBE5
3BA7
3B2A
BC77
BC6D
BC5E
3C44
3C4C
3B22
BBFE
BC4B
3B03
BC94
3C00
BC16
BC1B
3C29
BAE1
3C36
BAAC
3C87
BCA7
3C19
BBAB
BC00
3C59
BC13
BBC0
BA12
B982
3C1D
3C8D
BBD2
BB64
3C5D
BBD9
BC2E
BC87
BA7A
3BF6
3CB7
BADA
3A8C
3B19
3A18
BBB8
3BF6
3B82
BB3C
3B99
3C57
39D2
3B63
BC16
3B04
BAA5
BC28
3A6B
BC6D
3C0C
BB0D
3C4C
3BC8
BC0F
BB30
3C63
3C51
3B8E
BB96
3C93
BC19
3BE3
BBC9
BC5E
3846
BBDD
B838
BC49
BB9C
BA35
BC15
3C76
BC27
BB85
3CB8
BC5C
BBCC
3C14
3B48
3C20
BC8E
3B3B
3C88
BC04
3C10
BB95
BB9A
3A70
3AF2
3C8F
BBEF
3C5A
BBA6
3B94
BA8A
3B33
3C22
BCCC
BBAF
BCD4
3C3E
B9D9
BBFF
BB62
3C7D
3C86
3BEB
BC11
3C66
3C08
BC2B
3C5E
BC12
BA80
BBD6
BBF7
3C19
BB5C
3C6F
BB02
BC84
BB33
3B3B
3BBA
BBCC
3B2A
BBF7
BC9B
3C40
BC0C
3A90
BC07
BB17
BB6C
3BD8
BBB8
3C2F
3B41
3A0D
3BF8
3B65
BB6E
3BC8
BC4E
3CB4
BC1C
BCA4
BC1B
3CAA
3B80
3A49
BC47
3BB7
BC13
BC2C
3B06
3B94
3C83
BBC3
BCBB
3B9A
BAFD
BB09
3B3D
3C8B
BB05
3C03
BC87
BB0A
BC05
3BA7
3C2C
3AC2
3B08
BBBC
3C08
BB83
3B3A
3BF8
3C04
3C7B
BBAE
3B8C
BBBD
BBCA
BAE6
BC25
BB0E
3A99
3C83
3BA5
3BBE
3C63
3BDC
BB91
3C6B
3C18
3B33
3BA7
BC38
BBB0
3C86
BA53
3C4E
BAFF
BC12
BC93
3B0A
BB89
BBB3
BBF9
3C0D
BBD9
BBCA
3C24
BBE1
BC87
3BF0
BB20
3A51
BA62
BC81
3B07
BC7C
3BE8
BB43
BC40
3BDE
3B84
BBC5
BBAC
BB1D
3CC0
BC02
3B29
3B72
3BBC
BAF1
BCA4
BC77
BC87
BCBD
BC0A
3BCB
3BCE
3BB4
BB47
3BA8
3B90
BAAC
3CA0
BAC2
3B8D
BB43
BC34
BB98
BC92
BA48
3B8F
3BAA
3B3A
B9C8
3BA9
BBE8
3BEB
BB94
BCAF
BB5E
BC8D
BBA6
3A42
3B9C
3C98
BB82
3A2A
3B4E
3CCA
3BF8
3C53
3C22
3ABB
BC8A
3C3B
BC37
BB89
BC41
3C8A
3B64
397D
BBB4
3B4E
3C5B
3C69
3BB9
3C6B
3C60
BA96
BC9C
3B4A
BC50
3B78
3C7F
3C08
BB95
BBBB
BC2C
BBDA
BCAE
3C04
BC1C
3B9D
3C28
BC87
BB24
3A6F
BC39
3C40
B6CB
3C91
BC81
BB96
BB55
BC42
BA0A
3BFE
BB04
BC5F
3C2E
BBC5
BC00
BA5A
3C3C
BA13
3C2E
3B50
3CBC
3C5C
3BF3
BC29
3C5E
3B4E
BC12
3CBE
3C81
BBB9
3CB2
BB7E
3C5D
BBA1
3B76
BBD4
39F3
BC3C
3C57
39A6
BABE
BC5D
BBBF
3A3F
3AF8
BC2E
BBD2
3C15
3B38
3A2B
3BA1
BB9F
BC8F
3BE7
3C18
3AC0
394D
3C64
3B9D
3ADF
BC82
BC0A
BB91
3B30
BC85
3B8D
BC7C
BA04
3C94
3C04
BB17
3C11
3A54
BBB7
BCB6
3C3F
3CE2
BCE9
BC69
BC30
3C8C
BC76
B9AA
BC0B
BBDF
3C28
BC1F
3BC1
BC13
BC04
3C90
BB40
BC4A
3C2C
BBF3
3978
BB21
BB08
BB0D
BBBE
BAAE
3B9E
BBA5
BCCB
3B2B
3C7A
3BE8
3CB6
3C68
BC5B
3C85
BBC0
BCDD
3C20
BC9F
BC23
BBAF
3C85
BC0E
3BBA
3BB0
BC97
BC8B
BB0C
BB54
3CB6
38E2
3C33
BCC1
3C85
BC2A
BC10
BC35
BC98
3BBD
3C8C
BC26
39BC
BC2A
BC6B
3C7B
3B6F
B93E
BC9E
3C83
BC8E
BB5C
BC0C
BA46
BBAE
3CE0
BB2E
BBE7
3C1A
BBF3
3B55
BC67
BC83
3C4B
3B1A
3BC2
BB31
BC99
3BC3
3C10
3ACE
BA68
B8D7
BC86
BC8E
3C77
BAF5
BCE1
3BF2
3B20
3C8B
BC9D
BC9A
BBD8
3C68
3C63
3C11
3BA3
3BB3
3C30
3B63
3C5C
3ABB
BBDC
BBB2
BC31
3C1B
BC16
3BA0
BC75
3C28
BBD6
BC67
BC1E
BC23
BBA6
3C90
3CAF
3B6E
3C42
3C85
3C48
BC15
3A2E
3ABA
3C08
3AA7
BB1E
3BDC
BC9E
BB3E
3A52
BC1B
BC67
3C23
3C22
BB9F
3C45
BCA8
3C2E
BB79
3B5C
BC90
39E6
BABE
BBAD
BC56
BB88
BB53
3C31
BBE3
BC43
BBBD
3BA8
3BF3
BA69
3B44
3B83
3BB1
3C32
BC06
3C5D
BC1B
3C09
BB52
BBEC
BC16
BBA8
BC70
BC54
BC40
3C1B
3C7A
3CCB
BACA
3C2E
3BDB
3C5D
3BBD
3BD4
BA9B
3B9B
BBD1
3B55
3BD9
BB79
BB9E
BCCD
3C17
BBAB
BB91
BB78
BC11
BC51
3CBD
3C08
3A08
3BA2
3C50
BBBB
BC6B
BBD3
BC92
3C2F
3A45
3BC5
BC82
BBAF
3C35
3C8A
BA6D
B9CE
3C38
3C13
39DE
3C60
3C3C
3A60
BCFA
BC25
BBED
BB0B
BB80
BC86
3C37
3C86
BB9E
3B8D
BC60
3BBB
BCB9
3ABC
3C14
3B2B
3B01
BC42
BAF4
BC6E
BC59
BB07
BB19
3B62
3C0A
BB9D
3B41
BC84
3BBB
3BA5
3C02
3C0A
BC52
BB2A
3C1C
3AF2
BBF4
BC90
3C84
3AB2
3B8E
BBBE
3C23
3AC0
BCB9
BBF2
3C65
398F
BCB4
3C57
3C6E
3B88
BC2D
3BC0
BC14
3A9C
3B7B
BB91
BC35
3BC0
3B0B
BB34
BBE5
3C08
BBA2
BBCD
3C2D
BC7A
BB90
3B10
3C24
BC26
BB4A
BC4B
BC27
3BD0
3BFB
BC6A
BAEB
BCA4
3BE1
BBEF
3C40
3BAB
BC4A
3CAC
3C89
3C3F
BBD8
3BD0
BB1D
3B9B
BB6E
BB2B
B949
BAD2
3B71
3C4C
BC4C
BC39
BB76
3C66
3CBC
BCA5
3C11
BBC7
BBC3
3BF7
3B79
B9CD
3BDF
BBDC
3C15
3A1B
3CBD
3AC0
3B69
3B47
3C8D
3C0B
3C89
BB36
BBC1
3A81
BBFC
BA8C
BB77
B938
3CDC
3BAC
3C10
3BE3
BC8D
BBA7
BBCA
3C79
BAE9
BC34
3B36
3C18
BBC9
BC11
BAC3
BCE2
3C50
3B84
3B84
3C1B
3C01
3BE5
BC7E
BBC7
BABF
3BAA
3C5D
BBFB
BBA2
BB6E
3CA6
3C59
3B4F
BBA5
3C18
3C25
BB0C
BC26
3CA4
BB97
B8DC
3BBD
3B00
BC9D
3C23
3C32
3CE9
3C9C
3C59
3C47
BA8C
3BD0
3AA4
BC4B
3B30
BC2D
BC1B
39AB
BB76
BB89
BADA
BBA7
BC93
3C08
3B6C
BAF1
3ACB
BB65
3C25
B942
3C0E
BC81
3C0D
3BBE
3BB9
3C16
B87A
BBF7
BB04
3C62
3C2C
BB20
3C17
BC9C
3AD1
3C93
3CB2
3B12
3BD9
3A96
BB10
3C7D
3B01
BBA8
3C67
3C11
BAA1
3BD3
3BA3
3BDF
3C7D
BC41
3C72
BB38
BC4B
3B25
BCA7
BA2E
3BA3
3CC6
3BF4
3B58
3C59
3C6E
3AF2
BC35
BC47
3B6A
BBED
B86C
3C7C
3BA1
BBE0
3BCA
BC30
BCB3
BC0A
BB4E
3C8C
BBEF
B911
3B9C
BC2B
3C08
3B99
BC0A
BB61
3C86
BB64
BC5C
BC8E
3C1A
3B84
BBB1
3A39
3C37
BC61
3C33
BC25
3B93
3B9A
3B16
3BA4
BBAC
BB73
3C76
BC8A
3C68
BC1B
3BDC
BBCB
BB69
BBD8
3C4E
BC08
3CC8
3B6A
3BCA
3B1D
3992
BCE5
3B44
BB83
BC1D
BA1D
3B9D
BC4A
3C8B
3B88
3C44
BC42
BAED
BC84
3A8A
BC23
BC5D
BC3C
BC7B
BB02
BB9A
3C13
3C13
3BE0
BBDF
BB0A
3B7A
BB73
BC07
BC60
39C0
3C99
BB94
BC61
3C0D
BC7E
BAF1
BAEE
3B5C
3A4A
3AAB
3C3D
3C6E
3C3A
BB4C
3C7C
39DF
B7A6
3C33
BCE5
3C32
3C98
3B8B
3BBB
3C8A
BBB4
3B20
BCAB
BBE6
3BA5
BBF3
3C84
BC27
3BE8
3C02
3B9C
3CBA
3A33
BBAA
3C86
3C1E
3AA4
3CDD
BC37
BBFF
B9B5
3BCF
BBBF
BACE
B8EE
BCC0
3B64
3B9E
BC1B
3C42
BC07
BB4D
BCB1
3AC4
BC23
BC1C
BB51
3BC3
BB38
3B5D
3BA0
3C01
BC7A
3ADF
3B08
BA46
3C02
3C46
BC38
381C
3B73
BAD1
BAE8
3AE4
3859
BCC3
BC1A
BBE9
BA99
BC30
3BC0
3C93
BC1F
3C91
BC86
3C65
BBDB
3AE2
3B04
BBCD
BC60
3C1F
3B39
BBC8
BB31
BB26
BCA5
BC5C
BA96
BC7C
3C0F
BBDC
3BBE
BC2F
3B13
3A3B
BBF0
3CD7
3BF7
BBBD
3C3F
BB3B
3AF7
BB1A
3C56
BBF4
BBBD
3C1C
3BEB
BC09
3AEB
3CA7
3C1B
3B44
BB99
3C8F
3BDA
3CB6
3C21
3BEC
3B99
3B9A
BA99
3C45
3C09
BB6F
3C02
3C8E
BBF1
BAF6
396F
3C14
BC02
BC94
BC2F
BCD3
BC01
3C07
3C36
BC80
BC11
BC32
3C25
3B3A
3AC4
BACB
BBB8
B9B7
3B4B
3BCA
3B09
3B9A
3BE2
BC4A
3C41
3C94
BB3B
B88D
3A90
BBC7
3C06
BB30
3BA2
BB7E
BC50
BC66
3C52
BC3E
BAC5
3C01
BC2F
BCB8
3C10
3BD8
BCBD
3C81
BB2F
B9AD
3C52
BB50
3B32
3A72
BA90
3C63
BCF2
BC51
3BA7
3B94
BC0C
3AAD
BB44
3B39
BBD9
3A64
39C8
3B0F
3BEE
BC09
BA92
3A73
BB24
BBE3
3AA3
BC69
3B94
BC6F
3C27
BC89
BC30
3C86
B8CB
39F3
3B60
BB18
BBE4
3CA7
BB59
BAC5
B844
3CA1
BBC0
BAD7
3C36
BAD0
3C54
BB37
3C2B
3ABA
3BB6
3C90
3C1C
BC07
BBA7
BC90
BC81
3BE2
3BB6
3BA6
BC18
BB45
BC4D
BB3E
BC03
BC02
BC38
3B93
3C32
3C4A
BB91
3CAF
BC40
BBDA
BC07
BBC4
3B6F
BB42
3C47
3C14
3B41
3AFC
3C0D
3B3E
384F
BBB7
BA14
BC6E
3C6A
3CD5
BC66
3AAE
BC36
3C37
BC92
BC6D
BC0F
BB57
BC0D
BB81
3C40
BC02
BBD2
BA91
3CA3
BCA5
BBA6
3C5A
BC25
3C93
3B8C
395C
BB1A
BCAC
3BC7
BC58
3C6F
3C15
BB32
BC0D
3B3C
BBD4
BAF7
BC02
BC04
B91D
BBFF
3ADE
BC2E
3B3C
B9FF
3A03
BC05
3BBE
3B0C
3C99
3AA5
BB55
3AA9
3B21
3C4D
BB36
B92F
BA62
3C9E
3C02
BC96
3B10
BB84
BBC4
3B89
3B92
3B0B
3CEF
3AD7
BC34
BA5B
BC80
BB8A
BC8C
B958
3BA2
BB1E
BC77
BC05
BC6C
BC8B
BA0C
3B78
3C43
BC84
39D1
3C19
3B59
3BB8
3C56
BC53
BB68
BB71
BC52
3AEA
3C6A
BBCF
3BC6
BC57
BC70
BC02
BBA5
3C4F
BC4D
BBEF
3C8E
BBE5
38A3
BCFA
3C0F
3A2E
3C54
3BD2
BBC4
BB8E
3C18
BBCE
BCB4
3C65
3B58
3A91
3B64
BBB3
3C2C
BC04
3AF6
BC77
3CB3
BB81
BC50
3B71
BCAD
BB87
3B28
3972
BB97
BCCF
BBD4
3C98
3B89
BCE4
3B45
BBD0
3B8E
3B48
BC2F
3BEA
3C9E
B91E
BBF6
BC08
3C7A
BB12
3BA4
BBDD
3C0D
BBD4
BB49
BB2D
3BA3
3C31
BB86
3C83
BB88
BBE2
395B
BB1D
BAEC
3C62
3C2E
3C17
BBE5
3A2C
3C19
3C3E
BBE2
3CC3
BB00
3B0F
3AB3
3BC3
3A37
3BB0
BBB7
3BB3
3C12
BC53
BB70
BBB1
BC9B
3BC0
BB48
BBBC
3B36
BA8A
BC12
BC10
BA94
BC22
BBA0
BC17
3B3E
BC2F
3BCB
BACA
B92E
BC74
3C2F
3BD5
3B10
3B93
3CDA
3C23
BA0D
BC83
3AC2
3C45
BAA3
3B6B
3BBF
BBE5
BA2A
3C15
BC91
BB92
3C96
3AC9
BB5E
3C93
3C4C
BBA5
3C6C
BC23
BC34
B9E4
3C04
BBA3
3C1D
3C5D
3BB5
3C43
3BCE
3B34
BC39
3C2E
3C44
BB30
3C5A
BC57
3B2C
3B61
3C89
3B86
BC52
B95F
3BC6
BAAB
3BDB
BC2E
BB50
3C53
BB2E
BBB5
3B3E
3ABD
BB85
BAD1
BB05
3903
3B31
BC1E
BB8C
BB87
3C17
BABA
3B5C
3B6D
3B63
BBD0
BAAD
BB45
39E3
3BD4
B909
BC90
BC1D
BBC0
BB7B
3C02
BC68
3C31
3C0C
3BDA
3C3F
3A6A
3C37
BBE5
BC2D
BC57
3B19
39AB
3A9B
3BE3
BB13
BC4B
BC13
3B8A
3BBE
3C7C
3C51
BB3B
3C6B
BC82
3B70
BAFA
BABC
BBFA
BC7C
3AB3
BC09
BBB8
BBE7
BC51
39EA
3BA2
3BD2
3BCC
3C33
BB27
BA33
3BA3
BBB4
BA9C
3C83
3C8F
3C77
3C8C
3AAA
BBEC
3B27
3C67
BAB2
3AF9
3BCE
BB6D
BBB2
BC06
3B5F
BAE4
3C15
3A60
3C4A
3C48
3BE7
3CA0
BC79
3A1F
BC49
3A06
3A92
3B89
3C2C
BC1F
BAD8
3B2B
3A66
BB00
3C02
3C07
BC0A
BAD9
BC8F
3BB9
3B39
3CC5
BBBA
BC46
3BE8
3C91
BAA9
3B06
BBD7
3B76
3B24
BC03
BCBB
BC7F
BC43
3B26
BC47
BC23
39FE
BBDF
BBF5
BBF0
BC2C
3C36
3B43
BC41
BB7B
BBBB
BB52
3C32
BBDE
3C15
BA34
BC90
3CD9
BB02
3CAB
3C29
3BCF
3BC2
BC02
3B8B
3B18
3B90
BBC4
BC0D
3C2F
BA3D
BC97
3C36
3C60
BC88
3C1F
3967
3A97
3C77
BA95
3BAE
BC43
3B5F
BC48
3C73
BBC0
3A8F
3C6F
BB25
BB26
3C99
BB97
3BB0
BB20
3C4B
3C48
3B9D
BC36
B987
3B27
3C95
B9D2
BC4B
BB1E
3C2D
BACE
3BF9
3BEA
3C86
3B87
3A7C
3B44
3ADE
BC37
3B58
3AAC
3B69
3CB2
3BB6
BC2A
BB85
BBB1
BB32
BBF4
BB81
3B11
BCDA
BB68
3B55
3AE4
BC46
3C98
BC4E
BACC
3C0B
3BC2
3C1B
3C56
BC87
3BDC
BBB5
3C1F
BC36
BCA6
BC4E
3B0D
39CC
BBA3
BB20
3C9E
BA49
BB56
BB8C
B9C1
BCD8
BC93
3BAA
BBFD
BB58
BBB4
BC93
3B0B
39AA
BC0C
BBB8
BB6D
BCA9
3BFE
3A7B
3B9F
BC40
3A94
3C20
BA27
3C16
3B0F
BC41
3C08
BBD6
3C45
BBBB
B9B7
BB18
3BE7
BC42
BA03
BA26
3989
BC76
BC6E
BBA6
BC3C
BC5F
BC04
3B77
3C91
3C25
BB9E
3C14
3C1B
BB9B
3B61
3C41
BB6D
BC1C
3B9A
BB70
3B67
3C08
3B45
BC05
3C97
3BDF
3C6E
3B08
BC10
3C6F
3A87
3C63
BC2A
BC87
BC15
B8E2
BB8E
3BFA
3BAC
BCC2
BBA2
BC6E
BC92
BB46
3B6A
BADD
3C47
BA8B
3C65
BC67
3C76
3AAE
BC16
3C3D
B960
BA29
3BC5
BC9B
3C8E
BB6E
BBA9
BB02
3B6E
BB38
3C3C
3B35
BB95
3C98
3C73
BBCE
3B92
BB94
3C50
BBC8
BC81
3BA5
3AC6
BC4F
3CA3
BC0D
BBA6
BB43
BBC5
BC44
BC05
3B18
BB26
3B70
BB14
3BA2
3C83
BB14
BB30
3BC2
BC64
BC86
BCBC
BC56
BCA1
BB9E
BC47
3C70
3C51
BB9A
3B8F
3BE5
3C01
3B8B
3BFB
3BE5
385B
BBE2
BCB1
3BAF
3C10
3CA4
BB75
BBC2
3C0E
3CF6
BC5D
3C0A
BCB6
BC5F
BA58
3C85
BA82
3B9B
3BCA
3C1C
BC24
BC94
BB70
3C9A
3C2D
BA81
3BBD
3C96
BAE1
3BDF
3B1F
3CCB
BCC2
BC82
BC55
3C52
BC07
BCAA
3C33
BA9A
3AB9
3D0A
BC82
3B32
3CAB
3B6C
BBB6
BC31
BC4F
3C05
BA76
3CB1
3BA9
3C27
3C01
3C8D
3C69
BBA4
3AAB
BC9B
3C69
BB82
BC2D
BB9D
BB14
3C56
3C37
3BA0
BCB5
BB30
BAC4
BC63
3B6B
BC1E
3C2E
BBED
BABC
BBB6
3BBF
3AED
3C3A
BCED
3B9A
3A6D
BC7D
BC33
3C0F
3AE1
BBA5
3BE7
BC7F
BC2B
BB1E
BC22
3C3B
BC8C
BBD9
BBCB
3BC6
BB8A
BB91
3CD1
BC86
BB88
BC49
BBB8
BA79
BB15
BC87
3C91
BA6B
3BE9
3BEE
BC93
3B0E
BBCF
BBB0
3B15
BC5D
3BDA
BC15
BBB7
3C68
3C0C
BC06
3CB4
3B0D
BCAB
3BCD
BB3D
BBD0
3C9B
3C8E
3B79
BC40
BC6B
BB8C
BA52
BC09
3C5B
BC2F
3C2B
3BAB
3A8A
3C44
3C67
BBD4
3C62
3C90
BB70
3C35
39B5
3AB0
3C26
3A6E
3B9D
BB3C
BC38
3C40
3C2C
3B66
B9D7
3C87
BC53
3B61
BB1D
BB62
BABB
BC3F
3C93
3B92
BBD5
3A35
3A52
3B43
3C21
BAF7
3CB2
BBDC
3B2B
BBB6
3CB6
BA4A
BB8F
BA33
3BAD
3B67
B99F
BC22
BBA9
BA54
3C25
BBC9
3C1C
3C40
3C25
BBFE
BC62
3BDA
BCC0
3C19
3C57
BBC0
BBD3
BC99
BBF8
BB90
3A91
BA13
BC3D
3CC7
3C23
3B88
3BDF
BC09
BC83
3C5C
3B32
BBFF
BC21
B949
BB9B
BC46
3B8D
BBBB
3B27
BBA1
BB31
BAB5
BC7E
B8C5
BBD0
3C86
BC97
BC10
399A
BC44
BC24
3C2A
3B3D
BC86
BBBB
BC57
3B7B
BB0B
3C29
BB3D
BBDE
3B75
BB85
B9CE
3C7E
3C16
BC31
BC49
3C31
BBAB
3C02
3BA3
3C0C
BBB3
3B69
BC93
BC9E
3C67
3967
BC13
BB8B
BC2A
3C70
BCDF
BC9A
3B5F
3D00
3B6F
3BE2
BCAC
BBD2
BC78
3C8B
BC11
3B7B
BC86
BBC2
3C8B
3BB0
3B9C
3B04
3C1C
3C78
3BF4
BCC1
BB65
BC3D
3C17
3BC9
BC91
BB66
BC6C
3C70
BBE5
BC9A
BC03
BB84
3C4D
BC0C
3C86
BB94
BC24
3B46
3C5D
BAE7
BC9B
3C3B
3BD5
BBF8
3B87
3C23
3B28
3BB1
BC13
3C89
BBB9
3B10
BC4E
3CC2
3C6C
BBF8
BC96
BCE8
BBDF
3C00
3C49
BC8D
BC17
BD0E
BB54
BCB9
BCB0
BC31
3A1F
3BF8
3C58
BC3F
BCA4
3AB5
3C4C
BCC4
BB34
BC8D
BAD1
BACA
3AC3
BC87
BB08
3C45
3C24
BB8B
3C4E
3A6A
3CAC
BBB9
3A01
3BA3
BC9F
BBCD
BB67
BB2A
BBAE
3B43
3C36
3AE5
3BF5
BBB8
BC94
3BE2
39D9
3BDF
3C71
3C28
BC6F
3AA2
3B99
BC78
BB64
3C9D
3AC7
3C90
3CAB
BC1F
BC5B
BC65
B9DE
BC40
3C0A
38B7
3C5C
3BCF
3C20
3B26
3C1C
BC63
3B08
BBD7
3B60
3B28
BC22
BCB1
3BD1
3A20
BB7E
BC43
BCA0
3B97
BA19
BC4C
BC58
3C93
3A3D
BC93
3B32
3AA8
BBD9
BBE7
3B8A
391F
3B28
BC41
3B68
3CD0
3A8D
3BEC
BBAA
3B48
BBAF
3945
3C32
3B67
39B2
BC29
3B74
3A74
3B16
BC23
BCA6
3C56
3C0E
3CCD
BB60
3C25
3B7E
BA0A
3C57
3C94
BC62
3CA0
B965
BB1A
BBD9
BC23
BB2D
3B4A
BB4D
BC70
BCDB
BBAE
3BBD
BB3B
BCA2
B93F
3A7C
3C07
3C2C
BA82
3C62
3B27
BBFC
BAD8
B9A0
BBD6
3B55
3CC7
BC59
3A82
BA8A
BC51
3BDD
3C27
BBB4
3A4D
3C9B
BC59
3C10
BC59
3BAD
3C85
BB95
3C0D
3B57
3CD7
BC56
3C4B
3C21
3CA1
BB69
3BDE
3B64
BC04
3ABE
3C3F
BC04
BC08
3C5C
3B87
BC2E
3B1C
BBA8
3B72
3BFF
BC3C
3AEA
BC06
BCF2
BC59
BC3D
BBEA
3C6D
BBD7
BBA1
BA92
BBCE
BA41
3BAB
3AA5
3B40
BCA0
3B0B
3C82
BB11
BB1E
3B0E
3BEF
BC70
BC3B
3C0D
3AB2
3A48
3B8C
3B85
3C2B
BC64
3B9E
3C1E
BC86
BC82
3B21
BC34
BB83
3C17
3BA0
BB59
BC1C
BC1E
3A61
3B9B
3B84
399F
BAA9
BC18
BCB9
BBDF
BB95
3AC0
BBD6
3C0E
3C11
BC00
3984
BBBE
BB97
3BFA
3C36
BC3D
BC60
3C66
3CAE
3C4F
BAC2
3C7A
BC64
BC27
3C37
3C78
3C4C
3BE0
3C96
3BEB
BBB9
3B48
BC20
3B59
3B8A
BCB0
3C0C
BBBC
3B85
BBF4
BBA2
3B03
BA04
B7A3
BC8A
39ED
BBAF
BCC5
3AEF
BC2A
BBCD
3C31
BACF
3B38
BC90
BB65
BB07
BBEE
39BF
3943
3B43
B93F
3A2E
3ACB
BB7D
3C3E
BC16
BC81
3C19
3B91
BBFF
BC7B
3C26
3C29
3B9B
3BC8
BB05
BC99
3B8A
BC9B
BC05
BAFC
3BEB
3B34
BB75
BBD5
BC7A
3AE4
BC93
3A4C
3B94
BB3D
3B23
3B97
BACC
BC22
3C81
BB42
3BDE
BC2C
3C37
3BCE
3C53
BA51
BB86
3C8B
BC63
BBF7
BC84
3B96
3CC4
3C25
3C0B
BB69
BB19
BC3B
BBD6
3BFA
3CAA
BB6C
BAC0
3933
BC9C
3C54
3BBF
BCB4
BC2C
3B63
BB6C
3BC8
BC92
BBF9
3C09
BC10
BB67
BC86
BBCE
3C11
BB67
BC6D
3B8C
3C12
3B1C
3BEA
BC03
BC46
BC39
BA15
3BA8
BC5E
3BEC
3B8B
3C31
3BEE
BB31
BC3F
3C4A
3BD5
3C52
BC09
BCCE
3B50
3C0D
3C81
3C06
3C43
3B81
3C4A
BBA2
3C00
BC25
3C88
BC33
BC60
3B6F
3BCC
BC37
B8CC
BC1B
BC5C
3A71
BC2B
3CA3
BBEA
BC13
BC1B
BC32
BC8A
3A9D
3C2E
BAFD
BB5C
3AE9
BC72
3C78
BC12
3B06
BC76
BC3D
3B5C
BC3E
BC75
3C36
BB35
3C73
BCB4
3C3F
3B86
BB99
3C6B
BB45
BC28
BC3C
3B49
BB2E
3B8B
BB39
BA8A
BB89
3CB1
BAEF
BB26
BCA7
BB68
BB28
BBFA
3B09
BC70
BC0A
BC2D
3C8C
BCAD
BC1E
3C3F
3C6B
3AD8
3B3B
B9FA
BB86
BC29
BC2A
BC83
BA78
3C8D
BC15
BCB1
3B5B
3AEE
3B81
3C08
BAEF
3B97
BC9E
BA99
BBFB
3B49
BCA1
BBE5
BD06
BAA1
BB59
3B8C
3C23
BB8F
BBF2
3BCA
3A98
BAB6
BA47
3C6D
3BAA
3BCB
BC83
BA54
BCC5
3C4A
BB7D
3B9A
3B47
3C4A
BB8A
BBF4
3B4F
3CCA
BC58
39AE
BC6D
3C5E
3C11
BBB4
3BF8
BC92
3B99
BC17
3C59
BC40
BA6A
BC7D
39BE
3BDD
3C73
3BFC
3B60
BC0A
BC07
381B
BB58
3C63
BB39
BC21
BB6E
3C9D
3BAB
BA35
3BB3
BCA6
3B5A
BC4D
3C34
3CD7
BCF4
3C8F
39F8
BBC5
3BB7
3C58
BB78
BC73
3BBF
3BCF
37A2
3B06
3B3C
3ACE
3C26
3B00
BB8D
BC27
3AB0
3C61
BADF
3C50
3BF1
3AE4
B98D
3C72
3C13
3C6B
3C07
BCB4
3C10
BBFA
3A89
BCB6
BA74
3C9A
BC35
3B4C
3BB6
BA54
3AE3
BABB
3C44
BC86
BBB5
BBBD
BBA1
BB36
BC1B
3C6F
3B3D
BC97
3A4F
3BAD
BC2E
38D2
BBA4
BB83
BC03
3A63
3C8B
3C25
BB46
BBA6
BC4E
BABB
BA0A
BAFE
BCB1
3CA8
BC07
3C0B
BC11
BC02
BA9F
3BDD
3BC7
B9EA
3BB7
BB0D
3C5D
3B93
BB2B
BB8E
3BD9
BC01
3B45
BC92
B9B5
3C16
BBDA
3C35
3976
BC4A
3BA9
BC64
3BF2
B9D8
3980
BC32
BC9C
BB94
3BB1
BBEB
BC7B
3C5E
3C4B
BBD1
BB2C
3CC4
BAA0
BC55
BC22
3C22
BCC1
3C03
3C7C
3B68
3B88
BC23
BBEA
BB6A
BC50
BCC0
BC53
BC34
3AF4
3BE5
BB13
BC50
3C51
3C1A
3C40
3BCF
BC88
3A9C
BB47
3AD3
BBBD
3C5D
3C9F
BBC7
3A1D
BA0A
BC83
BC7D
39F5
BBE5
B9EA
BC95
3C97
BB73
BA15
BCA7
BBFF
3C31
3B7A
3CC4
3C1E
3C22
3C3B
3A7F
BC7A
3C2F
3C52
3A10
3C03
3BDF
3C68
B9A9
BC17
BC0E
BB8E
BB93
3B85
3B1E
3BB2
BBAD
3C30
3BC3
BB65
3BC3
BC53
BC94
3B09
BB05
3C01
3BD5
3C91
BBBE
BA7E
3B88
3BCD
BC4B
BC83
3BC3
3C90
BC17
BB66
3BDD
3C6F
3C67
3C8E
3B82
BB68
3B56
BC72
3C5F
BB9B
3B6A
BBE4
BC07
BAAF
B963
3C2C
BBB1
388E
BB87
3B83
BC1D
3C53
3BE0
BC93
3BC4
BC39
3C04
3B3B
BC0B
BA46
3BA5
3AE6
3C11
3BE8
B9C0
BC35
3BF0
3B2F
3A94
BBA0
BC02
BB47
3C6C
BC12
BC05
3B7D
3BB9
3C4F
BB9E
BC7B
BB6A
3C2D
BC5D
BC07
3C81
BC30
3CA1
BC34
3A88
3B53
BB94
3C6B
B9F0
BC45
3CB1
BBD9
3C3A
3B95
BC48
BBAC
3C8B
BACB
3C3E
BB6A
3BA8
BC94
3C02
3A12
3C3B
3B42
BC2B
BC13
3B23
BA87
B9B7
BC07
3C82
3B63
3BCE
3C00
BB63
BC28
3BA1
BC04
3C5D
BC17
3C01
BAF6
BB86
3BAE
BBC4
BC04
BC9D
39B3
3AE5
39FD
3C24
3C63
3BE6
3C16
3CB5
BA8C
BBBD
3C81
3BB5
BC94
3BB3
3C08
39EC
3AA0
3B99
3C2B
3B43
BC68
BA86
BA26
3ACC
BC00
BC2D
BB19
3B46
BC33
39F1
3C5C
3C6D
3C7B
BB9B
3CA0
3B87
BAA5
3CBF
3C95
BA57
BB6B
3BAD
37BA
BB5C
3C01
3AEA
3BC8
BBBB
3B77
BC75
BCDD
3BE3
BB28
BA9C
3BD0
3AE1
3B22
BA49
3BA9
BBE5
BC8A
BC13
3C82
3B8B
BB5B
BBC5
3C39
BC74
BC0A
BC46
BB9D
3C9C
3B58
BC8B
BB92
BBB7
3BB6
B983
3C2A
3A9D
BBCC
3CCA
3BFD
B9B0
3CC6
3B15
BC0E
3BC5
3CB8
3C9D
3C2F
3B6E
B9CA
B9C8
3BD6
BCBD
3ADD
BB87
3B8C
BCAE
3C13
BB8F
BAB6
3BEF
BB1F
BC3C
BBE1
B9AD
3B70
BBBC
3BE6
BB99
3BB5
3C23
3B82
3BDC
BBFD
3AA2
3C22
3B4E
3B18
BB8E
3C61
3B6E
BAFD
BB3A
BC03
3BA6
3C98
BC48
3883
BC30
B9B5
3BCB
BC58
BBAA
3C27
BA9F
BC22
3882
BC6C
386F
B9DD
3B7A
3BA0
3B92
3BFF
3C83
3C21
3C32
3BEF
BB09
3B8B
BC67
BC8A
3BB7
B9E5
BAEC
BC79
3A81
3C6D
3A7F
BC50
BC00
3B9E
3C34
BC00
3B4E
3A22
3C8E
3C24
BC12
BC5B
3C75
3C30
3C7A
3C35
3C49
3B2E
3BFF
3CE0
BB6F
3A0D
3B5F
BC44
BC1B
3C2C
BB83
BC63
3BA0
BC83
BBA7
BAD8
3A97
3AE7
BC92
BA09
BA90
BB8D
BBFF
BBE1
BC4D
BC6B
BB37
BCB1
BC8E
BB67
3B03
BB54
3BAC
3C2B
3C46
3C0F
BBB2
BBBB
3B03
BB81
3A58
BCAD
BC31
BB11
BC3D
3CB0
3B21
BC0E
3C86
BC57
3B6F
BBDB
3B2C
3BF2
3B6B
BC5A
BC1B
3B6B
3BBC
3BD6
BCA3
3B10
3C3E
3C36
BC82
BC69
3BBD
3C0D
3B0F
BC03
3BA8
3AB8
3BF0
3B8F
3C66
3B9B
3B6B
BBDE
BC93
3BDB
3AAF
3CA5
3C5F
3C2C
BAEE
3BC2
3C54
BB89
BC8A
3C2F
BB84
3B78
3B94
3BF1
3B2C
3B4C
3CE5
3B13
BB93
3C10
3C23
BBA8
3B1A
BA84
3C35
3C7A
BBB3
BA01
3BCD
BBAE
3AB5
BBE5
3C05
3C69
3BE3
BC2D
3BD2
BB85
3AA4
3B6A
3CC3
BC08
BC0E
BC54
BBAD
BC40
BBF0
BB3F
BBBE
3C4F
3BD7
3B44
3C19
BC10
3C8D
BC4E
BC38
3B0B
BBCE
BBB8
BB24
3B49
3C67
3C08
3C19
BB2A
3C18
3BCF
BC6D
3B43
BAE9
BC4D
3BD5
BBE5
BB95
3ABC
BA74
BBDD
3C3B
BC86
3C82
3A34
3A7B
3C0B
3BB8
BC1A
39B9
3B07
3B1E
BBF2
BB76
3B81
3BE7
3C13
3A21
BB96
BC83
3C18
3ACA
39C9
BC45
BAD7
3B0F
BC1B
BBCB
BC04
BBC1
3CA0
3B29
3B9A
BC2C
BB2F
3C10
BBFE
BBCD
BBEC
BC1D
3BA6
BC2E
3C06
BC42
BBFA
BC95
BC21
3C66
3B36
BA83
B941
3B66
3C2F
3AAD
3C00
BB87
3B49
BBCA
3C82
3B2C
3BB7
BA93
BC1C
3C28
3C3C
BC2A
BCBA
BC82
3965
BC74
BC45
BC8F
BB8E
BB1A
BBC1
3C22
BBD2
3C4E
3CAC
3C2C
3BED
BBAF
BB81
BC35
3BD6
3C57
BBBF
3BEA
3B0D
3927
BAB3
3B66
BBCF
3AD5
BC29
3C56
BC14
BBE5
3C1A
BC1C
3ACE
3C41
3C8D
BBFD
BBC9
3C79
BB84
3C03
BBB6
BB92
BC90
3C5E
B953
B9D0
3C42
3AC2
3CB7
3C84
BB78
BC39
3C26
3B87
3B69
BC37
BC16
3BD4
BC8F
3C8E
3B91
3B3A
3C46
3AC6
3C48
3B5F
3BF9
3AC6
3AA1
BA95
BB14
3BB0
3BE4
3C57
BB9D
3C8F
BBBB
BB08
3BE2
3B8F
3C4C
3C46
3B51
BBF8
BA36
3CB6
BBC8
3A2C
3C9E
3C1B
3AFD
BBA5
BC10
3C70
BC1F
3BE2
BB1C
3C45
3C5C
BC46
39FA
3BF1
BAF0
BBCE
3C7B
3CE5
B824
BC33
3B30
3C91
BB55
BB82
BC7B
BB82
BC13
BBDE
3C09
BB28
BABA
3B8E
3C89
3C1A
BC08
BB7E
BC04
BC40
BC8D
BC35
3B82
3C3F
BC99
BA55
3BA8
3B2E
BC8E
3786
BC9A
3A90
3CC2
3B67
3C96
BC8D
360A
3B55
3AFE
3BBB
BBB3
BCFE
BB9E
3C48
39BC
3BEF
3BF1
3B57
BC53
39E8
3C09
3B9B
BCA8
3C01
BB0D
BBB4
3C18
3C14
3B37
3C31
BBD9
BC71
3C23
3C60
3505
BBF8
BBB0
BB81
BBA2
3CD9
3C4E
3C2A
3CB1
3A89
3B95
BC43
3C3A
3C6B
3B58
BC5B
3AC8
BC79
3C91
BBA9
3C24
3B7A
BC48
3BDC
3C69
3C01
BAA9
3BBA
BC1E
BAC1
BC2B
3B61
BB73
3C22
3C06
3AB3
BBC0
3C82
398B
3C54
BC46
3C35
BBB5
3BA4
3A42
BA81
BA05
BBC0
BC4B
BB88
BBAD
BAB9
3BEC
BBA8
BB9C
BB8F
3AEC
B7EA
BC58
3B91
BB86
BB83
BC78
BBD5
B9C1
BC48
3B4F
3C05
3C77
3BE9
BA97
BC01
BC1A
BC01
BC47
BB11
BADB
BC03
BABC
39DE
BC82
BB33
BC09
3BEC
BBDD
BC0D
BBAA
BBC0
BC96
3C10
3C70
BB4A
BBB5
BC35
BB81
3C85
3BBC
3C0F
3BE3
3C8C
BA28
3B8A
BAE2
3BD9
3C52
3BB1
BADD
BC1C
BBA1
BAE2
BB37
BC92
BB2B
BBFD
BC2A
3BFA
BC0D
BB77
3BC4
3B91
BBCF
BB5F
3B3A
BAC5
3C02
3D0C
BA0B
3CEA
3CD7
3B43
3B56
3C71
3C0B
BC04
BC0F
3B79
BC55
3C56
3B7E
3C1E
BBF6
3ADB
3C68
B9F4
BA39
3B75
BB27
BB94
BC38
BC16
38D6
BC19
3C83
3B92
BBDE
3C3C
BA9D
3C12
3C21
BC6C
BCE1
3C18
BC82
3AD2
BBC4
3BF4
BBC6
3CAE
3A33
3B13
BB15
BB87
3C69
BAC9
BB4D
BBEB
3BB2
3C1B
3BA5
BC8B
BBE1
3B11
BB0B
BC5C
BBE7
BC9F
B71B
BB83
3C14
BB90
3B9E
B94A
BA68
BC51
3C54
3BD8
3AEA
BB9F
3C3B
BB91
3AE1
BB36
3A2F
3C55
BC24
3B95
3BB7
3AF1
BC43
3C3C
BBCA
BAD1
BB8F
BB8E
3C1A
BC14
BC11
BA04
3BEE
3CB3
BAFB
3CA9
BC8D
BA06
BBCB
BBAA
BC18
3C78
BC97
BB3A
BBA8
BB1E
3C76
3BB7
BB0E
BBB4
BB44
3B54
BCB1
BC76
BD04
3A69
BBE6
BBBE
3B29
B94B
B886
3B61
BB91
BA9E
3C60
BB58
3AC6
BC85
3BC5
3C5E
BB4B
BC8E
3BF7
BC81
3C8F
BC00
3C8F
BAB4
3C23
BC58
BB31
BC27
BC4E
3AA4
3C01
BBFA
3B12
BC01
3C05
BBC2
3BC6
3BFC
BAFF
BAE3
BC8F
BB77
3BCB
BBA7
BC0E
BBC6
BBB7
BB8A
BC5F
3CB6
B855
3A90
3B6F
BBDF
3BAB
3A90
3C25
3B8D
3AA7
BCCC
BC4B
BBD2
BB88
3B93
BBBD
3C9A
3B1E
3C74
3C92
3B81
3CAD
BB30
3B31
3C94
BBC9
BB15
3BD7
BC6F
3CFC
3C01
BC96
BB14
BCB3
3C26
3C9E
3C6F
3C31
3B18
BB01
3C86
3C13
BC54
BC71
3BC8
BB9B
BBC3
3B3E
BB93
3C40
BC6D
3A73
3B9D
BB79
BC09
3B98
3BC8
3C73
BBEF
BC42
3BFE
3C5D
BC76
BC49
BB6F
3C3F
BA9D
3C30
3BE8
BC1D
BB86
BC21
BC45
3C48
BB55
3B65
BBC2
3C1E
3B4A
BA01
3C8B
BBC0
B9B3
BB8E
BBA0
3B09
3C41
3C14
BB59
3C10
3C3B
3C3A
3B88
BBC5
3BF7
3C28
3C02
3BF2
3BD4
3BDA
3B69
3C45
BB0D
3A01
3AAE
B94C
BA94
BB4E
3B05
3BAB
3BEC
3B9E
BBF4
3C22
3B07
3BFF
3B79
BBDF
BA83
3B86
3C31
3C04
BACB
BC0B
BBBD
BBB0
BAC0
BBC7
3C14
3AAF
3BAB
3B2D
BAFA
BC5C
B918
3C14
BC38
3BC8
3B94
BC1F
3AAA
3AF2
3C20
3BB7
BA86
BB8F
BB8E
3BA4
3C36
BBB0
36C3
BB79
3B1D
BC37
BCD2
3B13
BC09
BC80
BBDD
3B3C
BC30
3B35
3C03
3ACE
BA4C
BAC8
BCC1
B9C7
BB8A
BCEC
3B1A
3B8F
BBAC
3B4A
3C93
3BBE
BBBE
3A7D
3B12
3B66
BC85
BC58
BB80
BC51
3B19
BC35
3C5B
3C55
BC8A
BBD4
BBF0
BB9C
3C53
BB62
BC60
3B89
BC36
BC78
BC0C
3B91
BB97
BC01
BC04
BC72
3929
BC02
3C39
BC8C
BC4B
BC02
3C96
BC5E
3C42
BC29
3B43
3B7A
BC04
3CB7
3B78
3B99
BB5C
3BF0
3BE0
B88F
BAF7
3C30
BC4C
BC22
BC2A
3C3D
BCB4
3BD1
3C65
3C91
3BF8
BB31
BB45
BC01
BBBB
3C05
397B
3CC4
BCC7
3C64
BBFC
BBC0
B9F8
3C8D
3C43
BC4F
BC6C
BC3C
BBFA
BC1C
3B4C
BCC1
3C91
3B21
BCA6
3A2A
3B67
BC6A
3A02
BB6C
3B33
3C96
BC67
B954
BB9B
BC47
3B59
3A90
3C03
BB98
3B29
3AFF
BA5F
3C1D
3C34
BC14
BC2D
BB29
3CAA
3C4D
3B71
3C46
3BE1
BB4C
3B65
3C60
BB88
BB9C
3B69
3ADF
BC58
BC79
3BC7
BCA6
BC87
3B41
3C49
BAA6
BBEC
BBC0
BC7E
BC8C
BBAE
BCAC
3BF2
3B4B
3C56
3C6C
3C2F
3AA3
3B92
3C52
3A05
BA6B
BBE8
BC93
BC31
BC20
BB01
3B56
3B10
BAAF
3B68
3BCE
BCDE
3C27
BC39
BA8B
BA95
3C02
3C0B
3B2F
3C2A
BCB3
BB39
3925
BC3D
3BAA
BB28
BC4E
3C34
3BFA
3B8F
3941
3BA3
BC86
BA43
3C90
3BBF
BC43
BBFB
BC03
BBF1
3BF7
BCA9
3B5A
3C08
3B97
3C72
3C3C
BC05
BB88
3BEE
BB9C
3AC8
BC34
3C50
BC7B
3C24
BC4F
BBA2
3BF9
3B2F
3BBC
BC04
3CDF
3B2C
BC0D
BB93
3C39
BB6F
B98E
BBB8
3A99
39A0
BBA2
BC08
3C88
3C15
BC83
3C7A
BBB1
BB9E
3BF6
3B6F
BA60
BC89
3C22
3BF9
3BAF
BB6A
3C66
BBB6
3B7D
BC05
39D3
3ADE
BC16
BAF8
B89E
3CA6
BC0B
BC1C
3B8C
3C2A
BA83
BC4B
BBA0
3CB6
BCB4
3AC5
3C8B
3C50
BC03
BC26
BAB7
3AE2
3BD6
BBA9
3AFA
BB7A
3B33
3C2F
BC20
BA8D
BC9B
BC42
39AB
3BCC
BC0F
3CA8
BCC0
BAB1
3BC8
3C89
BC08
BC04
BB47
3CDD
BC93
B902
3A86
B9F2
BC04
BBAA
3C2B
3C9B
BC79
3990
BC76
3C27
BCB2
3B1B
3AA6
BC22
BBC3
BC01
BC91
3C32
BB90
B9CC
BC7A
3A8C
BC6F
3C9A
3C46
BB93
3C09
BCDE
3C07
3AB7
3B80
3BB7
BC78
3C57
3BA2
3B4E
BBC0
BC2D
BB2D
3C54
3B1F
BC30
BB1C
3C03
BCB0
3C84
BBD4
BB01
3C85
3C7A
BB2A
3C0F
BC87
BBCB
BC87
BBA5
3CA7
BC2C
3AF4
3C41
BBD6
BAE7
BD05
3C0E
BB36
3B6A
BB0B
3CCB
BC8E
3B59
BBFA
3B88
38D6
3BE4
3C35
BAD7
3B49
BC2C
BC56
BC2B
BC20
3AF0
3C55
BC89
3CD0
3B49
BC97
3B83
BC5B
BC07
BA82
BB7B
3C6C
39D9
BC30
3A88
BC57
BC09
3B9C
BBED
BA3D
BAC2
3BA7
3C02
3B7F
BC79
3C71
BADC
BCC1
3C20
3C3E
BBD4
BC8D
BC08
BB5F
3C86
BC19
BBE1
BC6B
3BB3
3AA2
3C1D
BC82
BBD0
BC1E
3969
BBF2
BB47
3882
BC2E
3C8E
3AB5
BC2A
3BC7
3C32
3B9E
37F4
3C91
BBBE
3C5C
3D05
BA8F
BB81
BC1C
BBAE
BB2B
BB9A
BC2B
BBB3
3B2B
3C09
BC04
BBE8
3BDE
3BAF
BCC0
BB51
BA02
BB98
BB81
3C8B
3D02
BB8D
3C00
3C80
BA80
BAA0
BB2D
3B5B
B7A4
BB6B
BB9B
BBD4
3BF9
3A1F
BC01
BAEA
3CCF
3BE1
BC21
BC4B
BD12
BC24
BAFE
3C77
BB5D
3B77
3C28
BC6C
3B98
BCA9
3CA6
BB71
BC74
3C37
BC86
BC30
BBC3
3C03
3C44
BBA5
3AF7
3BB2
3CAF
BCC8
3B1F
BAAA
BC09
3BB2
BC25
B9EC
BC41
3C93
3C40
BBFB
3BF5
3B2C
3C6A
3B12
3BD0
3C21
BCE0
3BA8
3ABF
BBC6
BC45
3ADF
3C10
3CAC
B878
BC0F
3BE6
3C92
BC72
3B4A
BBA3
3C14
3C0E
3BC3
3B2B
BB65
BBDA
3C15
BB55
3D0E
3C5C
3AD7
BC26
BB08
3C22
3A87
BC73
3BDD
3AE5
BA5D
BBAB
3C04
3CD4
BC2C
BB3D
3B96
3BC6
BA8D
3B66
3B83
BC95
3BFB
BAC6
3B04
BC4C
3B1D
BCA0
3BF1
BA82
B9EB
3BA8
3922
BAC0
3A8E
B9C1
3C40
BBC3
3B3F
BC40
3CBC
3C19
BC53
BC9C
3C0F
39D4
3BFD
BC01
3BB3
3ADB
BC58
3C8A
3BFC
3C3E
BBFD
B936
BBAB
3BEF
BBEF
BBE8
3C00
BC8F
3BAE
BBB7
BB1F
3B17
BBC9
39FB
BBF6
BBC8
3C81
BCBE
3B93
3C94
BB92
BC05
3BBA
BB8C
3B88
3AE3
BBEA
BAA8
3BEF
3CB4
3AD0
3C9F
3B7A
BBE0
3CE5
3BD7
BB88
3A5D
BC84
BAF3
BAE3
3C89
BB7E
BBA5
3C74
BBA6
3C14
3BAC
3C23
3BF6
BBAB
3B58
BC2D
BB5B
3C83
3AAD
BC69
3CAE
BC1B
BC70
3C81
3AE6
3C70
BC46
BBFD
3C3F
3BFD
3BB2
3BB4
3C85
BA20
3CA3
BC3E
B9D4
3BCB
3C05
BB72
3ACD
3B34
BC0B
3C20
3C6D
BCBB
BA65
3C78
BBAC
3B8D
BC3F
BC20
BC23
BC61
BC82
3BBE
BB73
3C81
3BBA
BADF
BBC2
BC75
BB92
BB91
BCA8
3C40
BC1C
3BB6
3C9F
3C3F
BCAC
BBD7
3B99
BC34
3BBE
BCED
3C4B
BB99
BA8A
3C95
3BA2
3C48
3BD1
BCA9
BBE3
BBFD
BAA7
3C43
3BB9
3BE6
3C32
BAD7
3B8A
BB39
3B98
3BAB
3CB5
BC48
3B22
3ADF
3C13
BBF3
3BB6
BC3C
3C24
3B77
BB93
BBD6
3BA0
3A9B
BBCC
BC6C
3B91
3C8F
3B5A
B8BB
3C69
3BAF
BBEE
BC74
3B7D
BBCE
BBA9
3BB1
3A91
3CA0
3B26
3C29
3B6D
BB8F
BD45
3C47
3CB6
3C76
3B92
BC40
3BF8
BAFC
BC3B
BBBC
3C76
3C19
3C79
BC2B
3C84
BBED
BCC3
3B8E
BB37
3BF0
3BA7
3BC3
3BBD
3C1A
3C51
3ABC
BC28
3B88
3BD5
3CAE
3ACD
BCAE
BA1D
BB81
BB50
BBA0
BC88
3C20
BC4F
3B22
BC6D
BB08
3C9F
BCA0
B997
3B8C
39B0
3BDA
BC03
BC49
3C58
BBC8
BA43
B829
BA92
BC6A
BC69
BAE7
BCAE
3C1D
3BEB
3BCD
BC8F
BB72
3BA0
3C14
BAC4
3BAB
BC67
3C90
BB96
3ABD
BB90
3C75
BBD9
BC09
BC45
3C0B
3C82
BA29
BC8E
3C02
3C04
BAC5
3BCE
BB94
BB92
BB8C
3C4A
3B84
3C5F
BC33
BBFA
3BCF
BB1A
3BAA
3B86
BBE6
BCE3
3B90
BB4A
BB9B
BA87
BB43
3C11
3C3A
BB7A
3AEB
BC6F
3C23
3BB6
3C29
3BDD
BC28
BB84
3B64
3B96
BAF1
3C8D
BAE2
BC27
BB3D
3BF9
BAED
3C33
BC70
3B74
BC6C
BBEA
3882
BB33
BC09
3BF8
3A56
3BA4
BBC3
3924
B9F9
3B66
3B81
BBE8
3A65
3A41
3C65
3C20
3C80
BC3E
BB11
BC04
BC11
394B
3C29
3B25
3AFF
BC09
BAE1
BB08
3A96
BBFF
B992
BACC
3C88
3B12
BC0B
3BB7
3C6E
BC52
BB3B
3C17
3C81
3BB0
BC03
3B5E
3C20
3C8C
3C49
BC0B
BAF9
3BAB
3BB9
3C05
3C13
BC05
BCA8
3CD4
3B0E
BBC4
3BF9
BB84
3AF7
B7A5
3CA3
3BE0
BB4E
BA6C
3A2E
BC6E
BBF1
3CEF
BBC3
3C2A
3AD2
3B9E
3C1F
3C14
3C16
3CA9
BC89
3CCA
BC76
BB4F
BC55
3C2C
BC2B
B881
BAF6
3C08
3BE5
BC47
3C45
3BA3
BB14
B9AD
BC14
BC1A
3BA1
B984
3BF2
3BAC
3C38
BC01
BB6C
BC63
3B2D
3C93
3BFA
3C31
BB92
3C15
BB5E
BC42
3C41
3CF9
BCC2
3B67
BB70
BC0C
3A26
3AD5
3C4D
BBE8
3BB3
BC9C
3C39
3B7D
3C83
3AB5
BBCB
BCA8
BC49
BBD6
3C07
BBA2
BC61
39F5
3B27
3C02
3B42
3C5C
BB99
3732
BBBA
BACB
BC28
3BAF
3A40
BBC2
3C26
BADC
3C15
BCDD
BC47
3BFE
3B26
BC38
3C81
BB57
BBE7
BAB4
3BB3
BBBE
3B6E
3B2D
BACD
3C0B
BB03
3C4A
BBB8
BC27
BC36
BA37
3BB4
3C2B
3B00
B955
BB0D
BC09
BBF5
BB08
BBBB
3A90
3B70
39F6
3C73
BC5E
3C85
3BBA
BA19
3C00
3992
3BF6
3BB0
BC0D
BB7C
BC5E
3C57
3B92
3BE0
3985
3AC1
BC31
3C97
3C61
BC70
BB97
3BF4
BCF3
3BAD
BBCC
3B07
3B08
BBB5
3C24
3BC4
3C31
BA60
3B0A
BBBC
3BAF
3BED
3B44
BB4D
3C47
BC8D
3C2C
3C8A
BC15
BB1C
BB99
3C7D
3BC9
BC63
BC5B
BC12
BB86
3BFB
BC15
BBCA
BC20
3C1C
3AA0
BC3B
BC09
BAF7
BBDE
3B95
BC57
3B9E
BC17
BA0A
3C24
3A30
3C08
BC2E
3B7F
BBC3
BA54
BB94
BC7F
394E
BC04
BA36
3B21
3810
3B23
BC9D
3C62
BC1F
BC9A
3B4E
3B8F
BC2D
BAB5
BA26
BBA9
3C64
3BED
3C7F
3BEA
3B2D
39F1
3BF9
3C66
3BE6
BB3A
3B15
BC33
BB46
3CD6
3AA2
3C59
BC62
BB7B
3C08
BBF6
3BE6
BB83
BB16
3C57
BC85
3C0C
BC8B
3C97
BC4B
BC88
BB99
BBC2
BB8F
BABE
3B1E
BC36
3C53
BC87
BB97
3AC6
BB8F
BC3F
BBB7
3C66
BBFD
3BDE
BC44
3B9D
3AC6
3CBC
3C5F
BBCA
BC40
3C61
BBB1
BA40
3AA7
3C50
BB1B
BC15
3B87
3BC0
3C31
3C20
BCA8
BC07
BC2A
3C69
BAC1
3C2E
3BE1
BBF2
BC81
BBF2
3C1D
BB95
3C8D
BC2C
BC8A
3BE0
BBDF
BB0D
BB69
3B81
BC82
BC47
3AF1
B9D1
BB75
BB20
3C5B
3C92
BC53
BC42
BD07
BB48
BB65
BACC
3B4D
BC96
BC39
BC15
BC55
BC33
BC22
3A53
BC08
39E2
3A5A
3CA6
3BBF
BBAC
3B01
BC1A
BC71
BB5D
B816
3BDD
BB8C
3CD0
BB20
3B31
3937
3BE8
BC04
BB42
BC4F
BB0D
BBBB
3C43
BCB9
BCA8
3B76
3B19
BB1A
3C24
3BBC
3C0C
3C97
3C08
BB94
3B93
3C26
3C4F
BB29
BBDC
3C13
3B0B
BC11
3B86
3C2C
BC1B
3A30
BCA3
3BDA
BB92
3C22
3C18
3A5E
BB77
3B86
3B7B
3CAF
3BEF
3AA4
BAAA
3B2F
BC42
3CBA
BB46
3BEF
3B99
3C33
3C54
3BC3
BA39
3BD7
BBF3
BBDA
BBAE
BC6D
B6B2
3CA2
BCB3
3C07
3B09
3C98
BBCA
3AA8
BC09
BB75
3C3F
3BB1
3BA6
BC38
3B1D
3ACF
BC19
3C34
3C87
BC84
BB80
3A28
BC34
BBA3
BB7D
BC72
3B75
BC18
3B7C
BADC
BBA9
BB8F
3BFB
3B9C
3C2E
3A83
3C1D
BAE4
3C9D
BB3E
3AD2
BBE8
BBEB
BC2E
BC48
3B14
BA90
BAEB
3C44
BC64
BACA
BCCA
3B7A
BCAE
BCA4
BA87
3C9D
3B60
BBEC
3C50
3C0C
BB6D
BC8D
BCAE
3C23
3B88
BC05
3C87
3BCE
BC82
3C18
3C07
3CC2
3C10
3C94
3BAE
3C12
BBC9
BAE9
BC97
BC03
BBDC
BC3B
3B01
BCAD
3CE4
3B6C
BCF4
3C2C
398E
3BF7
3C7D
3CE6
BC49
BABE
BC12
BB0A
BC5A
3BD4
BB0D
3B23
BCDB
3C18
BB77
3AEE
BCEA
3C19
BB8D
BAB1
3C06
BB9A
BC5E
BC1D
3C4D
3C24
BBD8
BC72
3C0C
BCAE
BBBE
BB95
BBA9
3B08
BBDF
BA95
3C50
3C4C
3B93
3C7D
39ED
BB8B
BC4C
BC04
BC0E
3CCA
BC2B
3AB8
BC44
BB9A
3A99
BBE7
BC4D
BB11
BB68
3BC2
BB20
BBA2
3C16
BC33
BC08
BB66
BC24
3BFB
3AAF
BC7B
3C48
3B14
3C2A
BC8C
B99D
3B18
BC19
3BAB
BB99
BC66
3C3A
BBFC
BB9A
3A12
3CAC
BAD0
BB38
BCD8
3C15
BBA3
BC63
3CA6
3BFA
3B1A
3ACF
3B22
3C45
BAC8
3C92
3B96
3C0C
3BB3
BC31
3B8F
3C87
3C05
BB59
3AF8
397A
3C3E
3C31
BB40
3AAE
3C8F
BB14
BAFC
3BB3
399C
BC8E
BBA0
BB5D
3C9C
3C56
3B66
3B09
BBC6
BAF0
BAF5
3CC9
3C40
3A8F
BCA1
3BD2
BCC5
3C50
BC2C
3BFD
BB9B
3BF2
BCDA
BB0E
BC97
BC09
3C26
BBB6
BB6B
3B94
BC3E
3AEA
BB92
3CCC
3B28
B977
BB31
3B59
3B06
BA5B
3BFD
BB8D
BC7B
BB74
BCB6
BB8A
3B97
3B0C
BC05
3B8D
BC33
BADA
3C77
3A5A
BB11
3B81
38AE
BC10
3C0C
BC84
BB2D
BB9A
BC16
BB5E
BC3B
BD09
3BE2
3B49
3B88
3A84
BC15
3B4A
BCA2
BC63
BC81
BC52
3BC8
3A75
BBBB
3C49
BB73
3B9B
3BAB
3C66
BC2E
BAC1
BC12
3C94
3BB2
3BFF
BAEE
BAB6
3B7B
3B1B
BC07
BB87
3B95
3C90
BC2C
BC24
3AEF
3BAC
3C20
BC23
BB79
B9D5
BC05
3C29
3CD0
3C59
3B88
BC0D
BC41
BAFC
3C05
3C0D
3C76
BC74
BC3A
BB01
3C08
3BFA
BBCA
BB46
3B92
3C86
BC55
BB77
BBAF
BCBB
3BA1
BCB7
3CDC
3B84
3C02
3BF5
3C8B
BC78
BC83
3C8E
3C4A
3C8B
3C0A
BB49
BC2C
3B92
3B3D
3BDA
BC84
BC0A
B912
3BB9
3AB9
BB46
BB74
3C20
BBBF
BC22
3C98
3A49
BC97
BC04
BB18
3AC3
BB4A
BBF1
BC7C
3C69
3BC1
BC0C
BC8C
BACD
3AB9
3BF2
BC24
BB33
3C4E
BC53
3C44
BC10
BC68
3BAD
3BF9
BBBC
3A0B
3ADB
3A83
3979
BB9C
BC02
3C17
BBC9
3BC5
3C30
BBE7
BC67
BC86
BAD5
3CBE
BC03
BBAB
3C55
BBF9
BB09
3C09
BC7C
3B94
3AAF
3C76
3C66
BB14
3D16
BC87
3A85
3C7E
3C0C
3C08
3C33
BC44
BC1D
BC47
3C17
3CE0
BC1F
BC38
BC91
BC24
3AB3
BAC2
3BE4
BC4E
BCB0
3BAC
3C29
3B27
BA85
BC0E
BC19
3BC2
BC39
3C38
BC8B
3C9B
3A2A
BC40
3AA7
3BC8
3A60
BC5C
BAF1
3C10
BBD7
BB9A
3B14
BC19
BCC6
BB4A
3C2F
BB9E
3C54
3C07
BC44
3B77
BCB6
BB88
BB2E
BBB4
BBEA
BC23
3CFD
3BFC
3B8E
BC1C
BC8F
3BC5
BC7F
B916
BBFB
BB16
BC70
3C08
3C08
3C04
BC6F
BB02
3BDE
3C9A
3BF8
3C31
3B38
BABF
BBB6
BBCE
3B55
BB8E
BB77
BAF8
3C94
3CAC
BA89
BBCD
BBBE
BC63
3A89
3BC1
BC41
BBA5
3C3B
BCB9
BC9B
3A16
3BA3
3B05
BBCD
BC14
3B94
3C23
3BF9
BC1D
3C4D
3C31
BC95
BB78
3C02
BC0A
BC8F
3C35
3BE4
BB1E
3C2C
3A83
BBAD
BB94
3BBC
3C07
3AA1
3B9E
3B4F
BB64
BA45
BCA4
BAB5
3BD2
BC0E
BC8F
3C3D
37F9
3C0E
3ABE
3B44
3C51
BB33
BC8E
BA2B
3B17
3CC9
3BF3
BC6A
BB31
BC18
3BF3
3AA9
BC8A
3C81
3BB2
3BF6
BB34
BC27
BCB1
BB82
BBC1
BC6F
BBF1
BB94
3D0B
3700
BC23
BC07
3AEB
3BF8
3BCB
3B1E
3BCC
BB38
3C18
BA94
3B1F
3B84
BAAF
BC80
BAAF
3C57
3C07
3A54
BB9A
3C4E
3C60
BC0D
BBAE
3CB6
3C05
B935
3BB0
BBC8
3C70
3B88
BAFF
BBA2
BC37
BBC9
3B03
BBFA
3B70
BB8F
3C76
3B53
BC59
BBEE
BC74
BC75
3C21
3AA2
BC57
BBFF
3A82
BC2C
BAB6
3C5C
3CC5
3A2E
3AC6
BC39
BA2C
BC92
3BD3
BCBF
BA96
3B94
BC32
BADA
BB74
BC05
BC4A
BB40
3B53
BA0E
3BEE
3AEF
BCB4
B9A4
3BB7
3B08
B978
BBBC
3AAF
BC11
BC79
3C8B
3C0D
BC1F
BAAC
BC31
BBB7
3CD7
BBE8
3C20
BBA8
BBF9
3C42
BC29
3C81
BC18
BB04
BC15
3ACD
3B4B
BC1E
3B9C
BC3D
3AE1
3BB8
BBCE
39B6
BC0F
BC5B
BBAA
3C62
3BAA
3BFD
BC4F
3CA7
BBB3
3C76
BC06
BA32
BC17
3BC3
3C39
BB9F
BCC5
BBC8
3A95
BCAF
BC2E
3CC9
3B42
3CB4
BB50
BB3C
BB13
BB29
BB8D
3C65
BC0B
3C0C
BC2C
3B0E
3B91
3B8F
3A1F
BC32
3BFA
3C89
BCBE
3C2D
3CDD
BC78
BC0E
BB5C
BCA3
BC0F
BC22
3AD6
3BD0
3C26
BCB3
B9D2
3BBE
3BE9
BAC0
BC56
BB53
3C7C
39F0
3C67
BCB7
BC42
BA91
BB10
BB05
BB27
3BD0
B9C2
3C19
B88D
3A20
3CA9
3AD8
BC2C
3C6E
BBB2
BBBA
3B5D
BBCF
BC0C
BC44
BBB6
BAA6
BC67
BCA1
3BC7
3C47
3C19
3B16
BADE
3B6E
BC1A
3B0F
BC16
BB17
BB8E
BC13
3B5C
3BD4
BB65
BC2C
3CB2
BB6B
3BA4
3B81
3C94
3BCC
3B9A
BBC3
3BEB
BBCB
BB4C
3C28
3C39
3BDE
3C4A
BB09
3C79
3AAA
BAB3
BB2A
BC0D
BBA2
BB05
3BA8
3C75
BC54
BB58
BBB9
3C63
BC29
BC15
BA32
3CB7
BC78
BC3C
BC39
BB84
3B6D
BCA7
3BCA
BB3A
BB60
BC73
3BDF
3C53
BBF7
B977
3BA1
3BD4
BC63
3CA4
3BB6
BC75
BBF5
BB4D
3BB4
3C12
3A99
BC91
BC1B
BBE0
BC1D
BC4F
BC21
BB49
BB42
3C3A
3C30
BC02
BC8E
BC6A
BBD3
3C21
3C18
3C40
39D6
BA3E
3BFE
3C4E
3B6C
BBA1
BC9D
3C06
BC52
3C00
BC80
3A49
3999
3AFC
3C4C
BB16
B9B0
3BFC
3B64
BB7B
BCD0
BCE1
BC0C
BBD8
3965
B9CB
BAFC
BC81
BB76
3B95
3B1B
3C67
BC02
BCB2
3C05
BBC2
3C81
BBCC
BC54
3C48
3B60
BC39
3BAA
BC01
BBE9
BBCE
3B6D
3C05
BC34
3B96
BC2A
BC89
BB29
BB4E
BC43
3B7B
BC2D
3BE9
BC04
BC02
3C43
BB76
3BE4
3BD7
3CBB
BCA3
3B91
BB7E
BC7A
3B5B
3BE7
BC91
BC48
BBE9
BC0E
3C7D
BC41
3C86
3ADA
BB2B
B9EF
BADF
BC4C
3C22
3C58
3B97
BB1B
BC83
3A31
BC59
3BD1
3A41
3C41
BC78
3BB4
3A36
BAB5
3A83
BAA9
BD0B
BC7D
3C54
BA03
BB2C
B931
3B19
3A42
3B25
3CAA
3C94
BA85
BB9F
BC22
BADC
BC83
3C2F
3A56
BBB0
3CB4
BA32
3C53
BBD6
3C1A
3AF7
BAB8
BCF5
BC3F
BC53
3C02
3C8D
3C0E
BBF3
BBCC
BC69
3AC0
BC21
BBEA
3C7B
BC00
BA4A
BB13
3C6B
BBA2
3BD6
3BF9
BBF5
BBC2
BBC4
BBCD
3AF1
BC51
BBB1
3C88
BBE9
BA31
3BC1
3C65
BC2F
BABA
3B79
BBB6
3B81
3C72
BBA1
BC44
BC13
BBD3
3B9B
3C32
3BD9
3D10
BB92
BAB8
3AFE
3CC2
3BD7
BC3A
3C1F
BC29
3BA4
BC00
BAF9
BB43
3BF2
3C16
3C96
BC1E
3C35
3B76
3CFD
BBF7
BBD9
3CA3
BA9C
3C9A
3C26
3BE4
3B2D
BCC4
BB29
BC68
3C8B
BAA5
BB38
3B6B
3B55
3C16
BC33
3C7E
384E
3CBB
3C4C
BC28
BBB9
3BD8
3C32
BBC5
3C44
BA7D
B98C
BC49
BB40
3C58
BC5F
3BEF
3BF6
BC09
BBF5
BB9E
3AC6
BC18
3BB6
3BAD
BC29
3B8C
3B47
BBE4
BBA5
3C80
3ABB
3B56
BC4F
BB82
BBBD
BBD2
3CAA
BAD0
BC9D
BC1D
BB8A
BCB2
BC46
BC05
3AB2
BB42
BAFC
BBD1
B821
3C08
BC0D
3C78
BC0D
BC94
3BA0
3B57
3C24
3C0F
BB1C
3C0D
3C2A
BC43
3B8A
BAF2
BC36
3C92
BB39
BC32
3B03
3B34
3BC9
BA02
3C84
3C33
BACA
BC7F
BA2D
BB50
BCC2
3CEB
BC39
BC04
3C81
3BDF
3BA3
BB51
BC22
3C32
3BCB
3BFD
3C19
3BD0
BB91
3C0C
3C16
BCA2
3994
3C0A
BC02
3AB7
BACB
3BAA
3C4A
3AB6
BCA8
3C73
3B71
3BF7
3B57
3B59
BA54
BC06
BC41
BC4C
BBEC
3CBD
BBF0
BBDD
3C3C
3C40
BC30
BC2F
BBFE
3B7D
BBA2
BB94
BC84
BB93
BC9E
BC3B
3BB4
3C46
3B9D
3AB9
3BDB
BC18
B9A5
3CA5
3C5C
BA87
BC3A
BCAF
BC7D
BB25
BC31
BC3D
3C47
3B21
BB33
BC6F
3BBF
BC1E
BBF8
3B0F
3C0B
BAA0
BBFB
BABA
3AE1
BC28
BB75
3AEA
3BA9
3C85
3BBB
3AE8
BC92
3BA5
3B83
3C34
BC51
BC43
BC77
BC61
3C95
BC25
BC3B
3CA7
3C0E
BC0F
3C16
3C90
BB7C
BBCF
3C06
3B4E
3BF2
3A2E
3B61
BCAD
BB7B
3B0F
3C9D
3C49
BC30
3BD9
3B8E
BC53
BC9D
3BEB
BB5E
BC1C
39D0
3C5A
3B67
3B8D
B9E4
BA67
3CB1
3C34
BBDD
3C30
BCD3
BC13
BB3C
BB91
3BF1
3C21
3C71
BB02
BB84
3B65
3B92
BC0E
BA84
3BEF
B9F1
3BBF
BC85
BBD1
3C2E
3973
3C8C
3AA6
3C92
BBB0
3BC7
3A86
BC64
3C90
BBA9
3BAC
3C33
3BEA
BC2C
BB8D
3C2B
3A6F
BB98
3C6B
BC05
BA29
BBB1
BBDF
3C36
3C06
3B3B
39F2
BB02
BCA0
3C02
3BBB
BAC5
BC06
BC2D
BC78
BC29
3B63
BB41
BC3F
3C65
3B4F
BB91
3AF5
BABB
BBE9
BBCA
BC4A
BA1F
BA6D
BB5D
BBE2
BBAA
3C5A
3A87
BC91
BAF4
3C03
3C6D
3CC6
3C90
3AEC
BC61
3C72
BC1E
3AB3
3A04
BBAB
3BA4
3C81
BC1D
3BCE
3BC7
BC3D
3C8A
3BC3
3B84
3C15
3B29
BC6A
BC01
BBFD
BA48
B8B9
3B88
BB3F
BBE5
BC65
BC71
BC4E
3BD2
BBD1
BBCC
3C25
BB36
3B02
3B5B
3BD9
3C9A
BC20
BB59
BC65
3B91
3C60
BC76
3B5B
BC62
BCC7
BA0C
BB0A
3C32
3C74
BAE3
3AB0
BC2B
3BA8
BC77
3BE7
3C25
3CA5
3BFD
3BF7
3AE8
3C04
BC19
BB64
3AD0
BC39
BC33
3BE1
BAF7
B996
BB84
3BC4
BCCF
3B1F
BB6A
BC61
BC11
3C5A
3A7D
BC5D
3BAE
3C95
3CA0
BB15
BBBD
3B67
3AD4
3C21
BC5C
3C31
3C42
3C22
BCAF
3A81
3C91
3BED
BBEB
3C58
3BB7
3C9B
BB8D
BBFE
3A31
BC53
BBE8
3B93
3B83
BAD5
3C0B
BA23
3C8E
3B8B
BAA5
3CA0
3C88
3C19
BC82
3BA4
BC32
3C6A
3CBA
3BB0
3B78
3CBD
BC79
3C72
BB22
3C83
BB15
BC45
BC2B
BCE8
392D
BC12
BC7A
BBDB
BCB5
3B61
3AD3
BC15
398B
3B16
3BB3
BC14
BB3F
BCA1
BB4E
BB93
BC81
BC4F
BB58
BBBE
BCAA
3C3B
3C3D
3C29
BC81
3C08
3B77
BB03
BC10
3BC8
BB71
36C9
3C73
BB59
3B81
3BA2
BBCB
3A7C
3B3B
3AE8
3C93
BB8D
390D
BB19
3BC1
BB95
BBC4
BC95
BB02
BC0A
BC14
3A29
3BBF
BD01
3C70
3C0B
3B30
3A14
BC1F
BC0B
3A37
BB83
BAFA
BC4C
BC18
BBF6
BC94
BB29
3C86
3C89
BBD0
BC39
3CB2
3B00
BC2D
3A88
BC01
3BA4
3C09
3B99
3AD4
3BAC
BC2B
BC90
BAA7
3BB1
3BA9
BC92
3A3A
3C6D
3BC6
3B2A
BBB1
BAE3
3C0E
3AF5
BBE2
3B91
3B09
3C12
3CA4
BB80
BB3F
3C1A
3A4D
BC06
3C89
BC89
3C03
BB69
3C72
BBE4
BBFF
3C82
BB47
39FA
BC2B
3B82
BAF2
3C22
3C47
3C95
3C03
BA91
BCBF
3C14
BCB3
3D0D
3B5A
BC2F
3BB5
3C95
BBF9
3BCF
39C9
BBE7
3A23
BBD8
BC24
BBC5
BC79
3B94
BB19
BC5B
3B9E
BC1F
3B95
3C0C
3C0F
3CA2
BBFF
3C19
3B2D
3B82
BADD
BB1F
BB3A
3BE9
BB75
BA93
BAA8
3C14
3C0B
3C15
B891
BABE
BCA3
BBA4
3BA1
3C29
BC4F
BAB7
BBD7
3BA7
3C20
3B7A
3CAD
BBD5
BC7A
3C50
BB82
BC31
3C04
BBB9
BC37
3C35
BC1C
BB98
3C88
BA30
BC0C
BC51
BB84
BC13
BC59
3C1C
3C95
3A95
3CA9
BC19
B973
3BCB
3B63
3AE3
3C86
3B2E
3BFC
3CC8
3BBF
3B4B
BA9B
38CE
3C2B
BB33
3B02
BB1E
3C0F
BC40
3C1B
BBD8
3B9B
3B99
BC1F
3C39
BBA2
3C60
3C54
3C07
BBDF
3C02
3BE1
B8D1
BA07
BB2E
3B9E
3B6B
BB77
3ADB
BCD9
BB2A
BB48
BB41
BA2F
3B8A
3BCD
3B45
3B8E
BB18
BC49
BB60
BB9C
BBA0
3A26
3B9A
BB90
BB83
BC22
3AAC
3CB0
38B6
3C14
BA4F
3C15
BB30
3BBB
BC17
BC42
BC96
3C57
BBE8
3B85
3877
3B80
BC2E
BB1D
BC94
3B8B
3B7A
3BD9
3C34
BBEF
3AC3
BA3B
BBCE
BBA4
BC89
BB7C
BC20
3C35
3C85
BB5F
BC14
B986
BC21
BC0D
3CC0
BC86
3C91
3BD1
3BC8
3B3B
BCC0
BB23
3B91
3B26
3C87
3BB7
BC04
3A4C
3C0D
BC1C
BB96
B9E5
BB29
3BA1
3B57
3BE2
BC66
3BC0
BCA8
BC5F
3BD3
3BDA
3C4C
3C7E
BBC8
3B88
BB7E
BAF9
BC95
BBB5
BC12
3BD5
BB91
BBE9
B9B8
3AAE
BB06
3C92
BA75
3B76
BC06
BBCA
BB05
3AC3
BC6F
3CC8
3C24
BC42
BB9F
3C39
3C3D
3AA6
3BA3
BBCB
3BD4
3CA2
3BE1
BC21
3B5F
3C49
BBBB
3B8B
BBAB
BBE2
3A9C
3B86
BC71
BB1C
BBC9
3C1F
BBBE
3ACA
BC83
BC07
BC90
3C72
BBD9
BA24
3B93
3C7D
BBBF
3BDB
3C9B
3C5F
BCA2
39CE
BC9D
3B87
BA28
BB6C
3BFF
BCDB
3B15
3BEB
3C6A
3C08
3C75
BC0F
3A0E
3C71
BA23
BB8B
BC64
3C64
BACC
3A12
BA8E
BB21
3B98
3BBC
3C66
3C6A
BBBC
3C76
BC0F
3BB1
3A9C
BA16
BBD9
3C93
3A33
3BD9
BB99
3CDB
3C1D
BC8F
BAD0
3AB3
BC1E
BC2A
BADF
BC04
3BB2
3B8D
3B1B
BC17
BB0D
3B8A
3BD8
3C5C
3BF6
3C1A
3C79
3BC4
3C65
3B7F
3BD0
BB74
3BBF
BB19
3AE5
BBD3
BC09
BBBA
BC70
BC6C
BBC0
BC07
BB91
3C0A
3AD1
3C59
BBDB
BC4A
BBA8
3C9D
3C0D
3BBC
3B9D
3932
BC86
3C8A
3CE3
BBED
3CB5
BC55
3C45
BBAA
BBED
3C48
3B19
BBF5
3AED
BAA8
BCAE
3C77
BB57
BC36
BBBE
3C34
B9E1
3A19
BC2C
BBB4
3BD8
3BB6
BBD3
BC17
BC38
BB78
BAF5
BBF3
B9F6
BB13
3B45
3B9F
BC28
BB58
3952
BB0D
3995
B9A1
3BBE
BC27
3BC5
BBDD
3C52
BACE
3BFA
3B98
3C1F
3CAE
3BEA
BC06
BBDD
3B04
3C23
3CB0
BC33
BBA0
3B81
3B43
3C71
3B80
BC35
3C45
3BC1
BBAE
BBF0
BB5B
BC41
BBDA
BC0B
BBB2
3C5F
39B7
BC0A
3B43
BAE5
3CBC
3C9B
3B64
3C2B
BC53
3BD1
3BB6
BBCB
3B98
BB07
BB9A
3CC1
BB08
3A83
BC10
3BC0
BC64
BA9F
38B4
3BEA
BC95
BB4C
B9FA
BC69
BB93
B95E
3C89
3C16
BB87
3BA9
BA94
3C5A
3B80
3C43
3CA2
3A5D
BC08
3BEC
BC35
B9BC
BBA6
38CC
3C2C
BB27
BB47
3C09
BCB0
BBD1
BBBB
3AA8
3761
BB7B
BC66
BBA5
3BD1
3B6C
376C
3C82
3BAB
3B2A
BC42
BBDB
3BD5
BBF2
3C02
BC0A
BC89
3B67
BCC3
BC76
BC27
3C40
BBFE
BBB6
3BD8
BC0C
3C02
BBFD
BBA9
3C2E
BB9D
BC48
3C0B
3C1A
3C29
3AAD
BA3B
3C52
3C02
BB33
BBB3
BACC
BC0E
3C2B
3C80
BC2C
BB9A
BA3D
3B50
BC7D
B6B3
3922
39DA
3B96
BB89
3AE9
BB5C
3CB6
3B16
BA37
3B08
BA43
BC5B
BC14
BC57
3BC6
BBE6
3B39
3B09
BBDA
BBBF
BC25
3BA5
3A71
3CA2
BD1B
3C78
BBFF
3C02
BB8E
3C1A
BC33
BB99
BAFD
BC06
BC42
BC99
3B77
3BFC
BB19
3B70
B80D
BBEF
3C76
BC93
3BDD
BC1C
BC0B
BBB2
BAC6
B9BD
BC26
BBA7
BC77
3B8F
BAAC
3C8B
3ADE
3A6F
BB31
BC19
3B99
BC16
BCB4
3CAB
BC13
3B4F
BC7B
BC62
B9CA
3B9A
BB54
3B03
BC92
B967
BC24
BC16
BB97
3B47
3C26
3BF6
BCB9
BB8F
BC93
3CB8
3C2A
BBE5
3B34
BC02
3C24
BC7D
3AFC
3BAF
3B98
BC00
3B23
BCF2
BB80
3C44
3BA0
3AEA
3AF6
BC50
BC7F
3BF0
3B5D
3C57
3BCD
3C20
BCA5
3C12
BAD2
3B11
3C1A
3CD7
BBEB
BC02
BC02
3A2D
BAB4
BAB3
3ADB
3B01
3B8F
3BBF
BC3F
3BEF
BBCA
3BCF
BC0C
3BC1
BA90
3C41
3C8F
BB50
390A
3C3F
3AAF
3C4A
BB37
3B40
3C72
3955
3C71
BB1E
BBFD
BAE2
3BD5
3C01
3916
BC8D
BC15
BB9F
3BDA
3B3B
BC5A
BC17
BB23
3BA8
3C43
BC10
BA53
BC65
BA27
3BF0
BB44
BC43
3ADB
3AFF
BCB6
BC8E
3A1F
B9FA
3C7B
BB3C
BB3D
3CC3
3C75
BBD4
BA13
BA03
BBB3
BBCD
3BEE
BBDD
3CF2
3C6A
3B9B
BBA2
3B5B
BBE8
BBB8
BC47
3C76
3B43
3BB1
3C4A
BBF1
BC5A
BC99
3C49
390B
BB1E
BBD0
BADC
3C4A
BBE9
BBB4
3C94
BBA4
BA54
BC92
BBBE
3B25
3C5C
3BA0
3C83
3CBB
BC45
3C26
BB4B
3BF1
3B08
BC1B
BC3D
3C0B
3C97
3C95
BBBF
3C69
3B83
BB35
BC90
3B43
BC27
3CB0
3A5F
3BE0
3C0B
BAAC
3B68
3B6C
3B5E
BD02
3BC1
B99D
BBB2
3BCE
3BEF
3ACF
BC20
BB33
BB6F
BC3A
BBAE
3CA6
3B68
3A5D
3B5F
BB03
BC41
BC57
3AB5
3BBB
3C18
BC16
BA3F
3B02
3B83
3B98
3BA5
3B02
3B7F
BA57
3C37
BB99
3B94
3C69
BBA2
3B90
3C8F
BC16
3AD1
3C52
BC39
BA96
BC1F
3BB2
BC26
3AA4
BB81
3B32
3BE7
39A3
BB68
BC5E
BBE2
3B91
BB1E
3C24
391C
3C17
BB51
3BB6
BB8D
3C37
3AE6
3BF7
3C4C
3C72
3C5B
3C87
3B38
3C0A
3C25
BCA2
BB44
BC74
BB30
BAA9
BC29
BC2E
3C87
3B35
BBFB
BBCF
3C78
3AE3
BB0C
BBA7
3B7C
BC42
BC22
3A0F
BC21
3B95
BC1E
BC07
BC11
BAB7
3C57
3A62
3C8C
3AA3
3AF3
3C3A
BB87
3446
BB35
BC60
3C06
3C9B
BC29
3BAA
3AF7
3AA8
BB02
3B02
3B28
BC65
BC44
3B9C
BBAA
3BE2
3CAB
3C08
3AF3
3C1B
BB50
3C90
BB99
BCD1
BC09
BB6E
BB82
BB4E
BC2D
BBC2
3C1C
BB0D
3BEA
3BFF
3C0E
3A55
3B8B
3C90
BC01
BC0D
3A9F
3C19
BC87
BA93
3CBD
BCC7
BBF1
BCB8
BC65
3C23
3C56
3B77
BBCE
BB69
BB5E
BC4E
3B9A
BC25
3BE9
3BA6
3C4E
3C33
BB42
BC37
3B68
3B8C
3837
3C0F
3985
3C4B
BB6B
BBCD
BC19
BB7A
3B9B
BCB9
3B75
BC1C
3C47
3AD1
BC26
3BD1
BBE0
3BE3
3C9C
3C31
3C20
3A3E
BAAD
3C23
BC38
BC03
3C75
3C34
3C5F
3975
BB6F
3BDC
3C4D
BC21
3B86
BC1A
BA7B
3CD6
3B37
BC48
3C5E
BA62
BB4B
3BDF
BB08
3C02
BC46
3C9B
BA81
BC5B
3BBB
3BD4
3CA6
3C52
BC8B
BBCC
BC07
3C97
BC4D
BAC4
BC45
3BEC
3C81
BB41
BB2E
BCA8
BBDD
3C25
3B6C
3B79
BB2D
3C4D
BB53
BBDB
3B87
3C13
BC54
3B86
B88D
3C50
BC9A
BBA3
BC47
BBD9
3C6B
BCBB
3B90
BAC5
BBAD
3BF6
3C58
3ADC
3B46
BB0F
3C36
3BC6
3BC0
3B82
BC99
BA4A
3B9E
BBA3
3C88
BBB1
3B66
3BCF
3BA6
3B6F
3B0E
3CA4
B990
BBAB
BCE1
3BA3
BC0C
BB97
3C44
BACE
3BC4
BC8B
BABB
3B5A
BC31
BC9C
BC01
3C28
3B60
3BE5
BB85
3C3D
39E1
BA95
BCD0
BAC9
BABA
BAEE
BC1C
3C06
3BF5
3C84
3BD6
3B50
BC37
BBA4
3AEB
3BD7
BB7D
BBC8
BB72
BBC5
3BCC
BA22
3BD4
3C3E
BA0F
3BB2
3BD5
BC4D
3C46
3C07
BCB2
3B86
BC1D
3B7F
BC07
BB06
3C0B
BBA7
BBE9
3C9D
3C18
BBF6
BC39
3CA4
BB4B
3BF6
BC82
BC21
3C9A
BC8A
3C7A
BC9D
BC03
3BD2
BBE7
3BD9
B9E7
3C5C
3C8E
3B08
BCC0
3B95
3C93
BC0A
BC0D
BBEC
39CC
BBBE
BB13
BA60
BC67
3B20
BC9D
BAD9
BC01
BB1C
3BD5
BBA5
BB1B
3C11
BC08
3BFA
BC4F
BC18
3C01
BBE6
BCB2
3C00
BC58
BC3D
BCA9
3C1C
BC0A
BBD5
3B58
3B72
3BA1
BBB0
BBBE
3BB8
BBA2
BC47
BB98
3C1D
BAD5
3B8C
BBB9
BB8C
3C1E
BBAA
3B44
39F0
BC10
BC2B
BC11
BC0D
3C01
3A90
BC98
BC60
3B5D
BB6D
BC8D
BB85
BC46
BB4C
BC3C
3BA9
BBB0
3BE2
3BF3
BC86
3B7C
3BB4
BAEF
3C8B
3B40
BBF6
3A38
BBE1
BAE4
BC55
3B8B
BA6C
3BD1
B920
3C64
3BE3
39C0
BB83
3BB3
BBC9
3C25
BC8B
BAC5
BB1F
3C62
BCE1
3BB0
BBB4
3C19
BC9B
3B06
BAC6
BBE2
3BEB
BCA3
BC84
3BB7
BC1A
BCA4
BC87
3C25
BB88
3C3B
3B27
3C41
BC02
3ADF
BC8C
BC82
BBCE
BC13
3A20
3CB2
BB70
3B53
3B3E
3B27
BC2B
3AC7
3B4F
BC67
BD01
3B2B
B9C8
BC5F
3A0F
3CB5
3AFA
BC18
3C0D
BCBD
BB75
3B11
3B27
BC60
BB66
3CD3
BBE6
3CD9
BC1A
3C10
BCC0
BC37
3C21
3B94
3BDC
3C66
BC7A
3BC4
BBB9
3BE8
B90A
3C1D
3B7E
BB27
3B85
3C83
3C8F
BBB2
BC21
BB79
3B38
3B6D
BB7D
BC01
BC70
BB0E
3C38
3AA2
BB70
BA91
BB9C
3B94
BBAF
BAAE
3A90
BB9D
3C4E
BB71
BC32
BC35
3CB6
BA75
BC4C
3C0A
B8BA
3C4A
3C4A
BC87
39F4
BA10
BC1D
39C5
BB65
BBC6
3B56
BCA8
3BBA
BB59
37C3
3C6A
38BE
3C76
BCD2
3CA2
BC28
BCA0
3C49
3B96
3C89
3B99
BBBD
BC5D
BB79
3C50
3B61
BCD3
3CB8
BA71
BBDC
BC49
3C75
3C8F
BBCC
BC86
3880
3A61
3B81
BC28
3B5F
3C61
BC9E
3A0A
BB9D
3C35
BBF2
3AD1
BC12
3B15
BC01
BC04
3BB2
3B2D
3C64
BBA8
3C81
BB16
BC2D
3B86
3BC4
BC2D
BC27
3B60
3BE8
3A97
3C19
BC32
3B9A
BBA7
BBB2
BC09
BD00
3C81
3A5B
BC81
3C25
3C94
BC8A
BC90
BBC3
3A9C
BCF0
BB80
BC45
3BB9
BC49
BC08
BB24
BB97
3B38
BB45
BAC5
3C72
BCB4
3BBC
BC3E
BBF1
3C1F
B9FB
3C49
BC8F
BC59
3B71
3C65
3B2C
3C13
3C4B
BB5D
3C20
3C78
BBDC
B9D8
BCBD
BBFF
BB23
BC7E
BC40
BC01
BC1F
BBB7
3BBA
BAF8
3A7A
BB82
3BE3
BB14
BBE2
3C31
3C9E
BB49
3A97
BB0E
3B1B
BC98
3BAF
BC0D
BAE2
BB5A
3A1E
3911
BC13
BBFB
BC16
BC4C
3C00
3B94
BB26
3BC2
BBE0
BAE8
BAD6
BB42
3C0A
BA96
3876
3BF6
3BD4
BB15
BC99
BB7F
BBAD
BBF8
B9AF
3B8E
BC03
BB91
B8FC
3B3C
BC80
3C0D
3BD6
3C6E
3BAC
3CAA
BCE2
BC44
3C21
BB94
3B98
3C30
3BB3
BCCA
3B88
BC6A
BB9A
BBBE
3B63
BBD5
3CC4
BB64
BC4C
BC0A
BB96
BC23
3C4E
3C96
3CA1
3B10
BB3D
3C3C
BC27
BA87
3C26
BBB6
BC2F
3B5B
3C7C
398F
3AD0
BB5B
3B57
BC7F
3BEF
BC4E
BB3A
3C4B
BC35
BC8D
3BD3
BB80
B97A
BB6E
BAFD
3B9C
3B86
BB70
BACE
3C97
BC72
BAFF
BB40
BC49
BC8C
3C09
BC5D
B994
3C90
BC3C
BC82
3C34
BC32
BC8C
3CCF
3929
3BD6
3BFB
BB24
3A9B
3BC5
3B99
BB3A
BCB1
BBC9
BBF9
3C50
BC07
3C80
BB36
BBF2
BC41
BC8C
BC3A
3C02
BB23
BCBC
3CB8
BC78
3A42
BC95
3B86
BCCC
3ABD
BC1F
3CD4
BC3D
BC12
BA1D
BBFA
3C6E
3C14
3C0E
3AF8
B9CC
BC16
3B79
BC41
BC67
3C9C
3B8B
BC84
3C70
BC31
3C28
BC29
B97B
BC82
BBB6
BBA1
BC8C
BBF5
3C5F
3B3B
3C7A
BC2B
BBB8
3B8A
3AC5
3AD2
3C58
BBCD
BC5D
3C9C
3A20
BC24
BC41
3A3E
3AF7
BB83
3C7B
3AC4
3B88
BC23
3A9C
3C4E
3CA7
3C43
3BDD
3B24
BB20
BB1B
BA41
3C53
3B31
BCA9
BC10
BC54
BC7F
BB29
3BAD
3B41
3BE0
BB82
3C8B
B99C
3BFA
BBC6
3CA7
3C61
BC46
BBAB
3C8B
BCA2
BBCB
39EC
3B8F
3C4D
BC73
BBBA
BB9C
3C38
BA8A
BB80
BC63
3B37
BBFB
3C8E
3BE9
3B97
3C45
39CB
3BD7
3BC3
BA90
3C61
BC2D
BC2B
BBDF
BC30
3BF7
3B92
3CB9
BBC1
3C1B
BB80
3C06
BC1C
BBD7
BAFD
3B4A
BA8A
3C31
3B4B
3C57
3B54
BC05
BBD4
3B9E
BA75
BBC0
3CA0
3B9C
BB69
BB65
3AA2
3ACB
3B40
3BA7
BB97
3B37
BC61
3C5D
BC43
3CCB
3B95
3CC6
BB79
3C9D
3BF4
3C2B
BB76
3C6D
B8F7
3CBA
3C36
3BED
BB19
BBCE
3B2E
3C9C
BB74
BB05
BC2B
3BE3
3A16
3B39
3BF6
3B6E
BBC7
BBF1
BB74
BC19
39E8
B968
BA98
BB5D
3C8A
3B05
3B01
3B58
BBA8
BBDD
3C83
BBD5
B9C2
3B6C
3BEC
3B80
BBB5
3BED
BC67
BB4F
BC2B
3C0F
BBDC
BB75
BCCB
BC47
3B91
BBB1
BB7E
3C5D
3B95
3BF1
391F
3C20
BC2E
BB95
BB82
BC02
3BA2
3AFA
BC3C
3C84
BC6C
BB59
BCFD
BACA
3C21
3C58
3B53
3BCC
BD11
3B21
3BF0
BB36
BC1E
3BB0
3C31
BC1C
BCAE
BBA2
3C1D
3AF4
BB3B
BC0F
3B96
3BEA
BCA4
BC92
3C19
BC9E
BB67
3C2D
3C45
3BE9
BBF9
3C96
3AB6
BC07
BC16
BC4F
3B1E
BBCD
3B90
3BC2
3B22
BC89
BB56
BBFB
3C0A
BBD8
BB81
3CBB
3C15
BB91
3B2B
3C84
3C36
3C78
3A98
3BF0
3C10
BB35
3C0E
BBCA
3B1A
BA5C
BBED
BA8B
BC21
BC87
3C32
BC0C
3BBB
BAF8
BBB2
3B69
BAA8
3B97
3A23
BC0C
3C05
3C4A
BC24
BBC6
BC28
BB89
3AC7
BC0E
3B79
BC8C
BB5F
BC11
BC54
3BA3
BA27
BBCA
BB69
3C3A
3863
BB11
3BC8
BC5A
3C6C
3C29
BC10
3BD9
BBEF
BC35
BC7B
BC0C
3A4E
BB54
3B22
BC7D
BC26
BC5F
BB5E
BAFE
3C7D
BBC2
3B06
3B45
3C33
BB79
BC85
3CF3
3C24
BCA3
3A36
BC50
BC53
BC1E
3AA6
BC13
3C8F
3B7D
BCA7
3C03
3BEF
BBE1
3BBD
3B4C
3B68
3B26
BC8B
BB31
BC64
BB1E
3A62
3B50
BC78
3BC2
BC89
BC3E
BC81
BCA9
3BC4
3C9A
3C3C
3B68
3A18
BBFB
3C17
3C18
BBE5
BC8E
BC0C
3C4C
BC1C
3ADD
BBFF
B9E9
BBCF
3BFA
3AFA
3C30
BA51
B92A
BC62
BC50
BABA
BC18
3CC1
BC73
BBD8
BC78
3C84
3B2C
BB33
BBE1
3C26
3C32
BAE1
3C2C
BBE6
3BB6
BBD5
BB41
BC5B
3C42
BB3A
3BFA
BBBB
3AFD
3C3A
35A8
BB13
BC94
3C53
B9B5
3A7E
3AEA
BC12
BC2C
3B60
BB6C
3BCC
3C19
3C11
3C3D
BC5A
B7D1
B950
BC9D
3C7E
3B70
BC50
3B03
B690
BB9D
BB75
BC0E
3C94
BC0D
3C7C
3CCF
BB13
3C1A
3BF3
BB97
3C3D
BA9F
BB89
3AD5
BB99
BC63
3A23
BA31
BA8A
BC22
3C78
BBB4
3B91
3A10
BC0E
3ACB
3BBF
3AF7
BC31
3B33
3CBA
BC55
3C82
BC8A
3B97
BBE6
3BAD
BB8F
3CB0
3C05
3CBA
3C22
3C21
3AE1
BB29
BB76
3AE5
3AA1
BC92
3C06
BBD1
3C01
3AED
3C43
BC4B
3B3A
3AA9
3C3B
3B85
3C21
BC16
3D0F
3ABC
BC44
3C86
3C21
BC53
BC6D
BC5F
3AB4
BB91
3C93
BC03
BA1D
BC0A
BB46
391F
3C84
3C6B
BBF6
BCAD
BB7B
3B91
3C8F
BC24
3A9A
3BB9
BC21
3BE3
3B24
BCDD
39A6
3B54
3C40
BC55
BC2E
BC35
BC81
3BA4
BA93
BB99
3C2A
3B7E
3CB6
3CCC
BC12
BB8D
BC03
39DC
3C42
BC11
3A53
3BA4
3A60
BC56
3A03
3BF8
3ADB
3C22
3BBD
BC77
3C25
BC10
3C14
BC66
3CCC
BC37
3BC7
3AE1
BC47
BC01
BC5E
B925
3BA2
BCA6
3C2C
BB38
BCB2
BBBB
BAE8
BD0A
BC8C
BA5D
BADF
BC1A
3C4C
3AAD
3B9A
3AAC
BA3B
3C44
3C33
3B34
BAF2
BC74
BC30
3BE9
39B7
3B1C
BBEB
3C12
3BBD
3A2A
3C16
BC5D
BC73
3B83
BB65
BC22
BB46
3C06
3B5E
3C83
BC23
3B92
BB85
BC1B
3C62
3BD4
3C24
BC98
3C20
3C19
BC36
BC24
3C54
3C2F
3CA9
3CBA
3C54
3C82
BB53
3B2C
BCBD
3CE5
3C6F
3CC5
3C6F
BB2A
BC87
BC25
39DA
3CA4
3B42
3B3B
3C50
3C15
BBFF
BC99
BA6D
BC48
BC74
3B2E
BBBC
3C02
3B83
BBE7
BB33
3C08
BC27
3B10
BBCB
BC04
BC80
3BBE
BB66
3B99
3C59
BB2B
3C98
BC57
3C0E
BB0F
BC6A
3A44
3CA8
BBF1
BBAC
3B8F
B928
BB57
3C93
BBB6
BC73
B9B7
3CC0
BBA7
3A93
3936
B8CA
BACA
3BCB
3B17
3B8D
BBEA
3C86
3C0C
3BAC
BC87
BCA1
3C07
BC7F
BB4E
3C1F
3B1C
BC1B
3AC4
BC0B
3AF5
3B26
BB92
BBA3
BBE3
3AFF
BC93
BBC9
3B6A
BB0A
3CA1
3B42
3BE8
3BF7
3BD1
3BA8
BB7F
3C1D
BB88
BBC1
3BF1
3CC6
3C4E
3AA4
BB3B
BBC1
BB66
BC63
BC4F
3C19
BB98
3BB3
B9A9
3C2C
3C8E
BC1E
3C52
3B02
3B9F
3B37
3C74
3B2F
3BC2
3C2B
3AAB
3BA1
BB75
3C04
3BC1
3BB2
BC2F
3C45
3CBA
3C5F
BC1D
3CBA
3C83
BC79
BAEE
BC07
BA45
BC9A
BB78
3B9C
3C3C
3B4A
3BC4
BBC2
BC4B
3CD2
3C54
3A2B
BB94
3CA0
BC2C
BBF0
3A46
3C56
3B26
BC55
3B85
3AEA
3C2E
BB28
BA95
BBC3
3C11
3BB5
3B60
3BE9
BBEA
BD0E
BC12
3C81
BA96
39AB
3C9F
3C81
3A9D
BB65
BC94
3C35
B980
3C45
BA95
3B71
BBD3
3C9D
BAE6
39B6
3C1C
3B80
3C29
3CA0
BC6B
3A99
BA36
3C20
BC1D
BC1E
3CC7
BA4F
BCCC
BA6D
BBA8
3BBB
3C30
BC9E
39F8
3B6D
3A46
3B88
3C71
3C0A
3C5A
BC23
BC1F
3C19
3C46
3B88
3BA7
BBA3
BB58
BC45
3BAE
BC28
3CA1
3BBB
BC3E
BAB9
3AA8
BC2F
BB15
BC11
3BAD
BB8E
3C48
3C4A
BC4F
BBF0
380A
3BE6
3C1D
3BF8
3C2E
3C0C
3CCC
3C27
BB29
BB3C
BC75
3BE1
3C09
BC0A
BB27
BCB1
BC17
3C37
3ACD
BB56
BC40
BAA2
BB81
BBD6
BB86
BC8A
3BEA
3BC7
3C35
BB3D
3B53
BD0C
3C27
3C50
BAC7
3BF5
BC60
BC86
BC47
3B7A
BBE2
3B71
3AEB
BADB
BB58
3BA8
3AD2
BC1B
BC38
BBC2
BC1C
BBC3
BA24
BC03
BC23
BC32
3BC3
BAB1
BB37
B9AC
3BEE
BBF7
BB41
3ABD
BA3F
3C5B
3C5B
BAA6
BC3E
3CC1
3B4F
BC4A
3B09
39EC
3BD8
BC7E
3BBC
3C22
3BB6
3C4B
BCBE
BB8B
3BBA
3C2F
BB01
3C13
3D0F
3CEB
3B72
BBA3
3C28
3A86
BA40
3BE8
BAE0
3BCD
3C8B
BC4B
3BE2
3C33
BB6A
3CC1
BBD4
3AC9
3AFF
3B81
3CED
3BC6
BC38
BB84
3A45
3C1F
BA68
BC88
BB90
390F
3B89
BC68
BB1A
BBD5
3BBF
BBF6
BC44
3C9C
3C09
BC86
3C5E
BA83
BBE1
BB10
3C75
BC91
BBFF
3C06
3B8E
BC12
3B41
BC30
3959
3C5E
3BB8
3981
3CA0
3C82
3AC5
3CC1
BCD9
BB0A
3C03
BC16
BBAB
3BFF
3A72
3B66
3B7B
BC19
BC97
3A59
3BFD
BC4A
BB69
B8B8
BC85
BB57
BBC1
BBDF
3A0D
3CAE
3C52
BC65
3CC4
BB61
BCFA
BC4A
3C72
BBAD
3B6E
3CA9
3C43
BC02
BB53
BC07
3B63
3C44
BBA4
BC6B
B9D5
BC23
BC2D
3B86
3BDE
3B24
3CEB
3C66
BC32
3CB3
BBB6
BC06
BBC5
BB8E
BB92
BC99
3AE8
3B68
BAF3
3BE9
BBE6
3B29
BB7E
BCF5
3B8B
3C90
3BE5
BBB1
3B81
BC06
BC8D
BB89
3C07
3B14
3B94
BC0C
BCA1
3BDF
3CFB
BA3B
3C2B
3C04
3C82
BA86
39C7
3A5F
BC6D
39CC
BC48
3C0B
3AC4
3C49
399E
BB4E
3B87
3B5B
BB6E
BC6F
BB66
3C8B
3C02
3B8D
BC34
BA99
3A3B
3CA5
3C55
3B3C
BC4D
3B48
3CBF
3BF1
BBAC
3B89
3C87
3B5D
BB25
BC98
BC05
BBDC
BB9F
BAC4
BB2E
3B40
BBAB
BC2C
BC16
3C3A
BBE7
3C88
B6D7
3CC0
BC6D
BBA4
3B31
BC4C
3B2D
3B15
3B43
3BD1
3C06
3B57
BB43
3C1B
BBE8
3B79
BA75
B9E6
3C23
3C66
BB6A
3C85
BBDD
3B36
3C92
3CD5
BB67
3C83
3AAA
3C7A
BABE
3C30
BC18
3B85
BB67
BBE8
BC6B
3B06
3C66
BC88
3A82
BBA4
BC5B
BC97
3BB6
BB1A
3B67
3BB2
3C17
3B8D
BC76
BCB1
BB5A
3BC0
3B3E
3B3E
BC9E
3B6D
3BEB
3BFB
3BA4
3C9C
BC57
3C85
BC31
BBD2
3C53
BCD2
BBD7
3CA5
3C4E
3B2F
BC3A
3AEA
BBBA
3C1A
BBB8
BC53
3B8A
3A3C
BC0D
BA39
BACE
BC9A
3CB7
3B74
BC16
BC5C
BB8B
BB03
3C1D
3C00
BBB8
BBE9
BC2C
BC6A
3B88
3BE0
BC14
3CA6
3C36
3C67
BA18
BC26
3B4B
BC7F
BCA1
3ADE
3B62
BC0B
3C2C
BA4E
BC4D
BAC3
3C21
3C1B
BB9D
BC1A
BB0D
BC29
3B93
3BC7
BC20
BB90
BBF1
BC3C
3BA7
3BC6
BBA1
BBB4
3C0F
BBFA
3B08
BC1F
BB29
BB1B
BBCD
3B62
3C11
BC20
3C52
3C6D
BC5A
3C6E
3AD4
BCC6
BBB0
3B0C
BC1A
3C59
3CC9
BA93
BCA3
BCA2
BC5D
3C44
3BE6
3C51
3B89
BBA6
BCB1
BA52
BCC4
BC51
BB5F
BC1B
BAD1
3C27
BC01
BBC3
3C03
3AED
3AAA
BB4A
3AA5
3ACC
3A91
3B9F
3B39
BBA7
BC94
BC42
BBBA
B841
BBD1
3C74
3B8C
BB4F
3C79
BCDE
3C8A
BAA2
BBA6
3C29
3CA5
3C89
BC59
BB9D
3C2E
BC2B
3AB6
BC53
BBAC
BA08
38FC
B996
BC11
BC7B
3A77
BC29
381C
BC59
BA55
3BC4
3C24
BA14
BB81
3C3D
3BE8
BC39
BC07
BB1B
BB29
3957
3BD0
BBAF
3A81
B9CE
BACB
BAC5
3966
3BAE
3C58
BC9C
BBC2
393A
3A7C
3C1D
BB12
B9F5
3C54
3ACA
3C52
BC51
BC22
3BC3
3BA0
BAB6
BBD7
3C8D
3B63
39F8
3A61
3B9B
BC85
BC6A
3B77
BB25
3B9A
3B86
BB77
3BED
BC3F
BBFD
BB98
3AC9
BC58
BB83
3A61
BC06
3C43
3BE8
3C10
BC65
3C32
39B3
3CA7
3B9F
BB01
3B97
3BB6
BBAC
B9C8
3B01
3B11
3BAE
3BB2
3B98
BB11
3C04
3C59
3C94
3B8D
3C88
BC0E
BC0C
38BB
3BB8
BABF
3C42
3C95
3C45
BB84
BC77
BBB3
BAA9
BAAB
BA9E
3C97
BB97
3C28
3C59
BB82
3BC5
BC15
3BC2
BC9C
BB16
BC83
B9CE
397E
BBED
BC4B
3ABD
3C1A
3B67
BC97
BB10
BC09
BC30
BAA0
3C49
3C1A
3AD9
3A53
3BC6
BB91
BB55
3B55
BC67
3C01
3C97
BC50
BBD2
BB80
BB35
BC00
BC17
BC61
3C8F
B7EE
3916
BC91
BB96
BC50
BC19
383D
BB0A
BB27
3C2D
3B56
BAEA
BC18
BAA7
3B9B
BBCE
3BCC
3B46
BA10
BC32
3B70
3C5C
3CA3
3C31
BCC2
BB03
3A4F
BC09
BBF4
3A59
3C26
3C20
3B12
3C98
3B24
BC5E
3C88
3BF1
3B81
BBA7
BA43
BC07
3C2F
3C12
BB90
3BB8
BBE9
BB51
3BB4
BBC4
BBD0
3C5B
3C16
3BF4
BBFD
BAFC
3B49
BB54
BC05
BC2A
3C3F
3B8A
BC38
BB0F
BB92
BCDE
BBE4
BBB0
BAEB
3B1E
3BF4
3993
BB82
393C
3AD4
3C13
BC43
BC10
BBBA
3C54
BC72
BB7D
3B84
3BE4
3AEC
3C30
BBA4
3B30
3BB1
3A2D
3C5F
3C1B
BB93
39B1
3BFA
BB51
BBA4
3B10
BA06
3C19
BC87
BAD6
BA54
3C70
3AD0
3CBB
B9DF
BB79
3C13
3BF8
BA44
BA4B
3C5D
3B73
BC58
3832
3A52
BC02
BAD7
3C04
BB93
3A88
39BD
BB15
BC5A
3B8D
BBEF
BC64
BC5A
BC94
3B0D
BC98
BC2E
3C66
BC84
BC2E
3BE0
B9B5
3C9B
3BE6
3AAE
BBB4
3B6F
3C46
3BC9
38A7
3BF7
3BD9
3BBF
3C87
3AA0
3BA1
3B18
3B5D
BC6F
3C01
BC70
3B92
BC68
B9D4
3A30
3A45
3C2A
38D3
BC26
BBE6
B915
3A95
BBA1
3A0F
3CC4
3BA1
BADC
B96F
3BF4
BC09
BC19
BC2D
BC04
BC14
3C5D
3B54
3B16
3BA8
3C18
3BE6
BA65
BC04
3BA4
BB4A
BB3D
BBD2
BB75
3BD6
3B53
3BEE
B984
3C18
BC7A
BB62
BBFE
BB7E
BBEC
BBD2
BBE4
3B95
BAB8
BA83
3C8B
BB0C
3C92
3BC3
BB8F
3BD5
BC1C
BC37
B95B
3B85
BBA5
BC04
3BE5
B911
3AF2
BBDC
3A58
BBB8
3BAE
BB13
BB98
BA36
3CAE
3C8E
BC63
3B4B
3BC4
3C0B
BBB4
3C6A
3C17
BC33
3C2C
BCB3
BC36
BA9D
3A99
3BBC
3BE0
3C49
3C4B
3AC0
3BBE
3BD1
BB3E
3BB3
BACB
3A98
3C55
3AC1
BB45
39BB
BA04
3C42
BB5A
BBF1
3B24
BC5C
3AA2
3C2C
3C93
3B96
BBD5
BC43
BC27
BC13
3BDB
BA2C
BC4A
BBBD
3BD0
3C68
BBAC
3B48
3BAE
3AFA
3C1E
3C0A
BB27
BB65
3BF4
3C95
BC37
BB0F
BCBE
3C75
3BA4
BC53
BC9B
BA8F
BBC7
BBC7
BB9F
BB9A
3B39
BBB4
3BAC
BC3E
B9BB
3C65
3BBD
BB92
BBE3
39E4
BC8F
BBC5
BAF5
BB98
3BA3
BC46
3BA5
BC6D
BC13
BA9D
BB93
BB1F
BC22
BA7B
BBC5
BC28
3BD1
3BEA
BC10
3BB2
BC32
3C15
3C60
BC0B
3AA3
3B79
B9F1
3C23
BBEA
BC19
BC13
3BBD
3B76
3A54
3BC0
BBBB
3C03
3B39
3B60
38A9
BA8A
3C5E
3A24
3C0C
3B96
3BF9
BB64
BB77
BBC9
3C0E
3C87
3B76
BC72
3B18
3B76
3C94
3B89
3C28
3B9B
3BE3
3A83
BBE2
3B3F
BBE7
3C81
3C3C
BAFB
BC0C
BB8D
BB5D
BA4E
BC31
3C8E
BCA7
BB45
3B92
3B05
3C05
3AA7
3C16
3B63
3B8D
3C8D
3B37
3B77
BBD8
BBA8
3B8C
3A55
3C5F
3C06
BA37
BB7F
BC1A
B957
BBB6
3BD3
3C8E
BAE8
BB5F
BBB0
3C41
BC62
3B8D
BB7E
B802
BB0C
BBEE
BBE6
BAD3
3B66
3C02
BB1C
BB8B
BB0E
3C19
3BDC
3C07
BC29
3AF8
BB24
BB10
3BE8
3AFD
3B8C
BB88
BB74
BA81
3BC1
3B1E
3B9C
BC58
3C1C
3BA6
BB8D
BC8B
3C16
3A9E
BBE5
BBF8
3A1A
BA84
3BDB
BC29
3C0B
3B23
BC00
3C04
BC61
3A6E
3B6E
3AD9
BBA0
3C2E
BB3B
BB70
BA95
3C17
BBC9
3950
3C32
3C16
BBE8
BB8F
3CA7
BAB4
BB09
3C39
3AD8
3BA4
3B4F
BB74
38D3
BB4C
3B77
BC0C
BB49
3B43
BBDA
3B47
BB09
3BB4
3C05
BBBA
BB7A
3B9D
BA90
3BAB
3C2A
3C3B
3C36
BA48
3BED
BBEF
BC0C
BBE1
3C9E
BB7E
BBB0
BB30
3C86
BAC3
3B16
3C21
BAA2
BB5D
BBC1
BACD
BC04
3BD1
3BD6
BC1D
3CB8
BC0A
3BD6
3C05
B990
3BB4
3C20
3B1F
3BA1
BCAB
BBFF
BC19
3BFB
3C10
BCC9
BCA3
3BB7
3BAB
3B95
3C28
BC93
3C13
3B3F
3B11
BB23
3A3A
BC86
BABD
BB6E
BB2D
BA96
BBE2
BBDB
BBB5
BBB5
BB0E
BBC1
BC25
BAE7
3BD8
3BB7
3B88
BBF6
BBCB
BB12
BB46
BB7C
3B17
BC25
3C43
3972
3C52
BC20
3C11
3BB1
BBE9
3BC9
BC77
3C5F
BBB7
BBA3
BC88
3B30
3C1F
BA8F
BB80
3C67
3B37
3BD3
3C47
BBAD
BC18
BC4F
BB3E
3B69
3C60
3C0D
BA61
3A9A
3C18
BBED
BA6D
B797
BB3E
BB09
3C7E
3A81
BA05
BC43
3BA3
3C4E
BC5E
3B86
3B80
BC57
3B8D
BC00
BC2F
BAD5
BBEE
BB3B
3B94
BC93
3BC0
3AE8
BC14
BBEB
BC32
3B31
BBC2
3C41
BAE3
BBD6
BBF9
BB1A
BABA
3C8A
3B84
BC1C
B724
3B24
BC64
BB73
BB82
3AA7
BBB7
3C0B
3BA9
3C9A
3C02
BB24
BA9B
BAF9
BC21
3B1B
39B1
BBAC
3C23
3BB6
BBEF
3B5E
3C1E
BA54
BBDA
BC3F
3C36
3B9E
BB38
3B6A
BB9B
BBD0
BBBA
BBC5
3C09
3C5E
BBE4
BBA1
BB9F
BC91
3BF4
3AAA
BC0F
BBF3
3AED
BBC6
BA92
3C40
BBB9
BB20
BC85
BB79
39A6
BC11
BB59
BB8B
BA22
3AFF
3C07
3BB3
BC3D
3B0D
BAF4
3C2B
BC3C
3A9C
B9B4
BC12
BC45
3BB4
3C39
BB96
3C69
BADE
3BC6
3B63
BBCB
BB8A
3AAA
3AFA
3B0D
3B29
BB9D
3B2C
3B75
BC16
BC66
BBE8
3C74
3ABA
3B91
3C62
3BA0
3A22
BB90
3C84
BAA0
BBDC
BBA5
3BBA
3B80
BB8C
3CAF
3BFE
3AEF
BB92
3C1C
BBA0
3BF5
BC7A
3C53
BB82
3C4A
3B07
3C2B
BBDB
BBA1
BC76
3B79
BA18
3AE5
3B5A
BBF5
3A55
BB5C
3B6F
3C13
BB14
3ADC
BC0B
3C2E
3C6C
BBA2
BA92
3B41
3BE6
BB7D
3C39
3AEE
3C1A
3B09
BC69
3B9F
3C30
BA51
BC18
3ACB
BC05
3ACB
3A25
3C0C
3C06
3B0F
BC0D
3B9C
BC1B
3A9F
3C15
B9DF
BB57
BBC6
BC64
3C9D
BB66
BB66
BC28
3A0F
BB04
39D8
3BCF
3B58
BC24
3C35
3B45
3910
3C8B
3CB5
BB9D
BC63
BBE7
39FA
BB7D
3839
3C66
BBD4
3C47
37DC
3B87
BB09
BC3A
BB91
BAD7
BC0D
3B36
BC16
3B15
3B74
3C5F
BC0D
3C1A
3C96
BABE
BA4A
BBB9
3C93
3C0D
3A10
3C01
3C37
3C56
BAB0
BB49
3BC4
BB0E
3C85
BC53
BBD1
3B3C
3CAA
BC7D
3C23
BC41
3B80
BBF7
BB21
BC86
B9F8
3894
3C45
3B1A
3986
BB57
BC5C
BA07
3B86
3C6E
BC9C
BB56
BBD4
39A8
3C36
39F2
BB00
3C4D
BB2B
3C41
BBD6
3C22
3C0D
3ADB
BB63
3A9A
BA9E
3A90
3C32
B981
BB74
BB93
3C33
BBDB
BC1E
BC2E
BC87
BC4F
3BA7
3BC3
3B46
3C8F
3C2C
BC27
BB8A
3B16
BB5F
BAFD
3C1E
BAA7
BA68
BB94
BAC2
3A3D
3C7A
BBB9
3AB7
3A23
3B80
BB88
3B6A
3C28
3BCC
3BDE
BC20
3B1C
BB2D
3B4D
BC2B
BA6F
3BB7
BC0C
BACB
BAD6
3BCB
3A0D
3C38
BC69
3BDD
3C48
BBF5
BC39
BBD0
BBFA
BCB9
BBB9
BAD9
3B1B
3BB3
BBB2
3C89
3C56
BB86
BB15
BB6E
3B8D
BB30
BC71
BC6F
3BEF
3B3B
BC98
3C9F
3C45
BB30
3BCB
BBD1
3A75
BB98
3C06
3A89
BB75
3C2B
3C91
BBFA
BBA8
BB26
BB9A
3BB8
BB38
39C6
B9C2
BC3B
3B04
3C3C
BB01
3C34
BBFC
BC25
BC31
3C44
BBB3
3B9E
3C06
BC20
BC54
BB5E
3B2B
3B5D
3C15
3C84
3C90
39EC
BC34
BBAF
3C23
BB9F
BB66
B9E8
3BAB
BB2A
3BFD
BBCC
3C23
3CB0
BAF2
BC15
3BAB
3B3E
3BCD
BB6A
BC5C
3C26
BC03
BC60
BC44
3C59
3A10
BC17
3BE0
BAC7
3A8C
3C8B
3C2C
BB86
B8E6
BC58
BBD7
3B21
3B86
BB06
BB14
3BC8
BB8B
3C9A
3B8A
BBCF
3C1A
BC91
3C2C
3B48
BC60
BC7C
3C2D
3BAB
3A1F
BC2E
3BDF
BB88
BB4B
BAE2
3B73
BB69
BC3B
3BE0
BC47
3C0F
BB2B
3B3C
3C6C
38B9
BBC9
3A72
BA6D
BC08
BB11
3A8B
3C0B
BA5F
BA08
3C96
BC67
3ADE
3B11
BC0A
3A49
BBA3
BBC1
BBA0
BBD9
3A9D
BB3E
BC2E
3BDF
3C2A
3BAC
BBC5
BC8E
BC18
BB8B
3A90
3B97
BC8B
BB61
BB16
3C7E
3C14
BBE3
3BD1
BBDA
BB85
3C62
BC4E
3C2E
3BB1
BB99
3B6E
BC01
BA3F
BAA7
3C40
3BA4
BA89
BC36
3C8C
3BEA
BC54
BAEF
3C13
3BC8
BB9C
BC45
3BC9
3AB5
3BFF
BB8D
3B03
BC09
3C61
BA1B
3947
BCA4
3BF4
3A27
BBD0
3A88
BC85
3AE1
BC34
BAD2
3AB9
3B57
BB5E
3A8C
BC4C
BB0E
BC82
3C01
BB18
BB2B
B9C8
BBD6
BB52
BB9D
BC33
3C9D
BB12
BC75
BB70
BB94
BBE3
3B91
BBA8
3CA5
BBDF
3B8A
BBA0
3A9E
3C27
3C6A
BBF6
3A90
BC12
3C91
BAFE
3AD3
BB06
BB91
3C4D
BBE6
BB7C
BC75
3C66
BC05
3C0B
3BD7
3C2D
BB7F
BB0E
BC12
BBC0
BC0B
BB21
BBCC
3A92
BBB1
3AE8
3B57
3AE9
BBDE
3BC8
BAAF
3BD2
3C06
3C76
BB77
BB9B
BC49
BC3B
BC5E
3C3D
3C23
3C51
3B79
B989
3B92
BC06
3B03
BB8D
BB4D
BC5D
BBD3
BBB1
BC0A
394C
3BC7
3BDB
3C93
BBC2
BC33
BAFB
BBA9
3BD3
BB37
BB97
BC9D
BB01
BB86
BC0E
3C07
BC50
BB0A
BC46
BB62
BC4B
3B92
3B01
3B59
BC96
BC44
3BDE
3B9F
BBD3
BC18
B796
3B42
3BC4
3A8E
3BAD
BBE9
BB2F
3BAF
3B31
BB63
BB2B
BA8B
BC88
3C02
3BA8
3C6B
3BA6
3BA7
BC01
BAEA
BC36
3B7D
3B83
3BCD
BB0E
BBC7
B8C7
3C08
BA80
BB94
BBF6
BB60
3A80
3A77
BBEF
BBBF
BB4D
BC1E
3BF1
3C29
3C77
3B49
BB70
3C38
BBDC
BC54
3BA6
BADB
BC1C
3A64
3AAD
BC04
B9B8
3A14
3C8A
BC12
3C82
BBF9
BC79
BBB8
BBA4
BC3A
BAEB
BA1A
BACB
BC8B
3C55
3C58
BA52
BB38
3C01
BCB8
3BB4
BA3B
3C6D
3882
BAD1
BBB6
3BDE
3C0F
BC25
3A30
3BE8
BAFB
3AC5
BBF7
3AD7
3B0F
BC12
3C19
3C95
3AD1
BB03
3C05
BC23
3A11
39D7
BB20
BAC3
BC56
BC3D
BC12
B9A3
BB2D
3BBE
BBFA
3B68
B914
BB3C
BC29
BB5A
3AC2
3BAC
BBED
3AFE
BB3A
3C24
BC33
BA93
BA8A
BBEF
3BA2
BC3C
3B8F
3BC4
BC1D
BC0D
BCA1
BC15
BB95
3A2F
3C30
3AA7
3B67
BB6D
3C2E
BBE5
3B0A
3A67
3C21
3BBA
3C03
3A8C
BC62
BB0B
BB48
BCA1
BB68
3A84
BC4F
3C97
3C20
3BC9
BB92
3B97
BC14
BC2D
3C6C
BBDF
BBA9
BA0E
3C34
3BEC
3B80
3B94
3BCF
BB08
BC0D
3C06
3B56
BC48
3C3B
BB4F
BB80
3A57
BC19
BAEC
3C3B
BB9A
3C57
BC01
BC43
BC58
BC1F
3C44
BC37
3C22
3A9A
3C16
3B9A
BBF9
BB67
BC83
BB88
BC20
3BA5
BB11
3BD8
3C52
3C25
3C54
3B01
3B69
3BC4
BA2D
3B18
3C0D
3C56
3BBF
B9E0
BBC6
3ACC
3C92
39A7
3BCF
BC24
3B83
BC9A
3C26
BB2B
3C53
BC0F
BC74
3B9F
BB9B
BC5B
BAB4
BA70
BC2C
BACD
BC1C
3AE8
BA94
BB10
BC8D
BAFB
3B06
3840
3B93
BC52
3B6C
BB2A
BC29
3BC3
3BF1
3B5F
BBB4
3C0A
BAF7
BC15
3BB0
BB43
BB3F
BC34
BA0D
BB5B
BAA4
BC4E
BC47
BB2F
3C10
3A91
BBB8
3A10
BC8D
BBD4
BB5F
BC52
3B6D
3A48
BBA0
BA62
3B85
BB04
BA34
3C32
3B59
BC07
BC2A
BBED
B947
BBA1
3C1F
BB3E
BC11
3C26
BC46
BBDD
BC73
BB30
BC34
BBA7
BC4E
3953
3C18
3C31
BAF8
BC1E
BBC3
BB3E
3AA8
3A0C
B8B1
3BE2
BC98
3C19
3AB0
BAE4
BB89
BC3F
BC1E
389D
3C44
3BE3
3C5D
3BD6
BC78
3A91
BC10
3B8F
BC2D
BC04
BC24
BBA5
3C14
BA67
BC42
BB29
BBCF
3CAA
BC06
3C24
BB10
3A82
B982
BC0C
3AAD
3C0C
3C43
B9CF
3AED
3C71
BC4C
3986
3C0B
BAD9
BC7A
3A99
3BB5
3BE8
BB97
3B98
3B1F
3C36
BC81
3BAE
BC62
3C18
3AEF
3C98
BC16
3C17
39D0
B949
BB15
3B33
3C0C
BB2D
3B92
3B41
BAE5
3B49
BC32
BC28
B9EC
3AE7
3A5D
3BB7
396A
3C34
B99E
3A5C
3B2B
3AF5
3C1F
BC4B
3B76
3C4E
3B55
BA28
3B80
BBDA
3C14
3B56
3BBE
3B47
3C81
3BE7
3C76
3CB6
3B9A
BB8F
BB5C
3C05
BB33
3C0D
BC38
3BE0
3BAB
BCA9
BB85
BC79
3BF5
3BE0
3BAC
BC4B
BB71
3B07
3C06
BB11
3AF6
3BE5
BC04
BB91
3C30
BBC4
BB90
3C6A
BBA7
BC12
3ABF
BB1E
BBC8
3B66
3B78
3C1C
BAB7
B998
3BB1
BC6C
3C12
3C55
3BD7
B9B3
BB4B
BC32
BB93
3C1E
BC35
BB7A
BC85
3BB5
B941
3C1C
BC10
BC34
BC75
BB4A
3CA2
BC10
BBB0
BC1D
BCB2
3BB9
BC75
3AB9
3B84
3B8B
3BD1
BC32
375E
BBEC
3B94
BC0C
BB06
3B77
3BE2
BABF
BB78
BC33
3BA2
3B38
3B80
BBA4
B8C8
3C24
3C3A
BABC
3AB8
BB14
3C28
3C62
BC90
BB09
3CBA
BAF0
BC0E
3A52
BB04
3BD5
3C27
BBCA
3BAD
3C37
3992
BAD5
3B81
38EE
BBB3
39B9
BC99
3C48
3C4A
3BA9
3C1D
3A80
3C7F
3C0C
BB95
3C06
BBD6
3C29
3B93
3C5B
3C82
BC90
BC80
3BF6
B9C0
3C1B
BC38
BA34
3B2D
3C4D
3C90
BAA3
BC6F
3AD0
3BA6
3BAC
BBE7
BBF9
3B62
BBEC
3BCC
BBD9
3C36
3C23
3B83
BA9E
BC18
BACC
3B8E
3C4A
3C0F
BC42
3BE5
3BF9
39B8
BB6D
B715
3AC5
3C2B
3B62
BC30
3AE2
3B9C
3B92
3A63
BB90
BBE3
BACF
BC84
BC2C
B8CB
3C28
BBA9
B961
3B6E
3BCA
3BB7
BBA2
3B15
3B11
BC08
BB4B
BC23
BC2F
3B04
3C30
BAFF
BB21
B905
BBFC
3C6E
3BB3
BC1D
BA52
BBB4
BC11
BB46
BC54
3C89
3C20
3B21
BB3B
BBEF
3B9B
3B60
3B77
3B2C
36A6
BC43
3B65
BC81
3BC9
B8FB
B9AE
BBC4
3C95
3BC4
3C27
BB2C
BA52
3C27
3B9B
BB86
BC11
3C3A
BC4E
3C43
BB7C
3C16
BBB8
3B9D
3BB2
3B5A
BC19
BBE6
BB53
BC05
BB15
3B04
3B8E
3C15
BB4D
3C8B
BB86
3C02
BC0C
385E
3BB2
BB25
3C05
3B4E
BC6D
3C04
B984
3AD1
3B58
BB94
BBF4
BB19
3BF6
B9DA
BA39
BC66
BC05
B85B
BC42
BBCB
3B90
3B85
3C20
BAAC
BBA1
BB95
BB90
BC4B
3B2D
3C0D
3B0F
BBE2
3B4B
BBAF
3BED
3C2D
BC4B
BC28
BC8B
3C86
3BFB
BAA0
BC01
BAC3
BB8A
BB9D
BC29
BBA5
BC25
BB4F
3C4E
3CC6
3CD2
BB87
3C7F
3C10
BC82
B97A
BC02
BC31
BC81
BC7B
B987
B983
BBEF
3B28
BBF2
BC0A
BCA6
BB93
3B02
3C36
3B6C
BC3D
BB94
BBAC
BC1C
BB41
BB09
BC5A
3CA1
3B96
3BD0
3C5A
B902
3C21
3BD0
3C1F
39E6
BBD0
BBF3
3AB0
3B66
3C21
BC5F
BB5A
3987
B99A
BB4C
3AA4
BC26
BC2D
BB34
3C01
BBEE
BA8D
3B5B
3C0A
BC2E
3C33
BC10
BB18
3BDE
BC10
3C85
3A28
3B5B
BAB4
3B91
BBAF
BB30
BBF1
3BD9
3BA9
3C32
BBD2
BBEB
3C27
3B0F
3BE3
3B4A
3C69
3BBE
3A6A
3C2B
B7AE
BA21
BA8C
3BD5
B9CB
3BEF
BC08
BB14
3C2D
BBF3
BB90
BBC6
BB88
BC27
BCA1
3B17
BBA0
3B17
BBB3
3A79
BACE
3C28
BC7B
3C21
BBE6
3AB1
BBD3
BB29
3C45
3A30
3BA5
3C08
BC5C
BA21
BBA7
3B84
3C92
3C0F
3B8C
3B23
BAEC
BC3A
3C0F
3BE5
3B89
3AD3
BBEC
BA26
BC47
BB12
BC29
BC14
BC1C
BA90
3C0D
3BBB
3C6C
3B3C
3C4C
3BA6
3C0A
3C05
BB0E
3C19
3A84
BA4A
3B99
BC55
BC4C
B906
BBBF
3917
3BE3
BB4B
3BAA
3C05
BA03
3B1F
3B4D
3AA3
BA1B
3B16
3C16
BBF0
BC05
3B85
3BD5
BADA
3C5B
3BA4
3AE4
BB7F
3BE7
3B84
3BEB
BB21
BC0E
BB89
BC0E
BC3E
3BC5
BBC5
3C70
3C18
3BB1
3BB4
3B8C
3C5B
BC25
BC00
BBCB
BC4A
BAC1
3B70
B945
3CAE
BBEC
BC29
3C06
BBE3
BC4F
3B0B
3B0F
BBC2
3B91
3BB8
BC31
3C4B
BC47
3C21
BC68
387C
BB87
BB17
3B3B
BAFC
BAA4
3C12
3C61
3B76
B9A2
BBF3
3B9A
BBAB
3CA1
3B7D
BA4F
BBC4
BC9C
BC03
3C39
BBB2
3B5E
3A7C
3B86
BB0E
3AFC
BC2C
3BBA
3BC6
3A24
BB4F
3BE7
BA15
3BF0
3C08
3BD9
3C26
3B26
3C5E
3B2C
BB8F
3B3D
3AB6
3C6B
3B54
BBE3
BAB3
BB66
3B93
BC81
BBCF
3B29
3B7E
3BC1
3B88
BBBD
BB9B
BC2C
3C0F
3C3F
3AE4
3C1F
3BB0
3BD0
3C92
BC27
BC9B
BC0B
BC06
3C86
3A28
3B06
3C54
BB08
3BB2
BC7B
3C06
3BB9
3B29
3C3C
BC3B
BA0A
3C54
3B9B
3C0B
3ADA
3B54
3BAB
BB07
3C3F
3AEC
BC81
3BE7
BC0D
BC0E
3BE5
3BE3
BAF4
3CAF
BA65
3ABE
3C11
3C02
3BEA
BBBB
BB4D
BB3F
3BA1
BBB5
3AFA
3909
3C09
BC0A
3B37
3926
BBE9
BBDE
3BD7
BAC5
BC0D
BC1E
3C1D
BAA2
3C1B
BBF3
3B06
3C81
3B92
3C8A
3BFA
BC24
BC02
BB72
3BE0
BBBF
BB65
BB81
BC6F
BB8B
BB87
BB17
3AAB
3914
3B05
3B71
BBC2
3B26
3C16
B8DA
BC52
B853
BBFC
3B22
3BC5
BBAF
BC20
BBEB
BC5F
3B8B
3B59
BCA6
BB22
B9F7
BC22
3B32
BC79
3B0A
3C8C
3A6B
3B69
BC8F
BC29
3AAE
3C19
3B24
BB93
3C5B
BA6F
BC0D
3BA5
3B12
BC33
3B06
B881
3C83
39EC
BA96
BC4C
BA4B
BA7A
3BA7
3BBA
3BD6
BBF7
BB08
BB70
BC26
BA88
BBE4
3C92
BBAF
3C73
3ACB
BC0B
3B69
BA68
3B5A
3A6A
3C33
BC41
BBB9
3BF3
3BFE
BAB1
3B2C
BA37
BB0F
BC32
B977
3B99
3BDA
BC85
BB7B
3B4B
3A37
BC48
BBA6
B983
3CA4
3B55
BAA8
BBD0
BBF7
3C46
3C34
3BA8
BC3A
3B06
3C1F
BADB
3C12
BC44
BBA5
BA52
3B96
BB50
3A6C
3C6A
BBCA
3BC5
BAB5
3C65
B75E
BC02
3B81
3C48
3C91
BC10
BBC3
3B8C
3C4A
BB0D
BC62
BC91
BAC1
3C22
BC45
BC08
BC39
BC15
3CA4
3B74
BB5D
3BC0
BC9C
3BC7
3982
3B7E
3C3C
BC60
BB28
3A3D
3C49
BBA7
BBB2
BABD
3C0E
BBDC
3BA4
3B4B
3C84
3BAD
BB6E
BBD9
3C0D
3C24
BAA0
BAAA
BBC3
3BFF
3C6A
3C33
3A74
BC09
3BE0
3B6C
3B9F
38D7
BC61
BABB
BAD7
3B92
BC2F
BC9A
BC69
BAF9
BBB2
3AEC
3BD9
37D5
BC89
3A21
BC01
3C36
39F2
3AD9
3C51
3BEF
BC91
BAEA
3C4C
3C94
3B43
BC3C
BA8A
3B18
3B39
3C23
BAE1
BB36
3B91
3BDF
BC2C
3C37
BC05
3946
BBC9
BC3C
3BF5
3BDD
3C4C
B9D4
3B8A
3BE1
BBC7
BC30
BBC7
BA36
BBDA
BBA1
393D
3B45
BBAF
BA87
BAA5
3C20
BB28
BB84
3C0E
3A29
BC28
BC88
3C44
BC83
BB7A
BBC9
3B2F
3C12
BB4C
3917
BB9A
BC45
3B76
BB2F
3BED
BB94
BC9F
BC58
3C11
B9DD
BC1C
3C9D
BB9C
3C59
BBAC
BBE7
BC11
3BAB
BC0F
BB97
BB58
BB54
3BB1
BB96
3B32
BA9C
3BCC
BC18
BA25
BB93
3A2D
BAE1
BB19
3B86
BC73
BB18
3B30
BC84
3B2C
BC0E
3BD7
3A89
BA33
3C08
BBD8
3C0D
3CD1
BC20
BC2D
BAD7
3C38
3BA3
BC13
3B60
3BFF
3CAC
BC2A
3C03
3B40
3A20
3BCA
3C3E
3B60
BB1A
BA8A
BC34
BA4B
BB92
3B4A
BC65
3B19
BB3E
3BA6
BB78
3B99
BC34
BA53
3C0D
BAD4
3A92
3B2F
394E
3C52
3A02
BCD7
BBCE
BBB1
3B96
3C81
3B16
BB39
3CA6
3BB2
BA79
3C43
3C41
3C29
BC67
3C8A
BBAE
3C52
BC00
BC56
BBAB
BB6C
3C36
BB4B
BC42
3C99
3AFF
3B19
3C16
3C91
3C11
BB9E
3C06
3BA6
3B0F
BC26
3AF3
B809
3CAD
BC08
3BB3
3C6D
BBDD
BB15
BB33
3BE6
BAE9
BBD9
3ABB
BBD9
3C30
3C3D
BA0E
3BAB
3B84
3C43
BBCA
3B34
3B24
3B9C
BC06
3B3D
3C5B
BC05
BB8E
BC2A
3B10
BA4D
BBD9
BBBB
BC7D
3AD9
BBDE
3C5A
3C45
BBFE
3B8C
3C2B
3C4A
BBB7
3A4A
BB1B
BAA9
3BDC
BBAE
BC3D
B988
BB5D
BC10
3B8C
BC4D
BC45
BB73
3C08
3C86
B89E
3C81
BC7C
3C12
38E5
3B7D
BA4A
BB19
BB72
3C96
3B11
3B27
BC81
BC83
3C68
BBE4
3C19
3BE8
BB90
BC2F
3C0E
3B0F
3BFF
B989
3C70
BB82
BBB8
BAF1
3832
BB97
3A5E
BB82
3C81
BB23
BC8C
BB44
BB85
3C19
BB1F
3BEF
3C6D
3C5A
BB83
BC58
BA3A
3BA9
3BCE
BC20
3B8A
3C8D
3A6B
BA2D
3BBC
BC1D
BBDE
3B1E
3BF7
3BAE
3BB4
BA8B
3BE4
3C30
BB9B
BAF5
3BC6
BC0C
3BF7
BC8C
BBCD
BBB2
3BB4
3BC9
3B94
3A93
BC20
BB37
BC8A
3B22
BC4C
3C46
BC87
BC10
3B54
3BB1
3C24
3C92
3C16
BC06
BABD
BAB7
B9CA
BAEF
BB0C
3C07
BB24
3B8C
BBAD
BC18
3BC4
3CBC
BC70
3A4B
3B9A
3C56
BBA1
BB53
BC4C
BC52
BBD1
3B89
BB64
BB90
BB29
3B35
38A2
BC40
BB1D
3ADE
BB42
3ACE
3BBF
BA59
BB4E
3C2F
BBE8
3BE2
BB7A
BB17
3B80
3BE1
3B3A
3C4A
BC08
BBCB
3C5C
BC0A
3C87
BAF3
3B4C
BCA6
3C37
BBBA
3BDC
BBA0
BBBF
BC18
BB42
BB85
BC51
386E
3B72
BA60
3B6E
3ABC
BC83
BBC8
3BE2
BA6B
BC03
3BF5
3BA0
BB46
BAC2
3A3A
3A92
3B4E
BA22
BBD9
3BD1
3AE1
3C8D
3A91
3C31
3C07
BBFF
3B6A
BB48
B82F
3BA7
BB98
3A45
BBE7
3C14
BC1C
BB21
BBB1
3C27
3B5F
B8B7
BBBB
3C2B
3BB6
3C84
3BF6
B80A
BBEA
3C0B
BB32
BC17
BC24
BA5B
3B92
3B05
BB9D
BC3E
3C92
3C21
3BA9
BBAA
3B5F
BC39
BCA0
3AA2
3C79
3B2C
3C06
BB19
3AEF
BC32
BA8D
3C47
BC83
BC01
3B9F
BC45
3C21
3B95
BC05
3BC1
3C3F
3BA7
BBD5
BC14
3C48
3C26
BC16
BA12
3C1F
3AFC
BC58
BBA2
BB86
3A9D
39BB
BC2B
BC31
BB08
BAEC
3A76
BC12
3C07
3B9F
BBB9
3B01
BC2B
BB1D
BB7E
BC28
3C43
3C86
BAA7
BBCD
BBB3
BC3F
B90A
3BF7
BBDD
BBF8
3BEC
BB98
B991
3BF9
BBB9
3BDE
3BB3
BAA6
3C72
3BC0
BB6C
3BB0
3B3D
3C66
BC15
3C3C
3BA2
3BB4
3B93
BC9E
3BB9
BBD4
3C26
BC2F
BB6D
BC84
3BC2
3B58
3C51
3C8F
3BDC
BC05
BBC0
3BC2
BB47
BC54
3A4F
3C3A
BBDD
3C13
BC9E
BB85
3C0F
3C2F
BBA0
BB89
3A91
3BA7
3CC6
38AE
BC19
BC38
BC32
BB5D
BC72
3A58
3C1A
3C0D
BBF1
BC88
3C03
BC06
3C55
3ACD
BC63
BAEA
BCA9
3C34
3B81
3AFD
3BEB
BCB9
BC07
BC5F
BB37
3C63
BC47
3B2E
3C61
3B22
3B90
3B5F
3B9F
3BAD
BCA8
3B53
BA6B
BBEA
BB95
3A83
3C2C
3C54
BA9E
BB7D
3AA7
3B68
3C3A
BBD3
3C2C
3A95
BAA8
BC19
BB43
3AE8
BBBC
3B09
BC4C
BC52
BC01
BC9E
BC1C
3AD6
3C4D
3B6A
BB0E
BB9F
3C92
BC2F
BB97
BBD2
3C7C
BC83
BAC7
3B82
3B70
BC86
BB49
BBE7
BC2F
BC13
3BC3
3BD4
3B5C
BC17
3AC2
BB31
BA9B
BB98
3C1C
BB9B
3C67
BC43
3BAD
3BA0
BAB4
3BB4
BB89
BC31
3A08
BABD
3BA5
3C61
BB9C
BB8E
3CB8
3CD0
BC5C
390D
BC3D
BBDB
BB60
3989
BBB2
3B75
BC25
BAC1
BB5E
BBBE
BA43
BCB2
3B5E
BB93
BB1D
BB5B
3BE6
BAC0
BBC9
BB2D
3B15
3C20
3AE4
B71E
BBD9
3B2F
3A8F
3B92
3B89
3C4D
BC50
3A59
BB96
3A88
BC30
BA9A
BBED
BB80
3C34
3A01
BC5C
3AF3
3C2D
3B87
3BC8
3C8C
3B51
BAF2
3A79
BC3E
BC80
BB62
BC7B
BCC2
3B99
BB45
BAFF
3B10
3C3A
3BE9
BBF5
3ABE
BBB8
BA6E
3C38
3A78
3A25
BB0D
BA35
3BBD
BBA5
BBAB
37E2
BBB1
3BAD
3C31
3B07
3C11
3AF0
BC43
3C29
B8D7
BB00
BA6B
3CA1
BBF9
BC1F
BB67
3AFF
3A92
3C41
B963
3BB8
3C05
B9D3
3A12
3BFF
BB11
BB49
BBDA
BA58
BCAE
396E
3B04
BC5C
BBCF
3C54
3AE5
3A83
3B53
BB66
3B82
3B74
3B40
3BB6
BBFD
BAD1
3AE4
3B0C
3ACB
BB44
BAE0
BC43
3B81
3BD8
3BC8
3ACF
BC1C
BB14
BA9A
BBAA
BBDF
3AD6
3BBF
BAAF
3BEB
BAE3
3B8B
B902
BBBA
BC4D
3ABB
3BD5
BBA8
3B98
3BD1
BC04
BC09
BB24
BB8B
BAD3
BB2B
3C19
3C04
3AF6
3BE1
3BF4
3BA7
BAB3
3AE6
3BD2
3B1C
3C0E
3BE2
3AA9
BBA0
B97E
3C2E
3B3A
3B3E
3BB1
3C0F
BB92
BC6F
B9FB
BA9A
3C25
BC07
3C31
BC3F
BC4F
BB70
3B9F
BB26
3BCD
3A82
BBC5
BCA6
3B85
3B5B
3CB0
3CAC
BC2C
BB69
BB65
BB6E
3B9F
BB7A
BC3E
BC0F
BBCB
3BE4
3B6A
BC08
BB15
BB7F
BC95
3B9A
3C15
3C9F
BC84
3AB7
BC36
3BA8
3AA7
BB16
3B07
BAD8
3AB1
3AEC
BC2E
3B28
3C1C
BC43
3BDF
3BAD
3B97
3BA7
BB8A
3B91
BAD5
3C51
3C6A
BB00
3BD8
3C2F
BAB0
3B39
BAE1
BB74
BB5B
3C79
3C5C
BB86
3C4D
BA33
BB69
BB5F
BA9F
BBB5
BBA7
BBAE
3C84
BC09
3B22
3C12
BC90
3C49
3BBB
BC95
BC63
BAF2
BC6F
BAF2
BB4D
3AE8
3BCE
3BBD
BC0C
3C38
BC22
BCD5
BABA
3BAE
BB0B
3C5F
3BFB
3BED
3BB7
3B05
3C84
3C08
3A53
BA4A
3B94
BB1B
BC0C
3BBC
3A3D
BAF6
BBB7
3BD9
3C3F
BAA9
BC26
BC3A
BA4C
BB51
3B51
BA8D
3B04
3B5E
3C4A
3C76
BA92
BB89
3C91
3AF6
3C19
BB60
3ACE
BC17
39F0
BA92
BC1A
3B2F
3B41
BC85
BBAA
BBB4
39FF
BB0D
BA9E
BB18
BC60
3BB3
3BEA
3A4A
BC3C
3C27
BBF9
BBA3
3C05
3A6F
3B68
BC93
3C03
BBC9
BBEA
3C77
3C42
BB7D
BAE5
3B09
3B0B
3BF9
3B19
3C87
BB74
3BB5
BA97
BC08
BCAA
3C44
3BCC
BBB2
BBB9
BBC2
3BE8
3C22
BB72
BC0D
3C80
3C84
BBFD
BB06
BA84
BC9A
BA8E
BA32
3BE5
3BEB
3B42
3B72
3C0F
3CA1
3BA0
BB9C
3BF7
BAF0
BB47
3B89
39B6
3B45
3B33
BBAE
3BD0
BC66
BB1F
BBD6
BB05
3992
BBC0
3BAB
BC40
3C4A
3C25
BBCE
3C3E
BBD9
B98D
3C45
BC2A
3B7F
3BC7
3A98
B9BD
BB9E
BB93
3C17
BC36
3C27
3B2F
BABA
39AB
BC00
BBB7
BBC9
BC25
3C76
BC90
BBBC
BC92
BAE2
3BD5
3C05
BAD1
3A98
3BC2
3A7E
BB18
3C0C
BBBE
3C95
3AC4
3CC8
BC7F
B948
3A6E
3C6E
3B81
3C1D
3730
3B92
BBF1
BC81
B9C5
3C1D
3BC0
3B96
BC02
3BC2
3C3B
BC38
BB8B
3C12
BB87
BCAC
BBF3
B8C9
3C1C
3B4C
3C06
3C57
BBE5
BB04
3B88
38DD
BC0F
BB89
BC2D
3BE9
BA1D
3C46
BC5B
3BE2
BAE5
BAFB
3B1B
BBB7
BC36
3B9B
3B83
BC38
3C85
BABE
399B
3C24
3C19
BA06
BC0B
3B30
BAC5
BC52
BBA5
3BC2
3C23
3C45
3A11
3C52
3AC3
BA1A
3BCB
3C51
BB44
BC34
3BDE
3BDC
3B94
3B9C
BB9F
3C56
3C03
BC5D
3AEF
BBEB
BCA0
3BF2
BBBF
BBEF
3AD7
BBF9
BCA5
3B0E
BBCC
BCCA
3C33
BC8F
39A1
BC99
BC7E
BC17
3C8A
3A99
B9B0
BA6D
BC6B
3C06
BBD8
BBBF
3B34
3BE0
39E9
3B6E
BC53
BC1A
BBAC
BB25
3C29
BA45
3BC5
3B6D
3BEF
3B6B
B9F2
BB4C
BB8E
3C10
3B63
3C46
3C61
3C6C
BC0D
BC27
BBBF
BC9D
BC20
BC04
BC25
39CD
3BBE
BC0E
BBD7
BB70
3B34
3A53
3BE6
BC19
BB77
3C9A
3C0D
BB99
BAD2
BC5B
39D2
BC1E
3B8E
BC6E
3B15
BC1A
3C71
3B8D
3AB2
BBDB
39BA
3C1A
BB4B
3BAA
BAAA
BBB1
BC0D
BB41
3C2C
3B41
BC22
3B52
BC2F
BBB1
BBCD
BA59
3C07
3C1A
BB8E
3B51
3C4C
3B58
3A93
3A7C
3BFA
3BEC
3C3A
3C01
3981
3C48
BC98
BB66
B8FF
BCA0
3C54
BBD7
BC4A
3A86
BB94
BCC7
3B16
BBDF
3B4A
3C0C
3BA1
3AFF
BC3C
3B42
BC27
3BFD
3C45
BC7D
BBEB
B972
BC06
BC4F
3BED
3C94
BA05
3BCD
BC01
3C30
3C3D
BC1C
3B88
BC88
BA81
3C3C
3AAA
3BFE
3C23
3BC3
3BD1
3C8C
3B9F
3B82
BC1B
3BD2
BBC1
3C06
BBDB
3C92
3C06
3B74
BB85
3B05
3B28
3AFF
BA4D
BC98
3B03
3C4F
BB7D
BC16
3BE3
BB8E
BB78
BB86
BB89
BBE0
BC25
BBFF
BBC7
3B25
3C4B
BB95
3B95
3BB4
3B8F
3C31
3B5E
3905
BC16
3BA0
3B1E
3C5A
BC01
BB92
3C46
3B1C
3A20
BB64
3C8B
BC3D
3A6F
BAB8
BC0C
39ED
BC4D
39F1
3C2A
BC12
3BC1
BB29
3C47
BBE5
BB02
BBFC
BB29
3AA9
3C2E
BB1E
3B8C
3BDD
BB72
BB09
BB70
3C34
3B13
BC35
BA91
3BBA
BB05
BAD5
B918
39BA
3C2E
BC05
BC04
3B8A
BB03
BBBE
BC58
BA64
BBCD
BC5D
BC8C
BC91
3C49
3BFA
BC26
BB83
BC46
3B5A
3B85
BBC1
3C57
3B1B
3B86
BB01
3B48
BB81
BB9B
3B7D
BB1D
BAEA
BBE1
BC37
BADA
BBD1
BC5B
3C4A
3B47
BAE3
3BD5
3CAD
BC4D
3B50
3BBB
BC73
BC8A
3AF2
3C2E
3C57
B94C
BB17
3BE8
3B96
BBAC
BC24
BC21
3B85
3C75
3A27
3BB2
3C6F
3BA6
BC52
BC75
BB03
3B12
3B5F
3C03
B909
BB28
3C30
BCA3
BC25
BC8D
3C06
3B83
3A58
BADA
3C96
3B78
BC63
3CA6
BBC0
3C92
BB25
3B8F
BA35
3B11
BC82
BB89
3B00
B849
3B7A
BC0B
BBC4
3AE0
3C4A
BC64
BC22
BB45
B976
3ABC
3BEF
3BE8
BB64
3BD4
BBF6
3B20
BBFF
3925
BB95
3BAB
3C2C
BB9F
3B5C
BA9A
BC29
BC22
BB9B
3B7A
3BAF
3C02
3AA9
BBF2
BC63
BC7E
BBAC
3BFC
BC06
BC21
3AAB
BBF2
3C16
BB38
BCA0
BB6D
BBFF
BC4A
BB07
3B73
3B44
3BA1
3A2A
3A38
BC15
3BD3
390A
3B63
3C13
3C0E
3875
BC0A
3B9B
3B54
BA73
3A1B
BBE6
3B4F
3C05
3BC7
B9EF
3B52
BB06
BBC7
39D8
BB82
BC0B
3BBF
BBA5
3BAE
3B38
BB7E
3C9C
3B70
3B5C
BA3F
BBB1
BA98
B9A8
BB12
3ADC
BB5C
BC3E
3B0E
3C19
3B03
BACD
3BE7
BA5F
BA85
BA39
3BDE
3B6F
3A13
BB85
3B13
BC5B
BBD9
3CB8
BB39
BC9C
3C51
3C6B
3AD7
BBB1
BB21
BBEF
3BCA
BC21
BBC3
BA86
BC3B
3C16
3C49
3BC8
BBAF
3C07
3BF2
39B7
BBE7
3C68
BB35
3B95
3C16
3BD5
BC79
BC1C
3C36
3C2E
3C81
3AF8
BCA6
B835
BC36
B97D
3BDF
BBE7
3C25
3B84
BBA2
BC0A
3C26
3BA5
3B81
3C5E
BBDE
B7A5
BC18
B9FA
3C2C
3B07
BC49
BAD8
3AF4
BC3A
3B89
BC15
BC44
BB45
BAB2
3C3A
BBB9
3B55
3C31
3C25
3B5D
3BA7
3BAB
3B9C
3C3C
BAB7
3C57
BBC3
3B23
BB8E
3B3C
BB86
BB81
3C07
BB59
3A81
BBBA
BC44
3B88
3BDC
BB4C
3B1C
BB1B
3C57
3BCB
3C0D
3C30
BBF0
BB09
BC50
3C22
3C02
BC49
3B2F
BAE2
3BED
3BA3
BBF7
3B53
BB13
B900
3A39
B99F
BBA2
BB6C
BB0E
BC02
BBF2
BAE3
3B1B
BB80
3B8B
BB84
BAD9
BBF4
BC9C
BBBD
3ABE
3BA4
BC7F
3AB4
BBE1
3A19
BB9F
BBBC
3BC0
3C47
3AF2
3BE5
BBE8
3A1A
3BEF
BB5B
3BDB
BB1A
BC2C
BC21
3A15
3A8E
3A0D
3BAA
3C62
3A86
BC43
BC80
BBDC
BA7D
BB88
BC97
BC76
BC2E
3C82
B850
BC3F
BB48
BBC1
BA40
BAC8
3C88
BAF7
3C0C
BB3D
BB24
BB75
BBA7
3B0B
3C1B
BB99
3B9E
B986
3BDD
BBF0
3C24
3BB8
3C31
3C24
BBAE
3BC6
BB0A
3ADA
3C3B
3C0B
BA89
3AD1
3BEF
3BC0
398E
BBD9
3B77
BA9E
3B58
BCA7
3C09
3C15
39EF
3AC4
3A97
3C81
B9B4
BC50
BBB1
3C03
BB7C
3C52
3B9F
3B37
BC59
BC1E
3C15
BB98
BC5A
BBA0
BC36
3C61
3C2A
3C28
B899
BB95
3AB3
BB98
3C1B
3A33
3A97
BCC2
BBFA
3C23
BB3C
39D7
3A51
BC1F
BCEB
3B0E
3C6E
BB57
3C70
3C32
BBE1
BC7A
BB1D
3AEA
3C3B
BC89
3BFA
BA97
3AE0
BC72
BBFB
3C1B
3C2B
3BFC
BC7C
3C86
3A52
3BC3
BC05
BC49
3C84
BC07
3BAD
3BFC
BBC3
3C7A
3AC3
BAFB
3BCB
3B43
3C40
BAE4
BBE1
BB83
BC0D
3C13
3C46
BCA9
BC20
3AB5
3C2F
BC48
BC1D
3C3B
3CB8
3B83
3CE8
3CB1
3B54
BB1B
BA1E
3C05
37C4
BB1E
BB05
BCC6
3C40
3C1E
BB4F
BAD4
BC43
3C5E
BC30
3A1C
3C8C
BBF3
B90F
3C88
BB35
BB9A
3C49
3A26
3B81
BC13
3C10
3AAD
3C09
3BBA
BBFC
BC09
BBB3
BBCA
BB95
BC56
BB97
BB05
BBBB
3A2B
3C86
3C59
BC20
3C06
3B8E
BC31
3CB1
3B4B
3C0C
BC0B
3A28
BC05
BC12
BA9F
3BE9
3A2E
BC77
3AE1
3B21
BC41
BC08
3C52
BBDD
BC82
3B2D
3AF0
3C5F
BB9C
3C3B
BB43
3AF0
BB4F
3C0C
BB05
BA97
3B7F
3BD4
BBCB
3BB8
3BA2
3C0F
3BB8
BBA0
BBB9
39DC
3B3D
BB00
3AB5
3B2B
B8ED
BB1D
BB87
3C7F
3C19
BBF3
3B47
3B19
3B0B
BBE5
3AD1
BC34
BA0E
3AC9
BA87
3B83
3C54
BBFA
BB27
3BA3
3BCC
B945
3BB8
3AF5
3C16
BC6D
3BC9
BB84
BB28
3C15
BBF1
BB85
3AF4
B998
3C3A
3B4B
3BE8
BC25
3C59
3C63
3BE4
BAC6
3A69
BBE7
BB88
BBC4
3BCF
BBF2
3C30
BC0B
BB8C
B9CE
3C2F
BA1A
3C21
BB8B
3C4D
BB41
3B45
3C4B
3C5A
BC97
BAA9
BC38
3B07
3C26
BBA0
BBA1
BBC0
3758
3C58
BC03
BB94
BB0E
3BE5
3BCD
BBD1
BB59
BA15
BBF1
BA2F
3AD8
BC21
3C17
3C89
3C28
BACD
3B9B
BA9E
371F
3BEC
3AC4
BB67
BA9C
3BE4
3B1E
BA9F
BC17
3C17
BBDC
B9B8
BABA
3B84
3A23
BB0D
3B1F
BA71
3C9A
3C44
3AC9
BB0B
3C63
BBA3
BB26
BBCC
3C15
3B8B
3B2A
BC28
3BAB
3C29
3BEE
3B82
BC2B
BBAC
BB9D
3C69
BC8F
BBAF
3C2E
3A2E
BBE3
3B45
BC30
3AB8
BAFE
3A05
3A8E
BC0E
3B75
3A20
BC99
3A21
BC44
BAE1
BC66
BB50
B9DD
BC09
3BDD
BCB0
BC5F
3C4E
3C23
BB4C
BCB8
BC53
BBF4
38FC
3A4B
3C27
BCA6
BC97
BC82
BB9C
BC87
BBCD
3B30
3BC3
BC16
3A9A
BB4A
39D2
3BE8
3AA8
BAFF
3C2D
BA42
BC2F
BC13
BBD6
3B38
3C13
3C28
3B30
BC06
3C3F
3B4C
3975
3BEA
3C48
3B89
BC24
3BF3
3C79
BC4F
BBD3
BBA2
3BAB
3CAE
3BC9
3C56
BC83
BB80
BC7A
BC0C
BB93
BC34
3BDE
BB2E
BC09
3CC2
BAC7
BB7C
BC40
BB84
3C98
BB8E
BA10
3C0B
BB87
BA76
3AA6
39AB
3C9E
3B36
3B93
BC07
3C04
3BA5
BBA7
BC31
BBCF
BC50
BB1D
B879
BC0A
3BC3
3B11
B94D
3BA9
BC7E
BC08
3C82
3A88
3C2C
3BED
3B5D
BBE0
3C63
BBA8
BB74
BC6D
BBCF
3BFD
3C32
3B34
BC0D
3C02
3B98
3C16
BC31
3C19
BC56
BC12
BAE9
BC3E
3AEE
3A5C
BBCB
BB50
3A48
3BB8
BA8F
3BF5
BBFE
BC2D
B9E0
BC59
3B8B
BA4E
3B95
3C61
BB34
3C8D
3B6D
3B8A
BB8E
3B95
BC8E
3AC9
BA56
3BBF
3C09
BBC7
3628
BB03
3AA6
3B2F
3C79
3C65
BABB
BBF7
3BD5
3B6F
BC14
3BAC
3CC8
BC22
3AD2
3ABF
3ABF
3C0C
BBCB
BB4E
3C83
3CB2
3ACF
BC07
3A9C
BA85
BC7D
3B17
BB18
BC21
3C8B
3C6B
3B2C
3C34
BBF9
3C3C
3C81
BC1B
3B59
BB33
3C2D
BBFB
3C36
3A8B
BA6C
3B1B
3C80
3AF8
3BD0
3C06
3C80
3C41
3CAF
BC2C
BC28
3B61
3C1C
3BC0
3B73
BC61
3BEE
BC47
BAE0
3A3D
3C3A
39BF
3AF3
3BE1
BBD9
3C0A
BC30
BB85
3C02
BADB
3BDB
3BF2
BAF2
3B14
BC3F
3C02
BAAF
3BC8
BC24
3C0B
3BB0
3C7D
B9E6
BBA0
BA2E
3C56
3BC3
BB71
BA35
3BFC
3AE3
3B2F
BC7A
BBDF
BC58
BCB2
3C4F
3C9C
3C7D
BC44
3B9E
BBA6
BBAD
B960
3BCE
3BA9
BC17
3BC1
3B17
3B37
BAF7
3B70
B87A
3CAA
3BDF
BACE
BBD4
BC03
3B77
39A6
BBB1
BC0E
BB25
BA5F
BC1D
3ABF
BB83
BB9B
3B9C
3B00
3B6F
3C09
3C04
3BA0
BBE4
BBF9
BC4D
BBC1
BA40
BADF
3CEA
BC45
BC29
BC83
B8D3
BBE4
3CDE
3C23
BC09
3C92
BB92
3C5F
3C1A
B9BA
BB3E
3B0E
BA56
BB90
BBEF
BC35
BC14
3AF1
BC46
3C5F
3AAB
BB56
BCBC
BC2E
3B81
BB01
3BC4
3C56
BB89
BBB2
BB96
BB01
3C2A
3AB8
BBF0
BC3B
3A71
3A06
BBAC
B9F6
BB9C
BC23
3B08
3C06
BC67
3C72
BC2E
BB76
BBBE
3B00
BB7D
BC04
39F9
39D6
BC11
BBD6
BC82
3C34
3BB4
BBEA
BC1F
39B2
3B6D
3BF6
BC08
BBCA
BC6B
BA6E
3C2D
BAE8
3A19
3B1E
BB28
3B20
BC3D
BA14
BA87
3B7F
BAD3
3C64
3C59
BBB1
3BC9
BBBB
3BCD
3C2E
BA42
BB0D
BC1B
3BDF
3C8A
39E0
BBC2
BC86
3C58
3AC3
BBE6
3BD3
BACC
3C60
BB68
BB53
3C4F
BBDE
BBD4
3BC4
BB45
3BE6
3C78
3B5A
BAD6
BB6E
BBC3
BAF9
BB0C
39FE
3BDA
3B8F
3C36
3C9A
BA97
3AA9
BB99
BB1A
3B04
BBD2
3C8D
BC06
BBE8
3C00
BC6D
3C0A
3BB8
BA11
3AC8
3A82
3BBE
B991
3B91
BB60
BC28
BCBD
3B28
BC23
3B60
BC3F
39B1
3C1A
BAFF
3BA9
3C1B
BB2D
3AF2
3C14
BC05
B8BE
3CB9
BC61
BA8D
BAF5
B9D0
BC48
3C40
3C2F
3B82
BC71
3A04
BB54
B8CB
BAB5
3C6A
3B5A
BBCE
BB79
3A03
3C37
BC8D
BBC8
3C03
3C68
3AE4
3B08
BC33
BB6A
3742
3BC8
3B48
BBA7
BAC0
3B98
3C04
3BB6
3B49
BC1E
B9DB
3C35
BC34
3C4F
3C10
3C5A
BB97
3B23
3C72
3B4A
B9F1
3C72
BBAB
BB52
3BF5
3B2F
3C1E
3B4E
3B90
BB93
3B45
3C3D
BCCC
3A06
BC1B
BBB3
3C92
BBDF
BC94
3C0C
3C29
BABE
BC11
BBA4
BB2B
3B65
BB7C
BC5F
BADE
BB95
BC82
3BD9
BB62
BAFC
3C1B
3B9F
3B5D
BB66
BB6C
3B93
3B9A
3C8A
BB92
BC7C
3C47
BB26
3C47
3A7D
BB91
3C1B
3B44
3C32
BBC8
BB19
BC7F
BA85
3C29
BBBD
BB62
BA69
BC4F
BB19
BB64
B985
BB2F
BB64
BCC0
BBAC
BBEA
3BA2
3BD2
3BF6
BB69
3C81
3B41
3A98
BC08
3AF3
3BEE
3AD8
BC1D
3A73
3C10
BBF2
BB10
BC0C
3AC8
3B11
3A3B
BB55
3C36
BCA1
3C6F
3BD4
BC26
3BC4
BB0E
3B2C
3C4E
BB40
BBCE
3BEB
3B5A
BBF8
BC18
3BB1
3ABA
3CA1
3A7B
3B84
3B6A
BC89
3B2A
BC6B
BB93
BC01
B9CA
BA4F
3BD3
39C1
BB82
BBAD
BC00
3C15
BC31
3C22
BBCA
BBEA
3A6A
BBE5
3C0B
BBA2
BBF1
B9CD
BBBE
BB83
BB2D
3C2A
BB6B
BA4B
BB39
B9A4
BA08
3B2D
BBD1
BACD
3B26
BB1F
BB7B
3BAA
BC32
3C0F
3C53
3B53
3C12
BC31
3C10
3C52
3942
BB4C
BC4D
3AF6
3B6F
BC15
BC34
BC4F
BA68
3B8F
3B9A
BAF4
3B8E
BB8E
BC81
BC14
BBCE
3C18
3C11
3B30
3B14
BBA6
BC83
BA53
BC18
BBED
3C25
BC08
3B77
BC42
3C12
3B4D
BBDB
3B6B
3B83
BB69
3C8E
3BD3
BC4B
BBDC
B621
3C0A
3C66
BC1D
3B17
BB5E
3B7F
BB25
BBE2
BB87
BBC0
3B8C
3B6F
BC0E
3A2F
BC26
BA24
BB0F
BB8D
BC38
3C8B
3B1F
3B4C
BB17
BB57
BB09
3B75
3CB0
3BB7
BCAF
BA87
BC0B
3BCA
3C29
3AD7
BBF0
3B63
BC84
3C2A
3C9C
3B84
BB75
3C9D
3A88
BC2B
B8D1
BC30
BBCC
3CA5
BA07
BB7B
B957
3C20
BBB3
3C7D
B99E
3B2A
3C31
3945
BA31
3A87
3C34
3A1F
3C9E
B981
3BF7
3BE9
BB9C
BAA9
BBC5
3BA8
3C1D
39E0
3C39
3BEE
3C33
BAA6
BBC1
3BA6
BC41
3C2B
BC7F
BBFB
BC55
BA84
BB0F
BCC3
3C19
BC65
BBAC
3CCD
3BD1
3BEB
BA8F
39CB
BC27
BA20
BC35
3C32
3BE2
3BE9
3B11
3B96
3B5B
3A28
B9F3
3C27
3C26
3BC9
BBBC
3C54
B86A
3BCB
BB4E
BC1C
BBFF
3BA2
BBBD
3BB4
3BA6
BBAC
379E
3C01
BCBE
BC36
3BB3
BBF6
BA3B
BB73
BC16
3B7E
3C86
BB8D
3C85
BC4B
BC91
BBAC
3B09
3A22
BC85
3B5F
BA86
3C1F
3A19
3A7F
BB9B
BC28
3A70
BBAD
3BB1
3BD4
3B7D
BBED
3C30
BBFC
3988
3C55
BC18
BC7D
3C0A
3B32
3C77
3A05
3BAD
3C1E
3BAA
3B56
3BAD
39C0
3C8B
BB93
BA5F
3BFA
3B32
BC54
BC5D
BC41
BBC8
BC24
3C03
398A
BB5A
3C8E
BC3E
BBF3
3B0E
BC16
3BF8
BBC3
3B16
BB59
3B8A
B9A2
BB7F
BC74
BC3C
BB8D
BA8F
BBCA
BB2D
BC41
3C86
3B17
3B99
3A0E
3BAA
BC21
BBCE
3A8D
BB9B
3B84
3C3E
BA0D
BB58
3B6E
3B23
BBAB
3C26
3BBC
BC71
3BBA
3B20
BB84
3BC2
B9C2
3C16
BBE1
3C02
BB12
BAB3
BB80
3C19
BC8C
3A70
3C2C
BC04
BA63
BBF7
BBA3
BC37
BB59
BB3C
3C56
BC3E
BC0D
BB91
BC20
3BE7
3B98
BBA7
BB88
BC2F
BC27
3AA2
BCFC
3BD4
3B97
BB1E
3B3B
BBBB
3C73
3BF2
BB18
3C7B
3BA5
3C93
38B6
BB9F
BBBB
BA66
BB6D
3B15
3C22
3C94
3B85
3C7B
3B86
3C4D
3B50
BABB
3C64
BC15
BC0F
3C15
3B86
BC86
BB2B
BA8A
3C97
BBFA
BBB5
BAC4
3BEF
3BAF
BA01
BC8E
397C
BB24
BCC3
BC5D
BB8B
BA2D
BC34
BBB8
3B7C
3A33
BC13
BB8C
BBF7
3C2E
3B75
3C0A
3B9E
3C09
BBB4
BB85
BC35
BBB7
3C01
3B48
BB34
3B5C
3C1D
3BBC
BB91
3BF1
3C3C
3B82
3B4D
39CD
BC1A
BBB7
3C4F
3BAB
BBEF
3C38
BBC8
BBD9
3ABE
3B16
BBF9
BBD0
BBC0
3B64
BBD2
BBE2
BB0B
3B9E
3B86
BCAF
3C1C
BBC5
BBD3
390F
BB63
BB21
3C46
BC68
BC39
3B2D
BAA2
B971
3B75
B9E4
BBD1
3C4B
3B06
3C00
3C7D
BC7F
3B3A
BB49
BC47
3B2A
3C65
3C83
BC0D
BC5C
BB4E
3C4D
BB88
3BAF
BC0A
3B77
BC14
3C4A
BC67
3C88
BA8D
BB0D
BBAF
BC23
3BA6
3C22
3C12
3C33
BBA4
3B9F
3BE2
BBD0
BAFE
BAD6
BBC3
3C1E
BC34
B9D2
3C80
3C70
3B6A
3B32
BBA4
BB2D
BB18
BA5F
BAEE
BC8A
3C29
3B8A
3BCA
3C2B
BB4D
B905
BC16
3BF7
BA63
BA1B
3C59
3A2F
3923
3969
3B24
3B38
BB82
BB90
BB11
3B1B
BC51
BC45
36EF
3B95
3B04
3C04
BB57
3A9B
3BB4
3BDD
3BE7
BC80
BB2D
BA96
BBE4
3BCB
3B0F
3C56
BB2C
BC76
BC30
3B18
3BB4
3BBB
B981
3B63
BC81
3C98
3B13
3B69
BB3A
3C28
BBBF
BB24
BBFF
BC45
3C02
3C91
3C04
BBA7
3BDD
BC4F
BB4B
BA4D
3C8E
BB56
BB34
BC65
BC71
BC44
3AB8
BB87
BB87
BA98
BC80
3C10
3C37
3B6C
BC2F
3B55
3C5C
BB1A
BC4E
BB39
3BE5
BBAF
3BA7
3B06
3A36
3C23
BC14
3C06
3BC9
3B88
BC09
BCB4
3C0F
BC18
3C03
BBC8
3B82
3BF1
3BE8
3BDC
3B6A
3A68
3C41
3BD4
BAC9
B9C0
3AE6
BC70
BC00
BB72
3B16
BBA8
3BB2
3B3C
BC25
3B9C
3C6A
BAA1
3B86
BB02
3AA1
3AED
3C27
3C02
3B3F
BAEE
3ACD
BA47
3B17
3BBC
B9E9
3C60
3C53
3B1A
3C1E
3B91
3ABC
3A90
3A29
BC93
BBCE
BA7C
3C87
BADB
BC86
3B07
BC80
BB8C
3B5C
3C18
3C84
BB5D
BAD2
BB68
39BC
3B6F
BC9C
BC92
3B1D
3B64
BAF5
3AC2
BC3B
3B87
BA51
BC07
3B27
BBB0
BC7E
B9A8
3C55
3B6E
BAEE
3BDB
3A23
BC1D
3B60
BB48
3BAB
BBA8
BC74
3AC2
3BD6
3B8E
BBB1
BC63
3A48
BB8F
3C30
3C34
3B2A
3B6B
BAF1
BC80
3CD9
3C72
3B04
3BC4
BC17
BB62
3C9E
BB4C
BC9A
BA45
BC21
3B85
3C22
3C0D
BC37
38F1
BB97
3BC7
3B89
3C1E
BC92
3B43
3C85
3997
BBE8
3C04
BAC8
3C64
BC22
3BAE
BAF7
BC28
BB76
BB2C
BC15
BC4F
3B1F
3C56
3B03
3C7A
3C36
3B0C
BCCA
BB62
BB1B
3B81
3BBB
3C12
B9D5
3A84
B9D4
BC17
3BA7
BC98
BBF6
3B99
3B32
BBA3
3BE3
3B52
BBE0
BBD2
3B11
3C6E
BB63
BB76
3C43
3C27
BA11
3C41
3B25
3BEE
3C02
3882
3C36
3B3D
3C57
3BC9
3C1B
3B42
BB3D
3C39
3B4C
BBD7
3BB4
3A1A
BA04
BAFD
BC0C
BBE4
3B43
3B8B
3AF3
BBBA
3C02
BB95
3B8D
BB24
3C25
BC8D
BB6E
3CD5
BB68
3AC5
3B27
BC59
BC4A
BC2C
3B94
3C05
3BD4
3ACF
BA51
BAE4
3C82
BA0A
3B65
BBFF
BAD2
3962
3C36
BC0C
3B9E
3B25
39BB
BB13
BC34
3B26
BC17
3A6C
3C39
BAEF
3BCC
39D4
3C67
BC8B
BBC9
BC38
BBC8
BC5F
B8B6
BC08
3BDC
3CA2
B962
3B8A
3BA5
3BE1
3C8E
BA93
3C91
BBEB
3A9C
39C0
3BDC
BC87
3B26
3C76
BB6F
BBFA
3A1A
BB22
3BE0
BC46
3C29
3C29
BBED
3B27
3C40
3B7B
BA53
3BB3
BBB2
3A99
BB42
39C3
39AE
BC31
BCE7
3BA5
3C46
BC25
3A2C
BC88
BB94
BC25
BBC8
3C08
BB88
BA8A
BCAA
BA1A
3B12
BBFE
3AA4
3C99
BC63
BBEA
3C0E
BB93
BAF7
3B45
BC4C
BC50
3C8A
3C00
3C30
BA9F
BC3C
BA8B
BCAE
BC60
BBBA
BC80
3B67
BBB7
BC7A
BC86
3967
3C3C
3C28
BBE3
3B6D
BB2E
BB49
39E5
BC73
3A48
B9EF
3C04
BBCA
3BF0
3BCE
BBD4
BB75
3B0D
3A52
3C9D
BAC6
3BA5
3BD5
3AA0
3B7B
3C49
3C2D
3BCC
3AFE
BAF1
3C10
BB7D
BBA5
3C28
3C43
BCB1
BC58
3A84
BBC9
3BC4
BAF4
BB45
BC4D
3BB1
BB51
3CBA
3B85
BBA6
3C84
BB2D
3B9C
38BF
BB42
BC2A
3C2E
BC1E
3BD1
BC09
BBF5
BBB1
3A83
BAA8
3C60
3CC3
BC24
BA56
3C92
BB8C
39DD
3B4A
3C0D
BBF2
3C7B
BB72
3B44
BBBA
3BC5
BC0E
3B14
BB1B
3A6F
BC01
39C4
BB88
3C61
BC22
BC7B
BBD8
3B67
3A49
3AE3
3A44
BBD8
3C82
BC17
BC0A
BAB9
3C07
3B68
BC2F
BBE5
B965
3A67
3C73
BB59
3B99
3BFB
3BB4
3BA4
3C08
3C82
BC20
BC9B
3B18
389A
3CB4
BA88
BC33
3B64
3C87
BC57
BC97
BA20
3C29
BC5A
BBF8
BC04
BC3E
BA0B
BC07
B9C7
3B37
3AD2
BAEB
3C30
39A2
BBC6
3993
3A79
3C4D
BB2D
3BF8
3BAB
BB74
BB99
3BC5
BAB5
3A97
BAA5
BAC9
BA98
3C05
BC62
BA93
BAB3
BC8A
3B79
BB66
3AA0
BC6B
BB6D
3B91
BC13
3C42
3BC4
BA18
3C21
3C6E
3A1B
B974
3C1E
BBE1
3C4A
3B7A
3C36
BB5F
BA8F
3C4B
BC09
3C71
BA8F
BABE
3C61
BC36
BCAD
BBB6
BC20
3C50
B967
BAC2
3BDA
3C17
3AAD
3B44
BA1E
3940
3B00
BB9B
3B94
3ABC
3C16
BB70
BC13
3C2C
BBC4
BB9F
BB5B
BAE6
BC88
BA7D
BBFE
3AA2
BC84
3B80
BB0E
BBE8
3B9C
BA36
BA90
BC47
3B2F
3BC2
BB9E
BB65
BC6B
BBB2
BC4B
BC5D
BB94
3B65
BC08
BC88
BB0C
3A77
3AD5
3BFD
BB0C
3B98
BB8A
3C2E
3B8B
3BB1
BB44
BBD2
3BAB
3C2D
BBA4
3BF5
BB11
BBA8
BC11
BB22
3A46
3BCC
3B86
BB8B
37B2
397C
3C67
B9B8
BBEB
BC82
3C8B
3C4A
3BF6
BAE4
BC04
3C06
BC26
3AE3
BA91
38EE
BBDA
3C1E
BB5A
BC10
3CC5
3BA6
3C27
3C14
3B3F
BC09
3BEC
3C29
BAF3
3B15
3C37
3C6E
3B3B
BBC0
3BB5
B8EC
3C94
3B33
3C4E
BADA
BBBE
BC9E
BC26
3B2D
3A9A
3C07
3B91
BB8C
BC1A
BA18
BBDB
3AE7
BACE
3C80
BBD3
3A39
BCA9
3B54
3A5E
BC07
3BBC
BBCC
3BB8
3B36
BB99
BB92
3ADD
3B10
BAA6
BC41
BC00
3A8F
BAD9
3C55
3B0D
3BB4
BC1B
3C40
BA95
BC1C
3BA7
3B68
3C10
BB39
BBA2
3C65
3BB9
3929
3B11
3C05
BC06
3C1D
3BCA
3ACD
3C4C
3C6C
BB2D
BBAF
BBA2
BAFC
BBD3
3C32
BC7F
3B0A
3C1E
3BC0
BAF1
3C21
BAB3
3B89
BC01
3B87
BC28
BA2C
3C84
BBBB
BB9E
BC5D
3A48
BC06
3BD4
3BA0
BB5C
3BB7
3C62
BB9D
BC2D
3C6F
BC18
BC0E
BC91
BBA4
BC6B
3CD8
3BC3
3C25
3AF6
BB81
BB6F
3BE6
3C6A
3BC9
3B96
3AB9
BBB5
BC23
3A9F
BB6B
3B2A
3B49
BC33
BB19
3C18
3C0B
BB08
3BF3
39D1
3C2C
BC1E
3BEF
BC4A
3CA2
BBB7
BBBF
BB54
BBE8
BB56
3B8A
BBEC
BBA1
BB38
BB95
BC39
3AC2
3B39
3A96
3C65
3C76
3BBF
3BF1
BBEB
3B64
BB82
3B70
3BAF
3BA8
BB44
3C0F
BC1A
3C1D
BB59
3C4C
BC1C
3BE9
3C11
BAA7
BC0B
3C8B
BC0C
3C85
3C17
3C6B
BB7A
3B2A
3B24
BC6C
3C07
3B8A
3AF6
BBF8
BBA7
3B9C
3C40
3A8F
BCBB
BBDB
BB45
BC86
BBEA
3C0B
BC2B
BA8B
BB77
3C0C
BC29
3B88
3B2D
B9BA
B9D8
3C4F
BC02
3C80
BA32
BBC3
3B68
3B14
BBA6
3C13
BA4C
39D3
3AFE
3C80
3BB3
BB73
BC65
BB2A
BA99
BC96
3BBD
3C9B
BC10
3BED
BB7A
3BC8
BBA6
3BC7
3C24
BC1D
BB57
BCB7
BB50
BA86
BAB5
BC2A
BB3F
BADF
BBA4
BBD5
BB35
3BEE
BCAB
BC13
BC42
3A02
BAD8
BB02
3C84
BAF6
BC52
BC6C
BC2F
3C44
3BC5
3B8E
3B28
3B92
BC95
BB45
3C83
3C28
3BC2
3C3F
BA9D
BC3D
BBF9
BBBE
368E
BC0C
3B84
3BD4
3B3B
BBF0
BC3C
BB91
3A9F
B9CA
BB2D
3C87
3BBD
BCB0
3C53
BC1E
3BFC
3C2F
3B24
3BE7
3B19
BC9B
BA75
3BE9
3A9C
3AEF
BB8E
3B97
BB99
BBD8
BC53
3C35
3B3B
BBC3
BC61
3B29
3B4F
BC34
3B5A
3C25
3C05
BC2A
3BAE
3BCD
3CDC
3C74
3CA0
BB7D
BC64
BA91
3BAE
BC4F
BBDB
BBCB
BC58
3C47
BC0F
3BE3
BBB3
BB11
BADC
3B2F
3AD9
3BAC
3B5A
BAF6
BB10
BC1F
3B5A
39DB
3BBE
BB2B
BC50
BC0D
BC0D
BC45
3C1F
BC4D
BB81
3C1C
3C27
B9C2
BACF
3BF9
3C3A
BC27
B9B4
3BA8
3B40
3C27
3C97
3B19
3C8D
BA5F
BB12
BC60
BC4C
BAA8
3C27
3AEF
3B82
3927
3739
3A95
37B3
3BBE
3BD8
3BEE
BC1A
3B86
BB3F
3BE4
3BDA
3C17
3C06
BC0B
BBF1
BB70
BC5E
3A98
3BBA
BB1F
3C22
BB15
3C2E
BBF9
BC3B
3CA6
3C0A
BA73
BB5E
3C93
3B93
BB90
38ED
BBA7
BACB
BC4C
BC49
3B46
BC08
BA2B
BBAD
BBC4
BB07
3BA7
3B21
BA25
3A63
B7C2
BA76
BC49
3C0F
3BDF
BBA0
3915
3C2D
B9CF
3B50
BC98
3B34
BBF3
BC2D
BC50
B9E1
BB91
3BB6
BBC4
3974
BB1C
3BC3
3C81
BA88
3BB1
3B35
BB8D
3A1B
BA30
3B48
BB3A
BB09
BC81
B90A
3BBE
3C64
BAB5
BB1F
3B05
3C1E
3A60
39B7
BC87
BC8D
BC71
3A97
BB0C
3BA1
3BEE
BB91
BC1C
38E4
3C40
BB93
3BFE
3C0D
BB83
BBED
3C27
3BC5
3B55
3BB7
BAE7
3B5B
3A6B
3C67
3B93
3C12
3C3A
3B8A
BC3D
3C3E
3B86
3B26
BAA6
BBAA
3C04
BC1B
3C0E
3C0D
BBF9
3B4F
BC8F
BB59
3C2E
3CA3
3B18
B93B
3B6C
BBA6
3B76
BC16
3C20
B908
3C6E
3BFD
BB1D
BC6D
BB3C
3C27
3A41
3B1C
BA0F
BABD
3C9B
BC09
BC84
3B10
3B82
3C21
BC07
3BF6
3B49
BA4D
BBB8
BBE3
BBBC
BC5E
BC25
3C06
3AD4
BB92
3AE5
BBFF
38D2
BC04
BA6C
3C2C
BC10
BB3B
3B02
3BDC
3C47
3C3C
BC5E
BB8D
3C13
BB09
BA92
3C0C
3B97
3B88
BBEA
3BF1
3C45
3BF9
3ADC
BB91
BC85
BBC4
BB81
B970
B988
3B67
3AA6
3BF4
BAF2
BAD8
BB35
3BF6
BB03
3B61
BB84
3BD2
3B29
3BC6
3C5E
BBE7
BC3E
3B76
3BBE
BC24
BA98
BBF9
BAC3
3AC4
BB3A
3ABC
3BB5
BC02
BC30
BB2D
3B79
BCC4
3A9C
3B82
BBEF
3915
3B41
3C08
3AEC
BBF3
B84C
3BCA
BA4A
3C44
3B57
3C00
BC31
3A81
BC81
3C09
BB46
3CB4
BC02
BB27
3C84
3BBB
BACB
BB55
BB8D
3C35
BC57
3B43
BC76
390B
3C1A
BA20
BB39
BBC8
3C41
3C63
BB8E
BB34
BC03
3BD0
3BA7
3C16
3C3E
3ADD
BA34
BC6A
3BA8
3C10
3B66
3BAF
BC0B
3C09
3BD0
BB46
3A81
BA9C
BCA8
BB28
3C20
3BE8
3BF8
BBED
3B63
BB1B
BC92
BB9E
3BF4
3C2C
BC9B
3C0C
3AFE
36D7
3ACC
BC63
3C68
3C28
BB28
BBE8
BC1C
3B51
3B97
B89D
BAD6
BC31
39CA
B938
3C0A
BC29
3A57
3BD1
3CAF
BC46
3C99
BB90
3C0F
B9A1
3C20
BC02
3C48
BC6C
3C2D
3BA1
BB6A
BC20
BCB5
3B89
B8A1
3B33
BB8E
BC36
BB3E
3C8B
3BD6
BB0C
3BFE
BC3D
3BC5
3B92
3B1D
BB98
3B12
BB40
3B88
3B95
BC03
3BF8
3C63
3C45
3B00
BBAC
BC35
BB18
B7DB
B9D4
3ADD
BA67
BB2F
3CAA
39C8
BA42
3C39
3BCD
BAB3
3BBB
BC1E
BBBE
3980
39B5
BB1A
3AC1
391B
BC5F
BA84
BB7B
BAD4
3C04
3B7D
BA75
BC4A
BC0C
BB35
3C1B
BB84
3B5A
3A3D
BB81
3BB2
B91E
3A7A
BAA6
3B6C
BC93
3C0C
BBD9
3B0E
3BAC
BAA6
BB8E
BB37
3AE0
BC46
BBC5
BBA0
3B85
BC1D
3CA9
3BD6
3AB3
BA3C
3C22
BC22
3C85
3BA1
3B38
3B54
BC05
BC3E
BC7C
3C7A
3B98
BC85
3B40
BCA8
BB45
3CA5
BC09
3B6D
BBF2
3BC6
3C98
BBEE
3C50
3ACD
3C39
3BFE
3C21
BBC0
3ABA
BC66
3C17
3C15
3C0B
B93A
BBD7
B827
BC29
3BC5
3B97
BC26
BC26
BAA5
BADA
BC83
3AA3
BB0D
3C5C
BB26
BC24
3ABC
3C26
BC0F
3985
3C0F
BC12
3BBF
BC1F
3B90
3B15
BC45
3C05
BC30
3B4F
BBA5
3BCA
3B42
3B18
BBFB
BBC2
3C10
BAE5
3B0A
3BB0
BB45
BC0A
3A48
BC89
3A91
3BD1
3BE8
3BCA
BB94
BBB7
BBA0
3B3E
BB76
3C57
3B20
BBDB
3C01
3C44
3BD1
B848
3BA2
B925
3C38
BBF0
3B01
BC08
3BD9
3BB9
3B91
3BC5
3BB5
3C21
BB3B
BBE6
3C56
3B6F
BB45
BB6D
3C84
BC89
3B3F
3A9B
3C0E
3C1A
BBC9
397A
3BDF
3C3B
BC81
BB93
3C85
BAF1
3B35
3A10
3C2F
3C95
3B67
BB78
BB46
BC3C
BC2C
BB6D
3C35
3C0B
BBE4
3C49
BBE3
3C2E
BB5B
3C87
3A06
BBFD
BC7C
3C4A
3C0C
BBBE
3B73
3A2F
3BA0
BC20
BC29
3B3A
3C50
BBC2
B9B5
3BCD
BB47
BB37
BC0F
3BA7
BC81
BC56
BB9C
3BE7
3BED
3C73
BB83
BC20
3B91
BC21
BBB3
BA9F
3B8D
BC04
3C31
BBEA
BC7B
3BD3
BB5E
3C3B
BC09
B8EB
BAFB
BCFC
3BB3
BAA3
BBBB
BC98
BAAD
BBC7
3A53
BAB6
BBD8
BBEF
BB35
3BF0
BB98
391E
3A8F
3C10
BB15
3A63
39AE
3A80
BC17
BC59
BC36
3B86
BB82
BC86
3B9B
BB90
3B06
3C13
3C4C
3B79
BA9D
BB99
3A7A
BC90
BC15
3C12
BBCD
BAD0
3BC4
BBD5
3BBD
3B91
3C19
3B4B
3C69
3B73
BB7A
BC71
3BAA
BB7B
3B8C
BBDD
BB2B
BAA7
3AA9
3BC2
BC28
3B26
BC36
3BC7
BC18
3B9A
39A8
3C66
39A5
BC3D
BB23
3AA8
BB33
BC08
3C35
3BC8
3C50
BC3C
BCD4
BBB3
BBA6
BC27
3C6E
BBA1
BB14
3B5E
BBED
BB99
BB8D
BB75
3B9B
3BC7
BB1E
3BF2
3C26
BC56
BB8F
BC49
3AF6
3C2C
3C48
3C44
3C3B
BC73
3C05
3A1D
3C0F
BC12
3BE4
BAE2
BBBF
BC28
BB4B
BAEF
3BAF
BC32
3BCF
BB6D
BB3E
BB50
BBF6
3C3F
BCAD
3BF7
BAD5
BBBB
BBEF
3BEC
BAF8
3C28
BA60
3B92
3B25
B962
BB15
3C9D
3C45
BC7A
BBB7
BB6A
BC1B
3B71
3946
BBD0
B952
BC27
3BF3
3C6A
BADF
3AF1
3AD6
3C8E
3BE0
3AE7
3B64
3C39
3C86
3BCC
3BBC
BAC0
BB32
BA83
BC22
3B77
3B77
BC1F
3AB8
BB9D
3B42
3B79
3B8C
398A
3AFA
3C5C
BBDA
BBA5
3B82
3C14
BC12
3B03
3BA7
3A98
BBCA
BA40
3CC7
3B35
BC1F
BB5A
BC99
BC8B
BA2A
3A5B
BC09
3C1A
BB74
3BA2
BBBF
3C6F
3C89
BC10
BAC6
3B2C
3B0F
BBAF
BBCF
BC85
3C14
BB9D
3AAB
3BA5
3B8B
BAD0
BB75
3C02
BB83
3BB1
3B46
3C9D
BC02
BB24
3BC5
3B93
BBB1
3B71
BC57
3B93
BC48
3CA8
3C4F
BC5A
3B0C
3AE9
3B99
3ADD
BABD
3BC6
3A6A
3BD4
3AE5
3C40
BB0E
3BEA
BC10
3C17
BBB9
3C8D
BC1E
BC17
BBE6
3A24
BBAC
3C39
3B49
BB14
BABC
BB5E
BB10
3B93
3C4A
3B2E
3C2A
3B67
BBCE
BBD4
3B20
BBF3
BB6F
BB20
3A2A
BB1F
BB39
BBC2
BB55
BC0A
3C18
3AA2
BADE
3B3F
BA41
BB59
BA42
3B85
3BE4
3BF2
BC0A
BA3B
3C46
3B8B
3BC1
3C8B
3C2A
BA30
BB95
3B8D
3C44
3C08
BC3F
BC2A
3BB8
3BE2
3BC5
BABA
3ADB
B8F1
3B18
3BC3
3B93
390D
3BB2
3BEA
3AAB
3A7F
3C07
3C09
3B9C
3BF6
BC1C
BBEE
BC09
3B4C
3BA7
3BC4
3C43
3CA8
BB96
39D1
BBE4
BBB1
BB8A
BAAC
3B85
BBDD
3BBA
3B2A
BBC6
BC3C
BAE2
3C33
3B37
3B04
3C92
3C2E
39E0
3B19
3AB6
BB9C
3C83
3C56
BC0B
BA38
BBC8
3C37
BBBE
B9A5
3AF6
BB6A
3C97
3C45
3C1E
BBB5
BC61
BC41
39A7
3BC4
3BDD
3A72
BC22
BA5E
BB74
3AE3
3B8A
3C1C
BC10
3C26
3C26
3C34
39EF
BB27
3C01
3B49
BBF2
3C8A
BC1F
BA61
3B4B
3C4F
BBC6
BB8B
3BBF
BB95
BBAA
BC4E
3BAF
BC0C
3B5D
3B84
BBCD
BC11
3B9A
BC38
B986
39A3
BBFE
B8F8
3B64
3BCE
3B43
3C3D
3AA3
3A3B
BC11
BB3E
3BEA
BA36
BBD9
3A96
BB6D
3A15
3C25
BA91
BC52
3C23
3B9E
BC66
BB12
3C5A
3B80
3C19
3C20
3BA3
3BB8
3C0F
3A5B
BBE4
BBA6
3C8F
3BAE
3BEE
3BFC
BB5A
3BFC
BC15
3B92
BBE8
BC0F
BC18
3B74
BC51
BBC0
3B82
BA4A
3B67
3B4D
3BB7
3BED
3C06
3C18
3BDE
BC19
BBF2
3BAD
BC91
BC01
3C16
3C3F
3C56
BB91
3AC5
BB86
BB88
BAA9
3C27
3B90
BBD7
3BF4
3B28
BBD9
3A6A
BB6C
BA8B
3B5E
3C0F
3C18
3C05
3B83
BAC8
BA3F
BB87
BA5D
BB43
3BE4
3B26
3C81
BB37
3BA9
3C2A
3C9F
3C84
BB56
BBDB
3B79
BBE3
BBB2
B9A3
BC53
BC91
B98E
BC02
BBAC
3BAA
BBBE
3C07
BBBE
B99F
BB82
BC34
BB70
BB47
3C06
BC1F
BBA5
3C10
3BB5
3B81
BAD8
3C2B
3C92
BC30
3B1C
395A
3C70
3B8A
3AD8
3C40
BC0F
3C1A
3B98
3921
3C63
BC07
3A28
3BDE
3A9F
3B07
BBF4
BBA2
BBA1
3C61
BBAD
3B3F
BA86
BC38
B9FC
BA07
3BB1
3BD8
3ADD
3CAB
3BD3
3B11
BC3E
BC17
3BC6
39B7
3AF2
BBF7
BC3E
3B23
3C8A
BBEB
39C3
BC80
3B95
BBD1
BBDE
BC50
3C1D
3AF1
BC74
BB53
BC81
BC42
3C24
3C61
3C62
39A2
3C3E
391E
BC24
3BA7
3C2C
3C14
3C10
3B8F
3AAB
BB34
3BBC
3C39
3BA3
3BA9
3B94
BC56
3BD0
3B54
3CD5
3C3E
3BCD
BBC1
3BC1
3BD2
BC07
BBB1
BAF6
BB64
3BF9
3B83
BC6B
3C16
BC25
BBC6
3C1D
3ADD
383D
3B5A
3B3D
3BF2
BABF
BC4F
3AA3
BA89
3C43
3BCA
37C4
3B8F
BC14
BAD5
3C12
3B32
BAE2
3B5E
3ABA
B9D6
3ABD
3C37
3C7F
3A74
3C0D
3CC0
B9FD
BB98
3B81
3BAC
BB2B
3A72
BAD2
3BD7
3B35
3AD0
BB07
3C60
3C21
3AE0
3BFF
3C20
BB54
BBE1
BC22
3AB5
BB93
3A6C
BC5C
3AB3
3AD0
BBA9
3B89
3C37
3CAA
3BCD
3A38
BB2F
3C95
BBF3
3A1A
3AD5
BC81
BC7D
3B4B
BBEA
BBC1
3C52
3BE0
3C04
3B03
BBB6
BBAC
BBF3
3903
BC83
BBA5
BC53
3C23
3C7B
3B9E
BC5C
3C26
BB1A
3BD3
3C98
3BA9
3C1E
BB29
BA56
BB0E
3BE2
3BE2
3AA2
3C6A
B9A3
3B92
BAB2
3A98
BC04
BC3D
3C99
3C64
BC83
3C2D
BC31
3C44
BC3C
3C20
BC16
395F
39C3
3C0B
BC19
3C01
3B8D
3C25
3C2E
39CF
BC1A
BC31
3A99
3BAC
3BAB
BC07
3AFA
3B87
3C67
3B9D
3959
3C32
3BAC
3C0B
372F
3C23
3B14
BB0F
3A8D
BB3F
3B6D
BBCB
BC36
BC65
BB46
BC45
BC42
BC4A
BC32
BAD0
BA86
BB0F
BC46
3B84
BA65
3AB9
BC86
3C5E
BCC4
BC10
3C2F
3C5B
3A8A
BB81
BBA0
B8C6
3C6E
BC24
BB3D
3AEE
3C49
BB90
BBFD
3B61
BB71
BBEE
BC22
3C74
BC4D
3B8A
3C3C
3C1E
3B91
3BA1
BAA6
BBA4
BAC8
3ACE
BB84
3B87
3BC6
3AA8
3B66
3C54
3B72
BC30
BC51
BBDB
3B15
BBB1
3ADC
BB51
B937
3A91
BCB0
BC6C
3A0D
BA72
BBAE
3B05
3B8B
3A00
BB05
BBE2
3B7C
BA85
BB0D
BBCA
BB4F
BB75
BC3E
3B73
BB9B
3C1F
3B30
B977
BBBA
BA08
BB2C
BC49
396A
3C62
3C06
BC50
BB89
3C8E
BC7E
BAA6
BC8D
BB95
BBCF
3B39
3A90
BBD1
3C2C
3A65
BBCC
3C13
BB2F
BB87
3C2F
BB44
3C1F
3B72
3B5D
3A1C
BAD3
3C98
3BDF
BAD1
B991
BC0C
B938
3C28
3A50
3BF3
BC85
BBDB
BBB9
BA0C
BC2E
3C6D
3C4D
BB5A
BC04
3C15
BBEB
3C79
BC4F
BB25
3BFA
BBA1
BB7D
BC50
BA34
3C20
BBF9
3B42
BB47
391B
BB9B
3B08
BB25
BBBD
BC06
BB83
BAC6
B6E8
3ABA
BC4A
3CD1
B874
3BCA
BA8D
BBF9
BBC7
3AD5
3C25
BB65
BC8A
BC55
3BCA
3C4A
3B96
3ABE
BBC3
BBD4
BAC9
3A91
3A9B
3C14
3BD8
BB15
3A3B
3ACA
3C21
3B02
3BD0
BB15
BC13
3C0C
3A97
BA63
BC25
3BDE
3B85
BBB2
B977
3C75
3B90
3ADB
3B39
3B7E
BB1D
BC63
BB6C
BB35
BBF8
BC1C
3C2D
3AB2
3BD6
3BEB
BB8B
3C17
BB5A
3CC5
BB99
3C7C
BBBF
3C86
BC1C
BBBD
BA31
3BC1
BAA1
3BC1
BCC9
3B96
3A6E
3B82
3BF1
3AA3
3B3D
BC16
3C08
BBEB
3C4A
3A6B
3C4B
3C3C
BBFD
BB50
BB0F
BC52
3ACD
BBE4
3AE4
3BE5
3B67
BB66
BBD6
BB90
BC54
3C41
3B90
BC18
3C87
BB3B
3C0B
BB7D
BAC5
3BFB
3BEF
BC52
3BDE
BB59
BBE6
3BEA
3A2E
3A64
3B07
3B28
3BB6
BB8D
3B72
BB71
BB9B
3C22
3C6C
3BB6
BB48
3C88
3B20
BC16
3B9F
BC2F
3C17
3C4A
3BC4
BBA5
3B7F
BC90
BB0D
BB79
3C0F
3BDB
BAE5
BB93
BC4B
BC85
BC85
BA72
3C67
BC56
3B44
3B87
3BFB
BBBB
3B4C
3B0B
B9CD
BA2D
BC40
BC52
3C96
3B18
BB04
B9EE
BB58
BBF1
BAEC
B92B
BC04
BAC6
BC0B
BCCE
3B9B
3B51
BC41
3C3B
BA99
B97C
B88C
3C9C
3C1D
3B7C
BB12
3B8D
3A74
BC12
3C19
3B3A
3C1E
BC0D
BB1C
BC01
BCB8
BBBF
BC27
BC67
BA15
BB8D
BC20
BBD2
3B12
BC0F
BBE5
3BCE
3B48
BC4C
3BE9
BC05
BBD7
3967
3BBD
BC56
BC15
BC82
BBDF
3BCC
BBA6
3B9A
BB38
BA2C
3A29
BB4F
BBBD
3C0A
BB43
3C80
BB93
3BA9
3B63
BB68
BB31
BBA2
BB1E
BC10
BAB7
B9EE
BBD5
BC0E
3B26
3B71
3C96
BBBA
3BB1
BBC4
3B4A
BC16
3B30
BCA5
BB08
3B02
BB8D
BAFD
3BB8
BB6A
3BB0
3C20
3AE1
3A6D
3C34
BC1C
3AE5
BABD
BA55
BC3C
3A5C
3A65
3C7A
BAB7
BA75
BBC0
BC5D
3C15
39B7
BBEF
3ACD
BB8C
BC88
3ADF
BC02
BC58
3C47
BB60
BC48
3C81
BC3E
390B
BBB2
BB79
3B3F
3C2B
B9B4
39DC
3B26
3AD6
3C2D
3B80
BBC3
BC81
BC7D
BC01
3C91
BAA5
3B84
BC08
BB17
3BAD
BC50
3B91
3B61
3C82
BC12
3C23
3A95
3A1E
BC19
3AB6
BB69
3C0F
3B9C
BC3A
BABE
3AB6
3C34
3BD2
BC2C
BA8A
3B45
3BB5
3AED
BB34
BC30
BBEF
BB9C
3C4F
BB67
BB55
BC11
3A30
BBB8
3C1C
3A6F
3C32
3B5C
3C6C
BB65
BA1A
3C1A
3C50
BB8E
3BFE
BAD3
39E9
BBE8
3BE2
B8ED
3BB5
B7A7
3BB2
3AA1
3C0B
BC81
BC10
BBAF
BB4C
3C02
BADE
3B7E
BCAD
3C83
3C25
3A90
3BF6
BB6D
3C10
3A97
3C22
3BB9
BB53
3B4D
38FA
3B22
BA80
3BCE
BB97
BBA9
BAAB
BC45
3B88
BC4F
BC35
3B15
BC0B
3C4F
3C1B
BC12
3B5D
BA84
BC36
BBAB
3BAE
BC70
3B44
BB8E
3B3E
BC06
39F8
3C17
BC1D
BB12
BB6D
3C23
3C2C
3BE7
3BA9
BB9E
3AEC
3C55
BB01
BC25
3C0D
3AED
3A12
3C55
BCAE
BC04
BC48
BB47
3C7B
BB4C
BB68
3CAF
B8E7
BBFC
3AB4
BC4D
39D8
BBC4
3C71
BBA1
BC42
BBCF
3C4D
BBFB
3826
BBD5
BC0A
3BEE
3BA3
BB3B
BC84
3C05
BBD3
3B40
B964
3C43
3B8A
BA78
3B69
3C8A
3B8B
3B0E
BC29
B9B8
BBAB
3BA9
BC3A
3BE4
BC09
BC04
BBFD
3BC3
3BF6
3BD9
3C68
BBD5
BC30
3B1E
3900
3B4C
BBCE
3CDF
3C38
3B08
BB0F
BBDB
3A90
BC2D
3B27
BA9C
BB1F
BC54
BC14
3BE3
BB37
3C1D
BB32
3A2F
BB54
BBCE
3C2D
BBFF
BBC3
3BB3
BB8F
BB83
3A35
3C1A
3B15
B9B9
BC33
BAFA
3BCA
BBD9
3B00
3C88
BBEB
3AC5
BB28
BC1D
BC23
3C0D
3BD4
3B0B
3B92
BC4B
BB59
3BAB
3C41
BB31
BBAD
BBEF
BC21
3C46
3B93
BB8C
BC2A
BC12
39A5
3C81
BBD2
BBFC
BC18
BBE1
BA5C
BC11
BB31
3B5C
BBCF
BC4F
BC01
3C02
3C3C
3BFF
BBE3
3BBF
BC29
BB62
BC66
3C50
BC42
BCAC
3C09
BBA3
BC28
3C3C
BC2A
BC85
3B9C
BA05
3C5C
3B62
3C12
BA5B
BC78
BAA0
BC0B
3BA5
BB81
BBD3
3B49
3A97
3B98
3AF1
BB49
3BB6
3BE4
BB1E
3BC6
BC12
BBEC
3C73
BC94
BBB5
BB19
3C32
BBF0
BBA4
3B70
BBB2
BA91
BAD3
BA85
3AE6
BC77
3C56
B9A9
BC3D
3C9D
3B0A
BC07
3BB5
BA9D
3BCD
BAA8
3C72
3B12
3B98
3A64
3C9C
3A98
3A52
3BB2
3B83
BCA4
3B19
BC21
BC31
BBF2
B9E8
BC3F
3C23
3B62
3B13
BA9E
3A74
3C55
3B25
BA5E
3AA4
BAC0
3BDC
3C04
3C0E
BA38
BADA
3C00
B9DF
3C00
BB56
3C7D
BBB0
3C4A
3B4F
BC31
3BF5
3C25
3C0B
399C
3A03
3C02
3B9F
B963
BC66
3B8C
3C03
389A
BBAA
3BA3
BC61
3C2D
3BCD
3A51
3A89
BC8A
BC13
3C67
3C28
BBB1
3B99
3BAE
BC8B
BB9A
3C11
3C0C
3B0B
B93B
3BC7
BC03
BB68
3A8C
3B45
BB55
3C02
3B83
3B35
39C7
3B06
BA9B
3C60
BC22
BC03
BB74
3C0F
3A32
BC06
B9BF
3C35
BABE
3B9E
BC4D
3B80
3BD8
BBB8
3AED
BBBB
BB46
3BA0
BC6D
3B42
3C81
3C0E
3B1D
3A0B
3C18
BBF4
3952
BAE4
BB1F
BC00
3C16
3C25
BC6A
BBDD
BCAC
3AC1
BB8C
BB68
3BDD
BC1E
BC38
BBEF
3BE5
3B9A
BBFA
3C0D
BB12
BC30
BC89
3B9E
3AB6
3BF8
BC48
BC91
3C2D
3C5C
3C0F
3C6E
3BBF
3BE0
3BB6
BC36
BC27
BB69
B99F
3BAD
BC56
3C81
B9B1
BAAD
BBF0
BBFA
BBE4
3A89
3C46
BAB4
BC93
BB89
BAFD
BBA2
BB81
3A48
3BEF
BC25
3B8A
BC10
3C60
BAB3
3C33
3C94
BB42
BB0F
BA3A
3BD8
3C66
3B78
BC7B
BB2C
BC63
3C05
BAB4
3C99
3C22
3C04
3C5B
BB81
3B5C
3BD1
BC4A
3C02
3B8E
BC3D
BB98
BC7D
BB41
BB09
3C08
BC32
3934
BC02
BB89
BC47
BC3B
3B72
BBEA
3AB6
3AAF
3C8D
BC8B
BC23
BA9F
BB90
BB13
3B4C
BB47
3B96
BBCD
3BE0
39B7
BB46
BBE3
BC1E
BB23
3BC4
3A91
BA40
3BD5
BBC1
BC50
BC01
3B24
BBCE
BB98
3C8A
BC56
BBC8
BB06
3BC0
3A63
3B0C
BC40
BA14
BC0E
3B90
3C46
BBE8
BAFA
3C53
3ABE
BC34
3B2E
BC2A
3BAF
3C1D
BC0E
BBDB
3C2A
BB20
3C08
B9D2
B94F
BBCA
BB5A
BB4E
BB6A
3941
3BCE
37A9
3C8C
BB2F
3AE1
BA0D
BB68
3BBD
3CC3
BAB5
3B6B
3ADD
390E
3BE6
3A06
3C1E
3C30
3C1F
BBE8
B9CF
3A97
3B3D
3C12
BC05
3B2E
BB46
3AFB
3B7B
3B2B
BB65
3C65
3BA5
BC41
3B40
3C18
3B33
BB56
BC8F
3A06
3BC5
BB17
3BBA
3B43
BC1E
BBDB
BBB4
3B30
3C3D
BC9B
BAA0
BB8B
3BE5
BBA6
3C8C
3C67
3BA5
3C01
BB9E
BC3C
3AA2
3BE1
BA9A
BBD2
BBFA
BAB9
BBA6
BC2E
3C25
3BCC
BB63
BBE1
BC57
3829
BAF6
BC79
BB79
B876
BA60
BCB1
BC34
3B9F
BA60
3A79
3C19
3C11
BA8F
3A1B
BBEC
3BC7
BC08
3B9A
BB78
BBB2
3B88
3C03
3C0E
BBF1
3B82
BB7E
BC46
394D
3C98
BC64
BC68
BC24
3AFF
BC16
BBCD
3B1F
BB19
BB48
3B15
3AD2
BB02
3B7D
3A82
3A8E
3AB7
3B69
3C17
BCA7
BB3A
3C93
3C63
BC36
BBA3
BB8D
BBC3
3C65
BC57
BB84
BB5E
3B63
3B39
39A7
BBA9
BC85
BBAC
3BC8
3BA9
3B10
3BD8
BB0C
3A0D
3BA1
BA2E
3AC6
BB2A
3AF2
BB29
BB7E
3A87
BB04
BA8C
3BB1
BC50
3CD4
3A93
3C2D
BBD4
BADD
3AF4
BC17
BBC1
3C0A
BB0A
BB14
3A70
3AD9
3B17
BAA9
BB14
3C81
39B7
3BB2
3B53
3C58
B8ED
3A02
3B03
BC47
BB76
3AE2
BC6C
BAD9
BB23
BB11
3ABC
BB90
3B09
3B84
BB51
BC7B
3AA5
BA7F
3ABD
BC33
BBC3
3C3B
BBE5
BB80
BC11
BC87
3968
3BA8
BC00
BC72
3C12
3B8A
BC35
BB5E
3C03
3B43
BC68
BC29
3C97
BBAD
3C2C
3C21
3AEF
BC0C
3B90
BBC0
3BE8
3B4E
BB5E
B9F2
BB91
3ABD
B912
BC9C
BA84
3C17
3C46
BA4A
3B21
BC1A
BC04
BC4E
3A3F
3BD9
3B97
BA07
3C37
BA27
BBF5
3AED
BA9A
396F
BAE8
BA5D
3CA4
3BC8
BB8C
3C0C
BC20
3C82
BC2E
3B13
3C6C
3B66
3C6A
BBB1
3C0F
BC19
39C3
3C0B
BC67
BBE2
3C54
BB97
3B8F
3BE5
BC59
3B03
BC9B
BC3B
3BEF
BB17
BC1D
3CAE
3CAE
BB86
BC6B
BB8E
B9FA
3A78
BBCD
B9DF
BBA8
BC80
3BCE
BC48
BB46
3B8C
3B9F
BA16
BAD6
BBAC
3C4A
BC4B
BC53
BC85
BBE1
3A81
3B68
3BB5
BC56
BB7F
BA8D
BBA3
3B39
BC7E
3B93
3BF4
BBD0
3C8D
3C9B
3B33
BC2E
3A72
3B93
BB9B
3B91
BB86
3BD7
3B05
BC36
BC46
3C3B
3C02
3A9A
3BDD
3C3D
BCAD
3B34
BC51
3B2A
3C0F
BBCD
3C7F
3B41
3B12
BBB3
BB8D
BBB1
3C93
BC0F
BC3C
3B69
3A88
BB92
B91F
BBAE
BBCB
BC0B
BB4E
BBE0
BAA7
3BAB
BB06
BC36
3B72
3A76
3C97
BC0D
BBBC
3A97
394D
BC70
BBB8
3B07
3BD0
BC2F
3B3F
3C44
BB75
BBA6
3AA4
B9C0
BC38
3AE8
B9AD
3C22
3B83
BAED
BBF3
BBEB
3C2F
37CF
B963
BC0C
BB1A
BAEE
BA75
3BA9
BA16
3BBF
3C68
BAF3
3C3F
3C83
BBBC
BAC2
BB49
3C11
3B36
3C4E
BC5C
39E1
3BA0
3C1B
BB2D
BBA4
BC05
BBF5
3A4B
BC36
BC16
3C98
BA73
3C79
BA8C
BB9F
3C19
BAF8
B970
BAD7
BC9B
BB8F
3C54
BC03
3B22
BC3A
BC69
3BB7
3B71
BAFF
3C91
3BB1
3C8F
BB82
3B9E
3B8A
3A6D
3C99
3B1E
BC33
BA54
3B07
3B07
BC4F
3C32
BB1C
BC36
BC06
BC08
3B61
3C92
3AD9
BB18
3B76
BC50
BC1D
3BF6
BC1C
BB11
3B56
3C29
BAA1
3BE3
BB09
3C63
BB86
BC31
3A71
BB82
3A95
BAB4
3A80
B80E
3BE3
3B96
3CA7
3BD4
BC9C
BAD1
3AD9
BBCA
3BB3
BA29
BA63
BB6B
BC54
BAE4
3C2D
BC58
3BC4
3B31
B84B
BBCC
B812
BBC8
BB07
3C82
BC52
3A4E
BC67
3B9D
BC57
3A7D
3C5F
BBAE
3C58
BA38
BB4F
BBF4
BABE
BB60
BBE9
3BD9
3C0A
3A8C
3B2B
BB4A
3C17
BC06
BC2A
3B6A
3B91
BBA7
BC58
BC0C
3C93
BBCF
3BD0
3B67
3AFE
3B86
3BF1
BC57
BB09
3BB7
3AF3
BC05
3C4E
BB16
BAAD
BB56
3B2E
3AF4
3B09
3C7D
3BA2
3B00
3BF9
3C79
3C58
3C32
3C3B
BC2C
BC4D
3A8E
BC93
3B45
BC8F
3B10
BC1F
3C9A
BC58
BB4A
BB08
3B38
BB94
BC1B
BA86
BADF
BBC3
B9EB
BC0F
BBDD
BA9F
BC12
3BCA
3ADC
BB9E
3C3E
BAD2
BBA7
BB01
3C60
BC2E
3AF8
BC96
3B1D
BBD0
BBF3
BC50
3B0C
BAA0
3C1A
3CB9
3C46
3BED
3B6D
3BDF
BBA2
3B95
BC7F
3B9F
BC58
3B90
3C72
3BEE
3C3F
BBA6
3C02
3BCC
BB26
BB25
BAEA
3B18
3BEC
3B99
BC1A
3BDD
BB83
BC33
BAF8
3AF5
3B4D
BC9C
BBC3
3C45
3C46
BBE3
3B30
38F4
BC32
BBFD
3B2F
BB78
BB18
399B
BB94
3C61
BC4A
BCAF
3B3F
BB34
395F
BC04
BC03
3C6C
3BAE
BC8C
BB0E
3BD8
3B86
3BF3
BBDE
BBB0
BBE6
3C7C
BB4D
BBB0
3C92
BC54
BC61
3BF7
3C22
BAEA
3B16
3C3D
3BFE
BBF4
BBD9
BAAA
BBBA
3B8B
BC33
3BF4
BC33
3C27
3BB0
BC2D
3C1A
3C43
BC2F
3C21
3B26
BC50
3B4B
3B11
BB53
BA4D
BC4A
BC12
BB01
BB54
3C31
3BF9
BC5E
3C03
3B6D
BBDD
3BF7
3CA2
BC37
BB93
3BE2
3BBF
3B0C
BA8C
3BE7
BCA2
3B2F
3BF5
BA4A
BC0B
BB5E
3BFB
BC5F
BC09
BC2F
BC91
BBB3
BB7C
BC66
3C8E
BB2E
3C6A
3C52
3B47
3ADE
BB63
3B7C
BB05
BBD7
BB63
3CA8
3C0A
BB70
3BDD
B8FF
3C37
3C9C
BBC2
3A8D
BB9A
BC1C
BBFD
3C47
3A27
BC41
BA9B
BC0D
3B1B
3C85
BBBD
BB9D
3965
BBDB
3C59
BC0F
3C96
3BC0
3BF0
3C98
BBCE
3BDB
3C4C
BA57
3CB5
BBD0
BA3E
3BBD
BC01
BB75
BBCE
3C3A
BB0F
BBDA
3B58
3BE0
BBB8
BCBB
BA4C
3C22
3A77
BB30
BBEF
BB76
3C24
39C6
3C6D
BB91
BC6B
3AA2
BC56
BB04
3A59
BC3C
BC6B
3A74
BBDD
3B4B
BAE5
BC9A
3C16
3C08
3B61
BB73
BBE9
3964
BB3A
BB65
3C23
3C04
3AF8
3A75
3B8F
39D5
3A61
3C65
3C75
BC10
BBFB
3B39
BB7A
BBAB
3B93
BC27
BA8B
3C06
BC92
3A86
3C38
BC3F
3C35
BB95
3A08
3BC6
BA82
3BA6
BC21
3C81
3C8A
3C3D
BB72
3A1B
3C22
BBB0
BB0A
3C55
B91A
3A67
BBA4
BC45
3B5A
3C55
3BD7
3AD1
3C89
BC3B
BCB0
3A09
3BD5
BC32
3A71
BBA9
BBC1
3BB7
BB72
3C23
BBEA
3C42
3BC3
BC04
BC9A
BB82
3C04
BB08
BB3F
3C2F
3B36
BC70
BA26
BBB5
3B3C
3B90
3C08
3B58
3C68
BB19
BB6A
3982
BC82
BBEB
BBD2
BAFE
BC38
BBF1
3CA1
39D8
3BF6
BB73
3C2C
BC4F
BB3D
3C18
BB85
3A09
3C03
BC37
BCA4
BC85
BBF6
3CB0
3A0B
3AEF
39A4
3B49
3C61
3AD2
BB50
BBD8
BC3F
BC81
BC0B
BC63
BC94
BB27
BBDA
3C21
3C92
BBF6
3C0F
BAA2
BC86
3C21
3BC9
3BBC
3C55
3BA4
BC0C
3B17
3CFE
3BB3
3BC4
3B9C
BC35
BC8C
3BAA
BBFE
3C47
3BCA
BB0A
3B96
BC2E
BC5F
3B58
3C2C
BC07
3CAC
BB35
3BBC
BBCA
BBC1
3C86
BA70
3B7B
BC37
3BDE
BC8B
3BA0
BB30
3B51
3AB7
3BBC
BBA1
BB82
3BB1
BC43
BB7A
3BA3
BBCA
3C67
BC15
BC05
3A29
BB4D
3C1D
B90E
3C86
3C16
3B3A
BB7C
BBE3
BC29
BC77
BBBD
3C16
BC0D
BBFD
3B1E
3BAE
3BDB
3C66
BADC
BC13
BC3E
BC20
3A65
3B10
BA57
3C89
3C34
3C07
3B96
3C55
BC43
3B6B
BB01
BB7E
BC99
3A8D
BB75
BC26
3B05
3C90
3BA4
BB2C
BBDE
3C0E
3BA0
BBAC
BB42
3BF2
BB18
BC3C
3C59
3A8C
3B88
BB30
BBC4
BB56
3C49
BC91
BAED
39E6
3AE1
3B86
3C73
3C08
3C0C
3A94
3BB3
BA2D
BA05
BC18
3C25
3C73
3C25
BB40
3BB3
BB29
BC97
3BD8
BB19
3B6B
BC04
3BFD
BC8D
3BF4
3B81
BBE3
3BC3
3BB3
3BD7
BB64
BAD5
BC72
BA79
3B45
BC9F
BC01
BB30
BBAB
3BD7
3BCC
B9FD
BB87
3C64
BB0C
3AAE
3B13
3B57
3C4F
BBDF
BA34
3C8D
BBA7
BA54
BB9F
3ABC
BB99
BC1E
3BBB
3C03
BB60
3BA6
3C52
3BD9
3C82
BC4D
3CB1
3C21
BB27
3C9F
3BC8
3BC3
3AE2
3C71
3B1A
3B9F
BB9C
BB50
BBAB
3BF8
3B1C
3AE6
BB5E
BB64
BBF7
BB39
3B6E
3C0F
3C29
3983
3C26
BC62
3B59
BA8C
BC64
3C0E
39F6
BB5E
BBD1
BBE9
3B46
BBDD
BC14
3BCF
BBA7
3C34
3BAE
3C1F
3C04
3C1B
3B73
3C5F
BBB7
3BEF
BC41
3B61
3B91
BBAB
3B2A
BC3B
BBA6
BBC0
B955
BC96
BBDF
3BF9
3B95
BBDA
BC26
BBD5
BB30
BB85
BB41
BBD9
BAA3
BBAD
3B26
BB0A
BC1A
B89F
BB5D
BC22
BAC6
3C3A
BA2F
BBC7
3BB6
3B17
B9B7
3B15
BC20
BC64
3C3B
BC7B
BC59
BB85
BC13
BB8A
3C42
3B77
BB54
BC2E
3BC0
3B8D
3B6E
BBEA
3B2F
3AAD
B9AC
3C06
3937
BBB7
B99F
3C04
BA7C
3B88
3C1C
B9A9
3C93
BC16
BB99
3B98
BB3C
BC43
3AB1
3B40
3C5A
3B70
BB89
BB64
BBB3
3AEE
3ACF
3C46
BC2E
3B31
BC8E
BBCE
3B22
3C88
BB12
39C2
3C29
BB90
3B9A
BC6B
BB46
3B32
BBD8
BC32
3BA9
3B81
B8FD
3B9C
3CA1
3976
BBBE
3C33
BA3D
3B6B
3BF1
3C6D
3C0D
BC24
3C03
3AC6
BAE4
3C19
3B21
BB81
3C11
BA73
BB18
3C05
BC03
3BB7
BA99
BC54
BBCD
3827
3C0C
BC94
BB90
3C48
BB81
3BF1
3B7B
3C2A
3CB0
3C43
3BA2
3C14
3BC6
BBD4
3C49
3BB2
3CBF
BB8A
3B48
3A9D
BBAE
3C1D
3B82
BB65
3A65
BC0A
BBD7
BC90
3ACB
BC87
BC09
BB09
39F1
39E0
BB4A
3BB0
3B36
BC42
3A8F
BBC5
BB55
3C71
BB3F
BC42
BC66
BB42
3BEA
3C06
3BD1
3B37
3BFA
3BDF
3BAF
BAB5
BBF1
BC30
3B82
BC63
3B91
BC3E
BB87
3C73
3B95
3C1A
BBFE
3B32
3BA0
3AFC
BB20
3B1B
BB0C
3C76
396B
3B02
BC17
BC48
3C94
BBCC
BB08
3A4E
3BCB
BAB0
BC87
3B1F
BA77
3B1D
BC1A
BBF3
3ACA
3953
3C82
BC93
BC21
3BE0
3A8A
B9E0
3B83
3B94
3C48
BB46
BB1E
BC06
3BA4
BB15
3BDC
3B8F
BBE2
BB0E
3B98
BB2D
BA96
3C2B
BBE4
BB8C
3C78
BB05
BBD4
BB62
BBF7
BC2F
3BD5
3C11
3B14
3C32
BB87
BC8F
BBF8
BB7E
3BB5
3BBB
3BAF
BB67
BBC2
BB41
3BBE
BB87
3BE1
3A79
BBCE
3AC1
3AD5
3BE1
BA88
3C27
BC30
3C53
BC6A
3C4B
3C18
3B96
3996
3BB4
BA8F
BB15
3B69
BBFA
BBA0
BBC1
3A4F
3C0D
BC0F
392A
3C4C
3BC0
BBC2
BBC7
BC3D
3ADF
3C2B
BB86
3983
BBE5
BB74
3C08
BB6E
BBD6
3983
3A8E
3C17
BBC8
3BC0
BC35
3BFA
3B92
BBB1
3C54
BC08
3C13
BB86
BBA7
3B71
BC06
BB19
3C96
BA89
3B06
3C87
BA9C
3C9C
BB0A
BB07
BC0B
3B9F
3C76
3C33
3C35
BACB
3B24
3CA4
BC8F
BC90
BB22
BC0E
3B08
3BB5
3AF0
3BC2
BB7E
BC47
3C60
BC81
3B72
3BD1
3B2B
BBF4
3C9F
BB3B
BBCB
3BD6
BBAB
3C13
3BC3
BAD4
3B51
3B07
3AA8
3C55
3B8D
3C8F
3C0E
BC2A
BC42
3BE6
BA9A
3B43
BA3C
3BB9
BC49
3BBE
39DA
BC78
3B86
BB76
BA65
B995
BC15
BB96
3B40
3B0C
BC62
3B8B
BC50
BAC6
BB49
3BE9
3B21
3B1C
3B8F
BB6E
BBB4
BB1A
BA1B
3C00
BB4A
BB52
3AB1
3B1A
BA69
3C40
BBB8
3B16
3AF6
3B7F
BC5F
BC40
3B8E
BC4F
3BED
BBD2
3BF1
BC6E
3939
3B85
3C11
3B00
3A0D
3C02
BC08
BC0F
BC4E
3C2F
B984
3A1D
3C6A
BC56
3AD0
BBD5
BBEC
3C96
BA91
BB8F
3C7F
BA7F
3ADD
3C84
3BC0
BB06
BB0A
BC14
BC43
BB48
3B7F
3B21
3AF1
3AB3
BBE6
3B21
BC59
BC35
3C2F
BBEF
BBB2
397E
3CA2
BB3E
3B96
BBA3
BBBA
BAF0
3C00
3C3B
3BA5
3B87
3C25
3BDF
BC15
3A8F
3C39
3AC4
3A4F
BBBE
BAE2
3B0D
BC91
BA32
BB40
BC14
3C63
3B58
3B0C
3C8B
3BA5
BBD3
3C3A
BBD4
BC68
3C7D
3C5B
3B63
B794
3BEF
BC31
BB0B
BB9D
BC22
3B78
B9E7
3AC2
BA48
BADC
BB8F
3AF0
B90E
BC27
3AE3
3B18
3B88
BB6B
3C2E
3AFA
BC61
BB3F
BA9C
3C02
BA8B
BBBE
3AC6
B9B3
3C25
3C45
BC99
BBD1
B656
BAC8
3BA7
3B8F
BC52
3B78
3C08
BA55
BBA4
3C95
BBDD
BB5A
3C1B
BB62
3BA8
BC47
3C88
3B8E
BB45
3ACC
3B56
3C64
BA16
3C22
BC07
3BB4
BC92
3BA6
BBBF
BBF3
3B7D
BB50
BBCE
BB05
3C05
BC13
3C33
BC63
BC7C
3AB9
BA42
BB4E
B9C1
B9E2
B91D
BC8C
BAF0
BBFE
3BB1
3C2E
BBD1
BC00
3B73
3C04
3C88
BC53
3AC2
BAF4
3C10
BC0E
B89A
BC87
BC15
BB0A
3C01
BBDF
BB6A
BC02
3B53
BBB9
BB0A
BC2D
3C60
3BCD
BBB9
BB0F
3BFE
BB21
BBAF
3B8C
3B98
BCE7
3C8B
BB56
3C29
3C15
39A4
BB62
3B2E
BB04
BC03
3BB7
3B65
3C1F
3B4F
3B15
BC72
3BA8
391A
BC14
BA06
3C65
BC49
BB05
3C42
3CA3
3B6D
BC0C
BBA2
3C36
BBC9
BBE3
BB9C
BC1F
BB1D
BABA
B9C8
BAA1
BAA3
3956
BB9F
3BB3
BB94
BCC8
BCA7
BC43
3B32
BC44
BC58
3B83
3BD2
BBEF
3C01
BAF9
3C23
BC2A
BC42
BBB7
BB14
BC36
BCC9
BC33
3C0A
3C95
BBBD
BA04
3C50
3C43
3BCE
BBA1
BB73
BC33
3C45
3B4D
BBF7
BBEE
3CCD
3C29
BB18
BBCD
BC81
3BB4
3BB0
BC81
3C13
BBAD
BBA7
BBCC
3BAF
3C44
3B98
BB97
BBB7
BB39
3C29
BBF7
3C18
3C6C
3BF7
BAFE
3C85
3C5E
BC7B
3BCB
3C20
3B25
3C1F
3C31
BC13
BBBD
BC1C
BC08
BC2B
BA79
3C1B
3C09
3BF1
BB6C
3C27
BBB7
BC12
BC85
BBD9
BBDD
BBCD
3826
3AB3
3B0F
3B20
3ACD
BBDC
3801
BC69
3B3E
3BAB
BC53
BBD5
BC28
3C3B
3B6B
3989
3B4D
3B46
3AE8
3C47
BC26
3C30
3AAA
BB86
BC26
3BCE
3AE9
BB59
3AD1
3990
3BDC
BC56
BB1D
37F2
3B8B
BB22
3B86
BAE4
BB4D
BAA1
BA83
B9F6
BB45
BB11
BB99
3BD2
3B91
BBC7
B936
BA46
3A81
BBA7
BBDD
3C3E
BC0C
BBAD
3BEB
BC5B
BC84
BC04
BB91
BBBC
BBC4
BC6D
BC57
3B3A
3C64
3BB2
BA1B
BB01
3C78
BBDD
3B10
3C91
3B23
3B6F
3C61
3B7C
BB4C
3AB7
BC75
3A3D
BC01
3A0A
BC43
3C93
BBA6
BC0B
3C35
BA83
BA7F
3BA7
BC57
3AEB
3BB5
3B8E
BC03
3BB9
3894
3C45
3C0D
3C49
BAE5
BB9D
3C2B
3C27
BAD7
BB27
3A82
BB8F
3ADB
3AED
BB02
3B50
3B66
BA0F
BC05
BC3F
3A23
BC5C
BCC1
3BBC
BB9D
3AA8
BC3B
BA4B
BC03
3C16
BC28
BC20
3B54
BC53
3C88
3AA5
3C2C
BC15
3C1D
BA85
3BA2
3A01
39F8
BBE3
3C13
3AA1
BC39
3B64
3C09
3BFF
3C19
3C57
3C62
B9CC
3B5B
3BE5
BC49
3BB3
BB1E
BB2B
3BF8
3BBB
B9EF
BBE5
3C90
3A1D
3C2A
BC1E
BB85
B924
BC40
BBF3
3B98
BB5D
BC6B
BB83
3BD8
3BC6
BB99
BB95
3C16
3B0E
3C5C
BC13
3A54
3B14
BBA0
BC4A
3C18
BB14
3C86
3C77
BB5C
3BE9
BB40
BC35
BB82
3B8F
3C5F
3B38
3C4F
BB0C
BBC0
3BE0
BBCE
3C66
BB90
BC4F
3B75
BB07
3B23
BB25
3C60
BBA7
3BA9
BAC9
3C19
3AC3
3B4C
BCB9
BC39
3B66
BBC9
BC89
BBA7
B9D1
3C76
BB4A
3C01
3C88
BC93
B8E4
BAA6
BA29
BC3D
BB80
BC06
BAF2
BBC9
BB88
BA9C
BC15
BACA
BC08
3B78
BAD3
BC3C
BB10
B9FB
B9D5
BCDE
BA11
3C2D
B96E
3C83
BC04
3A4A
BB90
BB06
3BBF
3C21
BB3A
3B38
BA88
BC45
BB0A
3BE1
BB44
3BDD
3B65
BC83
BB8A
BC0C
3BE3
3C8B
BC1E
3C59
3C75
BB36
3A92
BB1D
3C30
B99E
3BD4
BBAA
39DB
BC05
BBBD
3BF0
BBA6
3C1C
3CA1
BBB1
3C0E
BC84
BC6F
3B2D
3C0B
3C3F
BC16
3AB2
3B5E
BBC3
3C28
BB37
3A60
3C4E
3B1A
3C20
BC72
3AA7
3AF4
BAD2
BBFD
3C68
3C65
BAAF
3C94
3BCA
3BFD
BBB7
3C06
BB71
3AC8
BB6A
3C6A
BBA7
3AAF
3B34
BC4C
BBEE
BBCF
3C0A
BB24
BAA2
3910
BC50
3B32
BC89
B90A
BC0D
3B8C
BBCD
3BE6
BAB6
3B3B
BC3B
3BE5
BB1D
3BB9
3BD3
BA17
3C50
3A12
BC62
BB96
BB6E
BBBA
3B42
3BD5
3B30
3920
38C1
BC01
BBFC
BBE4
3AFC
BB4B
BBFE
3B09
BBF1
3BBB
3C77
3C1F
BBA8
37BA
3A71
3C3D
3AEE
3C63
BBA5
BB27
BA02
3CC0
BC51
3C3E
BC77
BA2D
BC1C
BB4F
3B4B
3BEA
BC40
BC24
3B1C
3AB7
3C1C
BBE9
BB90
3BB5
BC84
3B5D
BC8F
BBA0
3C5D
3B41
BB11
BC09
BC27
3B8B
3ACC
BCA8
BA6B
BC2A
3B0E
BB15
BC6B
3BE0
B932
BB8B
3B5C
BC24
BB03
BB88
BBA0
BBD7
3B0A
BB33
3C53
3C08
3C30
BB3B
BC64
3C05
BBC9
3B37
3A8F
BC17
BC19
BC19
BBAF
3C12
3A09
BBD4
BB1B
3B13
BA49
BBBB
BC10
BB39
BB91
B9FD
3C66
3AB0
3AD2
3C4C
BCA7
BADA
BA61
3B39
3A86
3BDE
3C29
BBF9
3952
3C28
3BA0
3BE6
BC38
3C71
B9F6
3A3D
3AD6
3A6A
BA91
3BDC
BC8E
3B84
3B5E
BAEE
3BD9
3B2A
BC33
B989
BB73
3BF7
3C13
3BF7
3BE7
3A29
BB5A
3C1A
BBBB
3B33
3C52
3C3B
BBA6
BB6F
3AAF
BBCB
3C1E
3AF6
3C29
BC69
BC69
3B79
3BFE
3B9E
3BA0
BC80
3C98
BC71
B7B3
3BE0
BC47
3BDE
3B8D
3BAD
BC2A
BC25
BC05
BB96
3CB2
3C08
3CBA
BB5A
3B8E
3911
3C54
BB4A
BBA7
BB9E
3BA1
BBD2
BBFD
BA30
3B95
3BFF
3B07
BC26
BC94
B902
3C82
39D8
3AB3
3BBF
3B42
BBDA
36BB
BB1B
BAB7
BBDB
3C81
3C77
3C9F
BA25
3A16
3B6A
3B9E
BA84
3C06
3AA3
3AE2
3C75
BC36
BB76
BC23
3CBB
BC64
BC86
3A0A
BC87
3C08
3B38
BC6D
3AE0
BBA3
3BCA
BB23
3C0B
3AF1
3BBD
3CBE
BC0B
BC00
BABE
3B86
3BD9
BC0C
BADE
BB20
3B7E
3C21
3BEE
3A04
3B4C
BB03
3C29
3BC3
BB8D
3C93
BC28
BB5F
BA0B
3C3B
BB9F
BC15
BBB1
BBC8
3C22
3B48
3BC4
BB29
BBE1
BC15
BA3D
BB3D
BC81
3C6E
BABB
BBA9
BBBC
3CDB
39B7
3C02
BC24
BC90
BC57
3B88
BBE7
3BAE
3B8E
3C37
BB7B
3B80
3A0F
3C4F
3BD8
BBB9
3BD0
3B6A
3B44
3BD0
3A4B
BBAC
BB7E
3B91
BC0D
BC27
3B98
BB8F
BB3C
BB82
BBD6
BBB1
3C8E
BB0A
BBDA
3AC3
3C1A
BC2A
BCBE
BBA5
3AF3
3B10
38C6
BBAD
BB8A
BA0D
BC01
3BD4
BAA6
BB6D
3B84
B9C0
3BE0
BB17
3BCF
3B8A
3C65
BC20
3A94
3BC6
BBD8
BC8B
BBEB
BAB6
B989
3B8E
3C57
BB1C
BBCC
BC22
3B55
BAE6
BBAA
3B98
3C0E
3A49
BC02
3BFB
3B7F
3AA4
BBA9
BC58
BB97
3AB9
3B66
BC40
3B9A
3B49
BC61
3C2C
BC22
3BC8
3A8D
3B2B
BC56
3B70
BC1E
BBD8
3C95
3C07
3C80
3AE4
3B1A
B8EC
3BEA
BB19
BA9F
3B97
BC97
3B8E
3B4A
3B33
BBAF
BB21
BBA7
3BB2
BBF2
B972
BBAC
BBCA
BC5A
3AA9
3AF7
BBB7
3B06
BC04
BB24
3BBD
BAED
BBE4
3B18
BBB6
3BE6
3913
3ABD
B9FB
BB86
3BE6
3AA6
3BF9
BC26
BBB3
3C0B
BC0B
B9C1
BBC9
BABE
BAAA
BAB6
BB95
BB2D
3A29
BC7B
BB1C
BBA7
BB45
3B18
BC11
BC6E
BC8C
3ADF
3C4F
BBDA
BB6B
BB97
BAD3
BB15
BC18
BC54
BC31
3C00
BC41
3BC2
3A7C
BB19
3C51
3C68
3B3A
BB5B
BBCC
BC5D
BC9B
BC2C
BAF9
3A63
BC34
3C0A
BC06
BB2E
3B4F
3C97
3B9A
3C53
BC79
3BD9
BB16
3A03
3C11
3C1A
BBC5
3B69
3BA6
BB7A
3C1B
BC08
3CBE
3CA6
BA3F
BB79
39E9
BBBA
3C3A
BC11
3C37
BB79
BC6B
3C89
BA00
BBE0
BC41
BBAF
BC20
BB83
BA41
3C7C
3B7C
3B8E
3C9D
3B98
BC81
BC75
BC92
3C35
3A0F
3C8F
3C32
BB12
3B08
3BCF
3C6D
3BBD
3A8E
3C45
BC70
3AAD
3A37
3C0D
BBA2
BC03
3BB0
BB45
BC06
3BE8
393F
BB8B
BC5F
B9B9
BC38
BBD8
BC34
3C82
3C1D
BC67
BC8B
BBAD
BB05
BC2B
BB08
BB6F
3C47
BC4D
BB8E
39C7
3958
BBCF
3B49
BC4D
BB30
3AC0
3A4C
39D7
BB2E
BAB4
B90F
BC5A
3A6A
BC1D
3AEB
3C62
BC66
3AA8
BB88
BBFE
3A3D
3C6E
3AAF
3C27
BBE0
3B7A
BBE4
BA94
BBAE
3B86
3BB5
3BCF
BBF4
BB51
3A45
BAC2
3C11
3C16
3C31
BC37
3BBF
3A05
BC49
BC64
BBD8
3C47
BA5B
BC9D
BB25
3BB2
BC08
3A54
3C79
3A6C
BBE4
3C17
3BA2
3BF3
3C5B
BA96
BC86
3A7A
3B1B
BC2D
BC24
3BEC
B9BA
BC5C
BB40
BBE3
3BDC
BB91
3C0A
BC2E
BA9A
BBDC
B832
3CAA
BBC4
3A5A
BBF0
3B9E
3C9F
3A2A
3B11
3C40
39B6
3C34
3C19
BAA6
BB98
BBC5
3BEE
BBE1
BC64
BB80
3C0C
BC2F
BBB7
BB8B
3B55
3BE3
BBFD
3C54
399B
3B74
BC5D
3750
BB87
BBC4
BC0E
BC02
BB98
BC06
BAA4
3C94
BBA8
B9A9
BB64
BB3D
BBB5
BB45
39A9
3C7B
BC40
BB0D
3C23
BB97
BB28
BB7A
3B85
3C08
3C69
BB2E
3B14
3BBF
BBD1
3AE6
BB33
3B9C
BBDD
3B47
3C64
3AF8
3BDD
3B90
3C5A
BAF7
BB21
BC42
3A82
3AA1
3B0C
BB92
BB4F
3B40
3A53
BACD
BB69
3BE3
BC38
3B95
BC39
3C2F
3B39
BBDE
3C3B
BB9B
BA05
3BCE
BB3A
3AE1
3C8D
BAF3
3BF8
3B90
3C2D
3B29
BBD2
BBB6
3C44
3BF5
BA10
BAAA
B9A7
BAD2
3BE6
3B89
3B4A
3CCD
3BBC
3B32
3BB9
3C6B
3BE1
BC71
BCA7
BADB
BC42
BC5A
BBC1
BC36
3BE5
BB7F
3CAC
BA7C
3BE6
BC5A
BBE0
3B17
3C10
3BC9
3B8E
BBF9
BC1B
3C08
BB7C
BC58
3C1B
3B86
3B5A
BC2C
BC1E
BC1B
3C32
BBD3
BBD5
3A50
BB11
BB6E
3C73
BBF2
3C79
395E
3C4C
3BB0
3C32
BB06
BBA1
3C12
BBCE
3BE1
3B26
BC9B
BC00
BC00
3B93
3C2F
3BB0
3BCE
3AB5
3C7E
3B38
3A08
BC25
BB25
3998
BC32
BB31
BB89
BBC2
3BF1
3C7E
BC1E
39E7
B996
3996
3B2D
BBFC
BC75
BC3D
BB94
BC3C
BBF2
3AA5
BAE0
BBC9
3C10
3C19
BC60
BBD4
3C03
3BE0
39B5
BB08
BB66
3B52
BB93
BC37
BC5A
BBF3
BB8D
BB7E
BBD1
3BB2
3C3C
BAB0
3B4F
3AF6
3C23
BA94
3B7D
BB45
BC84
BBD5
BBA0
BAD2
3A0B
BBE6
BABE
3A87
3C8B
3BAF
BBF4
B966
BB80
3C63
3B26
3C76
3AD7
BC5E
BB99
BB1C
BB76
BB7A
3B19
3BBA
3B9C
3B9A
3BDC
BC86
BB59
3C16
3BD4
3A89
3BA1
BB56
3C34
BB0D
3C0F
3B7D
3B99
3BEC
3BC9
BC00
3B39
3C39
BBD2
3A83
BBBE
BC37
BAAF
3B6D
BC10
3A0C
BA0B
3C05
B9FE
3B11
BAB2
BC1D
3BA7
BBDA
3C28
BC17
3BB7
3C2D
39D7
3BE0
BB55
3C4A
B978
BB21
3BDE
3CAC
BBBE
BBC4
BC1E
3C8A
3C82
3B62
BBC8
3B17
3BDE
BC3B
BC2D
BBCE
3AAE
3A73
3B8C
3C0D
3C4A
3ADF
3B18
3B2E
BB1F
3B0D
B9AE
BBDA
3C0A
3BB0
BB2B
BAEA
3C86
BBFD
3CAA
BC01
BA43
BC24
BBAF
BC33
3C1C
3BA0
BBE3
BBC6
BC0F
3B20
3AC8
3C5D
3C10
3B55
3B87
BBE8
3A20
3B74
BBEA
39EE
B9F2
3BAB
BC0F
BB58
BC75
3AF6
3A24
BB83
BCB8
B83B
3BB6
3B03
BAB9
BBA1
3AE4
BB19
3B20
BBF2
BBC8
3C85
3C05
3B0F
3C36
3AA5
B9C9
BC72
BA7B
BB24
BB3C
3CDD
BB38
BB9B
BC86
3A31
3AE7
3C0B
3CC2
3BBA
3C15
BBE3
3BCE
3A81
BB4B
BC36
BC22
3A5C
3C05
3A94
3A88
3B2D
39A4
BB5E
3BF3
3BA6
3B21
3BD9
3A9C
BC0B
3BA0
3B8C
BA18
3B24
3B47
BBB8
3C22
3C03
BA94
BC6C
3B2B
3B6B
3BC0
BBE9
3B5F
BB03
BC15
BB14
3C0E
BBC1
BB5C
3BE9
3C02
BC0D
BCA9
BBFB
3C27
BB6D
3B5C
BC55
3B51
BB09
3B8D
3C34
3BAA
3B16
BB05
39E9
3BF9
BBD0
3888
BB6A
3B1D
BC47
3BD2
BB8F
BBCB
3BE0
BBB9
BC35
B9D2
BC79
3C1D
BC0D
BB51
BAB5
3C2A
BB84
BC1D
3C56
3B21
BA1F
3B2A
3BEE
3AB9
BC4F
BB84
3BBB
3B2C
BBB8
3C63
BC80
3C2E
BBC0
3C5B
3C0B
3BD4
3BF4
BC5E
BABB
BC8F
BB74
BA23
3A13
BBEA
3AA1
3AE6
3B8B
BC0B
3BA0
3B98
BB2E
BC14
BABF
3BE3
3C62
BC0E
BB14
3A5B
BC60
BCD1
3C29
3C37
3B87
3C1E
BB7B
3B6A
3C05
BB59
BC7B
BAE1
3C58
BB03
BB55
BB0E
3CA3
BBE4
BC1A
3C09
BC17
3C0A
39CB
3C1E
BC3A
3C9A
BC5C
BC2E
BBDF
BB88
BB0A
BA34
BBCC
3C46
3BBD
BB8E
3BB1
3BDB
3A6C
BAF7
BA07
3C8D
BC0D
3C82
3AA7
3C1C
3C2B
BC0C
38B7
3BBE
3CAE
3AF9
3BA0
BC4F
3B64
BC47
BB23
3A60
3C01
BAA2
3C53
BA61
BC4B
3BB1
3AC8
3B89
BB36
BB8A
3C1D
B988
3C12
3B04
BC22
BB6E
BA82
3C1D
3BE7
BB6F
BBEA
3AD9
3B87
BC29
BA17
BCA1
3B99
BB03
3C42
3A25
BC1A
BB6D
3BE5
3BD2
BAF4
BA0A
BBB3
BB24
BBA6
3A24
3B97
3C0D
BBDD
BC52
3A17
BBFE
3C02
BB9B
3C96
3C07
3C88
B9DE
BBD3
BB86
3C20
BBF7
BB33
B98E
3C49
3C40
BB1B
BB9B
3AAA
BB4A
BC12
BC19
3BEE
3C17
3C3F
3B53
BBB8
BB25
3B16
BB46
3B9A
BB73
3B6D
3B2B
3A99
3B69
BC92
BAB5
3B99
3BED
BA65
3A26
3C41
B9B2
BBE3
3BAA
BBBB
3BB0
BC45
BC44
3C2A
BB2F
BBC0
3BAA
3ACC
3B81
B766
BC2B
BC6A
BBD0
3B3C
3C5E
3C06
BAC9
BB89
BB84
BC0C
3C09
3C50
3BE1
3C8F
BCAF
3C4D
3B83
3B87
3C4C
BB7A
BBC8
3987
BBA4
BAD8
BBB2
3BE8
3B78
3C4A
BC2E
396D
3AAF
BC10
3C7D
3BAB
3C04
BAD7
3B13
BAE3
3C30
BBA3
BC0F
BB77
BBF6
3C02
3BE6
3CB5
3BC5
3BAD
3BF3
BC41
3C05
BB45
3B14
BC30
3CBE
BC70
BBCC
BC21
BAC5
BBB5
3AFC
BA94
BBC8
BC1D
3BDE
3AC7
3B7C
BC0E
398B
3BE8
BCA3
BBD9
BB99
3B36
BB87
3BF3
BBED
3A99
3AE9
BC22
3BA8
3B4C
BBEB
BC79
3BAD
BC53
3B91
BB72
BC4F
BCAC
BAE5
BBD1
3C00
BBFC
3B99
BC09
BC81
3C47
BC05
3BA9
3C03
3C60
BB35
3BD2
BA8F
3B2A
3BAA
3AC6
BB96
BC28
3C19
BC04
BC9B
BC76
BC86
3C2F
BC21
3ACE
BBD8
BBC3
3C91
BB8A
BBD8
3BAE
BBD9
3C9E
BB86
3C7A
BC71
BCA7
3A16
BAF7
3C5C
3BD9
3915
3BCA
BBD1
3BA4
3C28
3B5E
3C28
BB34
BC01
BAFC
39A8
BB26
BAE3
B847
BC58
BB7E
3AF4
3B50
3ABE
3AD5
BC8D
BB96
BAAD
BB62
B90D
3BAF
BC43
3C14
3BAF
BBDD
BAEF
BC98
3C6F
BADD
BBCD
BC63
3A84
3C2A
3C85
3B2E
3C68
39D9
3C33
39C3
3C3C
3B03
3A45
3B63
BC31
BBFA
3A86
3B04
B991
BB49
3B45
3AFE
39DC
3BA6
3B38
BCA7
BB9F
BB60
BB27
BB4D
BBB7
BBED
BC88
3C1A
BC2C
3934
BBAE
BBBE
3B38
3C7A
3B6A
3B8B
BC93
3C28
3C73
3C12
3B47
3BF9
BBC7
BBA5
BC30
3BDC
BA57
B9EE
3C03
BA52
BA49
3C1C
BC94
BC5D
BC0A
BB82
3B08
B9CA
3BDB
3B30
3C46
39EC
BA5F
BA06
3C01
BB77
BC47
3BED
3C14
3A35
3B3B
BAB5
3C2A
BB63
3C2E
3B9C
3B76
BB58
3B55
BB5B
BC01
B9AE
BB99
BC8B
3C4E
BB39
BB10
BC48
BBA5
BC62
3BA0
3BDC
BC0A
3BFD
BC1B
3940
BB75
3C4A
3BB6
BB99
3BE2
3C0B
BA8E
3BB8
BBB3
BB83
3B91
BB0F
BB5F
3B1C
3C3D
3C51
BB09
BBD3
3BB6
3BC4
BA47
BC0A
BACF
3C15
BB9E
3C10
BC94
3B8E
3B2B
3C0D
3ACB
BC4D
BB02
BBC3
3C56
BAEF
BBCD
BBF6
BC18
BC18
3C69
3AEF
3BC0
BB4E
3BA8
3C17
3C18
3C01
3BFD
BB40
BC94
BC1C
BBA9
B98B
BB94
BB36
39BC
3AB6
3B3C
399D
3BC7
3AAE
3B13
BB5D
3B4D
3C63
3C90
39D8
BB0E
BC48
3B5F
3C01
BBA9
3BF9
3C77
3B8F
3820
39A1
BBD9
BBF7
3B6D
BA85
3AEE
BBA7
3BC2
3BC7
3BEE
BB5B
3A2F
3B8F
3B78
3B80
3B2F
BA8F
BB64
BBBB
3BF4
BA8D
BA28
BC22
3B72
BAD9
BC96
BB31
3C88
39FE
3B3D
3A9F
BB89
3B81
BADB
BAE6
BC94
3C5D
BC1F
BBA5
BB77
BBF6
BAA8
3B3E
BAE5
BBC3
BB17
3AAD
3C2C
3C94
BBB3
BB53
3B15
BBC2
3B92
3C31
BB4A
BA37
BC53
BB3B
3BB6
3A4A
3A3E
3C8C
3B6A
3597
BBE6
BC87
BC12
BC2B
BB2F
BC08
3ACC
BAFB
BAE6
BB74
BB6D
3C05
BC6D
BB61
3C3F
BC15
3C6A
3C14
BBD8
3BB8
3B59
BB96
3C39
3BE2
3B83
3C50
BAC8
3B08
3A14
BC42
BBFB
BC07
3AFE
3BDA
3BBB
B9FE
BBC6
BB9A
BB6B
BB4E
3AA4
BBEF
BBFF
3C6E
BCA8
3B24
BB3C
BBAC
BAC5
3A93
BC14
BB29
3BC7
BBF6
3C18
3A9B
3A42
3B7B
3C4F
BC53
39C5
3B98
3C39
BC1A
BB3B
BB1B
3BD6
3C64
BC51
BBA5
BB5C
3B16
BB07
3A08
3C20
BB2A
BBD8
BC31
BA81
3BDF
3BB4
3C35
3C45
3C10
3BF3
39D3
BA07
BBDC
BA0D
BBF7
BB2F
3BB2
BBFE
BB37
BBA7
3BC9
BA0D
BC40
3A92
3B6C
BADF
BB9D
3B7D
BBE8
3995
3B87
BA14
BB87
BC29
BC36
BB92
3C43
BB7D
BBAB
BBD3
BC3C
3C08
BC8B
3C05
3BA8
BB81
BC3B
BB51
BC97
3CC4
3AFB
BBC4
B992
3C65
3A91
BBDA
BB07
BC54
3C55
3A9F
BA2F
3BF2
BBEC
3A09
3B9A
BB81
BBFE
BC19
BA20
BC19
BA44
BAAD
3C37
3A95
3C12
3B0A
BC1A
BBE0
3C0C
3BDB
BCAD
3ADB
3C69
BB5E
3BFC
3B1A
BBD5
3CB8
BBFC
BC5E
3BFF
BB84
BCAE
3C11
3C09
BB1F
BC32
3BC8
3C04
BC04
B956
BC2D
BB5A
3A97
3A0B
3C11
BBA1
3BD9
3A74
3C3F
BB82
BC60
BBC1
3C2B
BC26
3B84
BB92
3C7F
BC79
BBCC
3C34
BBD6
3BB9
BC86
3C0D
BAD4
BB1F
3B69
3BB4
BBA5
BB81
BB43
3BBA
3CE1
3BB2
3C10
3BD2
3B90
3B8E
BC0B
BB92
3B3E
BAE8
3BD2
BB30
3C0B
BA01
BB1F
BC46
3B28
3B0F
BB6F
3BA3
BB9A
BB6C
BBAB
3993
BBC3
BC58
BBBD
3B70
3C18
3BAB
3B25
BC02
3B12
BC50
BC0E
BB8E
BBB9
BC1B
3B75
3965
BB1E
3AC1
3B37
BBDF
BC2F
BBA6
3B98
B9D6
3BC3
BC58
BC6D
3A90
BB83
3C0C
BC41
3C83
3C55
BB4C
3BBF
3B9F
3BDF
B70E
BC67
3A77
BBAB
3C04
3C28
BC01
BABE
BC24
BB94
3B7B
BC27
3B11
3AB1
BC92
BC8B
3C7D
BC96
3B9E
3C91
3B3A
BB2D
3B83
3AE8
BC46
BBEF
BC10
BBBE
3B31
3B00
38C5
BC5A
3BDD
3C04
BAE5
BA4E
BB97
BBB0
BBE5
BAB5
3C6B
B9E0
BBEE
3A81
3AB8
3B56
BA52
BBF9
BC14
3C2B
B9F9
3BE2
39C8
BC28
BBA0
3C0D
3C22
BB29
3BC0
3BAE
3B33
3B0A
3C00
3BD9
BC2B
BBB0
BB46
BBCB
3B4A
3C1C
3B47
BBFB
3AE1
BC28
BCA6
3C86
BB2D
BC21
BBC6
3BBF
BC89
3B9C
BAFA
BBAC
3C53
3C42
BBD1
3BCD
BA8A
3BED
3C73
3C82
3C44
3A86
BAB3
BC0E
3C4C
BB84
3C0A
BC70
BBB6
3AD1
3BC6
3C88
3C05
BB11
3C1E
BB96
3BA8
BB94
3C1C
3C32
BC19
B9E2
3BF9
BADF
3ABA
BC83
3BC4
3925
3A76
BAE7
3CBB
BAD6
3BB9
3BFA
3C67
BBD9
3BEA
3A9B
BBB6
3B36
3C21
BAEC
3AD0
3B1A
BC89
BB04
3A22
3C22
BA2D
3B14
BB36
3C8E
B934
3C39
BC3E
3C43
BB93
3C2A
3BFC
BC17
3BCD
3874
BBAE
3B20
BB9E
BBE1
BC21
BC10
BC10
3B5B
BB24
3B5C
BBB3
BC0F
38B4
BC0B
BAED
3A07
3B1C
3B28
BB61
3C43
3C10
BB1B
BB65
BB00
BA38
3A52
3BBC
BBBD
BB42
3BE1
BB97
3B46
3B5A
BCB6
3C51
3C0B
BC1E
BBA1
3C35
3B85
BAE5
BC6B
3C7C
3B89
3C39
3BC0
BC23
399D
BB21
BBBD
3AFE
BA82
BAFD
BC68
3ACA
3B6E
3BA1
BBEA
BC67
BBBC
BBBE
3B97
3BA1
3B8A
BB89
BCA8
BC75
BC29
BC26
3B70
BC8F
BBE4
BA75
BC50
3C37
3C6C
BBC3
B728
3AB3
BB86
3CDB
BC28
3C18
BB57
BB84
3C43
BC5C
BC1A
BB61
BC6A
3C7A
3C16
3ABD
BB9E
BB95
BBB2
BB15
BC72
B9F7
BCAC
3A1E
3C53
3C04
BBE1
BA25
3C18
3CB8
BB1A
3B99
BAC9
3C38
3C19
BBEB
3B95
BAFA
3C28
BC33
3BBE
BCB3
BC3E
BBFB
3B64
B9F0
3AAF
BBD5
3BB5
BB0D
3B26
BC5C
BBC7
BBB3
BB2A
3A93
BBD2
3C44
3B95
BAA9
BBB0
3C08
BB0F
BC2F
BB50
3B81
BC0C
BBB4
3AD2
BBB1
BBD9
3C62
BBDE
BA6D
3C00
BA1F
3B5D
BBF7
BC34
BB76
BC20
B948
BCB0
3AE7
BC0D
BC6A
BB7B
3ACD
BB90
3B01
3B89
BB3D
3BF2
3AAB
3A49
3BB5
BC60
BB78
B9E0
BBA7
3C92
BBCC
BC90
BB82
BC00
BB9C
3C84
BB6E
BCBC
BB50
BC78
BBFB
3B2B
391B
BB18
BA79
3BEE
BBF9
BC02
3C79
B984
BB13
3C1B
BCBF
3A6A
3A33
3B83
3BB3
3BE1
3C0B
BC29
3B8C
BB38
BB7A
3B16
3B7D
3C4A
BB43
B9D6
3BB7
BA71
BAB2
3C1E
BB56
3C20
3C13
3BBE
3C36
BBC6
3C60
BC6B
3B82
3BF3
3C20
3C0C
B99F
3B7A
3B3A
3C1A
3B78
3C01
3CB1
3BFD
3BF6
BC26
BC44
3AF4
3C6D
3B10
3ABD
BBB0
3AE2
3C3E
3C2C
3C05
3B59
3A9C
BC39
3B08
3C72
BA0D
3AD5
3AF8
3C0E
BC5B
3BCB
BB8A
3A94
BB23
3AD8
3B18
BBAF
BAD1
3C1A
3BC0
BAEA
BA4E
BB17
3A26
BB73
B9A5
BBF8
BB6B
BB11
BAE8
3C3E
3AEC
3AD9
3C0C
3AFE
BBC9
3C17
BBD1
BC6F
39E3
BA9A
BAD9
3C1F
3B64
BA41
BA6F
BB89
BC71
BB53
BC1D
3C24
BBD3
3A89
BB91
3C1A
3982
3CBF
BCD2
BB56
3BC4
BB8E
BB6F
BBBB
BB0D
BB6A
BB5E
3A91
3AA1
3C02
BBA5
BC1E
B98E
BB0F
3C92
BC1A
3ABF
BBEF
3C2C
3B18
3B8E
391B
BC18
BC1B
3C27
B9D0
3C1D
3C5A
BC24
3C4F
BC41
399E
B98C
3B73
BB17
3B4F
B905
B96A
3A88
3BC0
3C03
BC23
3B11
3BFC
3BB1
BC9E
3B78
3B52
3A06
3ABF
BBBF
3B7C
3B36
BB7F
3C13
BC28
3C93
3BDE
3AEF
3C47
3C04
3AAD
3B5E
BB84
3921
BC4C
3BDA
BA75
BBF9
3A43
3C85
BC22
BC73
3B56
BB66
BBA3
BB0D
3B9F
BB60
3C2C
3C09
3BFC
3C0A
3BEE
BB13
BC11
3BBD
3C40
3B65
3C54
3A61
39A4
3BD6
BB89
BB4C
BB0C
BBD2
BC14
BBFE
3C44
3B90
BA3E
B981
389A
BBFE
3B28
BC56
3C34
3BD7
3C5D
BC60
BBCA
BB1D
3C69
3B87
3C18
BC04
396C
B900
BC17
3BCA
3BA9
BC17
3C40
BCA7
3BBB
3BEF
3C04
3B91
3BD7
BAF8
3AD8
BB58
3BDC
3AA3
3BE7
3B27
BC2B
3B12
3B6B
BAF3
3B67
BBC7
3BF3
BA31
3ADC
3A8E
3BBF
BBE4
BB3E
BC12
BC4D
BC63
3B9C
BC8C
BC3F
3BC6
3BD6
3B8C
3B1B
BC83
3C28
BBDE
3C13
3B48
BB45
BB96
3C2E
3BC1
3A30
BC77
BBF7
BB90
BB9C
3BB0
3C4B
3B82
B9F5
3C0E
3A2D
BB9D
3BAD
3C09
3BC5
3BF3
3B9C
BABC
BBF2
3B43
3B30
BBD4
3C53
BBE2
BC2F
3AC6
3B69
3B0E
BB19
3AA9
BBAB
3A85
3C04
3C13
3A31
BC3B
3C08
BB7A
3AB9
3C52
3B0B
BB9E
BBFC
3C10
3B20
BAAE
BC15
BC89
3BCA
392C
BB60
BBD6
BBFF
BBD2
BB21
BC5E
BADF
3CC7
BB4C
BB2E
BBE5
3C19
BC2E
3C77
BB10
3B27
BB62
3B27
BAED
3AA4
BADE
BC45
3B28
BC16
BB19
38C5
BC83
3BDC
BA47
BC58
BBBE
3BE6
3C71
BB98
3C41
BC9D
3C24
3C87
3C81
3B9C
BAAD
BC44
BB0F
3C0C
3B8A
3BA7
BC03
BC2C
BA03
3C19
3A6C
3C1A
BB84
BB92
BC3A
3B3A
BAB7
3A96
BA92
3C61
BC0A
3AF7
BC17
3A52
BC86
3B2A
3B36
BC0F
3927
3CA8
BB2E
BC11
3BA2
BBA0
3B40
3C82
3C22
BB8E
3BCB
BC70
3C68
BC3F
3A04
BB4E
BBCF
BC1E
BC5A
3B66
B987
BC4B
3B3D
BBFD
BC17
BB43
3C56
3B00
BA85
BBCC
3A2A
3C5B
3C14
BB93
3B76
B9CB
3B98
B9C1
3B0E
BB8A
BCD8
BA22
BA6D
BB6F
3C29
BC5F
3B44
3C7D
BC0A
BBD8
BBEE
BC86
BA5E
BBEB
BB82
BB51
3AA5
3C55
3A9B
BC54
3AA6
392E
BBCF
3B60
BAE4
3C6A
BC3E
BBCB
BB87
BA3E
3BB9
3C0F
BC92
BB12
BBB2
3C6B
BBEA
3994
BC28
BC55
3AC5
3B59
3BA5
BC33
BC0E
3B36
BBC2
3BD1
3BCF
3C4E
3A57
BBDF
3BB5
3C1B
BBF0
3727
3C75
3B06
3BCF
3B3A
BC36
3CB2
BAEB
BB0B
3C25
3BF0
3C1D
BA66
39DF
BA3C
BC47
BC11
BB6C
BC17
3AF8
BC08
3C79
BB66
3C5C
3932
39AC
BB16
B9D3
3A6F
3B2B
BBA2
BC6C
B988
BA2C
BCA1
BC4E
BB3B
BC07
3B5F
BBC7
BC52
3C70
3B7F
BC0D
3C71
BAEC
3B88
BBED
BB82
BB10
3B90
BB9E
3BFD
3C12
3C3E
3B9A
3BF7
3C2D
BC52
BBB9
3B91
3C0A
3B8C
BC25
3BFC
3AD3
BC72
BB91
BA85
3B8D
BB9B
BB06
BA6A
BBA2
3C15
BB6B
BC31
BBA0
BC88
BC7E
BC33
3BE4
3C54
BC44
BC2F
3C0A
3BE4
3BC9
3C09
BB9A
3B7C
BBF3
BC2D
BC14
BB57
BC22
BB7E
BC17
3C67
BC07
BC0B
BBF1
3B4B
3C72
BCBD
3B19
3AEF
BBCF
BB86
3B69
BBED
3BD7
3B5B
3C36
3A1D
3AB4
BC81
BC2B
3CB8
BCA3
3C8A
3A0F
3731
BBB9
BB37
3CA7
BB49
3AC0
BCAB
BBE1
BB9E
BC13
BBAA
3CA2
3BB9
BADA
3BB9
BC27
BBB5
3CB7
3B85
BB8D
BB1B
BBB5
BBA5
3BF0
3C08
3B47
BB89
BBEA
3C8D
3B2D
3C60
3C93
3C18
3B7D
3C5B
3C82
BBB9
BB23
3BC5
BB68
BB2F
BC12
BC25
3B10
BBC6
BAD5
BAFC
3B6A
BB5A
3C55
39FC
BABA
BAEB
3A95
BBBD
3B9D
3C06
BB01
BBFE
BC83
BC9D
BB51
3BDE
3BB6
BC52
3B54
3B9A
BC93
BC2C
3B5B
3BC8
BB6D
BC82
3B38
BB9F
3C60
BC27
3C29
3C81
BC26
3B8F
BC74
3B84
3B51
3C22
BB49
BBB3
BB8D
BBE4
3C37
3BBD
3C2F
BC12
3B9D
BB2B
3C69
BB8D
3BAB
BAAB
BC79
3BC8
BAFB
BB85
3BE4
BB57
BB3A
BBD3
BC0B
BB25
3C04
3C13
3B0E
BA4D
3BAC
3BC9
3A20
3B1B
39F4
BC47
3C6C
BBB1
BC60
BC2A
3C2B
3C37
3BD1
3BBC
BAB3
BBCC
BB54
BC87
BB40
3B94
BBBF
BBEF
BC1C
BB79
3BAC
BC65
BBC0
3BB0
39DE
3BA6
BAED
3B0A
3AB6
BAA2
BBD7
3A42
BC2D
3CAB
3BD9
3A65
BBB0
BCA4
BBC7
BC51
3C1E
BC04
BCAC
3AE6
3BA2
3C37
39BA
3C17
BCBA
3A6E
3C7D
3B24
3B6E
3BCE
3BF6
3B40
BBB4
39C0
BCF2
BC06
3B13
3BCB
BC82
3C0A
BA98
BC19
3BA9
3B81
BB86
BB6B
BBF4
3B2D
BBC4
3B31
3BEB
BAAB
3C00
3CB9
BB3E
3C3A
BB54
3C28
3C57
B9CC
BCA3
3BB0
3B9B
3BDD
3BE4
BC1A
3C7F
3B2A
3AAC
B9FD
3C28
BA90
3AEC
BBA8
B9F6
BC15
398E
3BB6
3B7A
BB68
BC7C
3AC7
3BA5
BAB5
BB50
BBD4
BB80
3C86
BC10
3A20
3B33
3A95
3AD5
3BAA
BBE9
BB25
BADB
BC7D
3C43
BC62
BC89
BB00
3C51
BB46
BAEF
3B83
3BB7
BAA8
BC44
BC5E
BC02
BA04
3B7D
3C23
38E5
3BB0
B9A5
3C33
3B20
BB0E
3BA0
3836
3B83
3B28
3C4D
BBAD
3BCF
3C50
BA68
3B1F
BC62
3BBD
B865
3BEC
BC61
3B83
BC13
BB88
BCB7
BC42
3BC8
3BF8
3B95
BB5C
3870
BBB8
3B88
398B
3BB6
3BDF
3A31
3BE3
3C39
3CF9
3B33
3B81
BB0F
BB4F
BBD3
3B20
BB3E
3AC8
3BCC
3C5F
BB12
BBEC
BC41
3B05
BB88
38F7
3AD1
B845
BB32
B99B
3BB0
3C34
BC25
3B07
3B07
3C42
BC38
BA62
BBCC
BC6B
BC05
BC3A
3B93
3B3D
3BBA
3BAF
BC13
BBE5
3C5C
BBAD
BAA6
3C61
BB48
BC07
BC2C
BB6F
3A5B
BAE1
3BB2
BBB0
3C5B
BC0E
3C79
BBC2
B9B0
3A93
3C15
3C18
3AC2
3B20
3C3E
3B5E
BB20
BBEA
BC76
BA11
BBEF
BC78
3C39
BBA7
3BB5
BBEE
3B95
3BA8
3C53
BC64
BB63
BB8E
3C29
BBA5
3BD5
3BF8
BA19
BB02
3BD9
3C2B
3B90
BA25
BB2D
BB9A
3B18
BC50
BBF7
3B8D
3B7D
3B79
3C05
BAF4
BBC2
3C27
3891
3B12
392C
3BB6
3BCA
BB24
3C04
BBBC
3C11
3C0E
3BD1
BC34
3B16
BC85
3B59
3BF2
3A83
BBDF
BA38
3975
3BFF
BC0E
BC18
BC3B
3B8E
3BAB
BB90
3C49
3C62
BA24
3B5D
3A77
BC02
BC9A
BAB8
3B2E
3B85
BB47
BB37
BC4C
3C57
BC2C
3AD2
BBF1
3AE8
3B6E
BB94
BB22
3A4A
BBE3
3AF8
3B9F
3C8E
BBDA
3C2B
BAE3
3C03
3BE7
BC6E
3B0E
3B6F
3BD4
BC03
BA54
3C14
BB5D
3C49
BC3D
BC34
BC02
3889
3C7A
392D
3AF9
3B35
BA78
3B66
BB84
BBCA
3B3F
3B41
B94E
BBF7
BAE0
3BDB
3C48
3B63
BB78
3ADE
3AEC
39C7
3B47
3C2A
BB87
39C7
BC06
B986
BBFB
B9F5
3C30
B9F7
3B47
BC3E
3C65
BABB
BB25
B82E
BAEC
3C58
39A4
BC6D
BBC3
BC0B
BB0D
3C2C
3C06
BC0E
3AD5
BB65
3C44
BC69
3ABD
3B04
BC7A
3C8D
3C16
BC9F
BC32
3A97
BA03
B905
3B31
BC5C
3B20
BC24
3C55
BC5A
BCA8
BC0E
BBCA
3C81
3B8F
3B1A
3984
BC03
3B9E
3A29
BBE9
3C22
3A6D
BA30
BC56
BC60
3BC7
3AF6
BC11
BB67
BAF0
BC4F
3C6B
BC7E
3A11
BC38
3C51
BB5F
3BAF
3C0D
BB80
3B39
BB87
BC0E
3A76
BC6D
3AD6
BB3A
BB6A
BC4C
BB1B
3C87
BBCD
3BEA
BB9B
BC55
BA76
BC3F
BC12
BA81
3A0C
3BAD
BBD4
BC5C
3A62
3BE3
3BC3
BB4B
BC2F
BC2C
BA09
3A53
BBF6
3B28
3BF9
BA95
3B4F
BB05
3C12
B98D
3C46
BB07
3B0C
3B45
3B07
3C4E
3BD8
BBF4
3C6E
BBBC
3B97
BB3B
3BEF
BB80
BBB3
BBA0
374F
3BC4
3B9E
3B0C
3C1D
BA8B
3A4A
3C42
BB94
BC05
3BEC
BA43
BB7E
3B73
BA5D
BBF9
3BBE
3B89
3B3D
3BFE
3C0A
BBD3
3C0C
3B4C
BB4B
BBDE
BB5F
BC16
BB3D
BAB4
3C0C
3B4F
3B02
3C5B
3C7C
3ABD
BC40
3C32
3AE8
3C36
3BC3
3C03
3BDF
BBD9
BAA7
3B9E
3C69
BC1B
BBAA
BC54
BB9B
BC35
3971
3BBC
3BC3
BB32
3C09
3A91
39A1
BB64
BBCB
BA45
3B7F
BA52
3C24
3C4E
BBC4
3C07
3C82
BB5C
3BC6
BB3C
BA5A
3B75
BB2E
3BDD
3BF1
BC22
BBF2
BC42
3CBD
3B0C
BB2F
3B9B
BB4B
3C28
3C9E
3C62
BBCE
3B5F
3B4D
3C7D
BA5D
3B43
3C26
3B84
BBC3
3BFF
BBD1
3B93
BB6F
3B95
3AE6
3B49
BB43
BC07
3B2D
3B1F
BB99
3BAD
3C0A
3B33
3C52
B921
3CA8
3C05
BC9B
BB9A
3B0F
BA1E
BB2F
BBA4
BB96
3A84
BB24
BBC7
BC79
BC40
BBC2
BB29
BB0B
3C92
BC1F
3AF8
BC56
3A8D
BB2F
B99B
BC57
3B21
3B89
BC24
BAFD
3C95
3C79
BB9E
3949
BC06
3AA0
3AC0
3AE3
3BB0
BC42
3C41
3C15
3C2C
BBBB
BBD8
3C14
BBB1
BB9E
BBF4
3B58
BC00
3BB0
BC0F
3B87
BB74
BC2B
3B83
3B8C
3B52
3803
BC43
BB3A
3C5D
3AEA
3C1A
BC65
3B10
BAEB
3BA3
BCA9
3C04
3AC3
3B65
3A61
3A5C
3C2E
3C3B
3C0F
3862
3B8E
BC60
BB6A
3BD5
3C74
3964
BB90
BACB
3C0C
BBD8
3A85
BBBD
3C10
BA49
399B
BA1F
BBB3
BC74
3BAB
BAFC
BC02
BC06
3BF6
3BDC
3A85
3BA9
BC6C
BAB2
3C50
3C44
BB7F
3A08
BBC4
BBB2
3C2E
3C3E
BA9B
BBF0
BC44
BB08
BBA7
3BF8
B9B4
3B81
3C16
BC48
3912
BB77
BADF
3B53
BB8D
BBFC
BB9D
3BB7
BB49
3BBD
3AD9
BC39
BC44
BB95
BACB
BBCC
3B99
3AC6
BB32
BB21
3B16
BC44
3C0B
3C6D
3C80
BABA
3B93
BC2F
3B9E
BBB3
BC0E
BC5E
3B60
BB41
3C49
BB9C
3C5C
3B92
3C23
3C41
BBCD
BC20
3BD6
BBF4
3B3C
3C09
397E
3BC6
3BB1
3994
3C66
3BD3
BB10
3C3F
BB93
3B96
BB99
3BCD
BC0B
3C13
3AFE
3B13
BC5A
BB74
BB99
3AFE
3B22
3A42
BC10
3B03
BBCD
BB80
3C6E
BBF9
BBCE
BB23
3BAE
BAF2
3A99
BBFE
BB17
3BFF
3B30
3AF5
3BD0
3C43
3C0B
BB46
3C52
3BF8
3C55
3A7A
3C0D
3873
BC07
BC2B
BA8A
3C26
BBF5
BBA7
3B57
BBE4
3AAA
3C41
3C5D
BA15
BBE8
3A91
3BB2
3BC9
BB82
BBC2
BC33
3B01
3964
BB56
3C3B
3C39
BC46
BA2E
BBD4
BC9B
3ADE
B7E4
3A9F
BC17
BB65
3C1E
BB49
3CA9
3C08
BC4E
3BB7
3C12
BC4C
BBC5
BB94
3BD4
3C3C
BAC8
BBB9
BBB4
BAA8
3B27
3B63
3BA1
3BB0
3C30
BAD4
3A4F
3B65
3C2C
3ACB
BB98
3BA6
BC3D
3BF2
3BE4
BB0D
BC40
BB10
3C22
3B7C
3B9C
3C1C
3B8B
3BBD
BBF1
BC91
BBB4
BCA7
3B44
3BB9
3C03
3CC7
BC90
BB42
BCE5
3C2E
BB8C
BB90
BC73
BC8C
BC34
3B18
BBC0
3C56
BA94
BC91
3AF4
39C3
3AC4
3B5F
BBC0
BB97
3BA0
3C21
3AC2
3BD4
3BEC
3B0A
3BBA
3C13
3BEA
3B52
3C8F
3C3C
3BE4
3AF4
3BF9
3BA5
BC18
3A2E
B9AC
3BCE
3AAB
BB98
3AB7
3BD9
3AC7
3B96
3C2B
3C0F
BC4B
BC43
BBBF
3C10
3C4E
BC67
3B2B
3B25
BC12
BC3C
BC83
BC2F
BC8C
BAC0
BBAF
397D
3B15
3C0D
3C83
BB77
BBFC
3935
3B66
BC45
BBC7
3CB2
BB29
3B1C
399F
BBF5
3C83
39BC
3B9B
BBBC
BC0A
BC13
3AAF
3BA0
BBEF
BC75
BCAF
BC6D
3C05
3BEE
BB99
BBCE
BB95
BACD
3AED
BBB9
BC36
BACB
BA6F
BB4A
BB83
B944
3AEF
3C63
39AC
BC22
3A75
3B94
BC81
3B17
3B93
3C6F
BBF2
BAEE
BB76
3B6F
3C41
3B23
BB78
BBC6
3B98
BBDD
BB38
3B47
3C0D
B89B
BC10
3C73
3B71
3C11
BBEF
3BD4
3C0B
BB94
BC2B
3CA1
3BEB
3C1F
BBD5
BB1A
3BB9
BC6D
3BD8
3B3B
3C35
3BDA
3949
BB4F
3BC2
BAF1
3B9D
BC4B
BC02
BABC
3BC8
BC00
BBEE
3AB1
BAAC
BB9E
BB6A
3C1B
3C26
B5B4
BB38
BB72
38A9
BC25
3C85
BB46
BA83
BB9B
3CB6
BBBE
BB88
BB16
3957
BB27
39E8
BCA6
BB9B
3B7D
BB60
3C78
3C1E
3C35
3BD7
3C64
3B7B
BB2D
3C90
BC4F
BC28
BB07
BC24
BAD4
3C5C
3A2B
3B2A
BB42
3B27
BB26
BA51
3B63
BAFB
3986
3BFC
3C5A
3BF3
BBD8
3B71
3BFF
BB3A
3BE7
3C0D
3BA0
3CB0
3C82
3AD4
BBDF
3B69
3C11
3BA8
395D
BB1A
3C4D
3C16
BC34
3B7B
3C15
BC6A
3A88
3C0D
3B10
BC8A
BBCC
3BE1
BC5A
BB8B
3AA2
BB3C
3AE6
3BE6
3C4B
3AC1
3C1B
3BBA
3BF0
BC25
BB4E
3B55
3C9A
3C22
BB38
B3F7
B9C6
BAF1
3ACD
3C8A
BAF6
3C04
3A0B
3A13
3901
BB33
3BB1
BBB7
3B7E
BC0B
3C40
3B63
3B7D
B9A3
BBBE
3BF8
BC24
3C2F
BBB5
BB51
3BEB
3C03
3C06
B9E5
3CA7
3B91
3B82
3B28
3C4A
3B3C
BC4D
3B97
BB92
BC91
BBA8
3B27
3B49
3C39
BC19
3C11
BB1A
BBDC
BBFC
BBA8
3AFB
3C1B
3BDF
BC9A
BC55
3B6A
BBE3
BB99
BC49
BBFE
3C47
BB09
3A84
BBC8
B9FB
BCBC
3C81
BB50
3A5C
3C3D
BB30
BC16
3C18
3B37
BA88
BB96
3A94
3C3F
3BD3
BBE1
3B26
3B6A
3C39
3AB9
BB3F
BBB4
BB3C
3AFE
3C42
3C0E
3B38
BC1A
3BF1
BB78
3C37
BBA6
3B72
BAFC
3C0B
BBD6
BB10
3BAE
3B52
3C37
3C39
BC45
3C16
3BAD
3AF6
BBF5
3BE9
3B8D
3C8E
BB88
3BF1
BC6E
BB67
3B3F
BBDD
3C4A
3B9F
BB11
3C02
BB1E
BC13
BC15
BC12
BC54
BC06
3B80
3B83
BB23
3BFA
BC2A
3BD8
3C1D
BA80
BC04
BB66
BAAA
BB02
BC11
3C88
3BD6
BC13
B9DA
3B3B
3A56
3C45
BCC1
3B60
3C21
B9D0
3B63
BB75
BB0F
BBC0
BC25
3B69
3B0E
3B1B
BB5A
3BF1
3BAD
3C4B
3C17
BBBB
BC90
3B3C
3A32
BA50
3C90
3998
3B8A
3BB8
3C51
3AF4
3C08
3AE1
BB0B
BC7B
3B1F
BC30
BB10
3B32
3C02
BC12
BCA6
3BFA
3B50
3B2F
BBA1
3BB6
3A9D
B9E0
BC58
3B24
3C0E
3BA9
3C1B
3BE2
3AA4
3C15
BC15
BC15
3B29
3C53
BBA3
3B25
BA0F
3BAC
BC16
B99B
BC28
3BAB
BC26
BB69
3BC0
3AA4
3B49
BC0B
3CA1
3B5F
3C11
3BB9
3B3D
3B2B
BB57
3C7E
3B4E
BB28
3B96
3BBB
BB1C
BC3F
3C39
BBED
3C3C
BBB8
3C74
BA83
BB41
3AC3
3C02
BC03
BB94
BB88
BBFC
3C8E
3AED
BB91
3BE9
3C11
3A5E
39DB
BBBE
BB19
BB32
BC36
BA98
3C55
3AB9
BBF9
BB97
BBDB
39BC
3BCB
3C15
BC6F
3C63
3B12
BC23
B9F7
BBA7
3C1E
BBC7
3C09
BC9C
BC19
BAC4
BB60
BC43
B7FB
3AB4
3BA1
3CDD
BBD5
3C37
BBC5
3B88
BC24
BBAD
BBCA
3B1A
3B87
BC29
BC2E
3BC8
BC1B
BC4F
BB4B
BC0D
3C1E
BBDC
3B47
3C29
BCAD
3AAF
BB1A
3AE1
BB9B
3B82
3C2D
3BDA
BC14
3C80
3C2B
398A
3BDD
BC39
BC2B
3C2C
3C4E
3BBA
BC2F
3C01
3B83
3BFF
3BD2
3B11
B8EC
BB48
3CA6
BB4C
BBC6
BC41
3A37
BB2F
3C13
3B90
BC03
3B99
3B01
3C51
BC59
BB5E
3BFE
3AA0
3944
BBA2
BC77
3C02
3B5C
3C57
3AF3
3C28
3C31
BB3A
3B21
BC44
BB42
3C95
391D
BCAE
3A05
BC83
BC43
BB77
3BB9
BA8B
BBEC
BBBB
3C2C
3BD1
3A9C
3C75
BB91
BC0C
3B2F
3BD9
3970
BB9F
3BB3
BC1D
BCAD
3B09
BA85
3C2F
BB0F
BC42
BB02
BB57
3A59
3BFB
3C4A
3AD5
BAA3
BAC9
3B90
3BD9
BC54
3B3F
BC0E
BB8B
3B52
BA8B
3C17
BB47
BB0E
BBB3
3A0E
3A8A
3C46
3A99
3C98
3B89
BABA
3B87
3CA0
3B27
3C4A
3C4C
38E7
BBA5
3C05
3BA3
BB04
BB55
BAC1
3BFC
BB76
BC76
3A4C
3AE3
3C58
BA84
3AAE
3C22
3A7C
BC51
BC3C
3B9B
3BE2
3C2C
BB3A
3C09
3B89
3AAF
BC4D
3B38
BAC7
398C
3C47
BC3A
BBB0
3C1D
3B24
3BEA
3B4F
BBE5
BAB3
3C8C
BB45
3B60
3B9C
3C10
3C02
BBB4
BABE
BC48
BB8A
3C22
BBE4
3C88
3C93
3A19
BB86
BC60
BB48
BBE9
3B29
BB56
3C29
BC1F
BB69
BB8C
BC8B
BBA3
3B7C
3AE5
3C21
3B38
BAAC
3BEC
BC0B
BBC7
BBCF
BBD8
3C09
BB0A
BC35
BB34
3C0D
BADF
3CA7
391B
BBCC
BC56
BBA2
3B88
BC92
3CB0
3C94
3BF0
BBCE
3C13
BADE
3A8E
3C5C
3A20
3BCC
3B77
BC5C
BADB
3AD4
3BB5
3BF4
3BB5
3C3D
3BEA
BAAA
BC5B
3C23
3B85
BBB2
BAC4
BB85
3B1E
BAC7
BB35
3C7E
B9C4
BBF0
3C70
BB21
3C36
BC2A
3C42
BC39
3CAE
3C23
3C79
BAE2
3C78
BBD2
BC73
BBC4
BB6E
3C61
3B04
3C19
BB74
BBB5
BB1C
3BCD
BB82
3C81
BC6B
3B82
3C59
3C66
BA67
3C34
3B2F
3996
BBCE
BBC5
BC6D
BA60
BAF4
BB12
3C93
3C03
3C56
3CC4
BB8A
3C8F
BC95
BB0D
BBA2
BB43
3950
3AC6
BCB3
BC66
BC9E
BC4B
3C15
BBFC
BC10
3C3D
BB18
BBD4
3B45
BB07
3C80
BB9B
3A04
3C90
3BD4
3BE1
3BDB
BBF5
BC83
BC35
3CA0
BA5D
BCA7
BC16
3C0E
BCA6
BBDA
3C08
3C79
3A6A
BC81
3B04
BC28
3BD3
BC08
3BBB
3AC7
3C0B
BC0C
BB9B
3BA8
BC2B
BB78
3BD2
3B9B
3B1A
BC1C
3BDF
3C61
BBF2
3C07
BC91
BB5E
3BA7
BB80
BC36
3D08
BB5F
BBEE
3AA5
BC5C
BBF6
BC59
3C2F
B9EB
3A6A
3A05
BBA9
3A10
3BF5
3C2D
3BDC
3C54
3BD2
BC3E
BBE5
3968
3BC7
3B52
BAC6
3A27
BB39
3BE8
B92E
BB92
BBBB
BBE4
3C3B
3BFD
3B65
BB7C
3CAA
3C9D
BBD3
3C13
BC2E
BBEC
3C99
3C79
3BF2
BBD2
3C1F
3C03
3C0E
BBD7
BBC2
BB49
BBA5
3C4B
3CF2
3BC5
BAC2
BAE4
3B15
BC7E
BBA5
BC13
B95D
BA58
BC73
BB74
3C21
BA93
3C8B
BC8F
3B16
BC0A
3BDE
BC13
3C41
3C04
BB92
3BFF
3BCB
BC98
BC59
3AC6
BC3A
3B35
3C85
3CC7
3B9C
BB85
BC8B
3B3C
3BEA
BC14
BC78
3AA0
BCBB
BBFD
BB7B
BB75
BB94
BC58
BC46
3ABE
BAC8
3CA3
3C2A
3CB0
3AAF
BAE3
3B6D
BBC7
BBA9
3B1A
3C0D
BBAD
3A92
3BE1
3BF0
3BD5
3C41
BC59
3C05
3B72
BC6F
3AFA
3BAA
BBC9
BB1B
3C18
3C0F
BBB3
BBF8
3B04
3989
BAF6
3B81
BC08
3BB4
39E9
3B26
BA83
BB52
3C33
3C4E
3C50
BB9B
BC23
BB90
3C94
3BD6
BC8A
BAEE
3C29
3C65
3999
3C74
3B63
BCAD
3B50
3BEE
3B7D
3BF9
BC5C
BB8B
BC03
BBCB
BCB2
BB1A
BC21
BC4E
BC99
BC83
BAC8
BC85
BC92
BC5A
3C02
3C1A
BB1C
BB6D
3BBD
BC0A
3B90
BBCE
BB53
BC5B
3BC8
B905
3CA8
BBE2
3AC6
BBE6
3CE1
BC68
3AC4
B97C
3C8C
BB15
BCB6
3A11
3B3A
BB47
3BF3
BBA1
BC3E
BA24
3CA0
3B09
3BD3
3C73
3B88
3C8C
3B86
3C30
BBF9
3A10
BB9D
3B79
B9BB
3C15
BC29
3ADE
BC02
BC4B
BBD4
3CBE
BC62
3A53
3C0A
BC64
BB35
BCA2
3BC6
3C06
3C25
3C5E
3BE3
3C05
3C11
BB88
BBAA
3C2F
BB80
3B9C
3C8D
BC65
3C9E
3C12
BB2B
3C96
BBC7
3BC3
3B89
BB4D
B98D
BC64
3C14
3B6E
3BA5
BC15
3BDA
3B8A
BB91
3B07
3BA0
3AF2
BC42
3BFB
BA9D
BC0A
3C81
BBED
BB94
BBA7
BA6A
BC3D
BBD6
3B44
3C5F
3C31
3B73
3CA9
3B1A
BC9E
BC13
BB7A
3C0E
BCAC
3CC3
BA8B
BBF2
BC0D
BBCA
BADC
3B3B
3BFE
BBAF
3C99
BB17
3BB8
3C82
BBBA
BB00
3A3F
BC74
3BF7
BC11
BB02
BC01
3C84
3C6B
3C92
3CB2
3B9B
BC48
BB7E
3A4A
3AB8
3B98
3B17
3C14
3C9D
3A70
BB29
3A9F
3C96
3BD0
3CA7
3B3A
BC8F
BBF6
BC07
3B85
3CC0
3C21
BC38
BB51
3CAD
3BE1
3BF5
3C08
BB20
3C12
BC33
BBFE
3C2D
BB53
3C73
3B77
BC13
BC8E
3B89
BB7E
BC29
BC9B
BC51
3AB6
BC47
3CEE
3ABB
3C09
BC46
BAD3
3AD6
BBDB
3C3C
3BCE
3C7B
3C8D
3C6A
BBA2
BB7F
BBD9
3A52
BBB3
3AE3
3B87
3C85
3C6E
3C3D
3BA3
BC78
3BA2
3C16
3B6F
BAD9
3B7D
3C7F
BAEE
3B08
BB21
BCE1
BC1C
BC1A
BC1C
3C18
BBF1
3A8E
BC05
3CB9
BB75
3832
3C07
B9A7
BB0D
BB15
BCBF
BCAA
3C81
3C26
3C49
3B8E
BC88
3B72
3C3C
BB1C
BBCA
BAF0
3BF7
3CA4
3B5F
3A9F
3C52
3B8C
BBEB
3BEA
3BF4
3BB6
BAF3
3CAC
BAC9
3C85
3C5E
3B92
BB5C
3C4A
BBB2
3C7F
BBE6
3AB7
3C28
3C83
3AA8
3B90
3BD6
3CD4
BC4B
BA90
3C29
B9F0
3B4B
3C03
3C2D
3B5D
3BDE
3C1D
3C83
BAD1
BB92
3C17
3C02
3C20
3BC0
BC6F
BC66
3A39
BB39
BC14
BB41
BB5C
3C3B
BC01
BAE4
3BFF
BC5C
BABD
BBD9
BA45
BB22
BB47
BAE6
BAE0
BBF2
39EF
BB72
BB4B
3C48
B93D
BC18
BC91
3A86
BC05
3A95
BC31
BB96
BBFF
BC35
3C9F
BC63
3C20
BC31
BC5C
BBB7
BC4D
BCC1
3A53
BB6B
BBCB
3B98
3BAD
3B30
B9AF
BB95
BC30
BCAF
BBF7
BBB6
B9E7
BA47
3B26
BB55
3B72
BC9C
3B91
BCB2
3C27
3C57
3BD7
3C29
BA8B
3BD7
BC0E
BB5C
3BAF
3B80
3B39
BB71
3C43
BB85
BC2F
BC22
BBD1
BC10
3A63
BC29
3BF3
BC09
3715
BBAE
3A1C
BA2A
BC8E
3BF5
BBE2
3C0C
3C7B
3BBD
BBA7
3C86
BC10
BC66
3B58
3A56
3C82
BAB5
3B81
3CA0
3A9F
3C6F
BB0F
3A06
BA36
BB92
BC41
B9B1
3AF9
BC7A
BB58
3C35
3A88
BC55
BBF1
BB0E
BB27
BC8D
3B28
BC5C
3AD9
BCA4
BC58
3AEA
3C34
3C4F
BCDC
3B67
BC1D
3AC2
BC09
3C26
3B42
3C15
3C54
BB72
3A79
3C82
3C5A
3A8D
BC64
3ADA
3AAF
3B8E
BAFA
3ABF
3B2E
BC02
BBBE
BC20
3BAD
BA45
3B9B
BB4E
3C34
3C38
3BF4
BCFF
BA2D
BBAF
BC5A
3A90
3B19
BC19
3BD2
BB72
BCBA
BB64
3C04
BC11
BC8B
BC26
BBB5
BC89
BC08
3B88
BBEC
BC90
BB83
BB91
BC16
BBF2
3B0C
3BE8
BC80
BC42
BBAD
3C89
3AF4
3BB6
BBA5
3C82
3C77
B9C4
3A7C
B9A3
3C88
BCC1
BB98
3BA7
BCA0
BC7D
BC9C
BBCC
3BAF
BB13
3C0B
BA8D
38DD
BBFF
3CE7
3B34
3B38
BBB0
BC25
3C1D
3CA6
BBB0
BC27
BC30
3C76
BBEC
3B17
3C06
BCA2
3C0A
BC37
3C3F
3BA1
3C03
3C88
3C0C
3C87
3C28
3C12
3B20
3C6E
3CDF
3B42
3CC2
BC0B
3CA1
BC6A
BCAB
3CCA
3C75
BC1D
3AD1
BC12
BA30
BC2D
BC9A
BB64
BBE5
3C9F
BC4F
BA9D
BBB9
3B24
3A3C
BBE1
3A8A
3BFF
3B27
BC17
3C8C
3AFA
BC18
3C69
BC2B
BC8C
BC9A
BB19
3B25
3BCA
3B0E
3C6B
3C8B
BB9E
3C2C
BBFB
B9BC
B976
BC62
BBA9
BC07
3A87
3C53
3C2B
BA42
3C3E
BAC0
BC1F
BCA2
BB6C
3B86
3BCF
BC40
3C3C
BBB3
BBB3
BC2A
3B14
3B16
BBDA
BC88
3BE6
3BBF
3C5B
BC5B
BBA7
BA64
BC08
BBBB
3B98
BC33
BC8F
3B03
3BB2
BC6A
3BB7
BC4C
BBE5
BCBE
3B20
3B8E
3CB3
BCA0
BAF5
3B8D
3C95
3C5F
3CB1
3C14
3BC7
3B11
3BF4
3B8D
3C1B
3B92
BA2C
BC66
3C79
3B44
38C2
BC69
3BE8
BA14
3C3A
3C43
BC25
B9F6
3C9C
BC1B
3B2F
3BE7
BC0C
3840
BBA9
3C79
3BC3
3C1C
BAE2
BA7B
BC1C
3C38
3C82
BB4C
3C83
3BB1
3AAE
3C36
BB3A
BBC9
BBED
BC6B
BB96
BC6F
3C45
3A9B
BA25
BCB4
3940
BBD7
BB2A
BAFD
3AAC
3BFA
3C22
BA60
BBE9
BBA0
BB2B
BB94
BA8F
38AB
3AE7
BBF3
3CBB
3AD5
BBC3
3CAD
3C05
BBB9
BB6F
BC1C
BA95
BC80
BC43
3C3C
3BDA
3A48
3BD6
BC95
B989
3C50
BAD8
3C3C
BC08
BC2A
BC72
3AB3
3C84
BBEF
BC82
BCB9
BB64
3C0F
3BFB
BC54
3B89
3C60
3B9E
BB5E
3C16
3BF6
BC19
3C4A
BA9F
3CB9
BC67
BC0C
3BC7
BC31
BCAC
BB8D
BC0A
3BCF
BC73
BC75
BC24
3B7A
BC31
BC7F
BADC
BB3B
BB27
BBEC
BB01
3C51
B8BC
3BBC
3C90
3C69
BCBB
BBCB
3C6C
BC2D
3C21
BC5B
BC58
BBE1
3B09
BB48
BBA2
3B59
BAAD
3B80
3B2E
BB84
BCE4
3C0B
3C5B
3B3C
BC08
BC45
BBA6
BB08
3B85
3C17
3B3E
BB7E
BC29
BBBA
BC24
3B10
3C71
B9CC
BC15
BBDE
BC1B
3CF2
BA0A
3B58
BBB0
3B24
3B9F
BC7A
BA4B
BC34
3B89
BC33
3C35
3B9B
3CB5
3C7D
3C75
BB9D
3CC6
3BD8
BB6C
BC45
BBA3
BC76
BC72
3B6B
BC72
BB68
3B73
BB8E
BC60
BABB
3B93
3BB1
BA81
3C95
BBB9
BBAF
BC4A
BBD3
3BC3
3A50
3AE8
BBF7
3C66
BC66
BC1B
3C43
BC5E
3A3B
BB56
BC18
BBC7
3CA6
3A93
3C5B
3C4C
3B93
3A04
BBA2
3ADE
3AAB
3C1B
BA34
3C57
BB9B
BC59
BA4F
BB4D
3B8E
3BD8
BAA9
3BB9
3BC1
BB39
3BE0
398B
3C2D
3B2E
BC70
3C26
BB83
BC21
BC1D
3B9A
3C97
BB29
BBE4
BC4F
3B44
BB96
3CBB
39BD
3B48
BC14
BB6D
3C0C
BC6D
3C0A
3C3A
3BDA
3BE2
BB90
3C14
BB38
3BB6
3B58
BC73
BC3B
BAA3
BC8D
BC1C
BBAC
3C11
BBB0
BC6B
3C25
3C0D
3964
BA38
BB99
3C3D
3C7E
BBE1
BC37
3C0F
3BDF
BABF
BB9A
BC71
BB09
BBAD
3B7A
3C1C
3B0C
BBE6
3BCF
BC8A
BB5B
3A26
3BF8
3C12
3BA9
3B9B
3C01
BBA6
3CB2
3C82
3B61
3C14
3C0E
3C20
BB6D
BC32
BC83
B895
3C2C
3AD5
3B3D
3AB8
3B7C
3BD7
3C5E
3AC5
BC7D
BC26
BC9D
BC31
BBF6
3C13
BC27
BAF8
BBDB
BC50
BCA0
3BF0
B967
BC51
BBB9
BBC2
BBCE
3CC3
BC00
3C8E
3B47
3A03
3C1C
BC0E
3C66
3ACD
3A98
BC3B
3C56
3BC5
3C8C
BC0A
3C50
BB23
BC0A
3B89
3BBD
3C47
3C0F
B915
BC47
38E3
3C27
BC21
BC49
3BAF
39CC
BBA1
BC12
BC01
3C79
BCB3
3CAE
BC1C
3AC6
BB18
3BC9
BCD5
BBE5
BA87
BCCF
BCA4
BBDD
BA5E
3BFE
3B2A
3C30
3C1A
3C55
3C4A
3CA9
BC0C
3B71
BB92
3AF2
39FD
BC52
3BC6
BC5C
BC63
3CA5
3BD7
3A7E
3C95
3A80
3C46
BB8D
3BAB
BCC4
3C9D
3B68
BC20
BCD7
BB7A
3C55
BC0C
3C5C
BBFD
BB67
3C91
3B2B
3BBF
3BD4
3B10
3BF7
BC1C
BC96
BBBB
3CB1
BC7D
BC16
BC5C
3B82
3B7B
BBF6
BAB9
3C44
BB5F
3BA5
BC0A
BA0C
3C5A
397A
BBC3
3B83
3C62
3C94
3C95
3B7E
BB64
3C0B
3B0C
BBBC
395F
BC44
3B74
BC7C
3BF5
BC46
3C96
BC1D
BCE1
BBD3
BC85
BB54
BC32
BABA
BC93
3B1F
BA81
3B90
3BE9
BC37
BC26
3B85
BC24
3C0E
BC8F
BBCC
BB96
BB8B
BBE9
BC38
3BDB
3B9F
BBFC
BBE6
3C78
3C32
3C1D
3C70
3B9C
3BEB
BBC8
BB71
BC05
BBD0
BBF4
BB8C
3BFD
BC22
3C7C
3A08
BB35
BBB4
3AF4
BCAB
BBDA
3B4F
BB41
3C18
BC34
3A44
BB9E
3BB7
BC53
3C95
BC6C
3C85
3AB4
3BFB
BB9B
BC45
3B3B
BBE5
3C99
BC71
3C77
BC06
BCD0
BC43
BB94
BBF5
BAE5
3997
3C5C
BC25
3BE8
BCA7
3B8B
3BF6
3C3C
BCCD
3BCE
BC46
3C13
3C68
BBC6
BC61
3C6B
B9E9
BA8C
BC2B
BB15
BC01
3B95
3BBF
3901
3C59
3B5F
BBF7
3C18
BC86
BB92
BBBF
3BA2
BBD0
3C85
BA1A
3C4D
3A09
3BF0
3C25
BB0B
BB70
BC75
3BB6
3C04
BBEA
3CBB
BA80
3BB0
3C84
BC99
BBF3
3B03
3C1F
BB96
BC0C
3CEB
BB7B
B9F1
3A76
3BA0
BBED
3C80
3C09
BB01
BBD3
3C16
3B7B
3B9F
3BAE
B9CB
BB41
3C6F
3C0C
BA46
3B8F
3C32
BBA0
BAB9
3983
B9AD
BB5A
B915
BC06
BCE4
3A31
3C38
3BAC
BC19
BC76
BC41
3AC2
BB29
BC97
BC74
BBA1
3BAD
BC4C
BB75
BA00
3BB6
BC24
3C0D
3B70
BBE0
392F
BA60
3BB4
391B
BC88
3C7F
3C07
39AB
3C00
BCB3
BC7D
BC39
BBAA
BC20
3C83
BC77
3C4B
BAD4
3C6F
3B81
BB55
3BF5
BC12
BB38
BB15
BC32
BC85
3A27
3C7D
BBA3
BCB0
3B86
BB70
3B5E
3B0A
BBC2
3ACB
3C17
BC9B
3A66
BC5D
3BCE
3B9B
3C5F
BBA4
3C61
BC4D
BCB1
BC49
BC95
3BC2
BC4E
3C38
3B29
3A62
B90B
BAE6
BB72
3C20
BC4B
3CAB
BC20
3B9D
398F
3AB0
BC80
BC0C
3BAE
BB83
3ADA
BA64
BB09
3C29
3C0B
3AB7
BC68
BB7E
3BD4
3B40
3B7F
BC26
BC72
3B4C
39C0
BB4F
3C89
BB62
BB27
B98E
3AE3
3C87
BB51
3BC1
BCC3
BC14
BB11
BA2F
BBA0
BB8C
BB42
BB1C
BB4C
3B8F
3BBE
3C13
3B40
3C19
3BEF
BC17
3BA2
387D
3C73
BBC4
BC07
BA57
BAFC
3BA5
3ACF
3CCF
BC07
3C8B
3B9E
3BAE
B913
BC01
3C29
3A6C
3C9D
BBE1
BB92
3AED
BB67
BB03
3CDE
3C96
B8BC
BB65
BBFA
BC43
BB29
BB1A
BAC1
BB72
3AB4
BBCA
3BCE
3ABE
3CC0
BB13
BBFD
BA26
BB65
3B05
3A9D
3B9E
3BA8
3C31
BA9E
3A0D
3C0B
BBA7
BC73
BB33
3C45
3BAF
BC4F
BACD
BAB6
BCB5
BB46
3BE0
3BD6
BB8A
3B75
3A0B
BBD4
3B37
BBA6
BC32
3BF6
BBC0
38B5
3BAF
BC13
3919
3C7D
BA26
3C15
3C25
3AE1
BA60
BC92
3CA4
3C36
3AD8
BBE3
BADA
BB7A
3C22
BC28
BA97
3C5A
B90F
BB33
3B4D
BB8E
BB63
3C85
BCAC
3C61
BAFF
BC69
3B3E
BB57
3BC9
3C1E
3C36
BB4A
3C29
BA55
BBC4
BA09
3C2B
3C35
BCCE
3C67
3B09
3C0C
3BFD
3B79
BCAB
BC6D
3AB8
3C48
3BE9
BC84
BC5E
3BF1
BC57
BC15
3C32
BB08
BBE6
BBB7
3C20
BC79
BBA2
BC2F
BB73
3C1C
BC69
BB3B
BBD6
BC39
BCE5
BC0B
BB12
3BBF
3B56
BC4F
3C1B
BBCE
BB99
BB92
BB34
BC72
BB7D
3BB6
3CD1
3C35
BB13
BC48
3C24
3AE4
3B74
3C73
BC8B
BC36
3C5D
BB25
3B0D
3CF4
3BF1
BC47
BC7B
BC6C
3B14
3BE6
BBBB
3C3B
BB3A
BCA1
BB15
BA0D
BC4A
BC58
BA91
3C16
BC95
3BB2
3BEF
BB89
3A77
39F6
3A27
3C9B
BB62
BCA9
BC75
BC24
BC81
3B99
3C3F
BBC0
3BF3
3894
BCA3
3BCB
3B97
3C0A
BCA9
BCE7
3A90
BBB5
BAC6
BAC9
BB8C
3B09
BB62
BC78
3AC1
BBE6
3AB2
BB92
BBDE
BBF5
BC86
3B6A
BB22
3C61
3BD3
BC01
BC4B
3C24
BCA3
3CC1
3BF6
BC96
3C0E
BB9F
BC1C
3BF8
BC90
3C42
BB8D
BC65
BBBA
BB9A
3B5B
3BAA
BA97
3C81
BAF9
3BD6
3BBA
BB9C
3C34
BBE9
BAD7
3AEC
BBE0
BC4F
BC0C
BC18
3B98
3BD9
BC51
3AA6
3C4B
3BD9
BC46
3B88
3C54
BC9C
BC8D
3B77
3BA3
3CA5
3C18
3AA4
3C30
BB37
3BD7
BBC5
3BA9
BB88
BC3E
3C2C
B985
BB50
BB53
3C3E
BBA8
3BA8
3C55
3B61
BC5B
BC7F
BB31
BBD5
3B1D
BADE
BAF8
3B66
3BA0
3AD2
3B8B
BBA2
3BEE
3C22
3A84
3AC2
BBC3
BBED
3C96
3896
3BB7
BBB8
3C01
BB8A
BC05
3A7C
BBF3
BC1F
3C3B
BC05
3C92
3C3A
3B55
BBD5
BC23
3ADE
3BF4
BC2B
3C4D
3B8A
3B93
BC3B
3C98
3C49
3C68
BC1E
BB21
3C50
3B7E
BC40
BA7C
BC0F
BC23
BC70
BC0C
BBEC
3BFA
3C88
3CD6
3CAC
3C1A
3C51
BB92
3C2F
3BE0
BC2B
BA5E
BCAC
BBD0
3B8E
3BEE
3B8E
3B06
BB46
BB69
BC06
BC9F
BC3E
BBCE
BBAE
3C07
3B6C
3C20
BCF2
B9F5
BBCA
BC09
BA92
3C7A
BBC0
3C81
3B0D
BBA6
BB9D
3C6F
3BB0
3C8F
BAB8
3BAF
3BEE
BB58
BC05
BC41
3ACA
3C1D
3C27
3A9B
BC6E
3C98
3A37
3BE5
3C30
BBE1
BBCD
BA97
3BA6
3CBC
3B76
3C87
3B17
3B6A
3B83
3BF6
3BC4
BCA5
B9CA
BB9D
BB3C
BC09
BC32
3B9F
BBCF
3C70
BC30
3A81
3C02
BC8C
BC90
3C6C
3C06
BC5F
BBB2
3CA9
BAE6
3B9A
BC9F
3C18
BC5D
BB2C
3C8F
3C58
BAE5
393F
BB0F
BC3F
BBD6
3C68
3B9E
BD12
BC51
390B
BAE0
BC8E
3AEB
3CA2
BBF4
BC2E
BC00
39EA
BB3C
BBDC
3B22
3B1D
BC32
3BAD
BC7A
3BF4
BB9F
3C40
3A1A
3BE6
BB1B
BA6A
3B8B
3C9C
BC8F
3A78
3C7A
3B9E
3BAE
3AAC
3B4D
3C3F
BC3E
BC4E
3B1E
B94B
BB64
BC99
BC1C
BC29
3B21
BC73
BB9B
3AA4
BB79
3C2A
B995
BC86
3C17
3C3F
BC80
BC22
B768
BC10
BB61
3BBB
BBB3
BC78
3B82
3C51
BBD3
3BF2
3996
BB69
3C3D
BB65
3C2A
BBCC
3A52
3B9D
BC2E
BB6F
BB1C
BC1B
BAD3
BC20
3C0C
BB95
3C91
B948
BC89
BC25
3A94
3C52
3B39
3A6A
BC86
3B7E
BBB7
3C0D
BB3B
3B2D
BC8A
BC12
3A49
3B21
BB2B
3BCB
BB6E
BCB0
BB03
BC59
BCB1
BC82
3C1F
3C5C
BBB9
BC7B
BCBB
BB90
BAB1
3C09
3C1C
BBED
3B48
BC33
BA4A
3C05
BACF
BA17
BC61
3C2A
3CB9
BC5A
BBA1
3AC8
BA0D
BBAA
3944
3B86
BA81
BAC6
BB08
3BBD
BCAD
BC6C
3B30
BB4F
BBF2
BB74
BAD6
B8EF
3B41
BBA2
BCB0
3A35
BAB4
BC03
BAB2
3BE0
BC97
3C04
3C52
BBBE
3C1E
BC55
3BE1
3BAD
BB72
3ADC
BCB4
3BC2
3924
BB47
BBAD
3BAE
BBB5
3BC1
BBA2
3B53
BBC0
BAA0
3A91
BC6B
BB54
BC27
3C4E
BAD8
3B05
BA63
3962
BC19
3B41
BB38
BC6B
3B36
3BC2
BA6B
3C0B
BB13
BB88
3C3D
3BCB
BC5D
3B86
B826
BB39
BC8C
3C06
3BA6
3C1F
3C07
BC73
BB80
3C32
BC8C
3AE2
BC10
3C5F
BC81
BAD8
BB8A
BB6D
3C1F
BB77
BBCA
BC4D
3C6F
3A61
BBD2
3B23
BC17
BC41
3B22
3B75
BB63
3C38
BADC
BC4D
BBEC
BB7C
BB4C
BCC1
3B0C
BB74
BBC1
3C45
3C3E
BC75
3C42
BC2A
BA67
BC52
3B21
BA06
3B78
BB59
3C0A
BC0F
3B8B
B9CB
BB9D
3C25
3BC3
BC8F
3C38
BC3C
BAFA
3C10
3C62
BB84
BC4C
BC80
3BC3
390E
BC46
BC80
BB94
BC8B
BBB8
BB65
BC4F
BC63
3B11
3C36
3CB0
BBCA
BC61
BC0D
3C3E
BC3C
3AA1
3C17
3BC5
3C33
BB9A
3ADB
3CB0
3C32
3BC1
3CAA
3C93
3A15
3892
BC7C
3CD0
BC4E
BA5A
BBEE
BB77
3B2F
BC60
BB7C
3A82
3BCB
BC9A
BA96
BC5D
3C12
3C7F
BB2D
BC16
3B62
BB2B
BC36
3BD0
3AC0
BBC4
3C14
3CB4
BB84
3BA1
BA25
BB04
3B5B
BBD6
BC32
3BFE
3C66
3A21
3B31
3BDB
3C96
BB15
3B05
3BD6
BC03
3B3A
3C2D
3BEF
3BCE
BBB6
BBAB
BCA9
BA49
3BE1
3C71
3AB2
BAF6
BC5A
BBEC
BCB5
BC39
3B1D
3C10
3BED
391B
3C1F
3CB9
3B36
3C25
BB5F
3BC3
BBBB
BBB5
BC2B
3B82
3B82
BC5D
BB1F
3BBF
3C71
3C3E
BBA2
3C61
BAC1
3B96
3B22
BBD2
BC33
BA20
3A47
BBBB
BC3E
BD00
BC3F
BC24
3BC7
3B68
B902
BBB1
3C57
3B48
BC88
3C57
BC40
3C40
BC60
BBB4
BBF9
BB63
BC0B
BC2E
B9FD
3AA1
3CBA
B98A
BB0F
BA63
BC96
BC8A
BC75
BB30
BC46
3BE8
3C2C
3C81
BBF6
BC06
38D8
BC55
BC75
BC61
BB9B
3C35
BC96
3C5C
BAAE
BC95
3C34
BB06
3BA0
BAF8
3C5B
BB9F
3BC7
3B54
3CA7
BBBA
3B6B
BC16
BC5D
BBCE
BCCB
3A04
BB76
3AB3
3C84
3C03
BB2F
3BFD
BBC4
BB8E
BB5A
BB87
3B49
BC8F
B988
BB86
3B44
3C14
BB88
BC2B
3C05
BBC7
BB7D
3B5F
3CB7
BBBF
3C13
3C0B
BB54
BC01
3C82
3BC0
BBDE
BC9A
BC02
3BEA
3B2A
3C16
BC28
3C72
3B9A
BC1C
3BDF
3B3C
3C4C
BBB8
BBC9
3BAA
BCA3
3BC0
BAAD
BCAE
3C90
3C05
3B70
3BF9
3C13
3C37
BCA0
BB8F
BB89
3AF0
B5C4
BCA5
BC95
BC86
BBC8
3C15
3ADB
BBA5
BB48
BC47
3D13
39A8
BBF0
BAE4
3B67
BC71
3BE5
BACF
BA7E
BB22
BC04
BBB5
BAC6
BC68
3BF5
BC9D
3B3A
BC20
3CC9
BC6C
3C99
BB22
3B2B
3C87
BBDD
BC31
BBF0
BC18
BBA4
BB9E
BBF6
BC3A
BC3D
BBD5
39DF
BBFA
3CAB
BBCB
3BB2
BBCD
3CE1
BC89
BBB7
BC21
BB0E
BAD7
BC22
BB2B
BB9F
BC7B
3BE1
3C87
BAF6
3BE4
BBCA
BB36
BBFD
3BDD
3BF0
391B
3C0F
3B5B
BC4B
3B96
BB9B
BC2A
3BAF
BB07
BB36
BBD6
3C03
BAD4
BC47
3BF3
3C84
BB45
BAEE
3BE9
BB8F
BBC5
3A89
3BFC
3B9A
3CD3
BBC0
BC11
3BFC
BB01
BC4F
BC54
BB07
3A74
3C2E
3BA2
BB6A
BC0C
3A2D
BA30
B85C
BC06
3AE8
BC44
BC83
3B45
BC2A
3C1D
BA8F
3BFC
3CD5
BD1A
3CA0
3BE3
3BB6
3B6D
3C36
3C27
BB3D
BC53
BB46
3BF9
3C7A
BBC9
3B92
3B1F
BBA5
39B0
3B85
BC3F
BBC0
BBDB
BACC
3ADF
3C45
3B83
BAFC
BB0D
3C43
BC09
3CBF
3CAB
3C68
3C04
BBEF
BB96
BBBE
BBB1
3C9A
BB44
3C42
3C31
BC69
BA93
3BD0
3C32
BA3B
3C5C
395A
BB3B
3BB1
BB5B
3B94
BBA8
3BDA
BC26
3C50
39B7
BBA2
BB8D
3B92
BB02
398B
BC7B
BCAA
3BAF
3C49
BBA1
3B60
3B12
3B6B
3C2F
3959
3AB4
BBFA
BBA5
BC1B
BC8F
BA18
BC22
BBBF
3B67
3C49
BB3B
BC48
3B84
BCA8
3B4B
3B83
3B9F
BC71
3C57
BB2A
BC03
3B1B
BB6D
3B97
3B9D
3AFC
BC26
3BF9
BC30
3D12
BBC8
BA28
BC76
BB81
3CA7
3B36
3949
3B68
3C81
BB7C
3C17
3B22
BAB3
3C92
3CB0
BC86
3BCF
3B1F
3C1A
3BB4
3BDE
3B0E
BC5E
3C24
BC67
3C36
BC5C
3BB7
3A5B
BAC7
BC23
3CA9
BC0A
3B5D
BA4C
3B27
BCD3
3B18
BBB9
3C49
3AF9
3C84
3BF6
3B46
BCA3
BBA1
BBCF
BC2D
3C93
3BFA
BB71
BAAC
3B66
3A2D
BB72
3BAF
3A23
BADD
3C58
3C7E
B870
3BAE
3C2D
BB97
3C18
3BEE
BC62
3C36
3C8D
BC21
BC6B
BB61
BB83
3B08
B962
3B46
BBCE
3AA3
BC1C
3C55
3AD1
3C02
BBBB
3BE2
390E
3C02
BBC3
BC47
3C81
3C01
3ACD
3C4A
B99C
BC3E
3C86
3A49
BB91
BC94
BAD1
BBB1
BB8B
3C52
3C35
3C22
3C95
3A1B
3BF9
BC1A
3B91
BC07
BB2C
3AD3
3C8F
BC3B
3C2C
BC8B
BC59
BC08
3C05
3B66
3B54
BBF2
BC39
3CC5
3B06
3C9D
3B85
3C6A
3CB2
3C3F
3C21
BC5D
3AF1
3C8F
BA10
BC24
3BD8
3C94
3BA1
BC14
3BEB
BCD5
BB2F
3BE8
3C5A
3B86
BD13
BC2C
BC13
BC30
3C16
3A8D
BB85
BC5C
3C52
BB3E
3C87
3C23
BC84
3C26
BBE8
3B80
3BDA
3BE1
3C0C
BBDE
39E8
BC6E
3C35
3C35
3C1C
3BCD
BAA2
3CC3
BBBE
BC9B
BB86
3BF9
BC3B
3BCE
BBFF
3C27
BC6D
BCAE
BBF5
3BE1
B940
BBD5
3C5B
3C0C
BC58
3AEB
3B23
BC97
BBD3
BA2F
3AFC
3B96
3B71
BC01
BA0C
3C82
3C72
BCA1
3B92
BB95
3BD1
BD04
BC38
3BFD
BB46
3C9E
3C23
3C5F
3C7F
BA36
BB83
BC07
BB4B
3BB3
BBB1
BA33
BBFF
3BA4
3C23
BBB3
3C41
3B15
3B16
3CBD
3C51
3CE9
3C81
BC40
3C71
BC8C
BC90
3C47
BC75
BB4B
BB9E
3BA2
BBC6
BC19
38C4
3B83
BC2F
BC2A
3C35
BA40
3CB8
3BF8
3C18
BC80
3BD5
BC29
BC5F
3CF5
B9F9
3C4E
BBDC
BC1B
3B21
3CB9
BBB4
3C01
BB44
3B9A
3B5A
BC72
BC18
3C1B
BC47
BCEB
BC6C
3BE0
BAD7
BC41
BBF8
3BC3
3C40
BB90
3D23
BAB6
3C26
BB5F
BBEE
3C2D
3BCA
BBF9
BC78
BB52
BBB7
3BA9
BC52
BBDE
BB91
BB42
BC64
3AFB
3C7C
3C9B
3C33
3A21
3BA1
3B2F
BAE4
BC16
BAE5
3C1B
3C8E
3BB3
3B2C
3C8C
3C3E
BB7C
3C3C
BAC5
3BDD
3C40
3BC2
BB11
3B44
3B3E
3AA9
BC0D
3B99
3BD7
3CCF
3C21
BB8F
BAC9
BC83
380A
BBF5
BC79
BC44
3B45
BC0E
BB71
3B8B
BBC5
BC96
BAD6
BC30
3B3C
3C38
3B96
3AAD
3A25
3B4C
3C3C
BA82
BBB7
BB1D
BBAD
BBDF
3C3B
3C30
3B6A
3AF3
3AA9
BA4A
3C12
3BB6
3B89
3BCF
3C2B
B93F
BC81
3C4E
BC09
3BE2
3C63
BB51
BB9E
3C71
3B74
3B97
BA1C
3C0F
BBBF
BBA3
BB55
BB80
BCCC
BC14
BBC3
BBC6
3A52
BC4B
BAF7
3C88
3AC8
3BEE
BB77
BC5A
3C12
BAC1
3C96
3C76
BB09
BA88
3B84
BC90
BC0F
3C64
BC76
BB6C
BC8A
3BC3
3B57
BBF7
3C79
3C54
BC81
3C23
BCB2
3AE8
BC13
3C78
3C19
3C80
BABB
BC12
BBAC
3BFA
BB03
3BF7
3C4C
3B12
BC1C
39C3
BBE8
3C3A
BC3E
3B3B
3CD0
BBA9
BC9D
3C52
BC2D
3B1F
3C52
BC23
BC33
3C00
BBD2
BC21
3C25
3B85
BC2E
3B0A
BC8A
3BE4
BBD5
3AB8
3B9B
BB22
BC00
3C6F
BC06
3911
BCA8
BA70
3C05
BACB
BAE4
BAC8
BC0E
BA87
BC29
3BA3
BBC6
398D
BA2E
BBE3
3AB1
BBA7
39F2
3C20
3B07
3C08
3B6C
BC18
3B0C
BAB5
3C4D
B9E1
B953
BCD2
BBDA
3AFF
BB69
3C92
BB94
3BC6
BB2F
BBB8
3C0C
BC7B
BBB5
BBC4
BB2F
BAB2
3BC2
BB9E
3AC3
BCD9
3AFD
3C35
B97D
3B85
3C47
3C5C
BC01
3BAE
BA3B
BC54
3C81
BBBF
3A60
3B2E
3B2A
BC4C
3C3A
3C36
3968
3B0F
3995
3CD0
3A65
BBEC
3CA3
BC25
BB6F
3C2E
BBB4
BC89
3CC5
3BF1
BB91
BA35
3C38
3B5A
3BBE
BBA0
BC40
3C29
3AEE
BBF7
B995
3C02
3AF6
BC79
BC65
3CA0
3BBF
3BAC
BB45
3C2A
3C14
BB99
3C0C
BC88
BB24
3C45
BB2C
BBB0
BBFA
BA8E
3C06
BC84
BB17
3B2F
BC57
3C22
3BBB
3CD1
BBE3
39C7
3BF2
BC1D
3AB9
3B88
BC76
3C85
BC45
BC1B
3A8D
BA9D
BBD6
3CB2
BBC5
B948
3A94
3C02
3AAC
BBC2
BB35
3B9A
BC2E
3982
BC98
3B18
BC8B
3B03
3BA5
3C1E
BC3E
B928
3BFC
BA0E
BB4F
3C87
3C57
BC7F
BB6E
BBA0
B9AA
BB2D
3C60
3ADE
37C3
3BBD
3C7C
3CA1
BB62
BAAB
BC19
BCB4
BC49
39F5
3C0A
BC37
BC23
3BC7
BC32
3C45
BCAC
BB3F
3BFB
B92D
BC0D
3A87
3C03
3B84
BB2F
38FF
BAB0
BAD4
3C23
BBEE
BA87
BA43
3C56
3C2A
BB94
BC98
3C08
B8B0
3CA2
BCB4
3CA0
3B69
3B2E
BC8B
B981
3C39
BBCD
BBAB
BAF1
3BC4
3C64
3C2F
3B54
BAC5
3C18
BB14
3C9A
3CC6
3C3C
3C45
3B53
3C02
3BCE
BB86
BC87
3C2C
3C54
3BC5
BC44
BB31
BA44
3C3E
BC10
3C2A
3C18
BC31
3A38
3C4E
3C4B
3C36
BC22
3B23
BB16
3C76
3C0F
BCBE
BB3E
3C4A
BBA8
3C1A
BC43
BACB
3BA5
BA96
3D07
BBB5
3C0B
3C61
3B06
3B81
3C55
BC8F
BC03
BC8E
BAFE
3BD6
3C25
BA2C
B8F4
BAA8
BAC3
398E
BBEB
3B46
3B8E
BB42
BBD6
BCB6
3CA0
3B9F
3C14
3C73
39AF
B8C2
BBBA
BBB9
3B87
39B1
3C5B
3C86
3CA3
3B52
3B6F
BB83
BBC3
BAB6
3B61
BA7C
BC6D
3AC8
BC41
3AEB
3B64
BC20
BA89
3BE5
BB89
BB53
3C33
3CC1
BC3F
3AD5
3B66
BC69
BBBD
3C1B
BC28
BC4E
BAD1
3B82
3B80
BBDA
3B99
BA1F
BBB4
3B10
3CE7
BC46
BA98
BBD4
BBDF
BCDB
3C41
BC5B
BB91
3C02
BCAA
3C04
3C50
3B8C
BC94
BBC0
3B8C
3C31
BCA5
BCA2
BC04
BC67
3B94
3C2A
3B79
3BEC
3AC2
BCCB
BC2D
BC0D
BAFC
3CBB
3C5F
3B2C
BB18
BB4F
3C17
BC41
BBB5
BB48
3BD4
BC50
BC05
BC3F
3C7A
3BA0
BC88
3BC8
3C47
BB3C
BC91
BB21
3B67
3CBC
BBA3
3A9F
3CCA
3B33
3BC7
BB8C
3A8B
3CC4
3C23
3C53
BC1B
3C90
BC3C
3BD0
3C20
3C2D
3BB5
BC78
3C9A
BB63
3BFB
BACE
BBCD
3C3F
3C67
BC39
BABB
3CA2
3BDB
3CF0
3B71
BC37
3AEE
BC59
BBA2
BC7D
3C25
BC2B
BBD5
BC19
BBAF
BBCB
BAE1
3C79
BB86
3AF0
3B95
3CB5
3C69
3AB5
3A8E
BB13
BB8D
3B9D
3C8D
3B72
3B49
BC95
3CA9
3BC6
BB47
395E
3C35
3C77
3BBD
BB9C
3C12
BBAB
BB80
BCCD
BBE3
BAB5
3C27
BBBF
3A89
3B9F
BC3E
BB2E
3BBD
BC86
BBD0
3C6F
3A58
BBF0
3C5A
BAB0
BB98
3BCF
3C60
3C85
BC8E
BB8F
BA63
BA4E
BB19
BBC9
3BFB
3BF0
BBF9
BA2A
BC5D
BBBC
3A8F
BBA3
B989
39F7
BA93
BC9C
BC07
398C
BA47
3B1B
BB9C
3C64
3C76
BAF4
BBB6
BBF5
3C34
3C52
BC48
BC11
3AEB
3BF9
BC80
BA59
BC4E
3C5F
BB3D
BA38
3C8E
3BF5
BBB9
3C1D
BB46
3B4E
3BB4
BBD2
BB7C
BC57
BAE6
BC74
3B2E
BB98
3C75
3C37
3AFA
BAE9
BC9B
3CA9
BB40
3C57
BB9A
BBBB
3C0C
3AD1
3CB1
BBA2
BBEB
BBCD
3C89
3C01
BAC6
3918
3A9F
BBD9
3BAD
3C1E
3B8B
BC7A
BC85
3BE2
3C53
3B7C
3C2F
BB37
BB17
3ABF
3B4E
BC05
BB63
BC46
3C20
3BEA
3A7F
BA81
3A60
3C31
BBF6
3B93
3A29
BA37
3C08
BC07
BC30
BBB8
3BBF
3B80
BBAC
BB84
BC17
3C1B
3BB2
3C25
3B8A
BC6E
3AAC
BCF3
3C14
3B1E
3A1A
3BDC
BC26
BC0C
3C47
BC95
BB5F
3B81
BB84
BC62
3C13
BC96
BC08
BAD3
3ABF
B9E3
3BF3
3ADB
BC87
BC29
3BCB
BBC7
3BF0
3C55
BBD3
3C52
BBC5
3C84
3B9D
BB7B
B9BD
BB87
BC47
BAD2
BC69
3C29
3BD2
3C31
BC1A
3C81
3C34
BC15
BC19
BB1C
BCAD
3C7E
BC39
BBC3
B9DC
3C26
3BFE
3A34
BC07
BC25
BB8B
BB01
3BC8
BBD3
3B9B
BB56
BC3F
BB83
3C1D
BC87
3C2C
BB9D
3BB0
BAFE
3B75
3B13
BB1D
BCCB
BC08
3C2C
BB59
BCBD
3CA8
BBB1
3C32
3C09
3B51
B9FF
3C10
3B97
BB8C
BC80
3B9A
3C21
BC57
B938
3BE8
3C05
3CA3
3B09
3AAD
3B96
395D
3C86
BC4C
3C8E
BB95
BB30
BC51
BC6C
BCB7
BB8B
BB1A
3CC3
3C31
3C11
3BB8
3BC3
3BBE
BC3C
BB83
BBBF
3BB5
3B46
BB3C
3C28
3BD1
BC8C
BC16
BBE6
3C18
3B86
BC10
BBCD
BBD4
BBC2
BB85
3C62
3C7D
3C86
3C2F
BB32
3BE0
BC47
3C7F
BC5A
BC2B
BC32
BA4F
BBDF
BC2C
BC88
3C03
3C87
3ADB
3CB9
3C23
BA81
BC00
BC59
BC88
BBBD
BC9E
3C81
BB47
3B99
3B11
3B10
3B92
BC07
3C93
3A1F
3C27
BA03
BBF3
396D
BBEC
3B0F
BB7E
3A80
3C47
3BD4
3C42
3B9E
3C6B
3B8E
BBE9
3C8A
BC5B
3B92
3990
BC4B
3C71
BBF9
B98B
3C82
BBB6
3BE6
BB8C
3C46
3B9E
3B8B
BB80
BB79
3C25
3C84
3C62
3B88
3C4D
3A89
BB3C
BB38
BCB6
BC89
BC1D
3C80
3C61
3C28
BC49
3B99
3C24
BC4A
BAF0
3C51
3C1A
3B43
3B79
3C8C
BC49
B9A4
3BC8
3C02
3C00
3C4E
3CB2
3B7F
BC1A
3C78
BC18
BB66
BC7B
BC09
3C4F
3A05
3C83
BB2A
39A2
BC87
BC40
BC1B
BCA6
BAD0
3983
398F
3C8F
BC43
BABC
3BC3
BC6D
BCA3
BC8A
BB7D
3C87
3C05
3B7D
3C2D
3C2A
3C65
3AC1
3C44
B985
3AD6
3C11
3BAD
3B8D
BABA
3C61
3C56
3BD3
BC8A
3BC7
3C09
3C98
BAD7
39BF
3C25
3C47
BB0F
BC1B
BC99
3C64
BAFF
39D5
3CD4
BAC2
3C01
BC2C
BBDC
BC1F
3BC5
3BC8
BB55
3C53
3BBE
BCBA
3AF5
3C27
B9FE
3A52
3B9B
3B2C
3BF4
BB5E
3C35
BAAA
3BFA
3953
3959
3C9E
BAB4
3AF4
3C46
3BA8
3B28
3BE8
3C3C
BC1E
39E7
BC01
3B8D
3A52
3C52
3CDD
3BC2
3C17
BB56
BB88
BCA1
BC1E
3A87
3B95
3BB1
BADD
B929
BB95
3C67
3B83
BC2B
BCC1
B903
BC00
BC21
BB8B
3C9B
BBD4
BC58
3BEE
3B6C
3C14
BAB5
3C07
BBCD
BCB9
3C12
3B56
BB6A
3C00
BB55
BACD
BBCB
3B8F
BC92
BB45
3B33
BB4A
BB00
3C4A
BA33
BC32
3A71
3C1D
BBF4
BBFE
BBF6
BC9C
3C31
3C34
3BF8
3C37
3C46
BC1E
3BDC
3B93
3C10
3CB0
BB6D
3BAE
3801
BC91
BC83
BCAC
3C89
BC31
BC1A
BB91
BB12
BB36
3C4D
3C56
BC1A
3B4D
BC14
3C84
BBE6
BCB7
BAE9
3AA3
BBA9
BBFE
BC85
BC8A
3B6C
BBFC
3A98
BC2F
3C71
3BFA
3C00
3C83
BBF4
BB50
BB96
3AF6
3C8A
BB8B
3BB4
BBEE
BC77
3A3B
BBF6
3C6D
3BC9
3B85
B8BA
BB92
BABE
BB2C
BA44
BB0E
BA07
BC8A
BC44
BB6A
BC1C
BC55
BBD1
BA9B
3B6D
3C96
BBAC
BA00
3B70
BBE6
3C2D
3B05
3C29
BC23
BC33
3C01
3BC5
3BA4
3C3C
BBC7
3BE1
BC14
BC28
3C30
BC2E
BB82
BC2B
BC56
3C1C
3B82
3BC8
BAD8
3ADC
BBF8
BC54
BB44
3B26
3BDD
3BCD
3C35
3CA2
3C12
3AA1
BC17
BA9A
BC91
3C49
3CA4
3A05
3C1B
3A7A
B9C3
BCAC
3BE1
BBA4
3B27
3C0F
3B3D
BC6B
3C15
BBC1
3B72
BB70
BC48
3C1B
3C41
3BDF
3B95
3C3B
BB15
BC23
BBEC
3BA5
BC0D
BBA4
3BF2
3C82
BBA4
BC50
3B29
BCC2
BB59
3BDA
BD01
3B33
BB34
3AAA
BA75
BBC4
3BA4
3C78
BBDB
3B41
3BF8
3BDA
3C85
BB8F
BC5D
3B37
BCFD
3C34
3C06
3C8E
BC16
BB96
39D9
BC69
BBC5
3C8A
3C00
3C3C
3C4A
BC0A
B8B2
3BC6
BCAF
3C20
3BCC
B9F6
BC39
3A89
BB60
3C15
3C03
BC55
3B96
BBFB
3B46
3BD4
BC3E
3A5C
BB5C
3CB4
3BAB
3B69
BCFE
3BCF
BBEA
3BB5
BC41
3B9E
3B63
3C19
3C94
BBC6
BBF5
BBA7
3CA4
BB8A
3BDE
BC54
BC13
3C7F
BC64
3BDD
BB15
3BA4
BB8E
BBF3
BC18
3C36
3A02
3AB5
BCCA
BBA0
3C9B
3A81
BC01
3CB3
BC21
3AB6
BC28
3C9D
BBC3
BCD1
BC81
BC13
3C72
3B36
BBB9
BB85
3B8F
3B88
BC52
BAE3
3BD3
3B88
3C26
BBA2
BA84
3C13
BB35
BBB9
3CB3
BC49
BC58
3B18
3BD9
3ABD
3B1F
BBC6
3A05
BC66
3BC6
3B60
3B6E
3C02
3C84
BC20
BC86
BB6F
3B54
3C2F
BC28
3C06
3A68
BBC1
3BD5
BBE5
BB4C
3C38
3B2C
3C3E
3C4B
BC02
BC98
BC29
BA04
BB14
3C77
B9C1
3C60
BC8D
BBE0
3C81
3B39
3B52
3C2D
BC57
3C6D
BCD7
3BA7
3C8F
BC99
3BFA
BCA0
BC62
3836
BC0D
BBB4
3B81
3C06
BBD8
3BEE
3C43
3C8A
BA64
3C34
3C1E
BB77
BA0B
BC50
BB67
3C1F
3C42
BCA1
BBCE
3BB1
BC22
3C1F
3AE2
3BEB
3B8C
BB33
3B03
3BB4
3C18
BC3E
3AC3
BB8B
BBC7
3B31
BBA9
BC03
BBEC
3B9B
3B26
BA97
BB65
BBBD
3B27
BC39
BC0A
3BB9
3B98
BC3E
BBDC
3B63
37DC
39C6
3A35
3C2A
3C6C
3C82
BCA7
BC0A
3C3C
BB53
3C57
BC48
BBB7
BB8D
3C5B
3A89
BC08
3B02
3C41
3C95
BA13
3A61
3BCB
3B87
BB19
BBF2
3C68
3ADC
BB91
BC3C
3C3D
BAE1
3CBC
BB0B
BC30
3AAE
3CA5
3CB8
3C0D
3A64
3BE9
BBB6
38A0
B91B
3C08
3C56
BC33
3C08
BC45
BC57
3A23
3B82
B987
3C76
BB55
BC87
3BA8
3C17
BBD7
3B7B
3BF5
BB03
BC1D
BBE4
BC3A
BC1D
BC0C
BC37
3BFB
3BB2
BB1B
BC08
3C6E
BC47
3C32
BC72
3B3A
3C2B
3AB8
BB56
3C1D
BAA4
3BD9
BBA4
BC2F
3BC5
BB4A
BAC2
3C02
BB85
BBC8
BBA9
3C50
3B97
3C21
BCBF
BBFE
BB94
BB14
38AD
391B
3B92
BB8C
3B60
3C54
BBFE
BC59
388C
3C46
BC5C
3BA2
3BF9
BAD5
BC79
BC2F
3C6B
3CAF
3C29
3C43
BA57
BC5C
BAC6
3C89
3A91
3B5C
3C17
BBE4
BB51
B9C9
BC08
B8C6
BAEC
BC03
BB9E
BBF5
BB97
BBD2
3C36
BB6D
BC49
BBA2
3C41
BC09
BC66
BCBE
3BE6
BB82
3C71
3A44
BA8F
BC4E
BB3F
BBE9
BCC8
3B7E
3C3E
3C10
3C40
3C2D
BC5C
3B82
BB04
3A5A
BC87
BB8B
3B67
3B7B
BB8D
3D10
BACF
3BCC
3C96
3A21
BBFE
BC8F
3C23
3BE8
3CBA
BAAC
BADC
BBEB
3B33
3BFD
3CBA
BBAC
BBD4
BBD9
3B62
3C3D
3B3B
3C8C
BB5B
3AAE
BCEC
BB8C
BB59
3A98
3C1D
B919
3C61
BBAA
3C0D
BA8D
BBF8
BCC4
3C81
3B85
BC76
BC73
3C2F
BB85
BC36
3C83
3BC0
BBAD
BB8D
BC02
BBD7
39DC
BC95
3C5D
BBC8
3C27
3CA4
3C36
3A9F
BBBB
3CE4
B9E8
3B8B
BAC5
3B72
3A02
BBE3
3A21
3C06
BC0F
3ABD
BC52
BC8E
BB8D
BC0D
3C38
3B99
3BAF
BB34
BBF9
3C1A
3C48
BCD3
BADB
3C9C
BB0A
3A68
3C37
BA9E
BB9C
BA87
3C88
3BBE
3AD6
BAF0
3CCD
BC23
BC2C
BBD7
3C2A
BA1B
BBB0
3B4C
BB21
BC80
BBBA
3AD5
3BA0
3BFC
3C65
3C85
3C36
BBC9
BB90
BBDC
3A8B
BC64
3BF4
3C6A
3B11
3C7A
3C89
3C5E
3BEC
3A19
BA5F
3C7B
3A62
BC2F
BB84
BBDC
BBED
BC0E
BBEE
3B5F
BC74
BC10
3C98
3A9C
BC18
3C75
3C41
BC5F
BB37
3C02
BC11
3C8D
BCB7
3C69
3BEF
BC85
3C94
BB9D
BB3D
BC13
BC21
BC7E
B9D6
BC79
BB92
399E
3C8D
3B00
3BF1
BC70
3C89
BBC5
BBB3
BC0D
BC6E
BC48
BC47
BCA8
3BA0
BC3E
3BA0
BC3D
BC56
BC79
3C2C
BBDE
3B9D
3C93
BBF0
BC36
3C51
3BDD
BC7D
3923
BB86
3C20
3C18
BB16
BC52
BB10
3A1B
3C63
3C14
BBA0
3B8A
3B52
3C16
3C7A
BC4F
3B39
3CA0
3C23
3C01
3CB2
BB62
BB79
3BE9
3B0C
3C9D
3C71
3C1E
3BAC
BB5D
3BAF
BC3A
BBC3
3A44
BAFA
BC40
3C59
B9F4
3C87
3BC8
3C76
394A
3A01
BC82
3BB1
3C65
3C2D
3C97
BBFD
3C15
3ACE
BC09
BB23
BC9C
BC50
3B11
3C3F
BB13
BCAA
3C0F
3C16
3B67
3C12
3B42
BA80
BC0D
BC3D
BCBB
BA92
3B51
3C91
3B65
3C04
3B18
3C86
3BC4
BB26
BB54
3BFD
BC24
BC1A
3999
3B8F
3C86
BBDC
3B98
3C05
BC2F
3C59
3B85
3C75
3C08
BA30
3A8B
BC75
BBB2
3BB8
BC05
BA8C
BC24
BBD4
3A94
3770
3CFE
BC86
3A7A
3B9F
BA91
3BCB
3BD7
3C9C
3B7B
3AA0
3CA3
3C19
3AF2
BC41
3B6F
3B63
3B49
BB89
BBD8
BA06
3C27
3B3F
BB50
BB40
3C2E
3BBA
3C27
BA6D
3C30
3B8C
3C3C
BBE0
BC34
BCAD
3C2D
BC83
BC7C
3C04
BBA6
BAD5
3C50
BBCC
BBF1
BB62
3C9C
3C54
3B48
BBB3
3C92
BC3B
3B1F
B9F0
BAF0
BB7D
3BEF
3B3B
B932
3BF1
3CD4
3B54
BC3F
3C68
BC19
BC19
BBF7
BB2D
3A92
BBCF
BB4A
3CF1
3A3A
3B6B
BC56
3C13
3CA5
3BF8
BCC5
BC47
3B18
3B22
3BB1
B91D
3C77
3C21
3BA0
BC37
3C28
B91E
3B31
3914
3B47
3B79
3CFB
3C17
BC70
3B94
BC1C
BC0F
B98A
3C1F
3B75
3AE8
3ABF
3B8F
BC0F
3C36
3B26
BC50
B9CB
3C87
BBBB
BC10
3C3C
3C92
3BA4
3B08
3BB7
BBF4
3C0E
BBDF
3C51
BCC2
BC35
BC97
BBF5
BB28
3C8B
3C77
3A90
3B69
BBDD
3BF0
3BE1
B9F6
3A96
3C80
3C10
3B14
BB86
BB8D
3BF3
BC2B
3C81
BC2A
BB27
BC30
3C69
3C6E
3C69
BC0E
BCC3
BA37
BC0A
3C33
BA76
BB8A
3C07
3935
BC82
BBDC
3CE2
BBC9
BBA2
3C2D
BBD3
B8AE
BC39
3BE6
BC36
BB94
B8AC
3BEF
39BD
BC4B
BC0E
3CB2
BA83
3A26
BC2B
3C8A
3BF5
BCA0
BBE2
3C83
3B2F
BBE8
3AC1
BC8B
3C65
BA6F
3C90
B996
3B41
3C34
BB6D
BBE3
BB18
BCAB
3CD3
3C82
BB7D
3C53
BC93
3C02
BA76
BC82
3BC7
3C61
3C70
BD13
BB3C
3A2B
BC36
BB1D
3BF8
BC96
3C07
BC87
BB23
BC4D
BBC0
BAC1
BB3E
3BEE
BB95
3C50
BABB
3C30
BBF6
3C50
BC6C
3CB4
BB5B
3B30
BBA5
BC13
3B5B
BC41
38CD
3B07
BC2C
BC5C
BC07
BCAB
3BB9
BC9B
3B6D
3BC7
3C76
BC6C
3B22
3A3E
BC18
BACD
3C35
3CAD
3BC9
3CA5
BB8E
3C9C
BC4D
38B9
BC15
3C27
BBF1
BB85
BC38
BB9D
BB61
3A73
3C54
3B9D
BB9B
BB8B
3C0B
BCBE
3BDD
3B00
3B84
BA51
B719
BB16
BC9D
BC5B
3BA2
3BD0
3A8D
BB18
BCC5
3C58
BBB7
3AD9
BC98
BB8F
BACF
3C0C
BC2B
BB42
3C18
3BFE
BBBB
3C86
BBD9
BBE4
3C82
3B41
3C86
BA8B
3B03
BBA0
BB90
3C52
3C0E
BC79
3C4A
BC85
39E1
BBB8
BC17
BBE6
BB85
BBC4
3B6F
BC31
3BE4
3B49
3C73
BC91
BB5F
3A42
3AE6
BBC1
3AD0
BB79
BADD
BCA3
3B4E
BBE4
BBD1
BBD8
BBD0
3AD7
3BDD
BBE4
BC09
BB87
3BA5
3C18
3BAB
3CAF
3BCE
BC27
3B91
3C0D
3C26
3C85
3BFA
3B88
BBF6
BC19
3B8B
3AF6
BC44
3B76
BC52
BC58
3B14
3929
BC64
BC82
BCD1
BBF4
BC26
3B59
BC39
BC02
3C12
3C75
3C1B
BBD0
3B89
BC27
3C41
3BEB
BC08
3C21
BC01
BC00
3AEE
3C99
3B09
B88D
3BD6
3C4F
3C1E
3AC6
3C0B
BCD0
3C84
3C81
BB01
3C6F
BB3B
BBEC
3BBD
BCC9
BBF3
BB5F
BB81
BC26
BC2B
3B9C
BC14
3BB5
BBE6
3C0D
3AE4
BBD3
3C23
3C4B
3B8E
B910
3C5E
BB27
BC08
BC90
BC79
3BD0
BAF1
3C01
3C49
BBAB
3B5C
3BE5
BC15
BC83
3C02
3B8B
BB10
BC98
3BE5
BBC5
BA1F
3C15
BC26
BBCE
3B15
3ABC
3B6E
3C24
BC84
BC1F
3B96
BB55
BC27
3C55
3C19
3B74
3C01
BB81
398E
BC2A
3C22
BC1E
BABB
BCBD
3C12
BC78
BC10
3B7A
3C1B
3ACE
3C6B
BA96
3BA0
3C33
BBF4
3CA0
3B0E
3BD6
BB18
3C42
BC1C
3C3A
BBDB
BC36
BC08
B9B8
3C04
3BAE
3BFA
BBE4
BB7F
3A4D
3B81
3C79
BBB2
3B7C
3C9F
3BF4
BB6E
3C80
BCA2
3AC8
BBB9
3C2A
3C25
3C3C
3CBA
3BD0
BBCE
3B41
3C76
BC05
3BFB
3C00
BB8F
BA29
3BD9
BBF8
3CD6
3CB9
BCA5
BA4F
BC18
BC1E
3C3B
BBFD
3B4A
BB3B
BBB2
BC00
BC88
3BD5
BB99
BC45
BAF0
3BD0
3C43
BC11
BC7F
BB64
3C41
BC80
3B21
3C4D
BA6C
BBC3
BBD6
BBA6
BBA6
3C2E
BA91
BA47
3B96
3A9C
3B52
BC22
3B19
3C18
3C78
BC95
BC66
BC3A
3BBC
3C03
B9F5
3C0E
BB9A
BCF2
3CC5
BC89
BBAD
3BB3
BC9F
BC1A
BC94
BBAB
3BA6
BB97
BC58
BC4E
3C2B
3BDC
BCE6
3CA4
BC4E
3CB5
3C15
BBAD
3C38
BC7A
BB0E
3BF7
3C15
BC0B
3A37
3C05
3C15
3C3D
3C73
3B78
3BAE
3B3C
3B82
BAA8
3BD8
BB64
3CA1
BBA8
BB27
3C08
BBD5
3C0F
3B49
BA62
3C7A
BA51
3C20
3BFC
BC6D
3AF5
3BD0
3BBD
3C3B
BC82
3CA4
3C48
3ABC
BB6D
3B4F
3C47
BAE8
3C6F
BC36
BB47
BB92
3AE9
BA1F
3BB1
3C87
3B32
3BAB
BC83
BB28
BC77
BC27
3B17
BC0E
B930
BBDB
3CA8
BBF5
3C95
3B17
BB08
3BA1
BBA1
BC13
3A87
BC9B
BBF4
3CC4
BBD1
BC6A
BB25
3CB4
BC35
BBC1
BB86
3C44
3B45
BC4E
39C1
3AFA
BC79
3C3E
3BA4
BA9C
BB60
3CA4
BBA8
BB6F
BB99
3AC4
BCBA
BBF9
3AD5
3C48
BC3F
3BF4
BBFA
BBB1
BBD6
3C04
BB66
3C1D
3AC9
3BBE
3979
BC7A
3B67
BC57
3C08
3CEE
BB94
BC19
3C7F
BC03
3C32
BC4F
3C4E
BC4A
BC91
3C1E
BB58
B945
BA9F
BA74
BB1F
BC36
3C1E
3A5E
3AC5
BBDA
BB0B
3A9B
BC2E
3B2C
BBCF
3BF6
3B8F
BB47
BA77
BB4C
BCBF
BB7E
BB7B
3AC8
BC81
BB33
3B9C
3B9D
BBF1
BC8F
3C1D
3BD6
3AE2
3C07
3BFB
BBB9
3C6D
3C6C
3B87
B9A5
3BD0
3C3B
3C0D
BCA4
3B59
3BAD
3C56
BB88
BC63
3C5B
3C2D
BAA0
BC96
BC7F
BC94
3BDA
BC69
3B3A
3BA8
BC35
BBB8
3AF1
BB21
3C0B
3C8A
BC5B
BBE6
BC17
BBCE
BC32
3C1F
39EA
BB0F
3A4C
BAF7
3C60
3C39
BC83
BA29
3B13
3C0C
BBDE
BC29
3C29
BC95
BAFD
BC86
BA57
3C12
3AEC
3B86
3AC5
3B5C
BC7E
BC4A
BC65
BC03
BC23
3BF0
3C16
3B3E
B990
BB72
BC58
BB4E
BCA0
3C6B
3C1C
BBC8
3C27
3BEC
3B28
3BEA
BBF2
3B9B
BC0A
BC5A
3BD0
BC83
BC43
3C3E
3A6B
3A06
3B48
3C27
B9EA
3B8F
3998
3C44
3C45
3BC1
BC3B
BC72
BC54
BB2D
BB1B
3A97
3B90
B91E
3B78
BB83
BBB1
3BC2
3C49
3C42
3CA9
3B10
3C32
3C09
3B34
BC3B
3C14
BBAE
BBB0
3BD1
BA84
3BD7
BBC7
3C57
3C1C
3AF5
BAAE
3A2F
BB10
BB8C
BB33
3B81
BBE3
3A40
3BA8
B914
BBED
BC91
3C1F
BC87
3ABF
BA21
BC27
3BFD
3CB3
BB9D
BC7E
BC43
BB22
3C09
3B20
3CB3
3C2B
BBDD
3B24
BB98
3A6E
BC48
BB32
3C22
BC3B
BBF7
BBD3
BC83
39B5
BAE1
BAF6
3C43
BCA4
3C26
3BD1
3B25
3C54
3C0E
3BB0
3B92
3A52
3C38
BC14
BB53
3C32
3B51
BBC8
3B82
3AAF
3B0F
BB96
BB62
3BDF
3B82
3C0F
3B56
3B8D
3C28
3C46
BC29
3C3A
3C6F
BA40
3A02
399C
3B81
BBB0
BB30
3B5C
3BB2
BAE8
3C52
3AD3
3BA7
3B8E
3B8D
3C22
3B1F
BC27
BB0D
3C0B
BBBD
BC64
BC43
BB94
3B7C
3CD5
3C81
BA8B
BC09
BB97
3C34
BB95
BC8C
BC00
BBDE
3C30
BB59
3C80
BC1A
3B4F
3B47
3D0F
BBB8
3A8A
3889
BC1E
393E
3B1A
BBBA
3C72
3C12
BBC3
3B82
3C69
3C88
BB5F
BC21
3AFC
3C12
BC48
BABA
BA89
3BC1
BB42
3B3A
3B88
3AA7
BA4A
BC7E
3C72
3BC4
3C83
BBA0
3CA9
BBBC
3C20
BBC4
BA5F
BAD0
BCD5
3C20
3C6C
3C6A
3C4C
3BF2
3B1D
BC40
BA85
3BF0
B922
3C00
BCB3
3B67
3BD0
BC14
3B33
BB7C
3A89
BC33
3CD2
3BB7
3A41
3AB9
3AFF
39A6
BBFE
3C0C
BA98
3C37
BA74
3B38
38EF
BC1C
BC87
3B56
3BE8
3C19
BC13
3B04
BBC4
B91F
3BD2
3A6E
BC9B
3A0A
BBC0
3A9F
BC31
BC65
391C
3BE7
3BD5
3C04
BB04
3C4D
3C41
3C89
3B0B
3BDD
BC7B
3BAD
BCCF
BAEB
3B6D
3D10
3C04
BC00
BC91
3C27
BC61
3C69
BC38
3BF3
3AA4
BB29
3B49
3A9B
BC13
3B8B
BC31
3B41
BBD1
BC00
BAF9
3C1E
3C29
3B84
BB85
BB83
BB9D
BC00
BB89
3C15
BC3E
3C95
BC7F
BC80
BB6A
3B9F
3C8E
3C46
3BD7
3A36
BC9F
3CD3
3C51
BBAA
3C56
3C2E
BA56
3BE8
BC77
BB76
BC58
3B3D
3B47
3C3C
BB14
BA1B
3BBE
3BD9
BC82
BC7D
39B8
BB2D
3C68
BC69
3B5E
BB9F
3C1A
3B9E
BA97
BA98
BC1E
BC87
3B89
3C10
BBA9
3BB6
3BF1
BBBD
BC17
3AC8
3C93
3C37
3BE1
3BB6
3C8A
3B12
3B81
BB8D
BBD8
3BF4
BC23
3BAE
BC6A
39DD
3B9F
BB96
BAB3
BB31
3C86
3B9E
3800
BC56
3C5E
BBF7
BCB5
3BAF
BBFD
BAC3
BBC7
3BB3
3C9A
BCA8
BB89
BC7A
BCA0
3C47
BBFC
3BD4
3C40
3C05
BAEB
BCD2
BC13
BB84
3BD4
BACA
BBAD
3C4D
3BD2
BB82
3C5B
3BD7
3C37
3C10
3A59
3C10
BBA3
BC3D
3C3F
BB53
BB85
BB9D
3BC6
3C6A
BBA4
3AF2
BC21
BA50
3BF6
3B26
3B92
BC56
BBB9
BC7E
3C1C
BC6D
3B05
BB5C
BBA3
3C67
3834
3B30
BCB0
BB22
3C29
3A8E
BC89
BB2B
3C00
3C08
3C83
BB89
BAB2
BC41
BB25
3C21
BC14
BB7A
BC1B
3B57
BB13
BA36
BC13
3C05
BBE6
3B36
BC13
B7F6
BC1A
3BFB
BBAD
BC8F
BBD1
3C2A
3C13
3C13
3CA3
BBC4
B908
BA20
BB0A
BC24
39D9
BC25
3B4E
3BBE
3AFA
BBC6
38CE
3AFE
3B87
3C2B
3A3F
3B81
BC0A
BC50
BAD5
BB27
3AC1
BC13
3C1C
3C26
3B35
3BE5
3AFE
BB91
3B0A
3A72
BBEF
BC9A
3B58
BC03
3B33
3B60
BC8C
BC97
3C2B
BBB7
BCAD
3C83
3A1E
3C20
BC24
3C41
BC98
3CC0
3C22
3BFA
BAAA
3B8F
BBB2
3AF1
BA8B
BA06
3B23
3C9D
3A19
BB8A
BBC1
BAAD
BB0C
BC8F
BB8D
BA9A
3B43
3A3B
BC4C
BBC1
3AA5
3A8A
BB9B
BB74
3C17
BC50
3B8B
3B7F
B9F5
3C80
BBAD
3C0C
3C62
3B2B
3C33
399E
BA54
BC9D
3BE7
BAA9
BB96
3C5A
BB40
3BD2
3BDB
BC2A
BC01
3B81
3B3A
BCB0
BCD3
BC99
BBDF
3B40
3BF7
3B28
3BDC
3A50
3B0B
3AD0
3BEF
BB11
BC26
3BB8
3CB6
BB5B
3B7B
3C8E
3C0A
BB3D
B843
BBD3
3BFC
BAE6
BBB3
BCA4
BBA2
3C3C
BBDE
BA0A
3C1A
BC80
3A42
BC13
3B17
BB89
BC85
BBFA
3C2D
3A17
BC18
BBFC
3B5B
3C91
3C87
3A26
BBA5
BBDD
BA2D
BC38
3BEA
BAE8
3C04
BBBE
BB60
BAC2
3B25
3B96
BBF5
3B12
3C4D
3C0B
BBED
BB2E
3BD1
3C0A
3B7B
BC2B
3BE9
3C17
3BB3
BBDE
BB83
3C04
BC90
BB9A
3B7A
3B4E
3BEC
3BB2
3B70
BB8E
3B86
BCAD
BC2F
BB41
BBC7
3C15
3AC1
3CB0
3C8A
BCC5
3AA7
BC0C
BCE9
B9E3
BB80
BCA8
BC20
3CBD
BC48
3C3C
3A06
3BF8
3A06
BAFD
BC85
3C34
3933
3C6B
BC75
BC56
3BFA
BC31
BC6E
3C4E
3C5A
BBF2
BC2E
3BC9
3C3C
3BF2
BB92
BB96
3C41
3C48
3BCF
BBF9
BA8A
BC37
3BBC
BBF5
BC7C
BB89
BCF0
3C0D
3908
BB9B
BB95
3C9D
BC78
3C8F
3C22
BC30
BC13
BBC4
BBC2
BC7A
3B91
3C55
BC08
3ABD
BBE1
BB58
BC71
3B90
BBC1
BB52
BBF7
3C2F
BC1D
BC30
BB40
39B5
BC5D
BAE3
38EA
BBB9
BBD9
BC81
3C92
BBAA
BBBA
3C01
BC01
3A30
BA78
BB82
BC20
3BD0
BC08
3AC3
BB25
3C2F
399C
BBDA
3C72
BBDA
B9BC
3C10
BAA5
3AB5
3B66
BC3C
3C92
BCB0
3C9F
BB77
BB7F
3AFB
BBBF
3C2C
3BDC
BB69
BC80
BC41
3B30
BC3C
BCBD
3B85
BC02
BC07
BBAF
BCA9
BA0C
3C3D
3B3C
BC43
BCD0
3C17
3AED
3C4B
BCAA
BACA
BC30
BBC6
3AB7
3BD5
BC0E
BBB3
3C8C
3BD9
3C4A
B957
BBAE
3BD6
BAF7
BB09
BBA9
3B9B
BC9A
B9BE
BB9D
BC06
3B56
3AB2
3B0D
BC63
3C19
3AFB
3B93
BB6A
BC13
BCB6
3C24
3BC6
BB31
3C11
3C1C
BB90
3C87
BBB6
3C3F
3B02
3B9B
3CAA
3C14
BB9E
3BDE
3AC9
3A36
BC5A
BAFC
3C2A
3CBA
3AEF
BC0D
3C2D
3BF5
BC00
BBAF
BBC9
BBB1
BAF4
3BD1
BA99
3C21
BB66
3C82
BC25
BC26
BBCA
BB00
3C6C
BC06
3BD7
3C3C
BBC4
BBA0
3BDF
3C23
3BCD
BA8D
3BE0
3BB9
3BC4
3A9C
BBE8
BCB1
3C04
B994
3BEB
BC05
BAB6
3B8A
3BBD
BB7B
3B39
BC31
3AD8
BBC5
3AA8
3C6E
3CF7
3ABE
BC2D
BB8D
BBD7
3B72
BC50
BB73
3C71
BC90
3B65
BB71
B9E1
3B06
BC22
3C0D
B97E
3C40
BC96
BCA4
3C95
3C27
BB9B
BBF7
3B9B
BC08
3C43
3C09
BB02
3C3F
3C2A
3BE0
BC52
3B9E
BB39
3C48
3BDD
3BBC
BC2F
BC56
BC49
3BA0
BC8F
BA83
BC04
3C93
3A98
3C0B
3BC6
BC01
BC38
3C0F
BBFB
BBF6
BBB9
3C24
BAB6
3B69
BB38
BB18
3BED
3C51
BCD3
BBDF
3BA1
BB51
BA77
3AB1
3C2B
BB14
3B5B
3C08
BB82
3B37
3ADA
BB47
BC26
3C62
3C8F
BB88
3CA8
BC47
BC62
BBF2
3C33
BC14
3B3D
3B93
3A17
3C0B
3B3E
BAE3
3C61
BBEB
3A8D
3C7F
3A26
B75B
BBDD
3BE5
BB53
BB27
3C7F
3C3F
3C26
BC19
BACE
BC07
BBEE
390C
3C89
BB94
3C28
BB43
3A87
3928
3B80
3C7D
BC3B
BC19
BBE8
3C72
3A0F
3CD3
3BD3
3A86
BB7E
BC02
3C22
BBD9
BBD4
3BB3
BCCA
BC33
3C0D
3C91
BC92
3B4E
3A1F
BC0A
3BDB
3C9E
BC05
BC95
BB3B
BCDF
BC8F
BC05
BC20
3B16
3B70
BAF5
3BEB
3BED
3C96
BC29
3C45
3CA5
B99D
BC7F
BBAC
3C43
3A70
BBB9
3B91
3BEB
BC07
3C10
3BAC
3C7F
3C4D
BC63
3A70
3A1B
3AA5
BC3F
BBB5
BB8A
3BC1
BB86
3B69
3C45
BC3A
BBCC
BB4D
3C6D
3B8B
BBAC
BC34
BB88
BC91
BC89
3B78
BC20
3C7F
BC04
3B87
BBB4
BC8C
BBD5
BBA7
BA93
BBC1
BA0A
3C9C
BACC
3C12
BB36
BC32
3BC3
3B58
3C18
BC2F
BA9B
BC61
BBF2
3AE4
3C4A
BCA0
3B9B
3B94
BC80
3C64
3BD0
3C02
3C68
BBEC
BB3C
3C37
BC1D
3BC5
BC84
3C0A
3B8A
3B89
3AC5
BBEC
3B82
3B42
3C3F
3C95
3BDD
BA1B
BC33
3BBC
BBA1
3BCE
3BD9
3C05
3C9C
3BE2
BB80
3A93
BBE0
BAD5
3C50
3CA7
BC91
BAF4
3B3A
BC38
BB22
BC62
BC84
B864
BA86
3C11
BC37
3A9B
3B92
3C07
BC24
BC19
BA26
BB5E
BBF8
3C0B
3B17
BC23
3C91
BAE6
3C31
3C11
BC8C
BC26
3C74
BC80
BBF7
BC49
3B06
BB9B
3C51
39E3
3ACF
3BD9
3C38
BCBB
3A01
BAD6
BB58
3BE7
3A9A
BC6A
3A8E
3C09
BBD3
BA9A
BB7B
3CC5
BB65
BCCE
3B57
BBB6
3BFE
BAA6
B8E0
BB40
BC19
3B63
BC21
BA1D
3A6D
BC26
3B6A
BB99
3B6A
BB68
3C55
BB06
3B31
BC20
BB2F
BA3A
3BE5
3BF5
3C6D
BC6D
3C47
3A7B
BB94
3BBE
3B61
3C63
3C5B
3C2A
3C29
3BC1
3C3E
BBF9
BBC0
3B93
BBBD
3B8C
BBA7
3C03
3BCE
3C96
B9C5
BC4F
3A65
BB8D
3ACB
3CA5
BB9B
3CA6
BA14
3C39
3AB4
BC69
3CC0
3BD4
3BED
3BBD
3A99
BB8F
BBDD
39B0
3994
3B84
3C80
3ADD
3C8D
BC46
3B87
BBDB
BC66
BA8D
BC01
3A77
3BD0
BB2B
3B9C
BB81
3C7F
BC15
3B6F
3AD1
3C0B
3BB4
3C68
BC41
3B34
3B98
3C79
3A36
3A92
3C46
3BF2
BBB4
BB9E
3C19
3C0F
BB81
3AB6
3BE6
3C0F
3B61
BC78
BB4D
3ACA
3B85
BBD7
3B19
BC00
BC76
3989
BA45
3BD7
3AAA
3C1E
B92C
3BF5
BC2C
BC0B
3B55
BCBE
BB5C
3A8D
BC6D
BC5B
BB0F
BC3C
3B12
B84F
BBF1
BA84
3C4D
3BCF
3B5B
3C3D
3C27
3BB3
3B43
39F1
3BBA
3BB4
BBB3
39E5
BBA7
3AC6
BC02
3B5C
BB7E
3CB4
BBDF
3C04
3CA2
BC57
BC17
3C12
3B20
3BB8
3B38
3B94
BB7B
3C3A
3B29
3BDB
BC0F
BC38
BB61
3C39
BC2D
BB29
3BF2
BBA8
BC89
BBFD
3BF3
BB01
3BDE
3B74
3C74
3B0A
3C2B
BAFF
BBD2
BBAC
BBBF
BC4F
3BED
3AF2
BB0E
BB8C
BC54
3720
BC2C
3BB2
3C53
BC29
BC0B
BC87
3C1E
3B65
3C2B
3C83
BB96
3C75
BC96
BBDD
BAC1
BBCD
BB02
BC9D
B9FA
BC89
BB85
BC23
BA91
3C1A
BC1E
BC02
BB24
3C98
390A
3C24
BA90
BB6D
3D16
BA9D
BC10
3C7F
3C86
3B1D
BC0D
BC4C
3C70
BC6B
BC38
BC61
3B86
3B29
BC06
BBD0
BC3E
BB32
BC0D
BC78
B9CB
BB72
BB32
3B89
3BBB
3AE0
3B3A
BB49
BC63
3B27
3C2D
BAE2
BBF5
BB41
BA15
3A6B
3C62
3B3B
3C0F
3C7F
BCA2
BC6E
3C3D
3C50
BC01
3CC9
BB5E
3C1C
BC91
3C72
BC22
BA94
39F6
BB44
BC2E
3B3B
BBE6
3B5E
BBFF
3BB0
BB95
BB9E
BA13
3B82
BBB3
3BD7
BC46
BC34
3B0E
3B9B
BBBE
3C02
BB59
BB00
3BD5
BA78
BABA
BB9B
BB9E
3CA1
BB22
BB18
3BAB
BB9E
BC03
3C20
3A3D
BB59
BC78
BB92
3C11
BC09
3CA5
BA43
BC12
3C3A
3C8D
BC49
BBA2
3C0E
3BF1
BA3F
3BCD
BC44
3A4C
39D0
3C98
3C5A
3BF7
3C6B
3BE9
BB63
BBD5
BC74
3BAA
BABE
BB55
3C03
3B17
BB2A
3C36
3B80
3A11
BABB
3C83
3C91
BBED
3C5D
BBDF
3C63
3C69
3AD2
BBBF
3C5A
BB37
3B86
3AA5
BABE
3B5B
BB22
BBF3
BC38
3C1B
BBCE
3BF7
3CC9
BC17
BCC2
3CA8
3C53
3A8B
3BA7
3C48
39B1
BBD1
BC8B
3C55
3BA6
BAF2
3C75
3A79
BB57
3B7C
BBD1
BCD3
BBDF
3925
3C8F
BC58
BCD5
3C13
3BB3
3B6C
3C12
BC8B
3BCE
3CB4
3C80
3BA5
3CA0
3B16
BBA8
3BA4
BC08
3C36
3BA2
3B83
3C11
BBBD
3ADF
BC17
3CA3
BC28
BA94
3BF9
BB1F
B9A4
BBE4
BA32
3C2E
3A98
3C33
3A97
3C82
3BD0
BB9E
3CE3
3AFD
BBFA
3CA5
3BC8
3A57
BC5E
BAC6
BB92
3C0E
3C24
3CA2
3C32
3A80
3C16
BC47
BBA9
BC40
3BF4
3BD4
BCB4
3C23
BA54
BBAC
BA23
BC3D
3AF9
BB1B
3C3B
3B4C
3B89
BBA5
BBFB
3C30
BBD7
3B44
BC86
3BC9
3B07
BB54
BC71
BB39
3B93
3C1E
BAB4
3B10
3BE8
BC61
3C94
BBD2
BC8E
BC2C
3C0C
B7F9
BB9A
BBE0
3BBE
BBDD
BC80
3C58
BB7D
BC5C
3C43
BBA4
3C41
3CE7
3C6A
3B99
3C94
3B8E
BB3C
BC89
3C4F
BBF2
BC1B
BC1C
3C58
BB25
3B5C
3A0C
BC2D
BCAA
3B43
3C52
BC5C
BB23
3C21
3C17
3C3F
BB81
BB1F
BC73
3B15
BBC9
3C14
BBF0
3B57
3BF0
3C10
3A6B
3C7A
3C9F
3C2A
3C9E
BC52
3B64
3BFB
BC47
BBB6
BC1F
3B9C
BBEF
3C2B
3BEA
3C89
3B24
BBCE
3C9E
3B07
BBD1
3C5E
3B42
BBD6
3BA0
BC0D
3C14
B9A5
3C31
3B6E
BB4D
3C24
3BF3
BCAC
BC57
3C47
3AE1
BB30
BA90
BB9D
BBC5
3B45
3C0B
3C02
BC4F
3C56
BB60
3ADF
BB24
3BF1
BC9C
3BA4
3D00
BBC6
3C8F
BB89
BC3D
BBD0
BC0B
3ABB
3C29
3BD2
3C25
3BA9
BC6A
B95D
BC01
3C21
BC07
3ABB
BB13
3A1E
BBBC
3BF2
BA8F
BC04
BB32
BC0A
BB53
3BA5
3C34
3AFC
3B04
3BF8
3C06
3C15
BB0E
BC6C
BB51
BC3B
3BB0
BB5F
BA59
3B08
3BB7
BA93
BC54
BC8F
BC9E
BAD0
BC2D
BBEB
3A8C
3B18
BB38
3C3F
BBA9
BC20
BAAB
3B48
3C28
3CCB
BB56
3C70
BB32
3B90
3AD0
3C00
BC26
3B17
BB5E
BB8B
3C39
BAA2
BBDB
3BB8
3C1A
BBB6
BB22
BB73
3B5E
BB0B
BC83
3BD9
BB1D
BC2C
BC99
3C2A
3CB0
3BDD
3C17
BBF0
3BAF
3B99
BC7A
3C36
BBC6
BBC0
3CEB
BC5E
3B62
3A8A
BB34
BBE9
BBDF
3C46
BB75
3C06
BBF7
BC15
BB44
3C13
BB32
3C21
BBF6
3B8A
BBC1
3C56
3BF9
3B84
BC04
3BE5
BABC
BC81
3C12
3BFC
B95F
3B80
3C36
3A23
3B75
BC1D
BC52
3A44
3B96
BCAC
3981
B9EE
3A8F
3BDA
3B80
3B35
3C11
3BBE
3B23
BC2A
3C40
BB50
3C1C
3C69
BCC1
BBC5
BA2E
3C2C
3B5E
3BFA
3B8A
BBDD
3C33
3B83
3B07
BC8D
BC28
39AC
BA24
BB1A
BBC7
BCAE
3A35
3C9B
3C16
3C82
BCD3
3AC9
3BCF
3B78
BB62
3C1B
BC35
BC05
3CAD
3C17
3BBC
3C68
3CAC
3CAF
BC5B
3A96
BBBC
3C62
BBC9
3D0B
BB34
3C52
BA80
3C95
BC02
3B96
BB94
3CA0
BC97
BB70
3B7D
BC4C
38CA
3B17
3B4F
3C71
BC84
BC0C
3CC5
39B3
BBFD
3C24
BC3D
3BD3
BC40
BBA3
BC1C
3B33
3BAF
BD15
3C0B
3BAE
BC73
3BE7
3B1E
3C45
3C7E
BC2B
BA4F
3B45
BBC4
BB04
3A08
3A58
BCB6
3C69
3B38
BB76
BB29
B9C6
3C35
BBAD
BC2F
BC1E
BC95
BB19
BAFB
BC31
BC19
3B64
3B81
3C0F
3B80
3AED
BC05
3B88
BC42
3C12
3BCF
BC05
BA01
BB71
BC4C
3B09
39EA
3C27
3C9D
3BB9
3B6A
BC01
3B3F
3B91
3BE3
3BCD
3C80
BB93
3C3A
BB11
3A04
BC98
BC7C
BB90
3AD2
BAF4
3BC9
BC1A
3ABE
BBC9
3B00
BB6E
BB10
BB68
3BD9
3BF5
BAB6
BC37
BC47
3C6F
3C1A
3BBA
BC4E
3C06
B97F
3B7E
BBE2
3C02
3C8E
3C8E
BBDC
3A8B
3C30
B9BE
3BF6
3B21
3B2D
3CA4
B96C
BB8F
3C89
3C4C
BB6B
BB31
BC1D
BA7F
39D4
BC6A
3B91
BB06
BC62
BBFF
3B1C
BC9D
BC66
BBA6
BB32
BC3B
BAF9
BC07
BB85
BC04
3BB0
3CAB
BB57
BCC4
3C05
BC88
BB60
3B9B
3BD3
3C3E
3BB7
BBF6
3B72
B9CE
3AC9
3C83
BB7A
3C19
BC2F
BC16
3B8C
3BD3
BC03
3C06
3C8E
3B89
3C74
3BF9
BB68
BC7B
BB65
BC4A
BC06
3C1E
3CBC
3B71
BAFC
BBBD
3C76
BA6C
3C4D
3C5E
BC25
BC60
BAA8
3BE2
BBA4
BC20
BB69
3BDF
3ACD
3B9C
BA8A
BBF1
BC8C
3A98
3C84
3B95
BA93
BC28
BA76
BADF
3B8D
3B26
3AED
3B99
3C7F
BBDD
3A20
BC6D
3B82
BC1D
3BDF
BB3E
BBD5
3B2B
BBCB
BB0F
BC2B
BB54
3C77
BC68
BA6B
3CAC
3C55
BABC
BC81
3A54
3C5E
3C9E
B93D
BC53
3A2F
BC13
BC75
3A12
3B8B
BBB2
3BFF
3C2F
3C88
BB48
3B6A
3C51
B86C
BBA1
3BAA
3C2A
3BED
3C03
3B23
394D
3BEE
3B13
3A25
BBF4
3BDE
B99B
BA89
3C4D
BBFC
BBC0
39C6
3C8E
BBEE
BC95
3C5D
BC50
B832
3B8D
3CA4
BB60
3B98
BC29
BBAE
BCC2
3C2F
BCDA
BC4C
3B85
3C3B
BB91
BC96
BC0A
3C86
3C64
3C22
BC08
BA94
3B82
BB63
3BDC
3C1D
3B59
BC2D
BB0E
BACC
3C18
3BDB
3C72
3B58
BC36
3C98
BC3B
BC61
3CAE
BB2E
3C15
3CA2
3B1F
BB62
BA8F
3CA5
3C2C
BC63
3A04
BCDD
BBBE
3B6D
BBC9
BC77
BBD6
BBCC
BAB1
3C03
BC03
BC8E
3BB8
3B95
BC5E
3B16
3B4A
BB95
3C3B
BBCE
3B86
3AE7
3C9B
BB3B
BBDF
3BED
3BF3
BB34
B966
BBB8
3C0D
BC1F
3A40
BC29
BA8B
BBAC
BB0B
BC6C
3C0A
BC1D
BA5F
BC9A
3B3D
BA08
BC01
BB67
BBC7
3862
3AA9
BBC3
BB85
B9C0
BC1B
BB9C
BC0D
3BC1
3C21
3BBB
BC85
BC1C
BC04
BC73
BC54
BAE6
BBE4
BC91
3C37
BC8A
3C36
3C82
39B7
BC09
BA89
3B3A
BABC
3C86
BC9C
BBD2
3A83
3BC7
BC17
BB27
BABC
BBC9
BBA7
3BE7
3B1A
3CA8
3C34
3B99
3AFE
BAEB
BB6F
BC1D
BC05
3B47
3B9D
3BB3
BC1A
3C61
BC59
3B73
3C51
BB07
BAD4
39DA
BBE9
BC83
BC1D
BC0C
3A6C
3BED
3BDD
BBE4
39B6
BC36
3837
BBDF
3BC1
3C2F
BA13
BB91
3A93
BBAA
BCEE
BB01
BB01
BB9F
3C11
BB8C
3B57
3C26
BC4F
BC1D
3B4F
BB6D
BBEE
BBA2
3B9F
3C4E
3C13
BCB4
BC8E
BC6A
3C9C
3AE7
3B8D
BAD8
3C46
BC4B
3C08
BB99
3B05
3D00
BB96
3B39
BA46
3B0A
3C01
BC10
BCA1
3BF0
BBA2
BBC2
BB0E
BB9B
BCA3
BC4C
3BD4
3C0C
BB29
BB81
3C86
BBF5
3BA0
BBF5
BC62
BBC6
3BE9
3B62
BC13
3C0C
3AB0
BA4D
BC74
BAE3
3C11
3C3D
3B86
3A4F
BBF3
3C46
BBC6
BBDB
BBFA
BBAA
BC16
BC5E
BC0A
BA6E
BBCD
3BE0
BC99
BC44
3B96
3AD9
BB0B
3B5B
BB7B
3B80
3BD3
BB09
B910
3B4C
BC01
3B93
3BBE
3BDF
3BD6
BBA8
3A68
BCC2
BB05
3BBC
BAE3
BB9E
3A03
3C7E
3C42
3BAF
BB84
BC3D
3C2E
3BB2
B996
3C08
BB12
3975
3C10
BB2A
BA48
3C3C
BC05
3BB3
3C99
BC3B
BACD
BC12
3AE1
BB6A
3C85
3A84
3B17
BA28
BCDE
BB08
3BC5
BB9D
BC41
3C56
3C6F
BB66
3C40
BBC3
BC57
BB42
3B32
BC34
BC2F
BC6B
3BB7
BC3C
BB8E
BBD6
BBB8
39B0
B9F0
BAA9
3C75
BB6C
3B92
BB5B
3B23
BACC
3BB8
BB8F
3B61
3C2C
BC57
BB0D
3C85
3BF1
BA81
3C51
BB7A
BBB6
BB65
3C37
3AC6
3A5E
BAAA
3B94
BB8D
3B19
3C08
BC72
3C3A
3B1A
BBBB
BBDD
BBF3
BC89
3B65
3A97
BC21
3C29
3C66
3B0D
BC70
BBF9
3CDD
3C71
BC85
BBD6
3B12
BC2C
BA67
BC26
3C6E
3B59
3AF4
BC5E
BB0D
BBCF
3C08
BB16
BC2C
BB6E
3C6B
3CC7
3BF3
3C20
3B92
3C9D
3B80
3CCF
BBC4
3B17
BC2B
3CB1
3BFF
3BBA
3A51
3C18
3C6B
BBE4
BBE9
BC18
BB9D
B814
BB23
3AB2
BC78
BB0C
3BDD
3C39
BAD0
BC07
3B64
3B1F
3C12
BC69
39D0
BC99
BBB9
3B84
3BAC
BAC6
BBFA
3C97
BAE9
BBFB
3C9A
BCC3
39ED
3B3C
BB14
BAC4
BB82
BB9C
3C40
3BC7
3C1E
3C15
BBDA
BC37
3B4B
3C83
BBA3
BB2B
3BEF
BB1D
3C0E
B908
BBC6
3B95
BCB5
3C50
BBE5
3BAE
3C0F
BBEA
3C5B
37B7
3C73
3CA9
3BD4
3C3B
BC49
BB9D
BC53
BB4A
3C7E
BC3F
BCAE
BC53
BB7C
BA9E
BB51
3A97
BC20
BBC2
BC15
BC46
BBE6
BAD9
BB16
BC1E
3C59
BBC0
3C36
BB1C
BB91
BB5F
3B07
3C19
BC2E
3C0E
3CA0
BBEE
BBBD
BBCD
BB77
3C5D
3B00
3BD4
3CAC
BB66
BC14
3A8B
BB5A
3BA4
BC63
B8A8
3BDF
3BF8
3C0A
BC9F
BBF1
BC7A
BC1B
3B89
3C5A
395A
3C83
3C2A
3B90
3B7B
3C4B
3BD7
BC43
BC55
BCA8
BBF5
3B93
3C6D
BD01
BA8A
39D7
BC8F
3A96
BAF2
BB1F
3AF3
BC58
BC89
BC05
BCB6
BA7A
BA66
3CA2
B919
BBBB
3C5E
3C9F
3CA9
3BB6
BC05
3C40
BC23
3C01
3C10
3AFC
3B20
3C22
3C26
3C54
B97F
3C48
3B8F
BBA2
3BBE
3C89
3B4C
3C35
BBCF
BB2B
BC43
3B37
BCFA
3B82
BC1B
BBB5
BB5F
BC8B
3BC7
3C47
3C2B
BBB3
3AD7
BB5F
3930
BBE2
3C28
BC19
3B58
BC2E
3C58
3B90
3ACC
3BA3
3AAA
BC20
3BB9
3BB3
3CA3
BBF4
BB8A
BCC0
3C0F
BC31
3AE5
BBBB
BBAE
3C0E
3B03
BC6F
BB1A
BC53
BA9C
BC80
BC04
3A2D
3C33
3C65
3BA7
3C3C
BC36
3C50
BAFE
BC82
BB8B
3B84
BB81
BA1F
BBAA
BC33
BC26
BC0D
BC6A
BC1E
BB9F
3BB0
BC58
BC7B
3C5A
BB7E
BCD7
3B82
3B74
3C56
BC55
3B3D
BC6E
BB62
BC0D
BC04
3BBF
3C5A
BB2D
BA0E
3BA2
3C3F
3B3D
3B62
3B94
3C17
BA26
3C47
BB2A
3A0E
39FF
3C02
BC0D
3AFF
BC39
B944
BC8C
3B64
3C16
BBE3
3C81
3BF4
BB87
3B75
BC43
BC56
3AD1
3CAA
3BED
3C6B
BB7E
38D8
BC3C
3B15
3C86
BA96
BAB5
BB83
BB91
BB01
BC05
3C63
3C2E
3C8C
BC52
BC9E
BAC1
3B1F
BBC2
3BCF
BCD4
3C78
BAC3
3B9A
BA08
BC37
B907
BC57
3C1D
BB99
BB00
BC3C
3B85
3B88
3C7B
3BDF
394E
BC96
BC0F
39BD
3C33
BAAE
BC42
BB6E
BC35
BC38
3A2E
BB76
3B77
BA49
BCB7
3CBB
3C37
3BA1
BA0E
BB7F
BBAE
BC81
3BFC
3B85
3C1F
BABF
3C90
BC90
BB82
3C28
3C1E
3BB0
3BB6
3ACB
3C3D
BC12
BCAA
3B17
3A38
BB5A
BBB6
BB4D
3C6E
BC27
BBEC
BC6D
3AD6
3B84
3C21
BC47
BB83
3BEF
3A92
3C80
BBAC
3C3C
3BCF
BBC4
3B98
BC65
3BA4
3C03
3C13
3B49
BB94
3B70
BACF
BC10
BB91
3C06
BCED
3BBA
3C61
3B60
BC03
BC36
BCA1
BB42
3975
BB85
BC2D
BC03
3BEA
3910
3C51
BB9A
3C38
3B93
3BFD
3C0A
BB3D
3CD8
3C71
3C9D
BAA1
BC97
BC74
3C1B
BAD3
BAA6
BC8F
BBBE
3CB5
BC35
3C43
BC89
3B6B
BBE1
BC75
3BC4
BBDE
3BD3
BB74
BB57
3C69
BB84
395B
BAD4
3BE4
BB87
3AD4
3C50
BB2E
3BE2
B97A
BBBB
3B0C
BC30
3B44
BBB7
3BC4
3B7C
3CD8
3BE9
3B4A
3BA9
3B4D
3BBF
BC33
BC2D
BC82
3BF1
BC8B
3BD4
3B90
3B4C
BC3D
3C7C
3B36
BC89
3B4C
BC2B
BCAE
3C22
3C92
BAFE
BBD8
BBB9
3C79
BB28
B9BE
3BD5
3A11
3C04
BC04
BB28
3C82
3C37
BB38
3B24
BB2E
BC7A
3BD8
3C20
3BD2
3C88
BCB9
BC2D
BBD8
BBD5
BC12
BC26
BB18
BC89
3B7B
BB81
BAFB
3C43
BC2C
BA3F
BC06
B976
BBAA
3A6C
3C44
BB31
BB18
BC16
3C86
BC1E
BBD1
BB20
BC07
3B4B
BA52
BC9B
3C2C
BC9D
3C02
3C7C
BBD0
3BFB
BB3A
BC77
BC1B
BC79
BB55
BCFA
BB90
BC97
BCB5
B9AC
3BB4
BB1D
BCE7
3BF3
BA25
3C16
3C63
3CB9
BC66
3C45
3B90
BAA9
B9B4
3C6E
3B29
BC77
3BF6
3B65
3BF0
3B49
3B97
3A2F
BC86
3B5D
3C09
BC01
BB0F
BB78
3C3E
BB86
BC70
BC73
3C8A
398D
3BDD
3C97
BBCC
3C23
3C2B
BC6F
BB74
3BAB
B9C8
BC7A
3B89
3B79
3B64
BC11
3C00
BB9B
3BCC
3BB6
3A01
BBDE
BC1A
BC13
3C0F
3BB4
3B3F
3BBE
3BAA
3C16
3CB7
3C69
3C48
3BF5
BAD5
3B46
BB1A
3A12
BCA9
BB48
BC47
BB71
BC52
3A9B
B7AF
BC19
3C29
BBFC
3C0B
BC3C
3BAE
BC51
3BB6
3B89
BC71
3C39
BBC1
3CDE
3C33
3C02
BB2F
BB51
BBFC
3B8A
BAE3
BC2F
BB85
399E
BBA0
BC4A
3A8E
BC78
3C08
3B5B
BC2E
BC0D
3B54
3BE0
3B24
3B95
BC56
3BA8
BC01
3C8A
3C64
BB66
3BB4
3A8E
3C64
3C41
B8B7
BB81
3C1B
3834
BC29
BC94
3C2A
3BAC
BC3F
3C0E
3A2C
BC76
BBD5
3A74
3BE1
395C
3996
BB2C
3C4D
3B76
BD05
3B57
BA93
BB4B
3C59
BC04
BC6D
3B7F
3BD7
BBE9
3B7F
3C28
3BCF
3BE8
3C01
3BD0
3C0F
3C8C
3C35
3A40
BBF0
BC75
BBE3
BB92
BBD1
3A82
3C52
3B33
3B1E
BC42
BB28
3C5C
BB52
B895
3B67
3A85
BD22
BC01
3ADF
3BEB
BC01
39E1
3B37
BC71
3A22
3BD9
BC5B
39D0
BC8F
3CA7
BC60
BC5D
BC16
3C5C
3B94
BB8A
BC4D
BC35
3C27
3BB1
BB72
BC0D
BBD1
3CC9
3BD9
BB5F
BC40
3C8A
3BA8
BC15
B9B7
3BD5
BC47
3A8E
B9B0
3BE6
3B3F
BB76
BC33
3C91
BBBC
3B40
BC36
3C19
3B9C
3A6D
BA87
BB21
3C86
3BC9
3C32
3A36
BB08
BC16
3B34
BBD7
BC50
BB3B
3C7D
39F4
3B15
BCAD
3C01
3BD2
BB6B
BA67
3C04
BBE8
3C04
BC22
BBC7
BC0D
3C3D
BC1C
3BDF
3C5B
BA85
BB86
BBEA
BC81
3BA8
3C52
3B32
BBA3
BBD2
3B9D
3B7D
3B94
3C7A
3AEF
BB66
BB2B
BBE9
BC87
3B8E
3B87
BB8F
BBDD
BA5E
3CAB
BB10
BC10
3D1A
3CCA
3BBA
3B15
3A21
3C58
BCA0
BB8B
BC30
3B6E
3BE7
3C07
BB17
BBDF
BCBE
BBB4
BB0F
3C85
3C45
BBFB
3B0A
3C21
3C07
BAA8
3C61
3C04
BBBC
3BB0
BCC0
BBCA
BA65
BB0C
BC17
3ADE
3A9A
BC2A
3B92
BBB0
3BAB
BBB2
BB19
3C91
3A0A
3C06
BB5B
3BB1
BCB6
BC3C
3BA6
3C38
BB5D
BB60
BAF3
BB21
3B94
BC3E
3C5B
3B9C
BBBD
3B8B
BBAE
3B97
BC0E
BB85
BB83
3C89
3C12
3A82
3C92
BC26
3C04
BC8F
BC14
BC0D
BBCF
BC1B
3C0E
BC0C
BAD8
BB9C
3BD7
39E2
3C3E
BC1E
BAB1
BC3C
3A9D
3AA1
BC49
BB6F
3A78
399A
B9A0
3B02
BC52
BCC5
3CCE
3BFA
BC71
3C74
3BB4
BB42
BABA
B9CC
BC97
BC3C
3C1E
3C34
3BCF
BBF2
3BBA
BBF9
3BB6
BC96
3C01
3CA2
3974
3BD1
BBBD
BC54
3C18
3BDE
3C9A
BCB1
3B1E
3A93
3BAB
3B90
BB3C
3B3E
3CA5
3C59
BB5D
3C28
3B3B
BC12
3B5E
BC1E
3BEF
BBDC
3BC5
BBBE
3A40
3B49
3C33
BC09
3C5B
BC95
BBAE
3CB8
BBCA
3C2B
BB33
3ADB
BBFB
39BB
3C1B
3B1B
3AF0
3C46
3BCA
BC7A
3C48
3CA4
3B7C
BC20
3C38
3C5F
3981
3C06
3A8B
BBB6
BBDE
3B76
BBE9
3C3F
BC1E
3C43
3B47
BC47
3C0D
BB55
BC13
BBD9
BC8C
BA87
BBAD
BBF1
BCAF
3AEB
3C1A
3920
3C3E
BB13
3C33
3B26
BAFD
3C9E
398A
BB97
3C25
3B66
3C46
BA70
BB01
BBDF
BB73
3A98
BC44
3BC2
BBDB
B9FD
BB17
3B3E
3C51
BC97
3BAA
3ADD
3BA1
3982
BBA4
3C63
BC84
3C04
3BC8
3B4D
BB2D
39D2
3C28
BC3F
3805
BB55
BBE6
BB37
3C0B
BA63
3C02
BC13
3BA1
BC0C
3BCE
3BA7
BC37
3B82
BB74
3B4C
3986
BB8F
3C30
3B29
BAAF
BC60
3BB6
39AA
3C75
3B3D
3B03
3C8E
BC4B
3C32
3C08
BC29
3C0E
3C3F
BB90
3C27
BB26
3C35
39A3
BBAC
3BEA
3AAF
3BAE
BA6B
BCCA
3BD4
3BA9
3B88
BC97
3BFA
BC86
3B6E
BB35
3B96
3A2A
BB89
BB3D
3BB9
BC5A
BCBC
BC2A
BBDE
BBA7
BC5E
BBDD
BB89
BBDC
BB2B
BC27
BBF7
BAF3
BB3B
BC99
3C14
BBEF
BB17
BC29
3CAE
3C20
BC46
BC34
BB1D
3C31
BC13
3C93
BB94
3CC6
BBFC
3ADD
3B3B
3930
3BF3
BBA4
BC04
B8AE
B5CD
3BF8
3C6A
3C4A
BC21
BBA5
BBE3
3BBD
3BE1
BBC7
BB63
BBDF
BB81
3BF8
3BEF
3B0F
BA84
BC3E
3CDD
B9FE
3BAE
BAB7
BB91
BC47
3BC9
3C98
BC81
3B6E
3BE6
BBFC
BC65
BC1D
3C9C
B8BB
BCE6
3A02
BBDD
BBCD
3BDB
BBB0
BCCC
3C44
BCB7
BC45
3D0D
BC0A
3C5D
BBDD
3B99
3B9B
3C11
3B08
3C24
BC56
BAE3
3B2A
3C2D
3B46
B926
BA72
BC2B
BC18
3C72
BB51
BBCE
BBA5
BB66
3C37
B940
BB78
BB83
BA26
3AEE
3BE3
3C08
BC8D
3BAD
BC96
3B4E
BC0F
3A06
BC9A
3BED
3C1D
BB8F
BC81
BB80
BC42
BC58
BB39
3CB1
BB65
BAE2
BC42
BC43
BBF1
BB78
BBE1
BB3C
BC2A
3C08
3B7F
3AD5
BBEC
3AE8
3B1F
BC36
BBD2
3B85
BC93
BC0D
BB7D
3B91
38E7
3C5B
3BAE
B75C
BA83
3C1C
BC60
BC63
3BAE
3C83
BBE3
BC2E
3C39
3C88
BC7D
BB26
3BA7
3BF3
BB0F
BB47
BB81
BB94
BC29
BB33
3B16
3C51
BB40
BBBF
BC4A
3C1E
BC73
3B08
3C3B
BA45
3BED
BCA7
BB61
3C83
3C4A
BAD7
3C3D
BC76
BC1B
BC9D
3C48
BC2A
3A31
3A1D
3BD1
BC9B
BB7A
3C6D
3CC8
3B1C
BB20
BC00
3C65
3C03
BBB8
BC3E
BC39
BB83
3B88
3C2E
BA5E
3BEC
39B3
BC9C
3C9D
BC61
BC40
3BD5
3C4E
BC93
3BC6
BC17
BCA1
3C65
BBC5
BC26
BA4E
3BCF
3BE1
3C81
3B81
BB3B
3C1B
3A22
BC9B
39A0
3BFA
3C1D
3BD2
BB72
3B25
BBAF
3C2A
3B82
BC8C
BB8C
3BEB
BCC0
BBCE
3C85
3B30
BC24
BAF4
3B6C
BBAE
B9E6
BBAE
BC65
BC91
3B94
BBA3
3BCF
3B36
BAE6
3ABF
BC70
BC63
3BCB
3BCD
3B27
BAEF
BB38
3AC3
BB49
3C12
BC5F
3A38
BB7B
3C86
BC3E
3C45
3B6E
BBDE
BC28
3B6B
3BD9
BB9E
BC03
BBF4
BBC4
BAD5
BB3F
BB39
3AEF
BBFB
BC44
BB21
3B9D
3C0E
3B5A
3C3E
3B28
3C22
BC64
BCC9
BBDF
BBCE
BB85
BC80
BC0C
BCB7
3C1C
3C85
BC39
3B8B
BC4F
BAC6
3BAA
BB57
3C87
BC26
BC82
3C46
3C09
BAAA
BC9B
3B97
BC16
392B
BBF4
BB8B
3C2C
BB7E
3C16
BC0B
BCB7
3B78
3C93
3CD7
3C67
3C79
BB34
BB52
BCE0
3CB9
3CB5
BB96
BBA7
3C15
3BF5
BC63
BC0C
BB8C
BC12
BC0D
3C09
BB71
BB5D
BC30
BC3F
3A8A
3BA5
BB64
3BBD
BC7E
BC37
BCD4
3C28
BC20
BBA0
BAD3
3BEB
BB88
3B22
3BB9
3AAB
3B4A
BBF9
3C63
3C49
BBED
3A85
BB93
BC8F
3A61
BBA7
3C87
BB8A
BC8F
BC9F
BB77
BC7D
BC6C
3C23
BBC0
BB0A
3B86
3B5E
BC35
BC43
BB6F
BBC6
3B75
3BB2
BC37
3BAF
3B29
3C74
3B52
BBBB
BCB2
BBA8
3B85
3ACE
BCB7
3BD0
3BAD
3BBD
BBBD
BC5E
BB47
BB0A
BC25
BBDC
BBB1
BC10
BC44
3C60
BB47
3BBF
BBC8
3C31
3AB1
BAE5
3B56
BA1C
BC04
BB88
3C29
3AEA
3CB4
3B8F
3B9A
BBA8
3B21
3C3D
BA27
BA09
3BEB
BC37
B998
3B0B
BC8B
BB57
BBCA
BB94
3B55
3C07
3BC2
3B9F
BB2F
3B1F
BC2D
BBBD
BAAD
BCE1
3C48
BB8B
BC76
B9F4
BC86
3C94
BC1D
BBD7
BC58
3B6F
BBFA
3BDF
BCB6
BBC1
3C10
3B95
BC91
3C53
BC6F
BB89
BC25
3CD4
BBA8
B994
3935
BB00
3AD0
BB1F
3AF8
3C23
BB26
BC7F
3A93
3C42
BC0F
BB71
BB26
3B3D
3C0D
3BD6
BA58
3C01
3A90
3C17
3B10
BC80
BA88
BBC6
398A
BC7B
3C96
3B87
3C9B
3A33
3BAD
B9CF
BB24
BB66
3C5E
3CB7
BB32
3C10
3C18
BA62
BCD4
3C39
3B82
BC11
3C76
BC31
3C28
3C3F
3C7A
BB1F
3C54
3C88
3C5D
3C62
BA15
3BBB
BBA7
BAF8
BBB7
BA98
BAE8
3C0E
BC6D
BC1C
3AF8
BC40
BC81
BBEA
3C0E
3C66
BC08
BC31
3CD3
3B06
BBFB
3C1D
BBE6
BC8D
3867
BB95
3957
BC4F
3C09
BA40
BB41
3BBE
BCA2
BB90
3AE0
3C92
BAA2
BC71
BAA6
BB90
BA99
BA7E
BBBB
3C78
3BDE
BC1F
3BC9
BA83
BBDC
3C87
3BDA
BA77
3AFD
3C42
3C3B
BC3D
BC0B
BA63
3B2B
BAFE
BC45
BC69
BB5E
3B03
3B9F
3BE7
BB38
3C5F
BA89
BC7E
BBD2
3BCB
BC51
BC4B
3CBC
3B8A
BB7B
3BED
3BC0
3C62
3B96
3C68
BC61
3A45
3C0C
BAB5
3B91
BB96
3B86
BC59
BA76
BC52
BC28
BC62
3BC2
39D9
BC29
BC04
3B85
3B47
BB40
BC07
3C61
3A02
BC9F
BB84
BBAE
3BD4
3B8D
3B3D
BB62
BC50
3CDE
3BE7
BC34
3C3A
3B7B
3CC9
BC8C
BB2B
3BF2
BC09
BBE4
BC7F
3C16
BB3A
BBC1
3B9C
3B83
3C79
3C44
3C38
BC3A
3B4A
BBD3
BB87
BCF6
3887
BC05
BBFB
BBDF
BCAC
BBAF
3C35
BA52
BA95
3A8A
BB83
3BD2
3B78
3C28
3C11
BC1E
3C75
3B94
3BD5
BC09
3A89
3BB8
BAB4
BC33
BC87
3AEE
BA07
BBB1
3C52
3C39
3B30
3B7C
3B6D
3C58
3C81
3C74
BC1E
3B1E
3ACA
BBF6
B984
BBA8
BB24
3C44
3C0E
3C1D
3B88
3976
BBEC
3B09
BC52
BB5F
BB3C
BBB8
3C49
3C47
3B55
3B9C
BC3F
3905
3C86
38AD
3C93
3BBF
BBEA
BB5D
BBEB
BCFB
3C1F
3C3C
BC9E
3AAF
BC9B
BC25
BC01
BC34
3C0B
BBFF
BC35
3C78
3AA8
3C64
BC91
BB44
3C3A
3CC8
3BE2
3B95
BB87
3977
BC49
3C15
3BA2
BBC5
3C16
3CB1
BB58
BB80
BC64
BBC3
3C84
3C58
3B90
BADB
3B72
3B64
BBFC
3BA3
BB8F
3C2C
3BF8
BB45
BBC4
3B03
BB59
3CA6
3BB1
BBF1
3CA6
3C12
BC13
3C7E
BAA9
BC28
BCAD
3C6F
3C78
B9D2
BCA4
3BAE
39A6
3C6C
3B7C
BBA0
3BC2
BA42
BB47
3BD5
BC81
3BEF
3B51
BC6E
3A22
BBA7
BCAF
3C0B
BC24
3C49
39B7
BC33
BBF4
3C8F
3C73
3BFC
B693
BC33
BC31
BABC
3C35
BC76
BBA8
BB9E
BC4C
3B36
3C58
BC33
BC23
BB23
3C2A
3C89
3B47
BC0D
3950
3BC1
BBB6
BB3B
3B38
3B1F
3C92
3C91
BA14
BB0F
BBDC
3AFD
BBFC
BC6C
BC09
BCAE
BD09
BC25
BBFF
3A45
3B39
BC4A
3C13
3BBE
39D9
BC2C
3C94
BBBF
BCAB
3C98
BB9B
3C78
3B2E
3B9C
BBB5
BC39
BBB8
BC20
BB64
BC12
BB95
BAB1
3C33
3B9D
3C81
3B4C
3B53
3BBE
3A87
BC03
BB63
BC23
3B17
3C10
3BAF
3C3A
3C03
3C47
BC20
BBA2
3B90
BA3F
BC06
3BD8
3B83
BCE4
3B7E
BBB8
3AF8
3BC7
3B7C
BC25
BB67
3C09
3B8C
BB9F
BB1B
BB39
3B8C
BC17
BAE2
3C27
BB9B
3C18
BC50
BC0F
BBC1
3AC6
39DE
3A76
BA87
3C42
BC9A
BB01
3B2B
3B50
BB64
BB98
3C7B
B91D
3C47
BC18
BC2E
3C6D
BC96
BB10
BB0C
3BF0
BACE
3C24
BC00
BC1A
3BF1
BB92
BC17
3BFA
BBDA
3C68
3C91
BBCA
3BBC
3C5F
BCBB
BAD0
BC87
3972
3BF1
BC2E
BBB9
3CB5
3C1E
BBAD
BC28
BB0D
3C12
BB40
BC53
3A47
3A0F
BC9A
BC0B
3BB9
3BB1
BC2A
3BF7
BB23
BA9E
BCC5
BB1D
BB8C
BB7E
BC0C
3BC1
B9D2
BC05
3B9D
3B65
3B9F
3BB0
3C23
BCDC
3CA6
3BC9
BCA5
3C9D
3A9E
BC1F
3A0D
BC50
BC79
3B0D
3C24
BBB8
BC2E
3C04
3B48
BA72
3A2E
3C51
BC07
3BB1
3BFA
3BD6
3CAD
BC8C
3A45
BCBE
BC34
3A2E
BC55
3987
3B13
3B3C
BAB2
3C31
3C61
BC19
3BDD
3CD8
BC5D
BA1B
BAB7
3BF6
3B89
3C4C
3C57
3C44
3C13
BB5C
BB2B
3B77
3C6F
BBE5
BABB
B786
BB29
3BC9
BAFA
3C97
BBFD
3AB9
BC36
3BC8
BC44
BC75
BC88
BB43
3BAB
3C54
3C17
BA90
BC41
3CB1
BBE7
BB07
BBBF
BA08
BA23
3C23
BC4E
3B1E
BBF6
BCB0
BBF3
3AB1
BC91
BCAA
3B34
3B87
BBC0
3CDA
3BEE
BB5E
BA09
3B1C
3B8C
BBCC
3A3D
3AC1
3AA1
BB8D
3B28
3A1C
3ACB
3C43
3C56
BC7B
BACB
3C0A
3C83
BC3A
3AFA
3C88
3A51
39CA
3C18
3C82
3B58
BBEC
3C6A
3987
BC86
BBB7
BAEA
BC30
BCB6
3C40
BC7C
3C45
BBC0
3A22
BC44
BB31
BB99
3BF4
BBE4
BC1A
BC9F
3C3D
BC02
BB7B
3AEB
3B39
BA8B
3BC6
3A41
BAD1
BC1D
BC88
3AA9
BC95
3BC4
3985
BC54
B82D
3B27
3B16
BC39
3C25
3BF7
BC22
BB0D
BBAA
BC0B
BCAC
BAD4
3C3B
3C82
3D01
BC53
BCC0
BC40
3BA1
BA9C
3C5B
3B26
3986
3BE8
3B18
3B1A
3B8C
39E2
BBE0
BB72
BC63
3B49
3B46
BC81
3B98
BB3C
BC1C
3B9B
BC32
BC3D
BB31
BC24
3B2D
BBEB
3A94
3ADB
3CCD
3C37
3C2C
3BE5
3B22
BB1E
3B49
BB9A
3BF0
BB03
3C0C
3C33
3A04
3A97
3B5E
BCD7
BC27
3B43
3C59
3B76
3BA2
BB75
3C8C
3C33
3C1A
BBC6
BAAC
BB67
3B65
BBA2
BC85
3C6B
3C79
B947
BBCD
3C12
BA43
3B64
B999
BBAD
BAFB
3BD2
3B1D
3B24
3BCF
3C47
3AB6
3C24
BB01
3C04
BB3B
3C32
3B5E
3C04
3AE7
3B60
3C6C
BCA2
3C92
3B9D
3C28
BC89
3BFC
3CBD
BC9E
3BE4
BC58
3B1D
3B19
BBED
BC8A
BC18
3C52
3BFC
BAAA
BC90
BC2F
BC20
BCE2
3C53
BB71
3B60
3B35
3B94
3C4E
BBEF
BC96
BBFE
3B55
BC08
3BCE
BBE4
BC52
BB84
BB83
3C91
B988
BC35
3C15
3C74
3B91
3BE4
BC7E
BC53
BB8F
BC91
3BF0
3C69
BC35
3BAA
BC43
BC2B
BBE1
3C11
BC34
3B1D
3C2D
BC65
BBAF
BC8E
3AED
3C62
3C56
3BFC
3B34
BBC9
BBE4
BC60
BC2A
BC74
BBB2
BBB1
BA8D
3BF9
BCBB
3B03
3B05
BC01
BBAA
BB09
BC5A
3B80
BA20
3C23
BC96
BC82
3AA4
BAFB
BBE6
BC87
3BCA
3C3C
BC24
3C85
BB9C
BBA2
BBA9
3BCC
3BD7
BAC8
BC27
BC6C
BB8A
BAE9
3C1E
3C15
BB06
3C9C
3C5E
3C81
3B83
3A8C
3B22
3BF9
BBF9
3B81
BC54
BA98
BB84
3C72
3AAA
BC4E
3CB0
BAAD
3B01
3BAD
3B86
BC2F
3C89
3C15
3B83
3C97
3BD1
BC45
3C51
3BDD
BC59
3ADB
3C28
BB9F
B840
BB2E
BBFA
3B79
BC6D
BB8E
BC53
BC69
BB68
3A00
BC25
BBB2
3BF5
3BCC
BB96
3B72
3A90
3C40
3A7F
3BD0
BB21
BC05
BBC9
3C27
3B5F
3B78
B9CE
3B30
38EB
3ADA
BB65
3A2C
BBB2
BC0F
3B19
BAC7
3C91
3B84
3BB7
3BFB
3B62
3BCA
BADC
BA1D
B7BD
BB90
BBEB
3BB6
399A
3BAD
BBB9
3C2F
3B16
3C1E
BC17
3B44
3C63
3956
B8E5
3C23
3A4E
BBD2
3CD1
3B96
3B0B
BC3B
BC28
3C4E
3BE6
BB82
3C56
BBFC
BC7B
3C68
BC05
3C3F
BBC4
BB8C
3BD5
3B19
BBB2
BBD6
BC82
3C57
BC65
BB32
BB6A
3C47
BC04
3B42
BB71
BB63
BB93
3C25
3BDC
3C95
BC3D
BC94
3C11
BB95
BBEF
BAD3
BBCA
BB02
BBF3
3C0B
BBB3
BAFA
BC33
3BE7
BC1A
BB98
3B91
B8D6
BB40
3C47
BBBD
3C21
3AB5
3BA5
BC17
3CCB
3C91
3C8B
3BB9
BC3F
BBDD
3BAB
BBBD
BC3C
3C8B
3CB4
3BE1
3C48
3BF3
3C0D
3C61
3973
386A
BBAB
3C32
3AD0
BB9C
BC89
BBF2
3A05
3BAC
BBE6
3C00
3C7E
BB50
3C9A
BB9A
3C09
3C57
3C13
3C81
3BD7
BBBF
BAB3
BC7D
3C25
BCAF
BC37
BC73
3C35
BB2C
BC11
3BEF
BC2D
3C33
BB9D
3BA4
BC19
3989
3B91
3B12
3BBD
3C75
BC6A
BBCA
BC16
BA4E
3978
3BA7
BB87
3C23
3C69
3B44
3C19
BC8B
3B0A
3BA7
BB9A
BA6E
BA1A
3C22
BBC4
3BC1
BCB2
BB56
BC66
BC3E
BBBC
3BB7
BCE3
BBD9
3A32
3B8D
3B34
3C43
BA6E
3C28
BC32
BB0D
3C14
BA83
3C60
3B74
3C0C
3C65
3C78
396F
3C9E
BBC8
3A51
BC21
3AAD
3BD1
BC87
BC1E
BB58
BBA2
BC90
3AAC
BBCE
BA22
3C41
3B9A
3C76
BBE2
3C32
BC86
3BFC
BBD6
3ACD
BB76
3CD7
3BEA
3C96
3C72
BC6A
BC0C
3C68
BB9B
BAA4
3C03
BA6C
BC2B
3B3F
BA0D
BBC1
3AB4
BC1A
3BE5
3B89
BAA0
387C
BC19
3BE2
BC98
BB6D
3BCE
3C1E
3B21
BC5B
BC26
3C55
3BFB
3B59
BBB6
BC14
BABF
3C28
BAD0
3BB2
3AB9
3B0E
3C75
3BA8
3BBA
3B42
3C4A
BBA1
3BFD
BBCC
3B92
BB85
BBF7
3B2D
BAF7
BACF
BB85
3B2D
3C6A
BBFC
BC22
3C0D
3C5E
BC81
3C8B
BB9E
3B26
3B60
3AAF
BC24
3BDB
BBCE
3C12
3A8F
BB71
BB3E
398B
BC48
BB80
BC46
BB46
3C7F
3C17
3C1A
3C34
BAB8
BC4B
BD05
3BE1
BC5D
3AEE
BADF
BC2C
3C26
BBC5
3BC9
3AA3
BBC3
BC3A
3BE4
3C97
BB50
BC25
3A1F
BC2D
3A92
3BD8
BB31
3B4D
BC87
BBEF
3C39
BC8D
B9CC
3B7E
3C1D
3D1E
BC30
BC1F
3B24
B66A
3C85
3B1C
BCC8
3C14
3C11
BC5E
3C6F
3AEF
BC8C
3CC4
BC43
BC83
BC01
BB80
BC7A
BC1B
BB44
3C40
3B17
BC7E
3C19
3B5F
BB36
BBD1
3C0D
3B83
BC19
3BBF
BC21
3BF5
BB63
BA8D
BB8D
BB6D
3C32
BBE0
3C21
BC25
3C27
3BF6
3C30
BC76
BC82
3C74
BB2D
BC3E
BC5A
BB89
3B59
BA47
BB9C
BC26
3B46
B8EF
3B59
BBF9
3A52
3AB8
BB19
BC23
3B4C
3C77
BB84
3B28
3C24
BB65
BB8C
BBBC
3BCE
BBED
3BBA
BC76
BC4D
3AD7
BB89
BB96
3C2D
3C8B
BC30
BAE8
3B86
BC35
38BE
BBC8
BBA9
3AB8
3B92
BB32
BB64
3C93
3B6F
BC57
BBC8
BC72
3CAB
BC35
3C05
BA9D
3BB0
3BF4
BB6D
3B0C
3A21
3B07
BA9B
3C56
3BF1
3BAA
BB1A
BB1A
BC7A
3B06
BB04
3C12
3C06
BB26
BC6E
3B78
BC96
BBA9
3BBE
3BFC
3C15
3B36
3ADA
BC03
BC33
BBAD
3B17
BC87
3C57
3BA2
3B9C
BBC9
BB7C
3C6C
BB8C
3B43
BC20
BBFC
3BB2
3B9F
BAC7
B9E4
3ADF
B9F5
BC52
BA65
3C7F
3BD5
39CD
BB77
BC9A
3C10
3BF8
3A7A
3C4E
3B93
BC87
3A50
BB6E
BC9D
BC26
3B9E
3BF9
BB67
BBD0
BBCC
BA6C
3C5C
3BA7
BC1F
3C6B
BC71
3ADD
3C58
3C8A
3C44
3ABD
BC05
BB25
BC68
3B1E
3C5B
BC7D
3AEA
BBC0
BC77
BBFC
3BA0
BBCA
BBAE
BB93
BC88
BC10
3C59
BC45
3C52
3BBF
BBE5
3B79
3C5F
3BC0
3BD3
B7DE
BB13
BC6E
BC9B
3C12
BCB2
BC44
3BD7
3ABF
BC1B
BA82
BB73
B9A8
3BBA
BA3B
BB64
3C5D
BB6B
3BE0
BC6A
BBB4
3BD5
BB00
3AFC
39A9
3C2F
BC01
3C7B
3C1B
3B1F
BB96
3AB8
BBB6
3C4B
3BB4
3B24
3B82
BC49
BCA1
BAA2
3BA8
3B18
3BEA
3B90
3C43
3A85
3C65
BB5C
3BB3
3AF3
BC66
B99C
3A30
BB89
3C00
BC42
BB95
3AA5
BC54
BBBD
3B3D
BB34
BC96
3C88
BBB6
3BDE
BB75
BC53
3C2A
3C17
3BB5
BA9F
BA05
BB91
BC0F
BAA5
BC18
3C47
3BE9
BB87
BC6B
3AAD
3B3A
BBB7
3B4A
3B14
BB4F
3B17
3C82
BC17
BA85
BB91
BC1F
3BF6
3C80
B982
3C32
3C76
BB04
BB4B
BBCD
3B25
BBC9
BBA4
3CAC
3BDC
BB1C
BC79
3C44
BB7E
3CAF
BC15
BBD9
BC47
3976
BB26
3B1D
3CB9
BBD1
3C85
BBA7
BC1D
BC3E
BB8D
BB9D
BC3B
39B5
3B1B
3B8E
BBA9
BAE9
3A9D
BB3F
BC5F
3C75
3C7C
3C0A
3BE3
3CAC
BBEC
BB03
BB56
BB34
B9A5
3B3A
3B42
BAA5
BC9D
BC20
BAC0
BC59
BB82
BC28
BC7E
BC92
3C49
3B89
3C54
BC70
3A73
3C60
3B69
BBD8
BB82
B765
3C4C
BC04
BB9A
BB87
BC8D
BB40
3C44
BB93
3C3A
3C10
BC89
BC6F
BBF1
BC0B
BBF8
3C39
BC67
3B77
BC3C
BC34
3BC8
BC73
3A8F
3BC6
BB2C
BB95
3B92
3975
BC0B
3C0B
BA41
3C38
BBDA
BC44
BB92
BBE1
BB19
BB08
3BDD
3C9F
3C18
BB8A
BBCC
BB20
BC00
BB4A
3B62
B98A
3C34
BBB8
BC00
BABD
3C93
3AFE
3AB3
BAC8
BC56
3BD9
3AA3
BB60
3C86
BC4D
BC69
BA30
BBAA
BB86
BBBE
3BB0
BBED
BC43
3BB8
3C45
3BD2
BA1A
BB19
3C29
BC9C
3B47
3C1D
BC8C
3ACA
3C20
BB0C
BC08
BBC8
BC52
3A88
BC29
3BE3
3B6A
3B84
BC2C
BB0F
3AA0
3C0A
3C0A
BADE
3A2D
3BCD
BA0B
BB86
BC58
3BB9
BBF2
3BBF
BB8C
BB3D
3B95
BBB9
3C22
3B97
3BAC
BC4E
BC20
BA37
BC6A
3AD8
3B84
3BF7
3A8E
BC5B
BC5B
3BC1
BC1B
3BD8
BB60
3BB6
3C20
3C31
BBD7
3BD2
3B99
3B1C
BB25
BB57
3C96
BCC3
BCC6
3BD5
3BC1
BC17
3B64
3B8E
BA42
BBC0
3BF6
BCA6
BB12
BB74
BB94
3C8A
BB75
BC01
BB00
BC23
BC10
3B83
BB36
BC62
BBBF
BB96
3B94
3C50
BC45
BB45
3C84
3C1E
3BD1
3C07
3C55
BC6F
3ABE
BC8A
BA17
BBE5
BBA8
3C4E
BC41
3C5C
BC87
BB2C
3C17
BD05
BC92
BBFF
BC0E
3C4C
3C94
BB68
BB85
BC48
3BF4
3C1C
3BE5
3CD4
B9E2
3C24
BC89
3C2D
3C63
BC18
BB72
BC05
BC0F
3C2E
BB98
3C09
3C51
3B5C
3B91
BB2D
3B77
BC05
3B72
BCAA
BC2C
BAE2
BC6F
BC15
3C28
3B84
3B98
3BFB
3C10
3C1F
3B24
BC79
BAB8
3B17
3C2E
BB9D
BC03
BCB4
BC3C
BC4D
3C94
3C84
BBD3
BB15
3C81
BC81
3BA3
BB68
3C02
3BEB
BBB0
BB4B
BBCE
3BD4
BC83
3C02
3C87
BBE9
3AB0
3C09
3C30
3C4E
3C05
3C0D
BC14
BB73
3B62
BC15
BBE3
BC9A
3C6C
BC3B
3A5A
3BDB
BBAE
B8C5
BB91
3C6E
BC1F
BC36
BB9E
3C2D
BC25
3BE3
BC0D
BC24
BC9D
3C02
BC3C
3A93
BC80
BC0D
3C6F
3A90
3C64
BBBF
3C57
3B08
3C14
3C41
3BBE
BB50
3B93
BC15
3990
3B88
BC29
BBDE
3C67
BB53
3C46
3C03
3C2F
3C96
BB88
3B12
3C0B
3AAA
BAA3
B8D6
3C30
3B46
3AB4
BBC6
BC01
3C8B
3C4C
3AF8
3BA4
3BFA
BBD3
BC87
3C67
3C2A
BC44
3C1F
3C41
3BFC
BC2A
BBF5
BB06
3B87
3C95
BADD
BC24
BAFB
BC22
3B8A
BB84
3C1E
3BC7
3C15
BC1C
BC8D
BB01
3B21
BC1E
BC1E
3B54
BC3B
3C82
3C5A
3B0F
BAB3
3BC8
3C19
3C32
BA28
BA95
3C84
3970
3B98
3BCE
3C56
BC8E
3CE9
3AEC
BC2E
3B2B
BC97
BB8E
BC83
3BD2
BB43
BC90
3B38
3AD3
3BE2
BBB9
3B22
BCCB
3C0C
3C2A
3B84
3C7E
3C8D
BAC4
BB87
3C49
3B1F
3B7B
BB17
BB35
BAEC
BC3F
3B45
BB2C
3B6F
BAF1
BB0E
BC63
BBF7
3B5C
BC89
3B94
3CCA
3B24
3B3C
BA1D
BC43
3B9E
3C2C
BBA8
BCA5
BB55
3C04
3CA6
3B0B
3B8B
BC5B
BC57
3C6B
BAFF
BB43
BC22
3C60
3CA8
3C5F
BB86
3C52
BB0D
BC24
BBBA
BCFE
3B72
BA71
BBA3
BC25
3C29
3C09
BC2B
3BCC
BAD4
3C3C
3BDE
BC35
BC61
BCA2
3B9D
BA7C
3B28
BC56
BC60
BCBE
BC2D
3C0E
BC78
3A1C
BCC1
BBAF
BC2B
3BC9
3C76
3953
3C2D
3C3C
3ADF
3A4D
BC5D
BC00
BC01
3C38
3BED
BC87
BA99
3CDB
BC0E
BB45
3C58
BB82
BC4B
BBBB
BB86
B9E4
BC09
3C1A
BB4A
3BAC
3BED
BA83
3C3C
BBBD
BC45
3B91
BAF5
BB2B
BB98
BBFD
BC0D
BB96
3B9B
3C05
3B83
3C15
BC38
BBA0
3B3B
3BAA
BB84
3C1C
BC31
BCC0
3B8E
BBB6
3BA3
3BED
BA0F
BBE3
BBFF
BCE6
BC80
3AE2
BCDA
397E
3BBD
3CCD
3CAD
3CAF
3C0B
BC23
BC7B
3B95
3BF9
BC07
BC6C
BB86
3BA1
3C58
BA54
BC07
3C5D
3C16
3B5E
3A41
3C73
B918
BBCF
BAEF
3BB2
BABB
39DC
BC0D
BC1B
BB59
BB53
3C8C
BB3B
3AA4
BC31
3C6A
3C77
3B5B
3B2B
3C9D
BCA5
BC22
BC6F
BC60
BC96
BC7F
3B37
3C53
3AD3
3CEF
BBA1
3C53
BBF7
3C90
3C54
BC01
BB16
3C5D
BC24
3B68
BC21
BBEF
3C7E
BB46
BB70
BAEF
3C9B
BC1D
BBEE
3C37
3BD5
3C36
3C28
BA51
3C45
3BAD
3C4F
3C41
3BD9
BB02
3AAE
BAD8
BC04
3B9F
3C98
BC49
BC2B
BC85
3D06
BBC5
3A63
3B9B
3C8E
3B1B
BC44
BBCA
BC0C
3C21
3BAC
BA82
3B10
BB56
3BAE
3B89
3B8E
BBA9
BC36
3C47
BC74
3C2B
3C2D
BAAB
BB20
3B37
BC77
3C50
BC34
3CA4
3A3F
BBF9
BA19
3B3E
BC17
BC20
3BD2
3C87
BC08
3BF4
3ABD
BA51
BC23
3A24
3BDA
BC9C
BC81
BC9B
3C12
3C37
3C07
3C93
BA38
BC6D
3B79
BC1C
3B2C
3C40
BB88
3B75
3C18
BB21
3C52
3C3B
3C1A
BC83
BBE4
3981
3C29
BC59
BC88
BBDD
BCB2
3C94
BC00
3C37
3B3E
BB53
3C2A
BAC8
3A7D
BB4C
BBAC
3BB0
3BCC
3C81
3CA6
BAF1
3C3B
BBCF
3B82
BAD0
BC34
BB7C
BC1E
3C9D
3C47
3D0E
BB2B
BC3E
BB86
3B38
BA4F
3A25
BC22
3B8F
3C36
3C9A
BB05
3B86
3C71
3C2E
BB70
3C05
BBA2
3AD1
BC64
3C15
39F7
BC8F
BB10
3B5B
3B6A
39BE
BC66
3C0F
BC85
3A3B
BBA3
3C2D
BAE3
BCAD
BBCD
3BF3
3C06
3C12
BBEA
B918
3B99
BBDB
BCAC
B9F8
3A77
BC0D
3C89
BC06
3B92
3B9B
BC1B
BA2B
3B64
3C01
BC9F
3A74
3A82
3C40
3C0C
BAD9
BB95
BC3C
3C2A
BA18
3B68
BBB0
3C19
3C4E
3C44
BC2A
3CC1
3C7F
BB5D
BC8B
3C12
3BF7
3B94
BBC2
BC2B
BB54
BC58
BC13
BC06
BB18
BBFF
3C15
3B39
3BC6
3BB2
BBB1
3B6C
BC99
3B9F
BC86
B9E0
BC29
BC49
BC36
B9AC
3C34
BC22
3BEE
BB98
BCA7
BB33
BABB
3C99
3B9A
3BEB
BC59
3C0A
BBC7
BC7A
3C83
BB13
BC1B
3CE2
BC15
38D3
3C27
3C07
3C11
BBBB
3B35
3C4B
BC4F
3C88
BC2B
3C2B
B880
BBA8
3C13
3A11
38F8
BC03
BA46
BBAB
3C3D
3CA4
BC90
3B61
3B82
3B80
3C79
3A8B
BB0B
3C61
BC1C
B8FD
3C65
BC29
3C3B
BAB4
BB5C
3C09
BC18
BC63
BB44
39AC
BC30
BBA1
BBE1
3C04
3C79
BC6E
3BB4
BA71
BB8E
3B20
3B32
BC69
3BA3
BBE9
BB05
BB9C
3C27
3C08
3C33
BC4E
BB06
BC87
3BD1
BB49
3A0B
BC82
3B92
BB88
3B90
BC1D
BBEC
BBD6
3BB8
3B7B
3B7D
BBC2
BBFE
3C58
BB02
3B79
BBAE
BC81
BC67
BBE8
3BF8
3BB4
3B8E
B8E9
BC2F
BABA
BBE6
3C53
3C66
BC51
3AC5
BC01
3A36
BC52
BC40
39F5
BA69
BA0C
BB15
BBBC
BB09
BB92
BAAF
BC09
3A9C
BC08
3C7B
BC07
BB1E
3912
3C4B
BC9F
3BB6
BAF1
3C9B
BC03
3A79
BC73
3B11
3C42
BB8F
BC8B
BC15
BBB6
3B31
3CA9
BB1E
B9CA
3C5A
3C01
3B95
3A15
3BAB
3B48
BBE1
3BA7
BACE
3BDF
3C21
3C5A
BC1F
BB9C
39A8
BC02
3C0E
BBF6
BB8F
3BEC
BC95
3C27
BC7A
BC39
BBBC
BB0C
3C4A
3C63
3C16
BBA1
3A81
BBFA
BA7C
BC49
3C86
BC2A
BBC2
BBF1
BAFD
3AB0
BB89
BC64
BBD2
3B9B
3A98
3BD4
3B97
3C93
BC49
3C08
3A47
BB33
3C82
BB9E
BC9C
BBDC
3C0C
3C84
BB3E
3C9B
BC32
BBB6
BBC7
3C96
3BBE
BB4B
3C45
B8BB
3BF0
BC2B
B90B
3BF2
3C0B
3B32
B991
B813
BB80
3BD0
BB8D
BB40
3B72
3C4F
BBC4
3CAC
3BBA
BC9A
BC04
BC93
BC02
3C38
BCD9
BB15
3C42
BB04
BC78
3B9D
BB14
BB1D
BC31
BA81
BAC3
3BCD
3A9C
3BF4
3ADF
BC92
3C95
BAB2
BC25
3B91
BBBA
3C3D
3BFA
BC31
3C62
BC9B
3BAF
3BD3
3BEA
BBD2
BAA1
BB36
3BC4
3B91
BC8B
B99B
BBF0
BB97
3B3F
BBD6
3C8F
3B40
BC1B
BA8A
BB52
BC01
3BFA
BBAA
BBB2
3B1E
BC91
BCAB
BACB
3C63
3BA2
3C8D
39F4
BC97
3C2A
BA5C
BC16
BB66
BB6A
3B70
BC55
BC2A
3930
BC5E
3BC3
BBE1
3BB3
BBEE
BA4D
3B80
3C72
3C0E
3BD2
3BC0
BB97
BCFF
3C45
BC48
3AFA
3B4F
3A34
BC2C
BC37
BCBB
BBDC
BC20
3BDE
3A9E
3A5C
3AFF
3C83
3C35
3B81
3B73
3A8A
3B2F
BB80
BBFD
BA70
3C72
BC04
3BC7
B9C1
BB3C
BC4F
3CC4
BB78
BC0F
3AD8
3CA6
BB78
BC29
BBDD
3C4A
3BE4
BA4B
3B79
BCA3
3C8A
3A66
BC0D
3CF8
BB8B
BC18
3B71
3BDA
BB14
BCE1
3C8F
3BAE
3C65
3B17
3C61
BA16
BB28
3C1C
BBA7
BC07
BC9B
BBC5
BBA1
BBD4
BC4C
BA93
3AB8
BB05
3C68
3C5C
BAFD
3BFE
3C03
3B3F
3C84
BC0B
BC82
BAA4
BACC
3B8D
BCA3
3CAA
3ADE
3BAA
3C41
BC8F
BCB1
3BE3
3C1E
3B41
BA58
BC23
3BFC
3B72
3C91
3C08
BB30
3BA6
3C82
BBA7
3B3E
3BB3
3C1F
3BC0
BBB7
3BD7
BCD0
3C97
BB92
BCDD
3AFB
3BFD
BCBE
BBF0
3B88
3C83
3BCD
3C41
BAC8
3C8B
BB36
394B
BB65
BB37
3BF7
B9E2
3B84
3BEC
BC80
BBC8
3B8B
B982
BC4E
3C47
3BE9
3BF0
3CA7
BC30
39E4
BB2E
39EF
BC7A
BB0F
BA7B
3B9B
BC06
BB54
B921
BA42
BC95
3C2A
3C84
BB91
3B19
3B50
3BE5
BB98
3C5E
BB30
BB3D
3B8C
BB99
BBBC
3B9D
BC34
BC15
3B99
BBBB
3BD9
BBF4
3C4E
B9B1
BBAC
BB5F
BB4C
BC01
3B4C
3B9B
BB35
BB10
BC02
BCBC
BB90
BCE5
3C23
3AE2
3953
3BC4
BBBB
3C0F
3C45
BBBC
BBFF
3C29
3C51
BB81
BBC0
BB83
3C0A
BB83
BAAC
BB61
BC24
BBA2
BBE6
3C85
3BA8
3BDF
BC53
3C99
BC5D
BB9C
BC10
BBBB
BC39
BB76
3CB0
3AFD
BC4C
BC39
BA7A
3B4D
3AF2
3B08
BC38
3C3D
3C85
3B85
3BF2
3C59
BB79
BBFE
BB96
BC4A
3C9F
3A48
3AC9
BC50
3B2E
3C85
BBC5
BBE0
3C65
3ACD
3B87
BB81
3BA2
3C9E
BC5E
BB58
3C0C
BC40
3C11
3B0A
3BC9
3C82
BC47
3841
3C54
BC43
BC0E
BB64
BCAF
BB86
BB0B
BBC7
BBA8
3C13
3BC8
3C9F
3A9D
3BA9
BB81
39DB
BBCB
BB6F
3CB0
3C92
BBC4
3BAC
BBF1
3C4B
BAE6
3B27
3BF4
38DB
3C01
39CF
3BF5
BB09
BC3F
BC86
3A19
3BA3
3C23
3BF0
BC4B
B990
3BD2
3BC0
BC04
BC9D
3B81
BBEB
BBE1
3C91
3B3A
BCEC
BC0B
3ACC
BC10
3CAA
3A52
BC2C
BC71
BADB
BBF0
BBBF
3BE3
3BAF
3B62
3CAF
3CA9
3C10
3C84
BBCB
3C5F
BB60
BC03
3CD6
BBF6
3AE7
BCA0
3C6D
3C3F
BAC5
3BB8
BB6E
BC56
BC5F
3B27
BB33
BC55
3B94
3CD7
BCC4
BCA1
BC81
3C05
3B7A
BC1A
3A5C
BC85
3BD2
3C97
36A3
BC36
3C18
3A83
3C4A
BC9C
3A5D
B81C
3B3E
BC5A
BB8E
BBD4
3AC3
3C30
BCA0
3BF9
BC22
3C32
3BAE
BA8A
B8D1
3C13
BA9A
3B89
BBF4
3B25
3B5E
3C84
3C16
BB0B
3C5D
3B60
BBA7
3BBD
B98B
3AB6
BBC6
3CCF
BB6F
3705
BC31
BB8F
BB15
3B13
3C05
3BA3
3C31
BC04
BBA8
3C2B
3CCC
3B07
3C30
3B92
BC0B
BC3A
3ABD
3913
3B78
BBE4
3AA7
3C0A
3859
BC39
BD1A
BAA4
BBC9
3D13
3C39
3B89
BBDA
3C01
3C30
BB21
3C4D
BC1B
3BD3
BC78
3C7F
3B3F
3BE4
BC12
3C57
3C0A
BC80
3BAF
BBB4
3C6B
3A47
3BFF
3C3C
BB0A
3C23
3B17
BC39
3C34
3CB3
BBEC
3C47
BA83
BBA4
3B26
3B88
3B84
3C6F
BCFF
BCA4
BB74
BC88
3A04
3C2D
3BC1
3BCC
BBFE
3BD6
BC29
BBA4
3BC3
3C7F
BB03
BB61
BB92
BBBF
3C57
BB0A
BB16
3ABD
3BC5
3C23
BC94
B721
3A6A
3C23
BBEC
3A55
3C23
BC02
3C53
BC74
BC76
BC37
BC18
BB0E
3CE3
3B87
BBA0
3C87
BB34
BC9D
3CA7
BA32
BC25
3BAD
BC6D
3AF7
3B6B
3C81
B9B9
BC1F
BAC5
BBCB
BBC3
BB4C
BC47
3C0F
BC2C
3B31
BBE4
3C35
BB48
BBED
BC90
3C80
3B7D
B9BF
3AA0
BC31
BAAF
3AF3
3C22
BBD3
3990
3BA8
3C24
B8F7
BC13
3CC6
3AD0
3BF9
3CEF
BB19
3B4D
BC6A
3B33
3C32
3BBC
BCAF
BCBA
BB8F
BAF2
BC8A
3B28
BAEC
BBF7
BBD1
3BC7
3C7A
3BF5
BBC3
3C18
BB84
39FF
3C3D
BB59
BBDB
BC36
BB57
BC1E
BB08
BBEC
BBE0
3B0F
3A0F
3C4D
3C5E
3C03
BB03
3BE4
BC2B
3B75
BC3C
BC15
3BE9
BCAF
3C75
3BCC
3B83
BC0A
BC4A
BB05
BA44
BC69
BCAE
3C43
3ABE
BC4C
3C24
BC41
3C10
3C00
3D0D
BBCC
3C39
3AB7
BB00
BB86
3BA8
BC09
BB14
BB92
3AFE
BB0F
3C35
3AB5
3B9C
BC99
BC70
BB80
BC87
B9C9
3B5B
3B86
BC65
3BF9
BA5C
3BA2
3B0B
3C67
BC18
3C65
3BA7
BBDA
BC88
BBAA
3CD9
BC08
BB97
BCD8
3BFD
BBB2
3BD7
3BC1
3B9B
3AF0
BAE4
BC06
3C20
BC92
BC46
BB28
BB1B
3B08
3CB8
BC30
BC01
3B8E
3C1E
3B6C
3C08
3BA6
BCCD
B961
BBCC
BC8F
3B53
3C41
3C80
BA92
BA6C
3B11
BAA7
BC68
BABC
3C53
3BF9
392F
BBD0
3CA1
3A12
3B8C
3C28
3C63
3CD7
BC5A
3C3D
3B48
3CC3
3BEC
BC1A
BC08
BC5D
3BCB
BB21
3A8B
3C3F
3B6D
3C40
3CA5
BB7F
3C4B
BC2C
BC6D
3BD8
BC8C
3A09
BBBA
3B9E
3BE5
3C05
3C10
3CF8
3C0D
BB6A
BC4D
BC65
3B44
BB94
3C33
BC4D
BAB0
BAC5
BC46
3BF7
3B62
BAD9
BCD8
BBD2
3A82
3B7A
3BA2
BC34
3C18
3A5C
BBEE
BC11
3ABA
BBD6
BBF0
BBA8
3B99
3BE6
B7A1
BB8B
BC28
BCE5
BB9C
BBF8
3B61
BBB9
3A9B
3BEC
3B7E
3C98
3BAA
3C32
BC67
3BEA
3984
3B74
BB9E
BC10
BC01
3C1B
3C4D
BB6E
3C3E
BC2A
3C13
3C60
BAFF
BC47
3998
3C90
BC1E
3C17
BBDC
3CB6
BC2E
BA7C
BC3D
3C0A
BBF9
BC6A
3C26
BC0A
BC04
BB41
3BCB
3B66
3C63
3C5F
3C63
BBEC
BBDD
BA5F
B8EE
BB6D
3C0D
3A81
BB21
3ABD
3B30
BA73
3C2D
BB38
BCCA
BC9F
BA2E
BCBE
39AC
BC24
BBC5
BC63
3B1D
3B25
3C2F
3B95
B9C6
B92E
BC45
BBFF
3C2B
BBD7
3A5B
BC37
BAB1
3B5E
B922
3AEE
3B74
BA92
3B4F
BC07
3C5F
B988
3C0C
BC15
BC89
BC2B
BC54
3A86
BCBE
BC87
BC36
3B27
39EE
3B39
BC12
3B11
BCA8
3B4D
BB4B
BA31
3BE3
3AD5
BBAF
3BAE
3C2B
BC50
BC35
3BC3
3C8D
BA9D
BC3B
BC21
BB1B
3C44
BB5B
BCAC
BB18
3AA1
BC66
BB37
BC30
BC88
B8FE
BA77
BC56
3C04
3AF6
3C72
BB31
BC0D
BC94
BC6B
BA76
BC54
3C1B
BC57
3BED
BBF5
BC89
3C81
BC73
3C61
3C1C
3C49
BBBE
BBF3
3B50
BA9C
BBC1
BC22
BCA3
BB1F
BB5C
3B58
BC8F
BB77
BB9F
BBF4
3ADC
BB8D
BBF2
BC1A
3C53
BC4E
3CE0
3C87
3CC3
BABA
BA46
3C6F
BA57
3BAE
3C0B
3B52
BBFE
BA9B
BC20
3C21
3BFA
BC97
BB9E
BC34
3AC7
3C06
3C36
BBD6
BB83
3BAC
BB8A
3BAD
3AC9
3C5D
3C6D
3BD7
3BAB
3A77
BAF1
BAF7
3C18
BB51
3BFD
BC03
3C80
BC70
BC33
3BE4
3C7F
3B58
3C5A
BBF8
3CAA
3C7E
BB25
3C65
3C20
3B19
3C64
3BC8
BC0A
BC5E
3BB6
3BA9
BC71
BB13
BA89
BC50
BBEF
3C22
BB73
3B07
BB95
BBE4
BC6F
BCB6
3BAF
BB8D
3C4B
BAAF
BC9B
BBBB
3C0C
BBEF
3B99
BAEB
BA5B
BB40
BC07
BCA0
3ACB
BC00
BC2B
3C93
BC4F
BC0B
3B18
BBAF
BC93
BACD
3C3D
3BAB
3C27
BC39
BB38
3C08
3BC1
3C91
3BE4
BC18
3B5C
BAAC
3AF3
BC7C
B8F7
BC29
BB8C
3C87
3B9C
BC6E
BB4A
3C44
3C37
3C52
3BA7
3C6B
3B24
BB78
BADF
BBFF
BB74
BAE4
39D0
3BA6
3C44
BC32
3C1E
BBCB
3CAE
BC55
3BBF
3CC8
3BBE
3C03
BBEB
3AD9
3C01
3A41
3BC0
BB04
BA13
3C31
BB0A
3C5B
BB02
BBF9
3B96
BCA5
3C9A
3C11
BC5E
BC9A
B9C5
3B9E
3A0B
BBA8
BBF4
3B4E
BB6D
BB50
BC1B
BB1C
3C0C
BC22
BC1B
BC52
BC4A
BB55
BACD
BBD5
3C09
BC18
B9E0
BB5E
3BE0
BB9F
BC72
BBB8
3B83
BC21
BC2D
BB84
BA45
3C1B
BC30
3B63
3C47
3C42
BB2F
BB34
BC65
3C65
BC44
3C10
3B62
BB95
3B9E
3C4E
BA87
BCAD
BAED
3AE7
BADD
3C5B
3BF2
BBE3
BC13
3BFC
3B42
398F
3B24
3B45
3B21
3C06
BCC3
BBD8
3B24
BB41
BB91
BBB0
3C9D
BBFC
BCD7
BC56
3AA8
3B99
BB99
3A06
3B1F
3C06
BC01
BCA4
3C3E
BCA9
BC28
BA21
BBBF
BBDD
BC6D
BB89
BC2D
BC0B
BB1E
B8AC
BAB8
BAFA
BA94
BB40
BB7F
BC24
3C19
3C17
3B26
3C13
BBB5
BB8E
3B61
BB9D
BC29
BAAE
39AF
BB77
3B64
BC86
BC9F
BBC2
3B98
BC21
3C72
BA44
BB8D
3C82
BC1C
BB9E
BC08
BC97
BBA9
3C06
3B6D
BC33
BB21
3BAB
3C85
B9CF
BB87
3B43
3C00
3B62
3C05
3C15
3C09
3B8E
BB9F
BAEC
BC72
3B18
3ADB
3B50
BBB3
3B75
3C02
BB40
BAF1
3B65
BBB7
39B2
B9A7
BC1C
BCBF
BC94
3BB4
3C7A
BC28
3C43
BBBB
3B3A
3BCC
BC99
3C2E
BC34
BD08
BBCB
B9C2
BC09
3C15
3C47
3BC7
3C60
BC4F
BB34
3B50
BB4B
BB89
3C81
BC1B
BBF6
BC75
3B64
BB88
BC21
3B8A
BB88
BC76
BC1A
BC3C
BC75
3C5E
3C67
3B99
BC93
3BC4
3BC3
3C7F
3C2D
3BF3
3D04
B8DE
BC23
BBF7
BB22
3BA7
3B45
3BF8
3B21
3CBA
3B79
3C75
3B9A
3C24
3C89
3A02
BC21
3C1D
3C35
3A81
BC21
BBB4
BB87
3C03
3BA9
BC42
3C02
3C47
BBDB
3C3F
BC52
3C1A
3BC9
BB94
3B83
BC9D
3C95
BC18
BB81
3C2B
BC2C
BC09
BC74
BC24
3C18
BB95
3B95
3BBC
BC3E
3BB8
3C03
3CC1
3B8D
3C4F
BC44
3C18
3C51
BBD2
BBF7
3C0B
BC02
BC0F
BBFA
BC85
B9E2
3AE2
38E7
BBF6
BC19
3BAF
3B32
BBF1
3A81
3C2A
BB71
BC13
BB4B
BB43
3B6D
3C1E
BA45
3BF9
BB8A
3B6B
BB14
BA8D
3AFF
3A78
3C23
BC3E
3AEE
BBEC
3C21
BA4B
3C09
BB6B
BAF1
3C32
BB58
BAB2
BC3E
BC23
BBE3
3BD3
3B09
3BAD
BC8E
3C87
3C8B
BC04
3C11
BB90
3AB0
3BB0
BC69
BC2C
BB60
3B6F
3AF8
BB3D
BBC8
3A59
3C73
3B5A
BA9B
3C8B
BC07
BB9C
BC7F
3C10
BC24
BBE1
BACC
BC05
3B31
3B8B
BB48
BBF1
3B95
BA6B
3C30
3C77
3AA9
BB04
3C74
3A42
3C1B
BC66
BBF3
BC30
3A51
3B06
3C48
BCB1
3C84
BCAA
3BA6
BBDA
BA99
BB62
BCC0
3C59
3C4D
BA2F
3BC5
3CB7
BBD6
BB78
3B34
BC95
3B73
3A82
BAE8
39AE
BB9A
BB0B
3C09
3C08
BB03
BBC6
3BF1
3BDB
3B3F
BCA7
3C1B
BBFE
3C93
3BAA
BA49
BBCC
3AAF
3B88
BC56
BAA7
BC99
3930
3AC4
BBEE
3C80
3A8B
BC87
3BBE
3BFF
3C2A
BBE2
3A86
3A17
3BAA
BC98
BB47
BB0C
BA94
3B75
3BC0
BC93
3C9B
3C1B
BB64
BBA9
3BA9
3CA8
BCA2
3C6C
B929
3CAF
3ABB
BB51
3B3B
BC30
3B84
3AAC
B907
BC0F
BBD7
BA78
3B4A
BC34
3CC0
BC15
3C16
BC0B
BBE0
3C2B
BB0C
3C0B
BB84
BBEE
3C5B
3B98
BCA3
3BE9
BAA1
3C16
BBFB
BBAA
B843
3BE1
3AA6
3A71
BB8A
BC5F
3BBE
BB4D
3C69
3BB3
3B77
BBA2
BBB2
BBE0
BABC
3B1F
BBAA
BBCE
BB6A
BC43
BC89
BAA6
BA32
BAA3
3C24
BB25
3913
BC02
3CB0
39DC
3CA1
BAFD
3CA8
3C92
B9B4
3B34
3BB7
BBC2
3BA3
3C02
BB16
BA50
3BCD
3C05
BAA2
BB93
3B61
BB83
3BE0
BBD9
3BEF
3C53
3C07
BC40
3C3B
3B69
3C4D
BC14
3C35
39F3
3C3C
3C00
3B35
3C87
BBCA
3C06
3B99
3AF8
BB3A
BB28
3B28
3C36
BC3F
BBB7
BC7E
BBA4
3B84
3CAE
3C17
3ABF
BBE4
3BAC
BC4B
3C6A
BC73
3BB4
3C6D
BC6E
3BEE
BC7D
BC2E
3BCA
BB94
BC7C
BC4D
BBC0
3BF7
3C19
3C31
3BF1
BC95
BBB5
BB85
BBAE
BC45
3C7D
BC19
BAC1
3ACF
3B46
3C01
3B38
BC27
3C19
3C0B
BBBA
B7AA
3BA0
BC38
3C85
BC38
BB02
BC90
3C12
3BF4
3C09
BBB7
3BDA
3B9C
3BD6
BB7D
3C46
BBD3
3C2F
BBDB
3A81
BC4F
BCC5
3C1E
3C95
3C68
BA3D
BC92
BA02
BC2B
3BDA
BC33
3C31
BB13
379D
BB8C
3C49
3BAC
BC35
B897
3BA9
BB91
BBC9
3B95
BAE9
3C28
BC7D
3CE5
3B19
3C4B
BB26
BB96
3BDB
3C13
BB9D
BB12
BB83
BC28
B988
BC17
B92B
B9B7
3C1B
BB48
3BD9
BA81
3B91
3A97
3B6C
BCC5
BB7D
BBAC
BAED
BBF8
BB68
BC82
BBE9
BC22
3C3A
3C27
3BAF
BBA0
BB76
BC93
38CF
3BC2
3BA1
3C6A
3C96
BBA1
BC56
3B27
390E
BB16
3C5A
BBD3
BB7B
3C63
3C37
BAA2
3C85
BC3F
3B0C
3C1F
3C83
BA34
BB0A
3CCC
3BD6
BC66
3B23
3A1C
3989
BC05
3BCF
BBAA
3C0A
BC06
BAE0
BBC5
3C88
BC77
3C85
3B18
BC98
BAEC
3C2C
BC3F
3C7C
BADE
BC47
3C75
3BC6
3C62
3B23
3AD4
3B04
BC6C
3C0D
3AF1
BCBD
3AB4
368A
BB75
3B85
BB92
BC60
3AF3
BB55
3C8F
BBE6
BC6F
3C42
3B15
BBE3
BC15
3A94
3C15
3C3F
3C88
3C1C
BBF1
B854
3B87
BB4F
3B4A
BC54
3AB0
3BF4
3C29
398D
3BB4
3BAC
BAFE
3BAB
BAC0
BBAD
BBC6
B93C
3BF6
3B73
3CB1
3BD8
BC10
BB8F
BC10
3B7A
3BD9
3C84
3B0F
BB46
3C84
3BCA
BC07
BC49
BCC0
3C8E
3C35
3CA9
BB82
3C91
3B87
3B89
BC94
3AA1
BBBA
3B3F
3C24
BC15
BC41
BB98
3ABA
BC82
3C75
BC1A
BB82
BC15
BC8F
3A87
3C3A
3B9C
3C92
3BF7
3A54
3C0D
3B92
3C1D
3C4C
BC27
BBE9
3C2B
3B18
3C6D
BBEC
BBE9
BB7A
3C8F
BB36
3B34
BC4D
BC42
3ACB
BC37
BC54
3C75
BBDA
BC95
39EA
BB52
3BA7
BC78
3B9B
BB6E
3CA1
3C31
3B88
39DD
3A47
3BEA
395C
3B12
BC3E
BC4B
BC95
3C95
BBE5
3B93
3AA7
BC6D
BBDC
BC93
BBB2
3BC6
BC2C
3B40
3C2A
BB77
BBD7
3BCE
BBB0
BB34
3C3F
BC48
3AF3
BB12
BBFE
3A99
3B4F
3B88
BB03
3BFE
3A73
BBCC
BB68
BBE8
3BA2
3C3D
BBB5
3BEF
BBD5
3C65
3BF4
BCB2
3C63
BC0B
3CA2
BAA7
3C7B
BCB5
3C71
3BC3
3AD9
BBFB
BABA
BC81
B919
BC18
BC59
BB30
BC38
BCC2
BC38
3C51
3B75
BC81
BB13
BC5A
BC02
BC08
BBA9
BC81
3C31
3AB0
3B0F
3C06
3BBC
BC0F
BAF7
3AF8
BB26
BC3A
BB88
3C38
BC3D
BB21
3D01
3C6E
BAB1
3A12
3AB1
3CCC
BBC5
BBBE
B9D7
BBF3
3C03
3B88
3C6F
3CA6
BC57
BB81
BAFC
BB9B
BC16
3BA5
BB27
BAC2
BC68
3B72
3C2C
3C30
3D08
BBDF
BC0F
3CAA
BC24
B9A9
3AE6
3AA4
3BA1
3BE6
BB86
3B84
3C0A
3B14
3C06
3B65
BBDC
BC3C
BC42
BC05
BBA2
3CA3
3C95
3B08
3C79
BC1B
3C14
BB4C
3CB3
3B8C
BBBC
BB9D
3B3A
BBE8
3B81
3C51
3B56
BC40
BBEB
3BE6
BB39
BBBB
BC45
BC29
BBDE
3C0B
3B8B
BC49
3CA3
BC44
3ACA
3C37
3BD3
BC11
BBDD
BC86
3C81
3C22
BB6E
BAC1
3AE8
BC39
3B8A
BC39
BAC4
3C2B
3AD7
BB2F
BBC9
BBA7
BC25
3C07
3C2F
3BAD
BC75
BBBC
BCA3
BB2B
3908
BB66
3B9E
BBC6
3BBA
BC97
BC08
3901
3BEC
B950
BC90
3B53
BBAE
BC01
BB9B
3BED
3C2C
3C4C
BC51
BBA5
BCC1
3BAA
BBCE
39E8
3C63
3C30
3C06
3C05
BC54
BC4F
BB92
3CD1
3AB1
3A24
BBE1
BCC3
BC16
3C21
3C60
BBF4
3C8B
BBC9
3B48
BBA0
BA1C
BC0C
BBA2
BB88
BB4B
BC98
3C58
3B9B
BB66
3A5D
3C18
BAD0
3B85
3BB4
BC11
3B71
3A58
BC74
3C30
BB93
BC0C
3B45
BC28
BCBD
B9A5
3C20
BB38
3B5E
BC24
3C36
BB09
BCC0
3A20
3BD7
3B0C
3BCA
3BB2
3C40
BAAF
BC52
3C0C
BC2D
3BAB
BC9F
BC33
3AB0
BC85
3B4F
3CAA
BB99
BBDF
BB8C
BAEE
BBD9
3BFC
3BB7
BC00
BB96
BC56
3C0F
3B08
3C2C
BC9A
BB61
3BB7
BA8F
BBB5
3C4F
3B0C
3AFE
BC1E
BC7A
3C9E
3B00
BB7B
3B4A
BBA4
3C09
3B15
3BD5
3AFA
BBBD
BC4B
BA09
BA0E
392A
BB11
BC46
3C7A
3C46
BB99
BBBB
BC71
3B86
BB88
BB53
3B94
BC27
BC6D
3C1A
BB3D
BC71
BAD8
BC0B
3CCA
BAF4
BB9A
BBAB
3C55
3B40
3C40
3BF1
3C1E
3B59
BB0B
B9A9
3C8F
BA21
3BA7
BBBB
3B2A
BC18
BC06
3BFD
3BAD
BB88
3C19
3C26
39C4
3BC5
BC0F
BA7B
3C8A
BC1F
3C5D
3BBA
3C8E
BB5C
3C84
BA85
BCB5
3AF1
BB14
BC43
BC75
3C0E
3BB6
38F4
3B13
BB97
BB3D
BC19
3BAE
3B91
3C2A
3CEB
3C5D
3B17
3B3F
3B9A
3B32
3B37
BA59
BAE8
3C85
BCB9
3BF5
BBD9
BC60
BB84
3923
BC54
BBDD
3BCF
3C27
3AEC
3B0F
BC3A
3C34
BC23
BC1A
3CA9
BBC2
3BAF
BC2D
3B8C
3B47
BC2D
3C2E
3C2E
3B86
3C6A
3A9F
3C85
3B91
3C53
BC91
BC09
3BD4
BB15
BD10
BA64
3C1D
BC48
3BC1
BB2F
B976
3B35
3C0A
BB42
3BC7
BC20
BBA3
3BC3
3C83
3CA5
3C13
3B04
BBF1
BC4E
3C7D
3C81
BC1B
3AE8
BB60
3C7E
3CAA
BBE9
3B95
3CB1
3C53
3A7F
BC4F
BC88
3B4E
BB56
3CDD
BB92
3C82
BBB0
3C66
B9F0
BBB7
BAA4
3B00
BA6C
BBC5
3C13
376C
BBC9
BC4E
BB77
BBC3
3BB1
3C6C
BAAA
3BFE
3B69
3BEA
BA8A
3C29
3C2C
3C1B
3B78
3C18
3C85
BC62
3C99
3C93
3C9E
3BE3
BC60
3BE3
BC17
3BD4
3C5E
BBD7
BC3D
3C13
3BBB
BB79
3C5A
3B02
BC32
3C54
BBA3
BC60
BC11
3B05
392F
3C49
BC28
BBD2
3BBB
3C44
BB89
BC02
BB20
3BBE
3B0A
3C3E
3BDF
3C8A
BB88
B99C
BACD
3AAB
3B8B
BCDD
BC9B
BB80
BC71
BB96
BC01
BC3D
BC57
3BC0
3BAE
3C4E
3B67
BC79
3C11
3C34
BB40
BBF9
3BC0
BA30
3C69
B918
3BAF
BBDA
3BA7
BAF8
3C2F
BBE7
BBF9
3C51
3C29
BB6C
BBDD
3C31
BB2D
BAF0
BBA1
BCC1
3B60
BB62
BA3D
3C9C
BC30
BC15
BBD9
BB35
3C26
3C86
3C08
3A84
3ADF
3CB5
3CA1
3BEB
3C0F
BC10
3BF0
BC34
BBEB
BB07
BC35
BB5B
BAF0
3B80
3C91
BB24
3B31
3BED
3B72
BB6A
3C2F
BBC4
BC64
BB6D
BB72
BB42
3B84
39C4
B97B
BC72
3BB8
3BB8
3CE8
BC0C
3C1E
BC07
BB8C
BB95
BB9C
BC14
3A1F
BB11
BBD0
3A1C
BB27
BB9F
3C11
3BD5
3908
3C83
3C1C
3C91
BC42
3AFA
BC59
BB17
3AB8
3C0E
3B99
3C78
3C68
BB7D
BA02
BB38
3B43
3B7D
BC50
3B88
BBAD
BAC2
3C12
3B4F
3BF8
BC30
BB9A
BB6E
3C80
BB36
3AD9
3B5E
3C77
3C0C
3B8D
BC9C
3C6E
3CA4
BB66
3AEF
3C8F
BBA4
3C5C
BBA8
BC90
BC57
BC41
BBB2
BB81
BBAD
3C1C
3C53
BC11
3C24
BB40
BB5E
B9D7
3BB5
BB5A
BC60
BB96
3B53
3B43
BC57
BCA7
BB98
BB0F
BC45
BC09
3BFC
3AC9
3CE7
BB1A
BC51
BACB
BC7A
BC25
3B70
3AEC
BC24
390F
BC2C
BC92
3A7F
3A82
3B12
BCA2
3C2E
BCB3
3B03
3C65
3C67
BB57
3BB8
BC10
BC68
3CCC
BC60
3C7A
BC20
3B94
BBB4
3C18
BB02
BCDE
3BAF
3A87
3BE4
BC68
BB70
BB07
BB83
BB0A
BB8B
BB9E
3B88
3BC9
BBD5
3AD7
BCB3
3C04
BBDB
3BA3
3A5C
3C61
3A91
B9B5
3BC4
BBB1
BB8F
3C8D
BBC4
3B2F
BC65
3AAE
3BBD
3C20
3C3E
BC21
BBD0
3B3D
3C83
BAB9
BB03
393B
BAE7
3C4E
3BDF
BBEE
BB89
BBDC
BBF0
3C82
BB17
BC2A
BBAB
BAFB
3BA6
3AC1
BBA2
B91B
BACA
BB9C
BC48
3C1B
3B66
398D
BBD6
3C5A
BC9D
3AC7
BB52
BC1A
BC74
BC42
3C5F
3C4B
BB8E
3C0C
3C02
BC09
BB97
3B90
BCC9
BC63
3B4D
BBC6
3BB5
3B50
3BBF
3B74
BBAC
3C98
3B6C
3A38
3BDA
3C1D
BB72
3C76
BBA8
3C4C
BBBF
3BAC
3B7D
BBC5
3C2E
3BBD
3C10
BC0A
3C10
BBFA
3B1A
BBDD
3AB4
3BD2
BBE6
BAA2
3C69
3A3F
3C7B
3C74
BCAB
3A99
3B4B
3C85
3A59
BC7C
B94A
BC1A
3AFE
3C24
BB10
3C4E
3C0B
BC2E
B940
BC91
BBDA
BBDA
BCBB
3C9D
BBC8
BC13
BBFB
BBAC
3B52
3BF1
3AB8
BB14
3912
3BA2
BC15
3BD2
BBE9
BC71
3C39
3CA3
3BCA
3BD6
BB45
39FE
BC51
3B65
3C6E
BB61
3C43
3CB9
BAFB
3C25
3AE9
3B91
BC41
BC66
BB22
BBA2
BB69
BC3E
BBC3
BC2E
3BEF
3AC2
BC1A
BB9F
3BA9
3CCD
BC0C
BB72
3C8A
3989
BC4A
3C10
3C96
BB98
3C16
BC63
3A08
BA0C
3C75
3CB4
BBBA
3B44
BC3B
BB2D
3C44
BB45
BB6C
3BFE
BC9E
3AB0
BB6C
3C25
BC42
BBC5
BB6E
3B8A
BC23
BC2E
BBA1
3A47
BB9D
BB24
3C77
BC1D
399F
3BD0
BA0C
BC24
BAB0
3C1A
3C42
BB6C
B8A6
BC51
3748
3C6C
3B1F
BB29
BC2C
BB49
3B4B
3B2D
BC22
BB96
3BFA
BCC7
3A93
BC8B
BBC9
3BC5
3B2A
BB14
BC80
3BE2
3C34
BB4A
BB6B
BC26
3BFB
3C44
BBBF
3B91
3AFA
3AFE
3BEB
3C7D
B941
3CB5
3AAB
BC94
3C77
BC0C
BC33
BC57
3BDE
BB5F
BAA7
BBBC
3BC6
BB9C
BC56
BADC
BB90
BA46
BB81
BCD4
3BF1
3BAE
3C2A
3C1C
BA03
3A81
3C4B
BC04
3C3C
BB8B
BBC2
3C73
BC93
3C43
3BFC
3CAF
3C0B
3BF5
B8BE
BB73
3C3B
BC3E
BC31
3C33
3CCC
BB21
BB41
3C40
BBD6
BBE3
3C50
BCAC
3B2B
3A4C
B8C7
3B83
3BD0
BB96
3B92
BC44
BCA0
BB42
BB09
3C44
3B83
3BD2
3C3A
3C0F
BC3B
BC94
3A33
BB30
3C82
3BB8
38D4
BC7F
3AD2
BC07
3BCC
BC62
3AB9
3C1A
3ABC
BC23
3BAD
3C4C
3C01
BBDE
3BD4
3C56
3C2D
3C82
BBA5
BC13
3B1F
3CA9
BCC1
3BD3
3A2F
3BBB
BAE4
BA8B
3B9F
3C2E
BA82
38E3
3C4B
3BDE
3C1C
3C56
BB4C
3C71
3BD3
BBCB
BBC4
BB69
3C1E
BB17
BA65
3C3A
3A7F
BBA6
3AF9
BBA1
3BA2
BA03
3BC2
BC31
3C25
3B9D
3C90
BAF5
BC56
BC03
3BA5
3CCE
BBED
3B5E
3B72
3C9D
3BA8
BC85
399C
BAF4
BB9D
BA5F
BC6F
BB68
BB0B
3BDC
BB92
3B37
BD05
3BEE
BCF2
BA01
3BA6
BC52
3BE0
3C58
3A1B
3B08
3B68
BBE9
BA09
3B38
BC48
BC16
BC1B
3BEE
3A65
BC22
BB90
3A4D
BC79
BBDE
BC3D
3C46
BB30
3CD3
BA00
BC09
BB68
3BED
3C6E
BC80
BC03
BAEF
BC01
BCA1
BAA5
BC2B
3BBC
BB93
3B4D
3AA2
3C0A
3BA3
3B07
3C5C
BC77
3A99
3C17
BC27
BBB6
BB2C
3BCE
3C0B
BCAD
BC6E
3BC2
3BB4
3A32
BB15
BC51
BC23
3C13
3C0A
BB1B
3C31
BBC9
BBBA
3BF5
BB55
3A66
BC8C
BB73
3C24
BC0A
BBF4
3C32
3CCA
3C51
BC78
BC31
3C84
3876
3BFF
BC70
3AD3
BC4A
BC46
BC3E
3C23
BC6C
3C75
BB38
3987
3BA6
3AEB
BC1E
BB91
BB92
BC08
3AE2
BC20
BC0B
BBD7
3C21
BC15
BBB4
3C9E
BC51
3C3A
3C04
BB71
BC75
BB3F
3B63
3BBC
3C16
BB9F
BB33
3CB6
BBC1
B986
3AFD
BA76
BC65
BACE
3C05
BC2C
3CA2
3C62
3C94
3CC4
3BC1
BB65
BBB0
3C95
BC68
BB92
BC1E
BB5C
BC1A
BC27
BB92
BB93
3BDC
BC13
BBAC
3C92
3C1D
BC70
BC1F
BB38
3B81
BBE3
BCAE
3BA2
BC43
BBC5
3C2D
3C66
BBB7
BBF1
3C34
3B2E
BC49
3B40
3A47
3C8E
BB91
BC09
BBB8
3B62
3C29
3BCB
BC2E
3B1E
3C08
3BE2
BB98
3C30
3B48
3B98
BA66
3C3C
BC5D
3B3D
3B89
BAAA
BC59
BC6B
BC68
BBCF
3C8F
BBAF
BBD1
BCEF
3C19
3C37
BC38
B93B
3A90
3B36
BB80
BB05
3C21
3B27
BBF5
3BD7
BC03
3C67
3CEA
BB35
BB83
BC49
BC25
3AB0
3C98
BAE8
3BF4
BB07
BAE0
3CE2
BCCA
3C7D
BC4A
BC1B
BC83
3BA4
BB46
BAC5
BC51
3C20
3BC9
3C63
BC51
BC07
382F
3BEC
3BF9
BAFA
3C12
3C93
3B80
3C70
BABE
3BD4
3C95
BC2C
BBED
BC0C
3A0D
3C1C
3C5E
BC04
BBCD
BCDC
3C4B
B6AC
BB8D
BAA2
BC3D
BB4C
BC07
3C1E
3BA0
3C99
3B99
BBFD
BB46
3C18
BC3F
BC48
3C1D
3C3E
BA9E
BBC4
3B3B
BB55
3BC1
BC17
BB0A
3B04
3BB4
BB0A
3C5A
BB47
BC7A
3B9C
3B41
3C36
BC06
BB3A
BC21
3B53
3CAE
BC0F
BAAD
3CAD
BC3C
BBB5
BC23
BBFD
BB5A
BB0C
3BE9
3B06
BA12
3C37
3BF0
3B83
BA2A
BA35
BAF8
BC0B
3C86
BB9C
3B45
3A93
BB82
3B54
BB19
BC40
B9A3
3CB9
3B9E
BC30
3BDB
393C
BC17
3C69
3C82
BC1E
3C04
3C30
BC10
3B70
3B0B
3BB0
3B22
3C17
BC08
BB48
3A6F
BCC9
BC77
3C4E
3C55
3B1C
3A8C
B997
3BAB
3AD7
3BA7
BBA1
BCD5
BC50
3B94
BBBA
3BD6
BAB3
3AE1
BB99
3A50
3AA7
BB8D
BC1C
BBF4
BAF3
3C3F
BB43
3BF2
3B72
3BB7
3A71
3A57
3C78
BA76
3B94
B995
3BCC
3ACC
3AB8
BBC8
3B26
BC83
3C4B
3C10
39AF
3B27
3AA2
BC08
BBCC
3C9D
3B4A
BB89
3C44
3C03
3C36
BBD2
BB86
3B93
BBE2
3B19
BA2E
BAEA
3B14
BC10
BA80
BA46
BB14
BA72
3BDC
BA23
3C20
BB4D
BBCD
BB8C
3AC2
3BDC
3AA3
BB96
BB3D
3B0A
BB72
BA4F
3961
3C4E
3AC4
3C48
BC4A
BC4C
BA88
3BB9
BBD0
3C0E
BBB9
BB13
3C13
3A90
BB46
3BD1
BBB8
BBEF
BBC4
BBBF
3BE5
BBF0
B8B5
BB57
BC1C
3B4A
3BD2
BC74
BBEF
3A9F
3AFA
B9B2
BAAB
3BCF
3C41
3A2B
BC14
3C6A
3C3F
3C26
BC41
3ABA
BCD7
B8CB
BBA0
BC2A
BA2A
BA74
3C32
BBB9
3BB0
BA91
398F
BB44
B9E8
3BD2
BC02
3B8B
3B87
BBFA
BC01
3C2D
3C74
3A89
3B7E
3C99
BAD8
3BF8
BB1E
3C14
BBAF
BBCA
BB23
BC06
3C5A
3B83
3C34
BC56
BA3C
3C1E
BC11
3A10
BC85
BB98
BBFE
BC52
BB15
BAF8
3AA9
3B19
BC02
3B1A
BC08
BB7E
3C29
3BB8
BA3F
3C16
3ACC
BBEA
3B92
BB73
BB83
3BBC
3AD8
3B83
BB3A
BC20
BB5A
BA2B
3B4F
BA8D
3B85
3C71
395F
BB23
BB55
3BD5
3BD8
3B3F
3B22
3C14
BC53
3B7F
BB3F
3B72
BBA2
BB89
BB7F
BC51
BC65
3AF0
BBFA
3BC0
BB18
3C47
3BF8
BB91
BB2C
BBE0
3C79
3C87
BC6C
3B0D
BC0B
3C2A
3ACE
3A67
BC04
3BC7
3BBC
BC55
3B7E
B947
BB4B
3BF3
3B56
3BAB
39C6
BC4E
BC16
BB73
BACD
BA8D
3B89
BC99
BB1C
3C41
39D6
BB9C
3AF2
BB84
3B34
3C27
3BC9
BB59
3B4B
3B84
BB80
3B0F
3C39
3C0D
3B3C
BAAA
BC33
BBD6
BC72
3C75
3BBD
BC6C
BB55
BBA4
BBB8
3C2F
BC35
3C43
BB19
BB84
3AE8
3BBE
3C79
B958
BB84
3C27
BC2E
BB95
39D4
BBDC
3C69
3C49
3B9D
BB52
BC7A
3BE9
BBAD
BB85
BB08
3BF5
3C57
3A93
3BBD
3A65
3A0A
3C21
BBE4
3C8A
3C18
BBF9
BB9F
3C23
3947
3A38
BB83
BC0F
BB02
BC04
3B8A
3B96
3C04
3C4D
3C4F
BC4B
BB39
3B4A
3BE2
3B32
3AE9
3C11
BAC8
BBAE
3B6C
B99D
BC3D
3BE6
BAA7
3AF1
BB37
BBDC
BB94
3B78
3C1D
3BB2
3B16
3B43
BA89
3BD9
BB51
BC7C
3A8E
BA5E
BC07
3C18
3918
3B56
3B5F
BBC4
3C0C
BBF1
BBB1
3B14
3C1C
3C0B
3B91
BC6E
BA60
3BDB
3B1C
3B17
3AF5
BC11
3C57
BC09
BA83
3931
BC21
3C07
BC6D
3C0E
BBAA
3C76
3C11
3C2A
3B59
BC29
3BD5
3B60
39D4
3C4A
BB18
3C2E
3C88
B93E
3C96
3C4A
BB33
BC9A
BBB7
3B5D
3C18
BC30
3B9F
BBA1
3C48
3C14
3C82
BBD7
BC70
B9C6
3BA5
BBC6
3B33
BA03
3C52
3C23
3C44
BC33
BC18
3BD2
B9B0
BB7B
3BE8
BB54
BB1C
3BBF
BB7E
3BD9
BC5C
BC2A
3B0D
BB09
3B8B
3C75
BB87
BBCE
3BB7
3B23
3AD1
BB5B
BBAF
BAD7
BB93
BAF6
3B1A
BC4F
3B68
3C03
3BA2
BBA0
3C15
BA7F
BB94
3C0A
BADB
BB8C
BC1A
B99C
3A95
3B38
BA88
3BCE
BBB0
BC53
BC56
BC8F
BBD4
BB92
BBA7
3BAD
BC17
3C26
BC8D
BBC0
BB01
3BE0
3A2B
BBFE
3B46
BBB0
3C8C
BC0B
BB45
3BC1
B99E
3C57
BA0D
BB4B
3BFE
BA0D
3BED
3BAA
BA80
3AAA
BBDC
BBD6
BB7F
3BBA
BB05
BCAF
3C32
BC29
B932
BC5E
BC9B
BB87
BC56
3C09
BCE6
3B79
BB45
3B6A
BBF7
3B8F
BC64
3A33
3BB3
3B09
3B5F
BB85
3BDD
3960
BC31
3BCA
BBDA
3C2A
3C18
BB3E
BB4E
3B9A
BBBF
3B50
3BB6
3B52
BBC1
3BD7
3B9D
3BB6
3BA4
BB85
BC98
3C13
3AB3
3B60
3B52
3BF3
3B27
3C08
3C0F
BC6F
3A5B
BB8D
B966
3A27
BB25
3BAA
3A1E
3B35
3B5A
3C04
3C36
3C00
BC30
BC9A
3A2D
3BE8
BB8C
B975
BB9F
3B69
3B8F
BB0B
3A1D
3BA6
BC54
BC03
BC87
39F3
BC90
BC76
BBE5
3C67
3C34
3B04
BC0E
BA7C
B89B
BA9F
BC12
BB59
3B26
3C8D
BC2A
3AC3
3BDD
BC91
BC07
3A89
BBA0
BA94
BBC4
3C9F
3BA2
BB9B
3B12
B91E
3C0D
BBF6
BB81
BC4C
37BF
BBB4
BA45
3A52
B8D8
3B0A
3A69
3C1C
BC9A
BB9C
3BC5
BA6F
3C03
BBCD
BBAB
3A45
BBC5
3BC5
3C0A
3BE9
3BCA
3CA2
3C8A
BB1B
BC0F
3C83
3BF8
3C03
3BCF
3B9E
BB28
3AB8
BC4A
3BA2
3BFE
3C85
BC1D
BC39
3B44
BB08
BB6D
3C08
BBF7
BC85
3C52
3B8F
BBD5
BB62
3C07
BA9D
BBD4
BC16
3723
BC18
3C5B
BA85
BB5D
B92D
3C04
BB3C
3C09
BA0E
3C16
3ABE
3C7A
3B68
BBED
BC3C
3BA7
BB8E
3BB7
BC32
BC30
3C9F
BBD9
BB3F
3B2E
3B37
BCD6
BC36
3B36
BC1D
BB4E
BBB3
3C08
3C2B
BBA6
BB8B
BC1F
BC76
3CA5
3AF1
BBE8
3C23
399A
BBFE
3B21
3B8D
3BFF
BB0B
3BC4
3C27
39F6
BC33
BB5A
3BCF
BA29
3C07
BBF2
BC57
3C47
BCE5
39DF
3C5A
BA5C
BBAB
BC2F
3CA5
BC32
BB8B
BB80
BB80
BB4E
BBDB
3C0D
3BB2
BB1B
3C1B
BBE3
3B14
BC2E
BBEC
BBD0
BB13
BBA3
3BD8
3C51
3C35
3B49
3CD1
3BA9
BB8F
BB0E
3BB8
BBEE
BC9D
3C34
BA87
3BC8
3A19
3BAE
3C91
3CA1
BC03
BC5A
BB29
3C35
3C38
BB8A
3AA8
BAD9
BB3B
BC9B
3ABD
3B26
3B20
BB78
BB78
BBA0
3BF0
BA5D
3BAF
BBA5
BAF8
BC02
BA71
BA26
3C2A
BC81
3BAF
3AD2
3C04
B9AB
3BCC
BAB9
39D4
B9DB
3C4A
BB69
BBDA
BC54
BC2E
BC00
3B39
B864
BBB8
BB49
3C0B
3B45
3A48
3B99
3982
3BC2
BA3C
BB1D
3963
3ACB
BB51
BB71
3BB4
BC88
BC2F
BAC1
BB44
3C83
3BF4
BB54
3B8D
3AB4
3BDE
3C36
BC13
BB98
3B24
3834
BBC1
BB90
BC05
3BE1
BAB8
BC2D
3C6C
3B1A
3C4D
BA99
3B91
3BA3
39B2
3C0D
BC8F
3C01
3B0E
3C3B
BBDC
3BBD
BB46
BBE3
BC95
3C1A
3B3D
BB1B
BC39
BC7D
3BEA
BB73
3C01
3BB5
BBA2
BC19
BC2A
39E8
3BC3
3AC8
3C26
BBFE
BAE4
3C31
BCAF
39D3
BBC7
BC51
BB4C
BB37
3C52
BAAD
BC0A
B9F8
BC08
3C06
BC3B
BCB4
BC4F
BADA
3B7D
3B9D
3C12
BC11
BCB0
3C30
BC5D
3BD2
3B97
B94A
3BBC
BACC
3A72
3C5F
3A91
3C8A
BC8F
BBEC
3C3E
BBB7
3AA4
3C8A
BC3F
BC03
3A97
BC30
3B58
BB91
3A34
3C58
BBE5
BBB9
3BC4
3B44
3C53
BC3C
3C46
BC52
BB1B
BB4E
3B89
3BE5
3B3D
BBA9
BB99
BA32
BBE0
BC03
3AA0
3B96
BC33
3CD0
3BCF
3C32
3B79
BB89
BC0B
BB73
BAF5
B9F0
3B9D
3C5E
BBE4
3BCC
3B2E
BC34
BC0C
3B0F
3BED
BC18
3C48
BC2C
3C05
BCA6
BBA1
BB70
3B39
BA47
3C64
3B99
BAB5
3BD2
BBC4
BBBB
BC42
3C0B
3C1A
3A23
3BDB
3B73
BC14
BB05
BC8D
BBD8
BC3C
B96E
BC71
BB57
B83B
3C15
BADE
3BA3
3B6F
BBA0
3BC0
BBA0
BB8F
BC45
BCDB
BB4E
BB1A
3BAD
3CA9
3B87
3AAD
BC09
BB24
BC4F
BB8F
3ADF
BC09
BC29
BCB3
3B9E
BB2E
BAF6
BC28
3B27
3B5B
3B8B
3A67
BBB9
BC2C
B886
3BC6
B9AD
BB83
3B8F
3C50
B9E0
3A9F
3BB5
3AA9
BC45
3C6A
BB32
3BB6
3B26
3C13
BB33
BC22
BC4A
3C39
BB11
B9DD
3AAA
3BD1
3BC9
BC7D
BB8A
BB77
BC1C
3B84
BBD4
BAC5
BB39
3C51
3AB6
BB68
BB92
3B23
BB95
3AB8
3BBA
B9FE
3AEE
BAD1
3BBE
BB31
BB28
3BBB
3C16
3B84
3BFC
3AEB
39B4
BB38
BB4B
3BAD
BAD8
3C0D
BB8B
BB63
3B07
B82A
BC2E
BB7B
BB11
BBA9
BB6A
3B5C
3BDD
BC11
BAF0
BC23
BB8B
BB0C
3BCB
BA94
3C95
B949
3BA5
3C5F
3B95
3A60
3BB9
3972
BBC3
BB5E
BAF6
3AD7
3AEF
BBE6
3B8B
3BA7
BA5C
3C21
BA17
BB86
BB22
3B29
3BA7
BC27
3B1C
BA5A
3BBB
BC1E
3C71
3C82
BCB6
BC54
3C9F
3A8B
BBBE
3AA9
BB18
B91C
BC07
BC1F
3C27
BC4A
BB1C
3A27
3C2F
BBBA
3BC1
BC0C
BA35
3C31
3AC1
BB66
BC00
3C6B
BA8F
3C2C
3B91
BB65
3A5B
BBF8
3A37
BC1B
3AEB
BC14
3C56
3C44
BAB7
BBAC
3C1D
3BB9
3B77
3A57
BBFB
BCE5
3B7A
BB02
3AF3
3BAA
3A5C
3A2A
38C0
39EB
BC7B
3C06
BA41
BBC8
3B88
BB93
BBC4
3BDD
BC5E
3C83
BC1D
BC34
3C82
3C09
BC37
3BC8
BC77
3B4E
3BA3
3C16
3B33
BC10
BC4A
BC88
BC2E
3B33
BBAF
3C3C
BC05
3B4E
3C47
3AFC
BC14
BB0E
BC58
3BDA
3C17
3AC2
BC33
3C60
BB74
BC3B
3B9D
3B7E
3843
BB84
3C84
BA48
3B4C
BAED
3C46
3C7F
BBD1
BB25
BC02
3B5A
BA03
3BC4
BA08
B9C4
B929
BB13
BB1B
3904
3B62
3AC8
3CA0
3B21
BBF9
BC37
3B22
BC1E
3B19
BB1A
3BE3
3B3A
3C8B
3845
3B84
3B92
3B5A
39A4
BB3E
BB4B
3C96
3A2B
BB7D
3B69
BC60
3B8D
BBD2
BC28
BA89
3BB2
BBF3
BAC8
3B8B
3B6A
3B8F
BC04
BB7C
3AC5
BC1F
39EC
BC9E
3C40
BB52
BC9F
BBE9
3B81
3A12
BBFB
BA85
3B8B
BC42
BBF7
3C64
BC4D
3BA1
3C79
BC4D
BB71
3C28
BBF4
3CA2
39B5
3C26
3BEC
BC58
3C63
BC1C
BB84
BAC1
B71B
3B0C
BC54
3BE5
3B8B
3B8F
3A04
BC2A
BB34
3AF5
BB53
BBBD
BB62
BB35
3A8B
BB7B
3AAF
BC0A
BC5A
3C46
3A44
BAFF
3B0C
3BA0
3C43
3BA2
3B94
BC6B
3C71
3C32
3C0D
BC8F
3BEF
BBBD
3C37
3C13
3BF0
3961
3BDC
BBAE
3C26
BB30
3B0D
3C8F
3C73
BC63
BBCB
BB3A
BB18
BC1E
BB37
3A46
3B78
3A63
3C0B
3AF9
BC96
B8C2
BC3E
3B6E
BC35
B9EB
BBD3
3BA4
BC5F
3AEC
3B97
BB14
3BA5
BBE4
BBBC
BBD0
3B94
3C60
3A96
3C2C
3B3C
3B0D
38C9
3C4D
3C2F
3C0D
3B0D
3B64
BC20
BB8D
3BCA
BC3D
3BA9
3BEB
BB26
3BD0
3B92
BB89
BAB0
BBD8
BBD8
BC16
BAA4
3C09
BBCE
3A8D
BB68
BB92
3A19
3AC9
BB34
BA9A
3C8A
BC82
BBC7
3BD7
3BCA
BC08
BB8E
BAB7
BC48
BB17
BC17
BCCC
3C0A
BC32
3C0D
3B86
BC6A
3969
BBD5
3955
3B07
BC2B
3B66
BAA2
3A8E
BB0F
3B9E
3C56
BA23
BB32
BC17
3B58
BBF1
3BF1
3BDA
3B6A
BAA0
BBC1
BC0F
3B26
3A6B
BB6B
BBFF
BC0C
BB4B
3BFC
BC14
3C3A
3C1C
BAE7
BA67
BBFE
3AFF
BB7D
BB66
3B9C
3C04
B9DE
3BB8
BBE3
BB2F
3A9F
3B48
BC3B
BB94
3BA6
3C09
BAFE
3C2A
3AB3
3C83
3C2E
3BF1
BC2E
3C72
3B7C
3BAF
BB74
3C03
3B8B
3AF2
3B8C
3B6A
3B90
BB07
3AEC
BC62
BB86
3CB5
BC06
BAAC
3BFE
3C08
BC60
BCAC
BC47
BBE3
BBC8
3C1E
BBD2
BBB6
3BCF
BCB1
3BD4
BB24
BC02
BC29
3AE0
3B04
BBBC
3AC0
3ADA
3AC2
3B9D
3A57
3B5A
B9BA
3BC8
3AB9
BBD6
BC58
BAE9
BC53
BB73
3B05
3A50
BBB0
39C9
BC03
3B91
BC93
BC12
3BC6
3BEA
3B3D
BC17
398F
BC06
3C35
3AB3
3A81
BBDA
BB33
BC5C
3C89
3AE4
3C1B
3B77
3C97
3B50
3BE1
3B0A
39B8
3BC6
BCA4
3B9F
BA46
3B76
3C45
BC25
BBF2
3BF7
3A6B
3BC9
BA2F
3BFF
3C83
BB05
3BD9
BC34
BC9D
BB61
BC44
BC63
3B88
BC4E
BCCE
BBC9
BB0B
BC06
3B80
3C25
BC54
3B57
BBB0
3B0F
BB52
3AE9
3BAB
3BA4
3B33
3C45
3C30
BC12
3C8D
BC0A
BB89
3C40
BA6E
BC79
3B95
3BB8
BC09
BB76
3C60
BAB8
BA7A
BC7B
BB57
3B13
BB8B
3ABA
BC33
3B11
3A7E
3B94
BC04
3B7D
3BA4
3C14
BC55
3B18
3BB3
3BD6
3B22
BBAD
3C1F
BB89
3AC1
BC41
BC21
BC54
3B0E
BB32
BBA5
BC25
3B8E
39EB
3C30
BB4F
3CA4
39EF
BC3A
3C73
BC00
3B34
BBAD
3BD7
3AB7
3BC9
BBE5
BA2D
B993
BBEB
3B81
BBA0
3B4F
BB0A
3AE7
3C81
3BF1
3BBB
3C1E
BBA9
3B82
3BA8
3C3A
BC3C
3B5C
BBD3
BB36
BA7B
BB44
3C34
3B87
3AFC
3B37
BBF1
3BA3
BC76
3BF1
38D8
3B82
B852
3BF9
BBA4
3C24
BC6A
3AF8
3BC7
3BE1
3C31
BC21
3BF6
BB99
3B33
BC2B
BBB7
BABF
3C02
BB15
3AA0
3BBD
B98D
3A40
3AD6
BBF6
BC1B
3BDA
3C3D
BB64
BC3F
BBEA
3C12
BBF5
BC07
3B50
BC6C
BB48
BB9F
BBF7
3A6C
BC9A
39AC
BBA0
BB8D
3C0F
BB4B
3BB2
3B70
3C4A
BB15
3B32
BC80
BC52
BC57
BBEA
3C39
3C1A
3BAC
BACB
BC05
BB13
3BE0
B8F0
3C9B
BB5B
3C6F
3B68
BBC7
B94A
BB8D
3B1A
BC28
BB8C
3C9C
3BB0
BC23
BBEE
3C2C
BA88
3C85
BCCA
BC4C
BC07
BB98
BA54
3C2A
BBBE
3AD9
BA49
BC07
3B96
3BBE
3C1A
3BDC
3CD2
3C44
BBF1
3BB8
BBE2
BB20
BC99
3C0A
3CBF
3C7C
3C35
BA81
BAB2
39E1
B907
3B56
3BBC
BB8F
3C1E
BC12
BA9D
3C0B
3BCB
B9C5
B915
BC83
3C85
BC88
BC15
3C58
3C08
BBD0
3C7C
BC03
3A2F
BB43
3C5C
3B9C
3BF2
3BE1
3C2B
3BB8
3C81
BC87
3B54
392C
BB31
BBDA
BC4A
3C3D
3AB4
BBD6
3C3D
BC11
3B37
BB05
3B19
3B12
3C4F
BBEA
3C10
3B27
BC4B
3C4A
BB99
BAA5
3BDF
3AE8
3932
BBA9
3B4D
3B8B
3C6D
3B5D
B795
3B33
3B89
369B
BBF9
BA13
BC9A
BB7C
BAC4
3BBB
BA9A
BAE4
BC22
3ADD
3ACC
BAB8
BC78
3B70
BB51
3C3C
3C21
BBEF
3ABC
BC2B
BB4E
3C01
BC3E
BC29
BC0D
3C11
3987
3A97
3B6F
3C22
BBE1
BAD6
BBB3
BACA
3BDF
BA93
BC11
3BCF
BBCB
BBDA
BB52
BC2F
BB9E
3B64
3C7B
BBAE
BC68
BB8A
3BFE
BC1E
3C46
BB85
BB89
BBB1
3CA2
BC0A
BC9F
BC05
BBBA
BC39
3BF1
BB3E
BAC8
BA88
3C8C
BC25
3BDB
3C7A
3AB0
3C08
BBD6
3BA5
BC0F
BB57
3C06
3BE0
BC81
3C33
BBE2
3B4E
BB66
3B3C
3C0C
3BA5
BBCA
3B8F
3C6C
3BD8
BBC0
BC36
BC34
BC6E
3ABF
BB95
BA67
BAAB
BC5E
3BE2
BC40
BA55
B9D3
BC30
399D
3A3C
BC80
BB4A
BA9A
BB88
3BC7
BACA
BC7F
3CA0
BC16
3B9D
BBA1
38D3
3B01
BC7F
BB68
3BA2
3C5B
3C6E
3C10
BAA7
3B57
BC87
BBCF
3BE2
BC26
BC21
3BF5
3C6F
BB57
3B3E
BBBD
BC05
BB4E
3C3D
BC54
3C45
3C28
3AF9
3BC6
3CBA
BB89
3AF6
3C4E
3C23
BC2A
BB0A
BB83
3A39
3C79
3B04
BC2F
B9A5
B882
3AF8
BC1A
BBEA
3BDA
3BFD
3C5F
BB4C
3A51
BBBE
BC4E
B929
BB1A
BC21
3ADF
BBA3
3B8C
BC6E
3C82
3C21
BBD9
B934
BA30
BBDB
3BDD
3B28
3C7F
3B86
BB7B
3B76
3AFD
3B85
3A9C
3C0C
BBA0
3B76
3B9E
3C79
BBFA
3C24
3BA0
3BCA
3A50
BBC0
BAEE
3BF8
BB63
BA57
BC28
3A34
BB18
BB19
3B0C
BC0D
BC27
3BD0
39A8
BC17
3C1D
3A85
B99A
3AA2
BB80
3BCB
3BEE
3ABD
3AEA
BB13
BC7E
3B08
BC65
3C71
3BBA
BC1C
397B
BB56
BB96
3B5D
BC10
BB8F
3CB7
BA86
BC36
BB7E
3B9E
BBDB
39FB
3A22
BC07
B9AF
BA86
BBDA
3BC5
3A98
3BC8
BACE
390F
BB6E
BB91
BBB9
3BB8
3C04
3BBB
393A
BB95
B974
3BB3
BBC3
BB5C
3B81
B988
3B65
3C6E
3BD5
BBC1
3B1A
3B0F
BC49
BC85
3AF8
BCC9
3BDD
3C4C
3A60
3A6A
3A7D
BC0B
BB8A
BB0C
39EF
3C39
BBCB
BC44
3C70
3B1E
3B90
BC0A
3B89
BA27
BB94
BA38
3C0D
3B7B
3C86
3BB2
BC11
BA3A
3C35
3BF8
BB85
3C07
BC6D
3B04
3BA4
BA8A
BC6C
3B9E
BBC1
BBBC
3C8E
3B91
3C01
BB57
3C19
BC10
BC29
3989
BBFF
BBD1
BBCE
BC50
BA12
3BB1
38B8
3BB5
BC06
3ABC
BB73
3C0D
3B31
BBA2
3C38
BC4A
BC67
B860
B908
BB44
3BEF
BB33
BC1E
BA99
3AA9
BC04
3B51
3C3B
3933
BB04
BBB5
3B18
BBB4
3C56
3A94
BBA6
3B66
3AD0
BBBD
3C0C
3C3A
3C08
BBCB
BC16
BB02
BC05
BB26
3BDF
BBA0
3BB6
B90C
3C98
BBC2
3BF0
3B07
3B8B
BB83
BAF7
3BD6
3B35
3A76
B9D3
3B8B
3C0A
3BE1
3B7A
B9EB
3B81
3BAE
3B31
3BB7
3BD4
3B95
3BD5
3C72
3B2A
BABF
394C
BB96
3BAE
BC41
3B68
3BF3
BC67
BBE8
3B2F
3B1E
BB99
3BB1
3C4E
BC07
3C29
B994
BADC
3A76
BAA5
BAE3
BC57
BBA7
3B29
BC7C
3B01
BC60
BBC6
BC41
3B4A
BBEC
BBF5
BB6C
BBA4
BA32
BB9A
BA9F
3CD2
3B8C
3C00
BB3C
BBC8
BBD1
BB96
BB79
3BF5
BB84
BBA8
BB6E
39C1
3A3A
B9C6
3BD7
3C3E
BABE
3B79
3B33
3B4E
3BDF
BB2F
BBB0
BC37
BB93
BB09
BC55
BC34
3C1A
3BFB
BB55
3C06
3C19
3BCE
BB48
3BD2
BAE7
3BF5
BB80
3C27
3C07
3BAF
BB9F
3B48
BB39
B9BD
BAFF
BC15
BB0C
3B25
BBC5
3BBC
3C00
B9A5
BB81
BB64
BC56
3C98
BC8A
BABC
BAAB
BC30
3B8A
BBFC
3C0E
BB88
BAE4
BB15
3C65
3879
3C21
3BF2
3AE1
BB88
3B3C
BB6A
3C23
3C8C
3B35
BC0B
BB13
3AD7
3C15
BAFD
3C55
BA6C
BBE4
BC01
BB01
BBB6
3C3F
3C5B
3BA3
3BC0
BAE5
BC07
BB8C
3BF4
3AF0
BAE6
39E2
3B37
3C32
BC22
BC19
B9EE
3A3B
B958
3BA2
3B14
BB6A
BC06
3A49
BBDD
3BA6
3BBA
3B15
3BC3
BA0E
BB58
BB4D
3B8F
BBC5
BB36
3C32
BC3F
3C1A
BB8F
BBEF
3C23
3C6B
3940
BA82
BBEA
3ADD
BA65
BC55
BC03
3B86
BB3A
BBB3
3C14
BA9E
3B63
BC61
3B76
BBF2
3BD2
3CA8
3B8F
3C7A
3BED
3C1B
3B4D
3AE5
3B27
3B74
3B42
BA82
3C1E
39AE
BB99
3BEC
BC80
3C3B
BB17
BAD0
BBBD
3C06
BBFC
3C06
3B8E
BC29
BA9C
3A6B
BBBB
3AEC
BB94
BB24
3BF1
37C4
39C8
3B87
3C16
BAA8
BAE1
3C59
BBD3
BB10
BBC9
3B3D
BBC6
3BC8
39AC
3A96
BC7C
3BF2
3B82
BC4E
3B82
3978
BB20
3C1B
3C18
BA41
BB54
BC19
BAAA
BBBA
BC06
BC74
3BA1
BC4F
3C1A
3ABA
3C2A
3B30
BC4B
39C0
B9C5
BB96
BB24
BB7E
3C0F
3BC3
3BCB
3B94
3B17
BC1C
3BEA
B8A3
3BE1
3C63
3B4A
BC83
BAC2
BAA9
3C2E
3BC8
BC02
3C1C
BB0B
BC30
3B28
BC0D
3B67
3CA5
BC4E
3B4C
3BCC
BAE6
39D7
3BFB
BA15
3BD4
BC1B
BBCF
3B99
BC3F
3BE6
3C11
3C09
BC59
3C68
3CD2
BC8D
B8AD
3BB4
3BD6
3AAC
B9F5
BB96
39F0
3C60
BC10
3BAE
BC31
3BFF
BBD1
3B4E
3996
BA2F
BBC7
3BFC
BBCB
BBF9
3BDE
B698
BBA2
3B50
3A96
BB84
BC70
3B2B
3C2F
3C5E
3A05
B9B3
3C0E
BC03
3C12
3C67
BAD5
3C14
BB12
BBF9
3C4C
3B75
BC57
3BFB
BC02
3938
BBD0
BBAD
3C13
3900
BA93
39AD
3B23
B995
3C0B
BB37
BBB3
BBE6
3BE2
BC80
BC63
3AB9
3B23
3BAA
3BBC
BBE5
3B0A
BBD3
BC15
3A9C
B9DE
BADC
B969
BB9E
3C70
BA18
BB71
B9E5
3CB6
BC6A
3B1F
BC0E
38BC
BB46
BB17
BBDD
BAE0
BB20
BA69
BA49
3C61
BB88
BBEB
3C67
BB03
BC12
3B37
3B96
3BA0
BBA2
BC81
BC19
3B87
3C58
BC82
BAFF
3BAC
3C1B
BC1E
BC36
BC21
3B34
3B85
3B54
39D4
B97E
3881
3B9D
3B62
3BA2
BC4B
BB07
3C25
BC55
BA71
3C24
3BA3
BB0C
BB80
38EE
BACF
3BBB
B91E
BA9B
3BF7
BBBC
39F4
3B48
3C3E
3B6F
3A1E
BABF
BBCF
BC29
3C8D
BBC9
BB96
3B98
3BE9
3BB9
3BB2
BBDC
BBE0
BCBD
3B96
3A25
BB61
BBE9
BC42
BB38
BA97
BBCB
BAD1
BB9C
BB97
BB1E
BA9F
BB24
BC96
3B85
BC2E
3C4E
BB81
3C37
3B0C
BC51
BB5E
3A9C
BA5B
BB3C
3A5F
3B06
BBAD
3BA0
BB39
BC28
BBC2
3BDC
BB5D
3C34
BAC9
3A9E
BC2A
3BFB
BB74
BBA7
BA98
3C3A
BB60
3C37
3B88
3C02
BB30
3B74
3C87
3B8C
3B09
BC24
BABB
BB15
BB95
BA07
38F7
3B9A
3BA5
B999
BACA
BB85
BBFA
3B5E
3AB7
BA1B
BC40
3C69
3BEF
3C77
3ABF
3BA0
3C11
BC2F
3CB4
396A
BB26
3AB2
B986
397C
BBA1
BA6F
BBAC
3C5B
BBC2
3C73
3AA5
B9F7
BC2A
BB8B
BB12
3AD2
3B9C
3B1F
3BFF
BC2F
BB3D
BBE5
3C37
3BDE
3C03
3BBC
BB89
BBF3
3B21
BB9F
BAB1
BBA4
BBF9
3B12
BBCC
BC14
3B47
BB2C
3C58
B9E1
3B87
B86A
3B1B
BC2C
3BEC
BB8F
318C
BC24
BC0F
3AE2
BB90
BBF7
BC3D
BB4D
3B7F
BADC
BB8A
3B81
BBA8
3C7E
BB25
3BAA
3B89
BB54
BC28
3B6B
BB4B
3A81
BC31
BA96
B939
3C25
BC03
3C5E
BC0D
BBC4
BB5C
3B7A
3C57
BA16
3A6D
BB91
3B14
BAB4
BB9A
3B64
3AF8
3C49
BBF9
BA36
3B5C
3B06
3BBE
3BD8
3A59
3B7E
3B84
BC2B
3C2E
399D
BBFD
3A8C
BBCD
3B60
BC37
BBEA
BC15
BB86
BBE7
3BAA
BAA4
BAE9
BC17
3C17
3C71
BBA2
BB46
3B6A
B999
BC07
3C31
BBC8
BA33
3C35
3B20
3AC4
BB98
BC24
3B20
3BF7
BB7F
BB1B
3B19
BB07
BBC8
BB2C
3C14
BBB4
BB4B
BBA0
BB47
3BC5
3BFE
3C73
BB5F
BB6B
3AF8
BAE6
3C73
3A22
3B83
BCB8
3B17
BCA2
BB9D
BAF9
3A4E
3B90
3C91
3C0C
B6DF
BB7D
3BE5
BC4B
3B01
3B89
3C1A
3A9C
BABF
BC35
3B28
BA83
3B53
3C5A
BADA
3B48
BC1C
B9D4
3BC0
BC59
3B91
BC1F
3C71
BA87
3B8D
BA65
3C1F
BABB
BB06
3B90
BC3F
3C1B
3ACB
3C96
3C3D
BC82
BB8F
3BAC
390F
BB9A
BC33
3CC3
BBC0
39F3
3BA2
BA04
BA82
BAAF
BC1F
BB4E
B9F3
BC3F
BB52
BC0F
3B93
BAC6
BC2B
BBD0
BB01
3B56
39C4
3C1D
BA24
BC72
39A0
BB58
BC44
B8ED
3BD4
3A97
BBE8
3AEA
BB39
3C25
3B34
3BC9
3BE6
BADA
3C20
3B96
3C78
BC20
BAEE
3A9F
3C18
3B34
BCD0
3AE0
BC16
BAE4
3B08
3AE9
3C3A
BB58
3B3E
BAFE
BC19
BC6E
BBF7
B984
3B41
3C2F
3B56
3CCC
BB66
3BAB
3B12
BBD2
3C0C
BC6A
3C17
BC12
BA8E
3C4D
3B3A
BC35
3C1C
B9E3
BB1D
BC13
BC85
BBC6
BC0D
BA0E
3C5A
BAD3
BC3F
3A9F
BC6D
BBF8
BC43
3B94
3B89
3BFE
BC0F
3B9D
3BD0
BA6A
3BE0
BC6E
3AE0
3BBB
3BC2
3B1F
BA3D
3BC5
3C9A
3A6C
BC01
3C3F
B99E
3C33
BA94
BC11
3A79
BB8A
BBC1
B901
3C42
3ABB
B93A
BC19
BBE0
3C2F
BC36
BB9F
3C35
3B27
BCE2
3BAE
BA4D
3C13
BAB4
3A6A
BB7F
BC3F
BC15
BB07
3B24
3B48
3AE7
BB9A
BB87
3C2F
3B1F
3A43
BBD4
BB7A
3A97
BBF6
BBA3
BBDE
BC65
3C37
3C80
3CFD
3CA6
BB45
3A99
BC3D
BB77
3B1B
BB9D
BB4C
3BB6
BC0A
BA9A
3B29
3BE3
BA47
BB45
BC35
3B73
3C61
BA89
3BE8
3AEA
BB41
3C58
BC47
BBFA
BB72
3C80
3C6B
BC04
BC88
B8E9
3C41
3C5A
3BFE
3BAC
B937
BC62
BB38
3CAE
3BC4
3C25
BBBB
BC3E
3B07
3C84
3BA2
3C5B
3BC4
BC82
BA82
BC5C
BB5B
BAE9
BC21
3C13
BA7F
BB8E
BC2A
BBA8
3C48
3B3A
3BA0
BB8F
3C4C
BC02
B985
BB43
BC17
BBD9
BB1C
BC4C
BBB2
3B51
3C4F
3B60
3A04
3B05
BBD8
3B8F
3BAE
BC40
3C06
BB30
BC3E
3B81
BAE5
3B61
BC68
B9C7
BC27
BB36
BB54
3B71
BC38
BB30
3B2D
3A89
3BA6
BB33
BB4A
3D0E
BC0B
BCBF
3BDB
BB41
BB95
3BCA
BB91
BB90
3BA4
BC50
BA9F
BB04
BC22
3A08
BB89
3B9C
BAD5
3AD4
BAF7
BBC3
BBE8
3AF6
3B49
3B30
BB47
BB5A
BC01
BC04
BB98
BBBA
3C2C
BADE
3BEE
BC02
3BD1
BB8F
BBFB
BBB5
3C07
3C1A
3C29
BC68
3C90
BC42
BBFA
3C08
3C5C
3BE2
BC3E
BBDA
BC40
BBEB
3C26
BBA7
3C5E
3C05
BC0A
3BBE
BADB
3ABB
39A3
3A9F
3AC4
B9CC
3C0F
3B46
BB96
BC66
3BD3
BC60
3B1E
BB96
BC1C
3B81
3B68
39AC
BC2D
3C52
3C34
BC15
3C13
3B95
B843
BB69
BC0E
3A22
BC73
3BA6
BB84
BB78
BB4A
3C27
BB6B
BC04
BA49
BC39
BB81
3BAD
BB9C
3BEC
BC64
3BA2
BB51
BB05
BB42
BC18
BC59
3B9D
BBEE
BC36
BB1F
3B4D
BA26
3B0C
3AB4
3BA0
3B8F
3C2A
BBFA
3B83
3A75
3AA8
3B93
BA85
BBA1
39AB
3C16
BC3C
BAF4
3C85
BBA7
3AF3
3B78
3BEE
3BB7
BBAA
BBA0
B9DB
3C96
3B04
3B39
3B7D
3BF8
3C1A
3931
BC02
3AD0
BC07
BAD4
3ADC
3BB9
3C26
3C56
BBC7
BB7F
BA08
3B1A
3C39
3BE2
BAD4
BC1D
BB28
3C86
BBF9
BB9A
3B3F
3B8B
3C1B
3BB9
3C04
BADA
3C13
3BFE
BBE0
3C3E
3BAA
3AA4
3A19
BBB9
BB09
3BB9
3C08
3BBD
BA0E
3AEE
BB33
BBDB
BB63
3C42
3C5A
3B96
BA97
3C2B
B888
BC60
3A99
BC2A
BBD3
BBD2
3B0B
3BE8
B9F0
BC02
3B1C
3B34
BBF1
3AC2
BC28
3C33
BC36
BA30
BB8C
3BF8
BBD7
3BD3
BB78
3C37
37F1
3BF4
3A33
39BB
BC04
BB56
3B8E
3B4A
3C0D
BB1C
3C32
3C92
BBF6
3B92
BB91
3C18
BB87
BC0C
BBFB
3C05
BB42
BBBB
BC45
BAAB
BB98
3B82
BAA7
BC86
BA0E
BBA5
BC27
BC25
BC4E
3B30
39B6
BA96
3C9B
3C14
BC29
BB2D
3B7B
3B17
BB13
3C11
3B0B
BB95
B999
BCD9
BCB8
BC07
3BF8
3C48
BBCB
3B1C
3BA2
BC27
BCA5
BC10
3AF3
3A5E
39A0
BC6F
BAE1
3B89
BADC
3B5E
3BF5
BC8D
BC06
3B80
3A67
3C79
3BED
BC50
3C94
3ACC
399D
3A36
3BED
BBB1
BBAB
BC22
BC03
BAAF
3C36
BA0C
BC34
BA87
3BE0
BC60
3BBE
3B97
BC2F
3B52
BC70
3BEF
3C25
3C03
3ABA
3C6E
3C04
BBCD
3B79
BA02
3C09
3C30
BB0B
3C3C
BB8D
BC15
3BE8
3AE7
BBE5
3BEE
BC6F
BA30
BB97
3BE7
BC1B
3BDD
3C2D
BBDB
3B46
BC2B
3BA2
3B99
3AEE
3C38
3B00
3C8E
3B84
BBAF
39FF
BB76
BB9B
3B27
3BCE
BBB5
3B0F
3B97
BB21
BA9B
BBFC
BA89
3BD7
3C1D
BC01
3C91
BB85
BA8F
3BDA
BB12
3C67
3BAC
BC53
BB32
3C40
BB8A
3C40
BC13
3C2B
3C41
BC12
3B42
3B4F
3AF6
BC22
BB26
3BF1
3C08
3AA5
3BBB
BC20
BB46
3953
3B91
3C40
3A8B
BC30
3C64
3B15
BBDE
BC20
3C8E
3BB4
B9E1
BBFE
BBE9
BB0A
3C63
3C2D
3BCF
3C2A
3C43
BB3B
3C1E
BB94
BB81
3B3A
BB91
BB53
3BAC
3B7C
3C4D
BA53
3C2D
3C2C
3BBE
3B88
3ACA
3BB9
BBE1
BBE0
BC13
3B8A
3C3C
3C04
BC19
3BA8
BC04
BB29
3C3A
BC46
BC3D
3AA6
BB09
3BBB
3C2F
3C00
BBBA
390E
3C9F
3BA0
BB14
BC0B
BABA
BB50
BC02
BB84
BC0A
3C69
BC83
3C0B
3A5E
BB84
BC8D
39F1
3B7B
3C06
3C2E
3A6C
BBDB
3B79
BA79
3B29
BC54
3A91
3C7A
3C61
BA56
3BAD
BC42
BA35
3C15
BC2B
BB69
BB27
3C36
BBA8
BC6A
3C81
3B55
3AF2
3C65
3C0C
BBD3
BAD7
3B23
3B70
BBC7
BC01
BBF8
BB8C
3B1D
3C86
3C0E
3C15
BCA3
BC39
BC3C
3BF5
B937
3A41
B997
BBE6
BCA5
3B84
BBB0
BB0E
3BD5
3C2B
3B2E
BAB0
BC47
BB71
BC21
3A0B
3BA0
BBD5
BC36
BAC0
3C10
BBE1
BB9B
BB67
39E8
BB85
3C7E
3BB3
3C71
3C26
3AC6
BAD8
BC28
3B8C
BC6F
BB88
BAFB
3BD1
BC15
3C33
3C51
BBEB
39F4
BC49
3B45
BC41
BC03
3A88
3BAA
BBD1
B93E
3BC8
BC6A
BB88
3BDF
BB0C
BCA0
3B01
3ADF
BB2A
BA41
3BA2
BB1A
3BD7
BAD8
3B70
3BAE
3B2C
BB66
BB10
3AFC
3C11
3AB6
BC44
3B2E
3BC5
BB49
BC12
BBA9
3B6F
BC4A
BBD0
3B6F
BAB4
3AD7
BAAC
3B49
39F5
39F2
3B9D
3C21
3B71
3BB2
BC21
B9EF
BBF0
3B9E
BB8C
3B12
BBF3
3C24
BBAE
BC39
BC1E
BAAF
3A4C
3B8B
3C53
3B85
3BAE
3C0A
BB77
3C64
3B62
3A43
3989
BB85
3C3A
BB88
B96D
3C62
BC10
3BDF
BC3B
BBF4
BAD4
3A84
BC5F
BB9F
3C23
3B4D
BC3B
BBA2
3B59
3A83
BBFC
3BC9
BB77
3B39
3AA3
3ADC
BBF0
BB57
3BE3
3B07
BA41
3C27
3C00
3A8D
BC81
3B6C
3A74
BBA0
BAE2
3C06
BB95
BBD7
BC59
BC19
3BB3
3C3B
3C0F
BC12
BB9C
3B36
3C23
3C28
BA37
3AEB
3A75
BC6C
BAEB
BB47
3BCC
BAF4
3AC1
3C0C
BC73
BB51
BB76
BC16
3B77
BAF5
3C0C
3B36
3AD0
BB89
3C54
B9DB
3B93
BB62
BC79
BAF5
BA1F
3B65
BBD2
3BEB
BC17
3BCF
3BE8
BC98
3C18
BC3A
3B91
3BFF
3B11
B8AF
BBCF
BC2B
3AF0
BBE0
3BF8
BBBA
3B72
BBAC
B9BE
BBE8
BBA9
3A27
3A8C
3BC4
BC3D
BBBC
3B4B
3B9A
BBCC
3B3B
BB5C
3B6B
3B8F
3A13
3A74
BA5F
3CBA
BAC2
3C04
BC51
3B9A
BC4E
BB39
BBB1
BC03
3B2C
BC08
3C17
BC4A
3BB2
BC1D
3A87
BBAB
3BCE
BB27
3B74
3C1A
3B35
BC81
BBE5
BC14
3C26
B8C9
BC37
3BBD
BA38
38EF
3C74
BC15
BB42
3C0E
BB81
BB2A
BB4F
BAA9
3C47
3B41
BC28
3BAF
BBAF
3BA9
BAFD
3C5C
3AA0
3A87
BBFD
B949
BC14
BB10
BC07
BABA
3BE7
3C1F
3A37
3B6F
3B9C
BBA9
3AD8
BBB3
3BE7
BBE6
3C99
3C33
BB95
3C09
3BC8
3A05
BC05
BB8F
BB9C
BB72
3B11
BB10
BC72
BBF4
39B3
BC4C
3BB1
BC0E
BC88
3C4E
3C33
3C35
BBA2
3BA0
BB61
3C01
39B0
3C92
3BC3
BA14
394D
BBB2
BC5F
BBD6
BBBE
3AAC
BB4D
BAD3
3B6E
BA69
3B23
3B78
3BBB
3BD1
3C30
BC7D
BAB9
3A4F
B9F9
3BA8
BBD4
BB80
BC29
3AFF
3A5D
3B0F
BC50
BC85
BB4C
3C08
3AF4
BBC9
BAE6
3C6C
BBDD
3B89
BC13
3AFA
BA77
BBA2
BC42
BC61
3BAE
BB91
BC0C
3B04
BC07
3BA0
3C23
3BDE
3BA2
BC17
BAF4
3BD0
3C4F
3B8B
3B20
3BEA
3B0A
3BA8
39E4
3B2F
3B2E
BB77
BC82
BC28
BB93
BC08
3C42
BC14
BC1A
BB49
3A4A
BADA
BC6B
3C36
BBF6
BBFA
3A57
BC0B
B96C
3C12
3C3A
BA20
BC23
3BF2
BA92
3ACF
BBB3
BB85
3C74
3C12
3C1F
3984
3B29
BC75
BADD
B8FF
3B26
BB4F
BBA5
B983
BC12
3ACB
BC47
3B26
3B57
3C1A
BC1F
BC26
BBAD
3A98
3BBB
3C1E
3B99
BC4D
BA36
3B19
BBD4
BB49
3982
BAB7
3BDF
3BA4
BB36
3BB9
3B96
3B12
3C36
BAAE
3C39
3C37
3B26
3B9E
BA10
3B9C
BBB2
3B14
3B52
BAD8
BCB3
3C93
BB50
BBAD
BC27
3B12
3C32
BC0F
3BD9
3C02
BBBE
BC2F
3B69
BB3B
BC2F
BBF9
BB13
3C12
382E
3B41
BC1D
BB51
BCB5
BB08
BBAC
BA87
3C2C
3BD9
BC05
3BFC
BB8D
3C6D
3BFE
BB8E
3BC8
3973
39B8
BBA9
3BDF
3C2B
3BB4
BAA0
3B0D
BC66
BBB0
BB89
B993
39C0
3C90
3B0B
BB9E
3BDE
BB8A
BC36
3C48
BB39
3AFB
3B81
BB08
3A9A
3C23
BBF9
BBBC
BC1E
BC7F
3CA7
3C39
B998
B9ED
BC19
BBC4
3A68
3C11
3BB1
BBDA
BC4F
3BA3
3BF3
3BFB
BC5B
3C34
3ACE
BB00
3C67
3C39
3C03
39AE
3B51
BC0B
BBA7
3C11
3C08
3C0A
BB22
BB80
B9BD
3B49
3C18
3B14
3869
BB81
3C78
3C71
3C01
BB91
BC28
BB30
BB1A
3C5E
BC46
3BF9
3B00
BAAD
BA1D
BC3C
BBD6
BB94
BA8D
3AF1
BB01
BC54
BC37
3B31
BC4E
3BEA
BB14
BC22
3BEE
3BAA
BC14
3BE6
3C69
3B6D
3B92
3AFA
3C42
3B2E
BC81
BC81
BB81
BB6E
3B18
BA15
3BAA
BC23
3ABE
3AA4
3B0A
3C05
3C5B
BBBC
BA54
3A89
BB14
3B50
BC33
3C10
BA7D
3ADA
BB3C
3C28
BBB3
3C66
BB6F
BB38
3B92
3CB7
3AFB
3BC4
3B92
BB22
BB88
BBB0
3A54
BBA9
BC25
BC4A
3BD5
3B5E
3B4D
3A8D
3C0E
BBF8
BBA5
BB9B
BB05
BB8A
3AF0
3B44
39FB
3A8B
3B17
BC4B
3B17
3C5D
BB03
3BBF
BB7D
3BD4
3BDF
3A12
BB4F
3B07
3B92
BB25
BA95
3BFA
BBB8
BC64
3CB9
3BB4
3C21
3AC2
BC88
BCB9
BBC5
BB85
3BB1
BC29
BC0C
3B8F
3C2C
3BFF
3BAE
BC1B
3A0F
3C63
3B76
BC1D
3B3B
BC19
39E6
3C4C
BBA9
3B02
3A95
BB84
3BA0
BB26
3BB7
3B22
BC72
3C0B
BB1E
3A9F
3B93
BB99
BC00
BAE3
3BB6
BC2F
BB6C
3CAB
BC89
B8C0
3B81
BB27
BBCE
3BAF
BC4C
BAC4
BB25
3BF1
3C89
3B1B
BAE1
BC15
3BE3
3BD0
3A9E
BBA9
BB85
BBFE
BA02
3B5A
3B81
BAAE
3C19
3B52
BB64
B952
BC58
3C7F
BAC0
3BA8
BA11
3B4A
BA79
BB2F
BC77
BB2A
39D0
3BAB
BA53
3B9B
BC3C
BB25
BC41
BC03
3CBF
BC1B
BC9B
BBAB
BB18
3BB6
3BDE
BA21
BBA1
3C2E
BB90
3BDA
3BEB
BB22
3B95
BBD8
3C11
3C27
3B97
BC19
BB9F
3C23
BA1A
BC0A
3C23
3C58
B995
3C21
BBB0
BC99
3C8F
BBD4
3C84
3A76
BBA8
3C2B
3B97
BBBE
3B63
BBC0
3B86
3C0B
BC0D
3B4A
3C4E
BC95
BA6E
3BC3
BC51
3AC6
3B5D
3C25
BA5D
BC94
BC66
3B7C
3C1C
3C58
BB4A
BBC9
3B90
BBF6
3C6C
3C6F
BC3E
3B6D
BC0F
3B3C
3B02
BBED
BC11
BC1C
BC2C
BC3C
3A2A
3C09
BABC
BC97
BBC0
3BC0
BB66
B846
B938
BA87
BB99
BB7D
BA40
3B2B
BBEA
BB13
3B30
BAA3
B935
BBA7
3B67
3BD8
3C02
3BCE
3BBB
3AED
BC1C
3C1B
3B78
B889
BAC7
BC8E
3BEE
3BF6
B9A1
3976
3C1F
BCE4
3C1B
BABE
3BD9
BAEA
3BD6
BC68
BAC7
3C4C
BC3E
3B16
BAD6
3BA0
3C2A
3C00
3B2A
3A25
3B28
BC5F
3B3B
3BC5
BB45
BBCA
3B46
3980
BA97
BC11
BB55
BC6E
3C62
BAE1
BBE4
BAD2
3C2B
3B7F
3B35
3BE1
3C99
3C47
B9CE
B90C
3C02
BB2B
3AFA
BBDE
BC2E
B90C
3BF8
BB05
BA2B
3CA5
3C35
BC1C
B9DB
39C9
3B9B
3C27
3BFD
BBBE
B8F8
B95C
3CB5
3C08
BAA4
3AC3
3B5F
BB5F
BC08
3B63
3C90
3CA4
BB89
BC97
BA6B
3C2A
B98B
3BCF
3BFA
B9FB
BBE7
BC8A
3BED
BC5E
B9BC
BB05
3C25
3BC5
3A6A
3B75
3BDB
3C14
3C63
3A49
BBF9
37E8
B9A4
BC13
3B2A
BC05
BA79
BC10
B922
3B4B
BB28
BAF0
BBAC
3B1D
3C76
B919
BB4B
3B9A
3A99
3C1A
BBA1
BC79
B940
BBCB
3BD0
3C16
BC3B
BBFC
3AC1
3B87
3B7A
BC38
3B03
3BD5
3BFA
3BD9
B8DF
BC27
3C03
3B62
BA22
BC14
3C0C
3BB3
3A4C
BADA
3C08
38B3
3BD3
BACC
BC19
BB3D
3C16
3AE4
BC42
BBBF
BCFB
3BF6
3B27
B981
3ABD
3C7E
BA60
BC82
3AAE
3C03
BAEF
BC98
BC22
BC42
3B27
3C58
BC24
BAD5
3B4F
BAD2
BB9E
BC1C
BB03
3CA8
3B27
3B41
3CE0
3B3A
3BF3
BB98
BB31
3BC9
38E9
3C04
BC70
BB9C
3B9E
3C81
3C57
3B1A
3C67
BB86
3BEE
BB81
3C07
BBCD
3B73
3C79
BCC9
BBE5
BC2D
3C15
3C00
BC21
3A84
3C1C
3BA8
BB18
3AFB
3C8B
3C68
3B87
BAC9
BC40
BBB7
BB3E
3C80
3BAB
BB88
BC15
BC3A
BB2C
BC97
BBF6
3AEE
3A54
BC54
BA95
3BDF
3B49
3C1C
BC60
BBF2
3BE0
3B0B
3BC4
BC2E
BA90
BB0B
BBE2
3A14
3C29
3AA8
BB3E
BB5D
BBFB
3C66
3C1E
BADF
BC2B
BCA4
3C35
BB10
3B0E
3BE4
3B0B
3C3D
3C60
BBE7
B7F2
BABA
BBC5
3C24
3998
BC9A
BA61
3C79
BC3F
3C5C
3C19
3BF6
3A88
3BB9
3C5A
3BB9
BBE8
BC2A
3BF0
3BDF
BBDF
3A0E
3C04
B9FC
3B99
B8E0
BB8D
3BFA
3B97
3C4B
3B35
3BC4
BC31
3BF2
BBC5
BC78
BA1A
BA1B
BBE5
3A6B
BB91
BABE
BBCE
BB76
3C46
BA98
3C14
BB78
BBCD
BC8A
BC83
BC4D
BC0E
BA35
3B29
3A93
3A33
BC15
BBC4
BC88
3B6C
BBE7
3B17
BBD5
3AA4
BC48
BC75
BAA3
BC58
BC6A
BA53
BC55
3A0A
BC18
BB1C
BB39
BBE2
3A2A
3BA8
BBA7
3B7A
BC3C
3B79
3C5B
3AFA
3B71
BBB5
BC5E
BC12
3C00
3BB0
BB85
BB44
3AC0
3C25
BC2E
BC06
3B8F
3C8B
BB66
3C05
3ABC
BB66
3C23
3AEB
3C13
BAF2
3AEB
3BA2
3C26
BC6E
3AFD
3C87
3B2B
BB36
BC54
3AF7
BB68
3BB7
39DC
BB0C
BBB5
3BB2
BAC3
3BAF
BC54
BC62
BC15
3C3A
3BF5
BC92
3C50
3B08
BAB9
3B5A
3AB3
3B14
BB72
BAED
BC5B
3B47
3BE3
BB7C
BC18
BC20
BBB2
3B05
3C90
3823
3C79
BBA8
3BB8
BC09
BB8E
3C87
3BB6
BC00
3AAD
3CA1
3B26
BC18
BC0D
3B4F
3A85
BC32
3BD3
3C57
BAC0
BAF4
3AB1
3BBE
BAD9
BBA8
BB87
BB9E
3CAD
3B95
3CA1
3C1A
3B8F
BC04
3C20
3AC2
3AB0
3AC4
3C4F
3CA1
3C08
3BF3
BC22
3C38
BC3B
BAE4
3C10
BB7D
BB96
BBD5
B9B5
BC0C
BAAF
BC4E
3B54
3BA4
BBFD
3C0C
3BFB
3C0B
3B12
BBA6
3C1A
BC00
BAAF
BBA9
3B9E
3C1E
3B91
3C6A
BBA2
BC33
3C3D
3A71
3B29
3B8B
BC67
BBD7
3BA7
BA6D
BBBE
3B04
BA94
3BA1
3C09
3B96
BBAA
BBD3
3C0E
BBBB
BAE5
BBFE
BB56
BC22
3C3A
3BEF
3BB4
BBA7
3A37
3C38
BC1D
3B6F
3BEC
BB92
398F
3B22
BA7C
3C45
3C19
3C4A
BC5B
3A72
BB6D
BBB1
3C11
3B59
BB94
3C36
3C3B
BB48
3C0F
BC8E
3B32
3C1D
3AD1
BAAB
3BB4
3BDB
3AA7
3B16
BA88
3BFC
BAA6
3C66
BC70
BBF3
BBF5
3B83
BAAD
3B6F
39D9
3C05
BC04
3BA0
3CA1
3C73
BC8E
BBE2
BC0C
3A25
3B36
3B9D
BC72
3B93
BC7A
BBCE
3BE7
BC5A
BBB6
3B97
3C3A
3C1D
3C68
BB5B
BB3A
3C8C
BB80
3B85
3BE4
3C54
BA82
3ACD
3C1E
BB16
BC7A
BC66
BC53
BAEA
3BF6
3C4B
3C4B
3BF3
BBB4
BBF8
BC0D
BC34
BC21
BB7E
BB23
3C96
3C4E
B80F
3C31
3BE0
BC10
BB71
3A3D
3B40
BC7C
3AAD
BC2F
3BA7
3BC8
BB5B
BBE6
3B8B
3C6E
3BB7
3B75
38A1
BC01
BB26
B8B0
BBAF
3BF4
3AED
3AF4
39D5
3A80
BC4D
BB6B
BBC5
BBB0
3A98
3C15
BC0A
3BC4
BBD7
3B22
3C38
BC8A
3B65
3C03
3A98
3BC3
3B19
3A9C
BC05
3BA2
BBA5
BB68
BB91
3A35
3C38
3895
3C4E
BC3F
BBC1
BBC0
3B4C
BB74
BAA5
3C10
BB76
3B57
3BDD
BC3D
BB94
3B14
BA85
BA8C
BB53
3B82
3B12
BC95
BAA9
BC18
BC6A
BBA0
BB19
BC0E
39AB
BA52
3C25
3C86
3B74
3BE0
3C1A
BB26
3BBC
BC21
BB41
3C9C
BA22
3B3A
3C12
3C05
BBF9
BC3A
BB4F
3BF7
BB9E
3AA8
3C08
3BE9
BC41
BB42
3B97
BC03
BA96
3B59
BB89
3AC8
3AE0
B94D
3C61
3B3D
BC94
BC05
39ED
BB68
3BFD
3B28
BB3B
BA27
3BE4
3B5F
BAC0
BB73
BB83
BB34
BBB5
3B2B
3AEC
BBE2
3ACA
BC9B
BB88
3BCF
BBA5
BC23
BC0B
3BB3
3BBD
BB2D
3AE4
BB10
3C92
BB8E
BC19
3C68
3B08
3C3B
BBE8
3B69
3B87
3BE7
3C3B
3C00
BBC4
BB40
3BDD
3C03
BB78
BBAC
BBED
3A56
BBED
3C96
3BB5
BAED
BBCD
3A36
3B01
3C4A
BC44
BC92
BB8C
3C22
BB48
B8CD
BB8F
3BAC
3C32
3B4E
BABB
BAF8
BC89
3B4F
BA5B
3BEB
BBAA
3B34
BC7F
BBEE
BBA8
3C56
BC06
38E3
BBC6
BACE
3C04
BAFD
BB0E
BC4C
3A0A
3B02
3C4C
BC13
39BC
3A22
BBAE
3AB1
3C0C
3A85
3C28
3B9B
BB7B
3B62
3AA7
BB51
3C56
BB20
3C07
3BA9
3C10
BB46
BC02
3BFE
3B21
3BBD
3BCA
BAB8
BBBA
3B73
BBB0
3BA4
BCCC
3BCA
BA6B
BAA7
B88B
3BD0
3B35
3B18
3BB5
3AFC
BC6A
3CAA
3C2E
BC10
BC56
BB79
3B9A
3B75
BC7D
3B4C
BC5A
BC52
3B7D
3C15
BBC2
3B10
BC5C
3BA3
BBD4
BBC6
BBC8
3BF1
3AA0
BBC2
BC73
3C45
BC37
3B04
BBB2
3A09
3B5E
3C3D
3C24
BC96
3B1A
BBAD
BB87
3B15
3C28
3C70
3BB7
3A8B
BC3C
3B9A
3C06
BC2C
3ACA
BB29
3BA7
3BB4
BC0E
3BD7
BA85
BBDA
3AF5
BB9D
3C66
BBE2
BBF5
BBD0
3BB0
BC15
BC39
3BBC
BBC0
3B19
BC71
BC0C
3AAC
BCD9
3B77
BC41
BCF2
BB03
3C0C
3C1B
BBA6
BBE8
3BAD
B884
3C2C
3C46
3B26
BA77
BB76
BB8B
BB40
3B21
BC0C
3AE9
BB99
3C0D
BB97
BC21
3B43
BBBC
BB26
BB94
BCA6
3C68
BC2F
3AF8
3B69
BB9F
3C38
BB72
BB49
3993
BBE7
BC7C
3BB1
3C41
3C6D
BB83
3A8A
3C86
B9A4
3C3F
BAEC
BBD2
BBC8
BC4A
3BFC
BC44
BC80
BC07
3B24
BC2B
BB77
3C77
3C3D
BC3B
BB6B
3C07
BC5C
BC02
BA89
BC02
BBD1
3B9B
BA0D
3B37
3B13
BBCA
3B8B
3BC3
BC57
BC12
BBA5
BB26
3BDE
BC0A
BA34
3BE8
BC77
BBD6
3AEF
BA5C
3BAE
BB23
BBB0
3BF8
3B2C
BC67
3C2F
BC23
BB8A
BB3F
3B05
3A3D
BC3D
BBA3
BA19
BC50
3BA7
BBC1
BB9D
3C49
BB3F
BBFF
3C19
3C1C
3C43
BA5D
3CEA
BC1C
BBC4
BC38
BBE9
BB57
BBBA
3B90
BBBD
3C01
3C6A
3A83
3B31
3AAC
3C3E
BC8E
3BB5
3BF7
3B5A
3BAB
BC35
BB9B
3B87
B95C
3B29
3BCE
3AFB
3C4B
BC05
3BE6
3A82
3C02
3A91
3C3E
3B94
3B28
BBF9
BB42
BBFC
BB08
3BF0
3B7E
BC11
BC1A
B98C
BB8B
3BAA
3BC1
3B93
3AD9
3C23
3A8D
BC4C
BBB1
3C16
3C38
BC43
3B23
BBD9
BBB2
BC16
3BB7
BBAA
BC5A
3C60
BBC6
BAFE
3A82
BB64
BC49
3B16
3C12
3B02
3960
3A82
BC1A
3C07
BBE4
3C20
BB9C
3C04
BC6A
BA59
BA45
3AAE
BB84
3A27
3BB0
BB81
3C8C
3BCF
BC56
3B18
BB86
B941
3AD1
3BB9
BB3A
BB7D
3B99
3B45
3BB3
BBB4
BB93
3C3B
3ABB
BBA9
BB9E
BB3F
BA30
3BA6
BA9E
3CDB
BAD4
3BA2
BC0F
3AC2
BB8B
3C65
BBB2
3C04
3C4A
3B46
BB04
BC3B
BBE0
3B76
B629
BC65
BB7F
3B36
BB6D
BBB4
3C49
BC0A
B8D3
BC00
3BB6
BBCF
B81D
3AA7
BB14
BBCD
BC53
BAF5
3BB5
BB6A
3BFF
BB74
BB99
BB02
BA3D
BC46
3478
BC0B
BAA2
3B4C
BAC1
BAF9
3C76
BB15
3C21
BBDC
BC0B
3A26
BB82
BBCF
BC0D
3BC1
3B20
3BE7
39BB
BB02
3BED
3BC8
3BE5
3BCF
3C27
BBEF
3B52
3B63
BC00
BB48
3BD1
3C3E
BAB0
BC1A
3C11
BB7C
3C57
3A9F
3BB3
3BFF
BB60
BC0D
3A18
3AFB
BB04
BC1A
BBA8
B96A
BA9C
3898
3AFC
3C17
BB3F
BAB1
BB02
3C57
3952
3B81
BB46
BB12
B904
BA84
BC89
3BD3
3AC2
BB07
B9F3
3C09
3A21
3AC7
3B28
3C77
BB39
3BDF
3BBC
BB32
3BD4
3C0F
BB88
3A99
BC76
3A38
3C3C
BC15
BB97
BB1D
3C06
3BCB
BB00
3BD3
BC1B
3C18
3B0D
BAA0
BB91
3A1B
3B5C
B685
BB34
3B4B
3C01
3BCC
BBAB
BC76
3C88
3C2D
3C6E
BBA0
BB96
3BB5
3CC0
3C6D
BB7B
3A19
BBDA
3BE6
BA41
BC3F
3C69
BB76
3B88
BC15
BBB9
3B2B
BC20
BC30
3ADB
BB9A
BC51
3BE0
BC2E
3BAF
BC48
3B8B
3BCA
3C4A
3C43
3BBA
3C00
3884
3A49
BA28
BB6E
3B73
39B0
BBE3
3B33
BB2D
3C8B
3BE5
BC0C
3C1B
BC0B
BB85
3A9E
3B2B
BC0D
3BA9
BC6E
3B79
3C69
BB77
BC2F
3C7C
3BEF
BBBF
3B82
BBC6
3BFE
3B65
BC7D
BB85
BB1E
3B87
BC8F
BB5D
3B93
3C54
BC14
3CA0
BC8A
3B18
3A9C
3C09
3B08
395F
3BAC
BC04
BBBC
3B39
BAF7
3BE8
BCA2
BC11
BB0F
BC96
B937
3B82
BB81
3C2F
BBA9
3B9C
BC50
3C0E
3C25
BBC0
BBDB
BB95
BC0E
BBE3
3B01
BBFD
3B7E
BBAD
3BAF
3B5C
BABB
3B4B
3B1B
BB6C
3BFC
3B80
3B0E
BC7C
BCB1
3A89
BCA2
BC34
3A58
BC0E
3B83
BC82
3B84
3A58
BBA6
BA7B
3BAA
3A33
BBF1
3AAE
BB39
3B53
3B92
3C16
3A2E
BB84
BC03
BBAE
3C56
3B8F
3B6A
BB36
BA5C
BBE6
3C59
3B1B
3B05
BB9F
3905
3A70
B768
3C8D
3C38
B9B8
3C1E
3B3A
BC1C
3C26
BC00
3CAA
3B9C
BBBD
BBEC
BB7E
3A21
3BCE
BB6C
BB99
3A94
BB37
3C4E
B9A2
3C5F
BC61
3B14
BB45
BB8F
BC1C
BBFE
3B69
BBD3
3B52
BC60
3AD0
3BAC
3AC5
BC5C
3C31
B7CC
BC6E
3B30
BB90
3A40
BA7F
BC04
BB98
BB06
BBA6
3BEF
BC30
3BCE
3C93
BB92
BB53
BBD5
3BAB
38FC
3C34
BA6D
BB43
3AAE
3B90
B9E1
3CC4
BC2D
BB9E
3BAE
BB0F
BC53
BCA3
3C11
BA3E
BBEE
3B03
BA09
BC83
BC63
3B88
BBC5
3A55
BC00
3C3F
BB3B
3C0F
3B8F
BC03
388A
3BC3
3B2A
BC36
3B7C
BB25
BAEB
3BD9
3B86
BBF6
3C20
BBDC
BB83
3BC1
39E7
3ACC
3B11
BB6D
3ADB
BB82
3BB1
3BED
BC71
3C4F
B92C
3C5F
3C0A
BA1A
3911
BC1C
BCAE
BBB3
3C0B
BBAB
3AD5
3BF6
BBE6
3BFF
3C3D
BC7D
BCA1
BB22
BBD8
3C77
BC3F
39E8
3B49
3C28
396B
BC24
3C31
BA98
3B41
3B2C
3B8E
3C7C
3B9F
3B7D
3CA4
3910
BC10
3BF0
BC32
BC13
3B3F
3AFC
3C1E
BC18
3AA8
3BFA
3C05
3B6B
BB1A
3BB7
BC11
BB88
3CB8
3AEA
3BAC
3C35
3B96
385E
BC17
3B98
3B8C
BB70
BCA6
BA3A
3B8F
BBCC
3BCF
B916
BB6C
BC31
3A99
39BF
3B0F
3C5F
3ABF
BC28
BCAA
BC22
3B80
3C91
3B44
BC97
3BD0
3C07
BB63
BA63
3C64
B9C1
BB13
BB3C
BC12
3C11
BC2F
BC0F
3C84
3AAC
BBEE
3A7C
3A4E
BB3D
BC1B
3C2B
3AD0
3C1B
BAC2
3AC7
3C77
B9AA
3CA0
BBE1
3B06
BC2B
BBF7
BABE
BC17
3ADE
BAA9
3C1E
3C4E
3B4A
BB9F
BBEF
3B30
BBB5
BBAF
3BDB
39A3
3AAF
3C35
BB86
3AF4
BBF5
BBF8
BA9C
BBB7
B81E
3AC1
3B98
3B25
BB84
3C02
3BCA
BC19
3B08
BBFB
3CB9
3B0F
3BD4
3C0A
3C6C
BA3E
3C09
BC26
3B7D
3C69
BB66
3C4C
3BAE
BB03
38F8
BCA3
3B56
3BBC
BAC6
BA60
3BA1
3C72
3BE5
BABA
3BD8
BC52
3C84
3C5D
BB8F
BBDC
BBDF
BC03
3C11
BB0A
BAAD
3C1A
3C43
BBCD
BBCF
BA5A
3CB5
BC6C
3B61
3B85
3B96
3B67
3BD5
39C9
BB20
BBD6
3BD4
3B79
3BD7
BB41
3BC8
3AF9
3BA7
BB9F
3BA2
3AA4
3BCD
BC3F
BBEE
3B0C
BBDB
BCA4
3B8B
BB83
BB98
BB57
3B8B
BA5B
3C11
3B48
BBBD
3B84
3C35
3BC6
BC09
BBB6
BB23
3C2E
3AE5
3CA1
3C65
BBC3
BA52
3BB8
BBA6
3AC8
BBB2
BA27
BC1B
3C81
3C92
BAC8
BB81
3C3B
BB58
3C0C
BC59
3B8E
B928
3B0A
3AEF
BC1D
B9BF
3C1C
3B1D
3BE5
3B98
BBDB
BB73
3BD6
3B12
3BDA
3BC3
3CCD
3C14
3BD8
BC39
BB2F
B99F
BA47
3C1C
BBF2
3B9D
3C4B
BB16
3C2F
3C7B
BBE1
3BB2
3B8E
BA95
BBF6
3BCC
BBE1
3B5A
3B0B
BB0A
BB0B
BAB7
3BB1
3C15
BC1E
BB49
BBE5
3C58
3B64
3B6E
3ABE
3A3E
3BC3
BB10
BBFF
3B5B
3C28
3AB2
3AA5
3A97
3C8E
3B0F
BB7F
BBDA
BB6D
3BB4
378B
3C06
3BF1
BC39
3BD0
3BC1
BB26
BBED
3C05
3AA1
3B24
3BDA
BB15
3C02
3BAE
BC43
BAE5
BBFB
3C4C
39C1
BC08
3C1E
3B7F
B9DA
3B8A
BB04
BBC6
B9DE
3C65
3B9E
BC31
3AEF
B9D2
3BF4
BAB1
BB24
3BBF
3B3C
BC49
3C3D
BA11
3B50
3C0C
B9EE
3A21
BAEF
BC3E
3B5B
3BBF
BB52
BC1A
3C1B
3B4E
B8EE
BC06
3AC6
BB34
BC42
3BD0
BC39
BBE4
BC52
BA1F
BB31
3BAD
3C06
BC00
3C2D
3B9F
3B5B
3C2C
BB28
3C5C
3C30
3A8D
BC22
3AF7
BBB5
BB40
3C74
3BB0
3C4F
BB01
BAC9
3B63
BB20
3B46
3A71
39AD
3C0C
BB4C
3B0C
BC2B
3B8D
3B71
BBA6
BBD8
3B37
3A92
3B05
3B83
3AA8
BABC
3C26
B8AF
BB91
BB76
3C20
3A1E
BB8B
3BD1
BA8E
3BC3
BC57
BB12
3B92
3C0B
3BA7
BBEC
3A5E
3B17
3B03
3B6C
BB97
BB16
BB5A
BB86
3B99
BC0A
3C3D
3A00
3B95
3C12
3AFE
3C02
BC50
BAFF
BADE
BA9B
BBAF
3B88
3C03
BB83
3BC6
3B39
3BE7
BC6E
BBB1
BBCE
3C83
3C60
3C37
BBCD
B8FD
BC64
3BA7
BC0D
BC5D
BB56
3C38
BBBD
3AC3
3C99
BB7B
3B23
3B2D
BB8A
BC37
3C11
BC4D
BB96
3BD8
BBDF
BBB3
3C12
39F3
BC28
BAEF
BC29
BC7A
399D
BAEA
3C06
3C06
BABD
BC3B
BB86
3B70
3C10
3BB1
3B81
3C09
3B95
BC57
B8B2
3A84
BBEC
3B1A
BBC8
BAD5
BBEC
BB14
3B76
B9F1
BB04
BC09
BB0A
BC06
BBB2
BA0F
3BC0
BB1C
3ADA
BBC6
3BA9
BBFB
3BD3
BA60
3B3C
BC3B
3BDF
BBD4
BAF6
BBEF
BC34
BC09
BB44
3B80
3C85
BB89
3B11
B9DD
3C03
BB4A
3B17
3AC7
3BD9
3801
BBEB
3ADB
3B68
BBC5
3BEB
3BC1
3AD1
3C62
BB65
BC28
3C16
3BD5
3C55
BB8B
3BCE
BBBC
3C91
3BCA
3B8D
3C97
3AD9
3C68
3BE6
BB9F
BAFC
3B4A
BC0B
3BE6
3C32
BB4C
3BAF
3C01
3C94
3C2B
BC73
3C02
3B75
3BC4
BBDB
BBCB
3BBB
BBF9
BBE6
3BBB
BC56
BAA2
BB2F
3C2C
BB74
BAE0
3BD4
3BFC
BB44
3C3B
3C1B
BB08
3B86
BB9F
3C2B
BA9E
3B2D
3C18
3BDB
3B9C
BBDB
3AA3
3BDB
3876
BC0E
BAC9
BBF0
BBD5
BA7C
BB9B
3C83
3C7D
3C4E
3B7A
BC16
3C1E
3C03
BBF0
3C61
BB9F
BBF1
3AB2
BA56
3C08
3B0B
3C3B
BB40
39E9
BC2F
3A9F
BB8B
BC0A
BC1C
BA43
BC29
BBBC
BC22
BBD6
BBFB
3C50
3BD8
3C3A
BB62
3C12
3A55
BBF7
3AF4
B98B
BCE4
3B5C
BB28
3C04
BBA5
BCAD
BBA0
BC90
BB04
BC06
3C94
BBF8
BC28
BC2D
BBF6
BC7B
BBEE
BBC4
BBE4
BBAD
BB24
39B6
BBB9
3BBA
3BB0
3C43
BC28
3AC2
3C19
3BB9
BAF6
BB9B
BB06
3BCE
3BB4
3B31
BCF8
BB70
3C4A
3BCC
BBE6
BB9E
3BF8
3C0E
3B6C
BB8E
3C6D
3B82
3A71
BBC5
3B95
3B02
3C0A
3A3F
3BA4
3C09
3BDA
BA8F
BB89
BBC1
BAAC
3AF0
B9E1
B93E
3B01
BB01
BB78
BBA7
BB99
3AD9
BB0B
3C10
3BDB
BC02
BBA4
3BA1
3A8F
BC01
BBB2
BB0B
BBF1
3B40
39B5
BC50
BB4B
3B31
3A8F
BC03
3BD3
BB1E
BB9F
B99C
39CE
3A85
3C35
BB87
BBF1
3C85
3BFC
BBF5
B9D1
3C36
BB05
B929
3B3B
3C17
3B38
BACA
3B86
3B85
3BA6
3BA7
3B36
3A3F
3B9B
3C99
B8A3
3C36
BB8A
BC80
3C51
BBFD
BB0F
BBF9
BAFB
3C10
3C1F
B9D8
3C8D
BB7E
BC18
BC7C
3B27
BC5C
3B29
3C19
3B5A
BC10
3ABA
3C1F
BABD
BB7D
BB06
B9B3
BBE7
3C04
3C68
3A82
BAB0
3B3E
BB9D
BA90
BBC4
3C14
3B9F
BADF
BBE2
B9B9
3BB2
3C03
BBBF
3C9D
3BD5
BC57
3BD4
3C5F
3C0F
3C8A
3A85
BC35
3BDF
3BD0
3B4C
39F3
396E
3B1E
BB0A
3C12
3BE4
3B83
BA79
BB6A
BBCB
BC4C
BC4A
3B88
3C88
BAD7
BC18
3BDC
BC03
BC1D
BB8F
BC15
BB46
BB5C
3C21
BB1B
39BD
BC20
BBB4
BB9E
BB9E
BB68
BC9A
BBF5
3BDE
3C4D
BBF9
3A57
3A40
BB0B
37F3
3BD2
BA4D
BB4F
BB3F
3AFD
BBDC
3C04
BA1B
BC13
37EC
BBB2
BC1B
BBCE
BB83
BBA0
3B18
3B44
BC59
397E
3BA8
3B9C
BBC2
BC00
BC3F
BAB0
BB93
3A8F
BBE7
BB09
3C34
B9FF
3C1B
3BA2
3C12
3C30
3AB4
3B74
BC2E
BC26
BC6E
3C0B
3B8A
3A70
BBAF
BBCA
3C86
BC52
3B8C
3BEA
BC1B
BAF1
BABF
3C39
3B43
BB01
B923
BB43
BC1C
BC3B
3A20
BB9A
BC65
BC44
3A40
BB8E
BB84
3A99
BC76
3BA7
3AC1
3C6C
BB9C
BB86
3C2B
3722
BBCD
BB5E
BB3B
BC77
3B10
BB49
BC3E
3BC1
3BE9
3BB2
BBA7
BC03
BC00
BBD7
BC0F
BBF9
BB3F
BC31
397B
3B16
BC4A
3C8A
3BE7
BC00
3C54
3BE4
3B07
3B8E
3BC1
3C7E
BBB6
3A58
3C63
3995
3A7C
BC2F
3B6B
3A1B
39F7
BC1D
BC27
3C98
3B0F
BB6B
BB8C
BA98
3CCE
3C46
BA38
BC22
BA19
3B4E
BC68
3BB0
BBFE
BB9B
3CB2
BC09
BB79
BA54
3B6F
BC15
BB5D
3C21
BB9C
3C22
3C0D
BB8E
3C9C
BB3D
3BA2
3BA5
BC52
3B26
BC49
3A0D
BC49
3C41
BBD2
BC6E
BC1F
BBEA
3CC9
39B1
3A83
BC2F
3B7B
BB91
3B43
3C0F
BA98
3C93
BB91
3B5F
3A68
3BB3
3A17
B994
3BC4
BC27
BB90
3C15
BC13
BCC1
BB89
3C23
BBC2
B84F
39F4
BB9B
3C52
BBA6
BB6E
3B83
BB09
3B0D
3C1A
BBB4
BC2D
3A68
BB0F
3BAE
3C8D
3A35
BA51
BBE5
BC08
BB96
BB63
3C22
3CBC
BCB6
BC89
3C4F
3CA2
BADB
BBFC
BC28
3C17
391E
3C40
3C2A
3BF9
3C7F
3BC5
3B67
BB15
BC26
BBAD
3AB0
BC8F
BCC3
BC1D
3CA8
BA99
BC2F
BB7F
3C07
3B25
3C76
BC73
3C80
BA71
3B2A
39BC
BB10
BB5E
BA4F
BC2E
3C4A
3C4A
3C26
3B2C
3B92
B6DA
BCAA
3B54
BA02
BC13
3BB4
3C7A
38C8
BA9B
BC47
3B51
3A36
3B37
3C44
3BB0
BBEA
3C1C
BBC0
BC43
3BF3
396E
BC93
3BD1
3C08
3BD7
39D1
BBCC
BB51
BC5C
BBD6
3B98
3B50
BC77
BB29
BB36
3B01
3BA2
3BF8
3C5C
3C00
3A89
3C10
3BC1
3B01
3B88
3C02
3B89
3CED
3AD4
BC7E
BB9D
B932
3C07
BC80
BB6B
3BD2
BBA1
3C76
BA29
388A
BC00
3C76
BB3A
BBCE
BC06
3C28
3BF5
BB1B
BC3F
3B76
3B41
3C88
3B93
BC77
3C20
BC07
BBA2
BC01
3BC5
3BAB
3A67
BBCB
BBAF
BB27
3BB6
3C0D
BB8D
3BF7
BBE0
BB42
3C8D
3AC1
3C2D
BA58
3C4B
BBD6
BB07
3B52
BBD4
3AFB
BB89
3B99
3C05
BB8F
3AEC
BBBC
3BD6
BBFF
BBE8
BC4C
3C20
3C1D
BBAF
3B94
BC02
3AD9
BC33
BB48
BAF4
3C56
3BDC
3C04
3B1A
BC55
3C48
BB0B
BB12
BBE3
399D
3B5E
B9B1
BBFD
BADE
BC2E
3C70
BBEC
3B93
3B39
BBA1
BAF4
3C02
3BD1
3A22
BBD2
BBD7
BBD6
3C81
3B8A
3B95
3BBA
BBA4
BA9D
3918
BB14
3C1A
3B84
BB3A
3AB2
BB76
BC07
BB85
3BB7
3C3D
3B11
BBDD
BAB9
3C04
3A4E
3B8B
BC45
BBEB
3B92
3C49
3B43
3A70
B9D2
BB4C
BC3A
3BE6
3C1A
3CAC
3C25
3A8F
3BAA
BACD
BB09
BB4E
3A13
B86F
B87B
BAE9
3B92
BC59
3B59
3C27
BC85
BC17
3C55
BBA7
BC89
BBE4
3C4B
BB10
BC7C
BB98
3B31
BC48
BB9B
BBE6
3BC1
BB36
3BD9
BA73
3A79
3C2B
BB57
3C6C
3B39
3C57
3B98
3B88
3BD9
3AAC
BA96
BB27
BC47
BC16
3BD2
BA96
BB41
3BB9
BB71
BBB7
BB12
3BC3
3BF4
3BFE
3B4B
BC33
3B6B
3BC3
BC36
BC68
BBDD
BC60
BC0E
3A30
BB56
3C69
3AE6
3B22
399A
3B9B
3B44
BBAB
BC86
3BF9
BBA6
3C20
BB80
BBB1
3BC8
BC5F
BBC1
BCA3
BA74
3BDD
3A9E
3C32
3BD7
3B62
3B44
B96E
3A16
BBD6
BC3A
BC5A
3C3F
3BB0
3C29
BA6A
3BD6
3C02
BB57
BCAB
BBB5
BC03
BB09
BB99
BBA2
3BFA
3A0F
BCCC
BB49
BBA1
BC44
BB30
BB21
BBDF
BB44
BB8F
BB7A
BAF4
BBCD
3C24
BBD5
BBAB
BC0E
BC02
3C90
3C60
3BA1
BC17
3C23
B6C6
BBFB
BB29
BB48
3A84
3AC7
BCA1
3C46
BC3E
3B05
BC90
3A28
BB80
393F
B71B
3AD6
BB9A
3B31
3C7D
BCFC
BC00
BC86
BC7D
BA30
3BC6
3C15
3C25
BC48
BB28
BAE4
BB44
3BDA
BBA3
3AEA
BB33
BC4C
BC0F
BB13
BB60
BAA4
3C79
BC51
BB27
BC26
3BD7
3A98
BBD2
3965
3B34
3BEB
BB1A
BC13
3BA1
3B95
BAF8
BADD
3CA9
3BB4
3B26
B9A4
3C0B
BC84
BA5A
BC24
BBA6
3AD6
3BDD
3C53
BC10
3B90
3A85
BB1F
3B02
3C30
BBF5
BB50
3C43
BBE2
3B73
BA89
BB92
3B11
38BD
BB9E
BBEC
BB8A
BC0F
3BDA
B938
BC2B
BBBB
BBFA
BB9F
BB65
3A2E
3BF1
3BDD
BB4A
3C86
BC51
BB45
3B97
BA21
BBB6
BAA2
3BA0
3BC9
3C2B
BBD6
BB2A
BB0D
39FB
BB9A
3C67
3C5E
3B5F
BC84
3B98
BBF3
BB44
BC20
3B29
BB91
B747
BB83
3B1A
3C2A
3C00
3B85
BC8A
BB35
BC56
3C36
3A6C
3B4D
3B95
3B01
3CB5
3C08
3BAF
BC91
BB9B
BB44
BBB2
3B4A
39F3
3AC3
3AA4
BA4B
BC03
BC56
BBE8
3BC2
3BF0
BBDE
3BC8
BC56
BC4B
39E2
3BA4
3B8C
BC74
BC19
BA78
BB4B
BC15
3A3F
BC08
3C0A
BCA8
3B14
3B76
3B94
BB58
3BB8
3BDC
3CE8
BB1F
BC35
3BC9
BA23
BA56
3B67
BC4A
3AB6
382D
BBA0
BB6C
B88D
3B7E
BAE3
3BD7
3B9B
3B00
3A36
3BA5
3BD5
3BA7
3C7B
3BBF
BC78
3BB0
BC50
3C33
3B72
BC32
BC5E
BBEE
BBDF
3BC4
BB9F
BC3D
BBD1
BAF6
BBDD
BC75
BBCB
3C19
BB27
BA0D
BB40
3C67
BBB3
3B78
3ACC
BA88
3BEB
3BA8
39E3
3B48
3AAD
3B3D
3A64
3BDF
3B9C
3C7E
BC0B
BBF3
BB53
3A9C
BAB3
3BB8
3C3E
BB82
3BDD
3C34
3AB4
3B44
3C51
3715
BBD9
3B97
3C47
3BE4
BC62
BB5C
3B4C
3B64
BB92
BB19
BA5D
BC6E
3C21
BC08
BA97
3A10
BB7D
3C03
3B8C
3BCD
BC24
BC81
3BBC
3B05
3BCF
BB3B
3C33
3BB8
3C85
3C33
3BB3
BAC2
BC0A
3B8C
3BD4
BBFC
BC88
3BD2
3AC0
3B58
3B72
3BBA
BC3B
BAB5
BB3D
BB8C
3ACB
B997
3A2A
BBD7
B90A
BC04
3C48
3BA0
BB94
BC33
3BC7
3BA8
BC38
BACE
BC79
3C64
3B8F
BBB8
BA60
3BA1
3C86
BBF1
3A12
BB95
37F8
3A6B
3B06
B80C
3C31
39EF
39D1
39EA
3B93
3B2F
BAA4
3C0A
BB0D
3C1C
BAEC
3B81
3981
BBF1
3C1A
BAE0
3C1B
3BF6
BBC6
3B3D
3C08
38D6
3BE8
3C21
3BF5
BBAF
BB53
BB89
3B1F
3C2B
BBCD
3CC5
BB94
BC35
3BF8
BBBB
BC72
BC1C
3C66
BBFA
BAA9
3A6B
BB29
3C1B
3C8E
BB5A
BC50
3C4D
BAD6
3C03
BB87
3B00
BB07
3B66
BC8D
3AE9
BBA7
3BC0
BB09
3C42
3AF2
3AAC
BB98
BBA5
BAA4
BB39
BBFC
BB9E
3C14
3B28
BBCB
BBCD
B992
3B61
3BBF
BB3E
BB91
BC39
BC34
3C3D
3B18
3B81
BB9D
B8DB
BA8A
3BF1
BBB5
3C5C
3ACB
3C00
BBAE
BBF5
3BAB
3B60
3B9F
BADC
BB16
BB61
BBA8
3B0D
BB97
BA9E
BBA7
BB98
BB25
BBFD
BB81
3BFA
3CB5
3B31
BAE4
BB82
3C51
3AC8
3C0C
BC0F
BC36
BB93
BBA6
3C27
BB9C
3B38
3C7D
3C22
B7D3
BB5E
BA59
BC11
3BA9
BC87
39C2
BB9F
BBD7
BB4D
BBED
3B88
3BB5
BB02
BA80
3BC1
BB43
3C00
BB52
BC45
3BC6
3B03
3BBB
3C7C
BB4B
3BFE
3AAB
3B75
BB9E
BC04
BB8C
3BFC
BA75
3C69
BB20
BC6D
BC8D
BB19
BC85
3AB7
BB9B
3BEC
BB97
3C43
BC15
BC66
BB3B
BB4F
3C0B
BBA5
BBEA
BCC1
3AB5
3BE3
BBAC
3B6A
3B17
BBBE
3AA1
BBF8
BBAB
3BBE
3C0F
3C11
B9F4
BBA4
BA91
BBE0
BAD8
3B1D
BB95
3B82
BC23
BA07
3B6A
BAC0
BBFA
BABA
BC11
3B56
BB24
BBEA
3B82
3B21
BC04
3BF0
3BE8
3B40
BB71
BC64
3BDE
BC82
3A4D
3B79
3AE0
3C74
39BE
BC36
3B8E
3BA9
3BB1
BB0A
BB8C
3C28
BC7D
BAEC
3BD8
3BC1
BBD1
BBBC
BBCA
BC1F
BAF6
3BCD
3A97
BB20
BB9E
3B1A
BBF1
3C04
3BAE
3B03
3B63
3A94
3BC5
3BE8
BC2F
BCCE
3C08
3BF3
3B12
3C36
3ACE
3C19
3B05
BB29
BB3B
BBD8
3BDC
BA0A
3BDD
BB7B
3C2C
3BD5
3BC5
3BCF
3C2F
3C93
3BB1
3B91
3C3D
BCC1
3C49
3BDC
BC38
BBED
BAC3
BB83
B9F9
3C3D
BB8C
3BD8
3C48
BC23
B867
3B0C
3C67
BBE4
BC24
BBC3
BB5B
3AD5
BA14
3BB2
BB85
BC6D
3C22
BC83
3BEC
3CD7
BB89
BC23
3B89
3A2E
BC0D
3B51
3B84
BC5D
3B7B
3B45
3B56
3C0E
3B9B
3ABB
BBA0
3AF1
3CC4
BA2D
BBC7
3B93
BB86
3C0B
BB73
3C41
BBD1
BA44
BA76
3A62
BC31
BC46
BA6B
3B9C
3B5A
BAEB
3ABE
BC35
BC51
BB9A
BB94
3A15
BB5A
BAE0
BC07
3C3B
3BDA
3C52
3C96
3B89
3AA6
BC49
BC03
BB6E
BB54
BC00
BB88
BBAB
BC50
3C51
BB84
BC2B
BAAA
3BD0
BC51
BB04
BB86
3A46
BC03
BB88
BC15
3B45
3C6B
BC12
BC79
BB73
BBEC
3C3C
BB8A
BB64
BBAD
3B9C
3C10
BC7F
BBCF
3BAF
3C2B
BB8A
3BF6
BAA3
3BAA
3AC2
3B89
3C42
BBF4
BC52
BA1B
BB2B
3B78
BC2E
BC5F
3A16
3A68
3BC1
3BE1
3B95
BBCF
3C01
BB6A
BBED
3BBD
3C12
BB17
BC4D
3BF8
BB4D
BC40
BC54
3C14
3C0E
3C71
BC38
BB85
3BAC
3A03
BC85
3BE4
BB8E
BB0D
BB8A
3C86
3B9A
BAB6
3BA9
BA7F
BB0F
BC2A
3B86
3BC7
3C19
3B37
3B53
BAB0
391E
3BCA
BA71
BB8D
B813
BB5F
3A13
BBDC
BB0D
BC21
BC1E
BA68
3BD8
B9A1
3C36
BC34
3AB3
3BAA
3C04
BB66
BB2D
BC1E
B9D7
3A9B
BAA1
BBA8
3B2D
3BBA
BC88
39F2
BB61
3C74
3B40
BA5E
BC23
3AB0
BC20
BC94
BBD3
BB38
BC81
3B32
BB19
BC03
BB9A
3B6A
39B8
BC6E
3A92
3A51
3BC6
BAC2
3B0F
3C36
BC14
3C7F
3B3A
3B42
BAE3
BC17
BA39
BBA6
B89B
3C4E
BC0D
BB8C
3A1A
BCA6
BC90
BA4F
BC15
3BF1
3B7A
3C5D
BBC3
BC52
3B7C
BC2C
3C1F
BC2E
3C04
3BAA
3BB9
3B85
BBE6
BBF2
BC8E
3C5F
3B18
BB7C
3B9E
3A1D
3C81
3B0B
3B3B
3BB4
BBD4
3A8F
3B8E
3C1A
BBB4
BA88
3C01
3C9A
BB64
BAB5
3B34
3B57
B8C7
BB2D
3C13
BBF0
3C19
BBE7
3A2E
BC21
BA84
3C26
3C64
3B25
B9A6
BAEC
3C62
3C45
BC6E
BC15
BB3B
BA96
BC26
BB60
3C43
BC22
BBD8
B807
BBA0
BCB9
BC0A
3C41
3B98
3C2E
3B27
3B0B
B993
3B6A
3A82
3C0E
3B1D
BBBD
3B86
3ACA
BC0A
BC1C
3B9D
BAB5
BBAB
BBF2
3A62
394E
BC78
3B5D
3BAF
3C35
BC11
BC52
BBE3
3A8F
BB7D
BA35
3BC1
BAE6
BC16
3B4F
BAC9
3C16
3C37
BC19
BC19
3B47
3B5C
3C53
BA11
3C0A
3B9F
BC9B
BC82
BA9B
3AFE
BB35
3C1A
3B8B
3B4F
BAAC
3BFA
BC0B
3B07
3B33
3B47
3BBF
BBC3
BCBB
3AEC
3ACC
3B97
3B84
3C01
3B28
3828
3C00
BBBA
BC2C
3A31
BB79
BBC7
3B8F
3C3D
BB9C
BBB9
3954
3B38
BC18
3BF0
BB90
BB43
BBB8
3BA1
BAD4
3C3A
BC27
3B46
BC32
3B18
BBA2
BB92
BB89
3B6D
3A6A
3A1C
3B22
3C08
3BA9
BB22
39B7
BBFC
3BAF
3C79
BBA0
BB93
BC3B
3A40
BC59
BB3E
BC51
3B9C
BC01
3C72
BB5D
BB18
BBB8
BC48
BC91
3C1B
BA28
BC0C
BB11
BC05
3B15
BA91
BAAA
3C62
B9DA
3AAE
3BB6
3B4D
3BAB
BB9D
39D0
BC0A
3C56
3BB1
3C52
3BB7
3C14
BB49
3BDD
3BE2
B758
BB46
3C07
BBC4
BB80
3B30
3C0D
BB1A
3C14
3A7C
3C8B
BBF8
BC27
3C26
3B15
BBD8
3C7A
BA95
3C10
BCA9
3C03
3C5A
BC18
3B1F
BCA5
BB38
3C09
BB21
BB27
BB76
BC57
3BFA
3B0A
3C0B
BC7F
BBE5
3AD4
3B6B
3BB9
3C39
3B40
3C58
BC4F
3C21
3AF6
BAFE
BBFE
3B83
3C18
3C0F
BC6F
3BC7
BCD2
3C00
3C71
BA7E
BBAD
BC09
BB16
BC1E
BBCB
3C21
BBD3
BADD
3AF8
BCAF
3B49
3AA2
B90F
39E0
BB91
3C0F
3B8C
BC10
BB53
3ACE
3BDE
3C8F
BAAC
BA9F
3A32
3C81
3A91
BB3E
BAFE
BBDB
BAB8
3BBD
BC51
3BA7
B982
BBF5
3AEC
3BFE
BC06
BB01
BC06
BB0A
BB88
BB8A
3BB8
BC4D
3AFC
3C34
BB01
BBB4
BC18
BAB1
3B85
BAA8
3A47
BA37
3B9D
BC70
3BE4
BC51
BBE9
BC28
BB90
3B87
3B4A
3B80
BCF6
BAA8
BA85
BC20
BBE8
B9AC
3C13
3C23
3B0F
BBD6
3A1F
BB81
BB2B
3C0A
3B93
3C11
BB00
3B2F
3C84
3B51
BBE8
3C77
BBD9
3BD0
3AA2
3AC6
BC77
BC2F
B9AE
3A2B
3C3C
BB86
BB87
3BBB
BAE0
BC63
BABA
3C03
39FA
BB8F
3C04
3BC8
3B06
3BC0
B948
BBD6
3BBE
3C6B
3BA7
3BE3
BB96
BB19
3BFE
3BE1
BB1D
BC7D
3B4A
3BDF
BC01
BB01
3BB3
BACE
BADA
BC8E
3BEC
3AF6
BAF1
BC0E
3C5D
BA6C
3BAA
3B6A
3C0C
BC17
3B1F
3AC7
BA1C
BB8E
BB8A
BC2E
3BC7
3BE9
BC18
39AA
3B9B
BAAC
3BEA
BBF6
3B2F
BB5E
3BF2
3A5A
BA7F
3BF4
BC2F
BA66
B9E1
3BA5
BB02
3B1D
3B0C
3B6F
BAB0
BBA9
BB83
3CA5
3B38
BB17
BC4A
BB47
BBDA
3ADD
BC10
3C17
BBA6
3C06
3B93
3BAA
BB09
3BEA
3BDB
3BCE
BC7D
BC24
3C5E
3B0F
3B88
39FD
3CA0
BB19
BBC0
BC82
3C36
BBDF
3BBE
BC16
3BDB
BC9F
3C5C
3BD2
39D5
BC40
3B56
3C48
BB9E
3B2E
BC04
BB85
BC6B
3C0A
BB84
3B06
BBD7
BBF1
39D3
BBA1
3B11
3C83
BC0A
BC0F
BC4C
BAA2
3A3B
3BBE
3C13
BAAB
3C7F
BC19
BAD0
3C45
3CA8
BBBC
BB9F
BACB
BC67
3B52
3BAB
BBDC
BBEE
3B3B
BB69
BB5F
3BDD
3B1F
3B00
3A1D
3BB0
BC07
3C15
BC28
BB99
BC6F
3C28
3C76
3C48
3BDE
3C4B
BBCB
3B9B
3C38
3BB8
3C12
BC04
BB00
BC6E
3BAB
BA2F
3B72
3B85
3C16
3B71
3C42
3BAB
3B1B
3A80
BA59
3BF7
3B41
B9E0
3C36
BBBB
3BB5
3C84
3BA7
3AEC
BC54
3C9B
BBEF
3B68
BB49
3B49
BBBC
BAB2
3B0E
3C80
3C5A
3C27
BB8E
3C49
3C4D
B963
3C4B
BC5C
39A0
3BCB
3C07
BC89
BA85
3C00
3B81
BC04
BAAF
3C62
BC82
BBD7
3B9F
3C09
BBFA
BC85
3C12
3BE9
3B77
3BDF
3BC3
BC56
BAFA
3BF1
BA6A
3C89
3B4C
3C87
BB7A
BC1A
36BD
BBF5
BC5B
3B69
3C59
3C70
3C2C
BB34
BBCA
3C41
BB49
3BB1
BC83
BBC9
3B16
3C7C
BC3E
BA9F
3B38
BA4C
BB01
BB32
3B29
BB04
BA40
3BA9
BC91
3C07
BBFC
3B46
BC9B
BACA
3BAD
BB5E
3BDE
3B88
395C
3BE0
BBF0
3BF1
3C52
BB94
BCA3
BAF3
3C39
3C3E
3BF6
BB64
BA35
3C14
BC89
BC0E
BC47
3C48
BC15
3B83
BB26
3BB2
3B80
BA63
BC2C
3CB4
3BB1
3BAD
BC01
BB19
BBDB
3BC2
3B1F
BB25
BCB2
3C9B
3BD6
BBE3
BAD9
3B5A
BB73
BBB1
3BD4
3C3E
BC0D
BC9B
BBE4
BA6C
3B58
3C0D
B81E
3916
3A67
BBE0
3A70
B845
BC0D
3BC2
3C38
BC09
3C12
38B7
BB32
3C70
3C1D
3B8B
3AA6
BBA1
BAE5
BC87
3BFC
3A0A
BBC6
BB8A
3C06
B96E
3BFA
BC97
BC02
BB02
3C65
3BA1
3BF2
BAD0
BC11
3C2C
BC1A
3C06
3C05
BB2F
3C31
BB9B
3BBC
BC5B
BA8D
3BBE
3B55
3C04
BBDA
3B11
3AA3
BC51
3B1E
BBB5
BC1D
BBB8
3C67
BBCD
BC32
3B45
3A2C
BC4B
3C48
BB9B
3C0F
BABB
3B29
BA4B
B9FA
BA6D
BC07
3997
3C87
BB1E
3BE0
3C08
3988
BAE2
BBBE
39ED
3C10
3AAD
3B10
BC48
BB31
BA3D
BBF7
3B99
BB51
3C2D
BC22
3ADB
BC08
BC5E
BC3F
3A91
BABD
BB96
BA88
39A3
3C0F
3C5C
3C13
3B25
B9F4
3AAD
3BA4
BC42
3C9D
BC24
3B39
BBAC
BBA7
BC4C
3C05
BB3C
3A27
BB38
BC3D
BB1E
3BEC
BC1D
BC17
3BF7
BBDF
BB92
3C41
3B92
3AD3
3909
BB68
388F
3BA8
BC2D
3C0E
3ADD
3C70
BB2B
BC4C
BBE4
BBEA
3B10
BC11
3B81
3BA2
3C0B
3B53
BB8A
BBB5
3C60
3C48
3C0B
3BC6
3BEE
3B6B
BB9D
3C88
3C95
3BD7
BC4E
3A45
3C3E
3C0E
3B7F
BC1C
BB3E
3C09
BAC8
3B33
3C6F
3B9F
BC4B
3C36
BAF1
BACB
3C47
BC11
39EB
BC10
BC34
BB5B
3BC8
BA14
3B29
BA92
B95E
BC04
3C0F
3AFF
BBA1
3B18
3B2E
3A38
3C8A
3B4C
BA69
3A71
3BDB
3C1D
3BAB
BBDB
BB0E
3C9D
3C39
3C57
BA11
BC0E
BC0D
3C31
3BA1
BB6F
3C1D
BC6A
3A85
3C38
BC45
BB78
3A9E
B906
BC05
BB00
BBDC
BC4A
BAD6
3BCF
B967
3C1A
BB38
3C34
3B4E
BC33
3BA2
BB1E
3AC5
3B7C
BAFD
BC22
3BB4
BC6E
B901
3BE3
BB95
393C
3BC9
BC2C
BB83
3C0B
BB9F
3B33
3BB1
BBE9
3BC2
3AC1
BA32
3A73
3BDD
BB45
BBDD
3B05
BC46
BBF4
3C50
BC32
3C3F
BC3A
3AB6
3C23
BC5A
BB1B
3C11
BB9E
3C19
3B4B
39E0
3BE6
3C5F
BC26
BB15
38B7
3C56
3C1A
BBB9
3A0F
3BF3
BA49
3B89
BBAE
BC86
BB1F
3C8F
3C13
BC0D
BB29
3C44
BBF2
BBE1
BC06
3C0A
BB67
B7E4
3B50
BC7E
377D
3C3D
BB34
BA2E
BB8A
BB04
BC17
BAB9
3ACA
BBB8
BBA6
BA18
BB84
B9EF
3C1B
3B43
BB0E
3B19
BBD9
BC55
BB6B
BBDC
3C1B
BA57
3AF8
BBF3
3AC7
BC51
BA7E
3C52
3B87
BC55
BABF
BB4B
BA81
3BAB
BC42
3BDB
3B29
BC37
3C1F
3B2A
BAE8
BC64
BB8D
BC08
BBEF
BBF9
BB00
3BA6
3BE5
3BA3
3B50
3B9B
BBEE
BA60
3BCD
B9FD
3B9F
3CA5
3C19
BC10
BBF1
3BDE
3B49
3B0A
3BD4
BC2F
BB51
3C08
3C05
BC3B
3BF4
BBBA
BC15
BB6B
3B70
3B1A
3C03
3C88
B9A3
BB6E
BBC9
BC07
BC72
3B51
3B98
3C0E
3B10
3B20
BC44
3BB7
3BB2
BBA5
BB7A
BBED
BB20
3B10
BC40
BBB4
398C
BB18
3ADC
BA63
3C71
3988
3B76
BC0F
BA67
BB58
BBD3
BAFC
3C1D
3C84
3B72
BB61
BB14
3C19
BC41
BA09
BC40
3C0A
3B9A
BC03
3AA5
BC13
3BFA
3A25
3C83
3B67
BC59
BA4A
3C24
3CA9
3C6C
BAE4
3BEB
BC56
3C55
BC65
BB99
BB4E
3BBF
BB0C
BB06
BC18
BAA8
3B6D
3B95
3992
BAF9
BB6C
3A70
3C1D
3C10
3AAF
BB1F
BC8F
3A92
3A9C
BB25
3C8C
BBC1
3C2D
3A88
BB69
B96F
BB17
BB6B
3B9B
BBB0
3C4F
BB22
BC26
BB9C
BB11
BBEF
38C1
3C0C
BC53
BAD4
BAB7
3C57
3C1C
BAC0
3C3B
3AE9
3B11
BBC3
3BEE
3C46
3C4E
BC09
BBB6
BC8F
3B50
BB3D
BB5C
3C71
BB56
3BDB
BC39
B9A9
BB13
3BB7
B95B
BBAD
3BBE
3C27
3BFF
BC53
3BD6
BC68
BC03
BC6F
3C34
3B82
BBD6
BA9A
BBB4
39A1
BB86
BB8B
3AE2
3C2C
BB09
3A92
BBB2
3BE3
3C14
BC2C
3C0C
BB85
3C18
3B50
BC5A
3C66
3BD1
3BE6
BBFE
3BD4
B9FA
BC53
BC0E
B976
3C09
BBAA
B735
BC21
BB29
BB9D
BBA9
3BAB
BBA3
BCCC
3AD7
BCA6
BC32
BB86
BC87
3C7E
3B08
3A88
3BBF
BC02
3AEC
3BB3
BC11
BBAF
3BFA
BC0B
BBCF
3C39
3C90
3CA8
BC9A
3BF5
BC88
BB3E
3C2A
3B06
3C2D
BB9C
3B85
3BC2
3BD2
BBD9
BBAC
BBEB
3AE1
BAEC
BBC6
BAA2
3B03
3BD8
3C12
3BBA
3C35
3C28
3B8F
BC09
3C81
BC9B
BC20
BB76
3C2E
3A91
BB49
3C06
BC83
3B5B
BA3E
3B5C
3C0C
3AC5
BACF
3B8F
BBF5
3A3C
3996
BB73
38DF
3B6A
3C13
3B9F
BBE9
3B12
3C5C
BC0A
BBDA
BC0E
BBB8
BB8A
3C01
BBDC
BB37
BB06
BB64
BC39
BB1E
BC7C
BBD5
BBE2
BCD9
BB83
BB9A
BC50
3808
BB98
BB71
3B64
3922
396E
3BBC
3C29
3A67
BBE9
3B36
BAFE
BB85
BBED
BC44
3BAC
BC59
BA5B
BC40
3C03
BBDE
3B8C
3BB9
3A34
BC44
3A86
BBEE
BBFE
BC5E
BC6D
3BCF
B9E1
3B63
BBBE
3ABC
BBB8
3B61
3C18
BBB6
3C01
3B15
3C90
BC25
BB1C
BC35
3C34
3A6D
B9A6
3BC1
BC08
BB90
3C03
3B1E
BBE6
3B32
3B1B
3B42
3AF2
3C18
BB8A
BCB0
3C50
BA7E
BCA2
BBCD
3BCD
3C88
3BC5
BC39
BC3B
3C15
BB6F
BC06
B9C7
BAFE
3C6C
3B92
3B80
3B40
3C89
3B11
BBB7
3C4A
BA30
BB49
3C7A
3BE9
BBF5
BB6B
3BCE
BC51
3BA8
BB84
BBF0
3C56
3BA4
BA4C
398F
BB65
BB5A
BBEC
B9B0
BBB5
3BC2
3B30
3C2E
3B20
BBC1
3C3C
BCBC
BB1A
3BC7
3BA3
3B1A
BB09
BC07
BBCC
BBA9
BC41
3C05
3C00
BC6A
3B03
BBCB
BC28
3C0B
BA9E
BBF9
3AE2
BBB1
B9EA
39FC
3C40
BA2A
3BA4
3BB7
3BEB
BBFA
BC55
BB24
3B0D
3B77
3B77
BB18
3B6E
BC44
3C52
BBF4
BA88
BB11
BC72
BC17
3BA1
3AEF
BC30
BC77
3BC5
BC45
BAF1
BC4D
BC09
3A0E
3C20
3C43
BC55
BBB7
BB86
3C39
BC48
3B74
BC02
BBA4
BA01
BACA
BC6B
BB05
BB9A
3B0F
BBB6
39CA
3B28
3B50
3C48
B99E
3C04
3B16
BA0C
3C9A
BC66
3B9D
3AA8
BBF8
BBB5
BBCB
BC01
BBED
BBAF
BB09
BADD
BC3E
3ACD
3AD9
BBCA
3B21
3BDD
3BCC
3B66
BB79
BBD9
3B82
3A07
3C13
3C5E
3B9B
BBB8
3B8C
3BCE
3C50
BC14
3B12
BB60
BB4E
BC50
3C82
3C66
BB90
3C02
3C88
3C45
BA4F
3B54
3C16
BC34
3BD2
BB44
3C57
3B89
3B47
BA62
BC0A
3B22
BB1F
3BA3
3B23
3A6E
3B1D
BB7F
BBFA
BB58
BC8D
3C03
3B2F
BC39
3B0F
3B94
BA49
3C19
BBBD
BC81
3C72
3C1E
3A48
BC29
BB9E
3AA9
BBD0
BB9B
3C0F
3B78
BB93
3BE9
BBB0
BC25
3C2C
3BFF
3889
BB3E
3C22
3AA5
BB3E
BBBE
BC22
BC8F
3BCE
BC2B
3A01
3C0E
BA67
3B07
3B65
BC40
3BE7
BABE
BBC8
BAA1
BC1E
3A27
3B5D
BBC0
39E1
3B1D
3C16
BC21
BC87
BC14
BC37
BC44
BC15
3C0D
BB48
BC78
BB61
3A89
3BD0
BC74
BC58
BA53
3C88
3B0A
BC68
3B02
3BCA
BAA4
3BE1
BBBE
3A8D
3C39
3C6D
BBEB
3AC9
3B92
3A8E
BC23
B78C
BB87
3B89
3C2E
BB85
3C86
B816
398C
3C82
BB1A
BC0E
BC5B
BA89
BB83
BAF9
BB28
3B11
3C13
3C10
3B65
BAA4
BBDA
3B31
3BA3
BB20
BB7D
3C27
BBDA
3B97
BB12
BB89
3BA2
3ADA
BB62
BC21
3B80
BBF2
BBFD
3C29
3BB8
3BD2
3AB5
BC29
BB5C
BC19
3A75
3B94
3AA8
3B65
BC4A
3ADE
3AAF
3C03
3B67
BBAD
BBA1
BC46
3B47
3C22
BB67
BAE6
3BB6
3C38
3AC9
BAEF
3C2A
3BEC
3B07
3C50
3AB2
3C5E
3A56
3B7F
BC06
3C06
3C35
3CA5
3C0C
BB89
3C40
BAFE
3BD7
BADB
BB01
3B6A
BC22
BBC8
3C39
BAD7
3B9C
3BB8
BB44
BB06
BC18
3C6A
BB76
BC00
3C9C
3C1A
BB10
BC87
3B5F
BB89
BC21
3C05
3B29
3C6B
BB28
3BDB
BC5E
BC22
3C01
3B1E
BB90
BA23
3977
BAEA
3AE6
BB6B
3BAD
BAF3
BBFC
3C9D
BB59
BC25
3B97
BA15
3AB4
3BAD
BC30
3C14
BBD7
BC1A
3B74
3BE3
BA90
3B23
3BA9
BB79
3C4A
BB5E
BB8F
BC1B
3AF1
3AFA
BBF6
BBB6
BBE2
BB50
B94C
BBBF
BC1B
3B4C
BAE8
3C9A
BBFC
BB87
B7F1
BB3C
BAE7
BC27
BC58
BC10
BA37
BB13
BB04
3C09
3AC9
BBAD
BB52
3C31
BBC0
BC45
3C5B
BB16
3BA0
3C3B
BBF9
BBD5
BBA8
3A94
B8F4
BC41
BBFC
BAA8
3B94
BC37
3AD9
B9D7
3B98
3B06
3BF3
3A8B
BB6A
3B62
39DD
BC13
BC64
3C13
3A98
3C06
3B99
BB3F
3BB1
3ADA
BC1B
BC3D
3C16
3BA4
3C01
3B68
BB8B
3B7F
BAEF
B8EB
3B2A
3BC2
3C34
3B8C
3A17
BC6C
3B38
BA34
BBBD
BC69
3C95
BBA1
3C22
3C2E
3B96
3B99
3AC9
3B13
BAD5
3C76
BBDF
BBDC
3C19
3AC8
BC7C
393B
3B80
3BA7
3BE8
39B2
3C2D
BB6F
3C1F
BBB8
3C47
BB22
BBBB
3BA8
BC42
3A56
BBD7
3A3B
3C51
3BC0
3C2B
BC3F
BBE5
3BF7
3BC5
BC3D
3B3D
BC42
3C2C
BA85
BC21
3B17
3AD9
BBB4
3A30
3BB4
3B81
3B87
BA2F
3B7A
3ACF
3B90
3B47
BB2C
3BE0
3B55
3AF1
BC7B
3A85
3AD4
3C4A
B933
3BCF
BB31
3B87
3C50
BA0E
BB3A
3B7B
3BFE
BA88
BC34
BC47
BABC
BA61
BC0B
3BB1
BB1B
BAB5
BC14
BB2B
BB62
BB2C
BBA8
3B96
3AC8
3B57
3BF2
3A93
3C2F
3BEB
3B85
BB25
BCA6
3C03
3BF0
3BA7
BCA8
3B38
BC12
BAE1
3B2C
3B95
B950
3B09
3B38
3A55
3B96
BBBA
3C64
BC1F
BAAE
B9AE
3C34
3BDD
3C12
3B16
BBFC
BC21
3C72
BAA2
BC51
BB25
BABE
BA93
3C7F
BA84
BC28
BBE3
3AE6
3BBD
BB75
B9A5
3B7B
3C61
3C0A
BBF7
3C06
BA1A
39B1
BC89
3C57
3C15
BC08
3AB4
B917
3BA9
3B52
BAA4
BA97
3BE2
BB50
BBC6
BC19
3BC8
BBB5
BBFE
BB64
3A70
3C5E
BB96
BC7C
B98F
38D9
3B9A
BC34
39DE
3BA3
3C41
393F
3C85
3B56
BBF8
3B7A
3BE1
BC26
3B4C
3BF0
BB8A
BBC3
3BC2
3C97
BBD2
3B8F
BC0F
3C13
BBE5
3C4C
BB5A
3BEA
3B76
3BD0
BB3F
BBB0
3C49
BB51
BC26
3B96
3A33
BA70
3C31
BBE2
3B31
3B09
3B48
3BB8
BB98
BB50
3B6F
3ABB
BBB2
3CA7
BAF2
3C4B
BBB1
B8FB
BBF1
3B8A
3B9C
BC83
BADE
BB58
3C47
BBDC
3B6F
BBCD
BB07
BBD0
BBA5
BC34
BC0E
3B31
3B89
3BE8
BC3F
BACE
3C6A
3A90
BC1D
3AAE
3BA9
BBA0
BB86
3B55
3B3F
3A87
BC93
BC1B
BB3E
3C21
3A06
BBBF
BC6E
3B6C
B8B3
3B0F
3C96
3B62
3C37
3C17
3BC2
BC02
3C13
BB89
3C48
BB96
3C10
BAAC
3C59
BBDF
3BCC
3B76
3C48
BB95
3BBC
398B
BB5A
BB2C
BC13
3C43
BC07
3A8E
BAF0
3B24
BBD5
3B80
BA81
BC03
BBFA
BB33
BC24
BBE8
BBB0
3C4E
BC13
3ADA
BC19
3B78
BC0E
3AD7
BB7A
BB24
BC20
3BA2
3C7F
BC73
BBC3
3A8A
3A51
3BED
BAD8
3AD2
3C11
3BD0
BC42
BB2E
3B1F
3BF5
BAF5
3CBF
3966
3B3F
BA36
BBD7
3BC8
3BC6
3BBC
3AB3
BB52
BC03
BBE4
3B92
BC20
3C7A
3B29
3C90
BB34
BA89
3B85
BA98
3A8E
BCEB
B9EE
3B3E
3C06
3CA9
BA9C
BB81
BBF3
3B37
3CAD
3C06
3C12
BABD
B885
3C36
3C93
BB99
BCFB
BC8C
3B8F
3BBD
3B65
3AB8
BD04
BBBF
BC06
3B60
3B0B
3BC7
3C36
3C03
3BFF
B991
BAF9
BBCB
3A3B
BAD0
BC60
3BDA
3C81
BBA8
3C16
BC47
3BA8
BB51
3B27
BAF5
BCA3
BB1F
B6A5
39C4
3B88
3C31
3A5A
BA42
BC38
3BAA
3BFE
3C08
3B90
BA9C
3C1B
3C33
3C63
3BD9
3BA2
3C7D
BC46
3AFB
BC25
BC06
3C05
3BEA
3C7D
3B93
BC17
BC86
39C0
BCBE
B8CC
BBDD
3AA8
3C20
3C08
3C4C
3B04
3BFE
3AD7
3BA4
BAC8
BC87
BC4C
3CBA
3BB7
BC17
3B29
BBE4
BC24
BC56
3B20
BBCF
3C13
3B37
3B10
BB0E
3BA3
BC42
BC8C
BBB7
3BAD
BAEC
3BFE
BC87
3BD7
37D0
BC66
3B46
3A07
3B10
3C87
3C0B
BC58
3B28
3C47
BB0F
B865
3B97
BB97
BCB5
3B36
BB06
BB87
BB95
BA29
3BC4
38B6
BC3B
BB2B
BC0B
3B0B
BC5F
3C54
BBC3
BCB7
3AB4
BB5C
3C5B
3C7F
3C22
3C7D
3C0E
B9D8
3AB0
B82A
BBC9
3BA2
3A12
3AC2
3CBC
3B4B
BC87
BBA2
3C32
38FC
3C26
BA0D
BA9E
BC0F
BC7F
BBB2
3B9A
3AD2
3C72
BB06
BBEC
3A02
3BA1
BC7D
3BD7
BBBA
3C16
BA2B
BC88
BBDB
3C4D
3C17
B992
3B46
BAC5
3BAD
3C47
3C0E
3B7E
BB73
BBE2
BB70
BA7E
3BC4
BC4E
3A24
BC22
3BAC
B9F3
BAFC
BC91
BA89
BBB1
3B99
BB91
BB05
BB7B
BB15
3BEC
3BF8
BBCB
BC76
3B69
3C2F
3BCD
3C0A
BC5E
B9F0
39BA
3B88
BC67
BBDB
BC67
3B98
3C80
39DB
BB32
BB34
BC1D
BB1A
BC26
3C11
3894
3B99
3C3A
B9A6
3C89
BA73
3CBA
39CE
BC06
3C5A
BB96
BB4C
3C92
BB4F
BB9C
383B
BBA2
3C18
BC16
BBFD
BC95
3A7B
BC5A
BA9E
3C24
3B08
BC30
3AB7
3BC8
3C6D
3B82
3BEE
BC70
3B81
BB76
BB89
BC7A
BC9A
3B98
3BC5
3BF8
3C11
3BFE
BC36
3BAF
3B1A
BC0A
3B1C
BC1E
3C80
3B95
3AD8
BCAF
3BC3
3AC2
3B56
BB57
BBFA
BC11
BABC
BB8D
BC85
3CC9
BBA0
BBAC
BB1A
3BA0
BB6C
3B13
3A7D
3C2A
BBDD
BB29
3CAB
BB17
3C08
3BAB
3C17
BB20
BB93
BBB3
BB90
BB87
3B28
BC87
3C89
3919
BC1B
3C02
BC3B
BC9A
3BC7
BAF0
3C3A
BC2C
BBAF
BB2B
BC84
BC36
3C21
BCAE
3B5B
BC78
39F7
3BFA
3C20
BBEA
3BC1
BBF1
3B15
BAC1
BBA7
3C3D
3B88
3920
3AA4
BC95
3C4C
3A0C
3B3A
BC0B
3C58
3C3D
BCAF
3C49
3C3E
3A81
3BBF
BAA1
BA83
38BD
B983
3B04
3B3A
3B91
BBD0
B8CC
3BBA
3BC8
3B09
3B19
3C8D
3BCE
3BB7
39E3
3C9C
3AE9
3B60
3BBC
3C16
BC09
3BC8
BA7B
3B5A
3B8B
BBCC
3AC0
BA4F
3B95
3B5D
3BC8
3BBA
BC61
3B9D
3B75
BC5E
B6C7
3C45
3912
3BC8
BB18
B9FB
BBE1
BBDF
3B71
BBD9
BBE0
BC09
3B74
B7DD
BC25
BC04
3C5A
BBCD
BBB6
BBDC
3AE8
3BD2
3C07
BBCF
3C17
3B3B
3BA6
BBC0
BA6F
BB1F
BB57
BC32
3C39
3BED
3BA6
BC27
3AD3
3B94
BC6D
B8DD
3BD1
3C02
BBE2
BA82
BB67
B9D9
3ADD
BBB6
B987
3A81
3A7F
3BA5
BBE4
3A3F
3B78
BAE5
BB7B
3BB8
3B9B
BB38
3C66
3B21
BC1F
BC22
3BE1
BA2E
BC6A
BC90
3C34
3C90
3B85
BC26
3BAA
BB53
BC1D
BBE1
BB1B
BA4E
3C10
3B9D
BAF7
3B44
BC4C
3A94
3B8E
BC27
3BC4
BB34
3BB0
3BA9
3B98
3C12
BB39
39A1
3A6C
BAE5
3BCD
3AE5
BC9F
BC33
BC09
BC44
BA95
3A8A
3C42
3C37
BA94
3AC8
BB59
3B93
3BE6
3C16
3BF9
BC6F
3C8B
3B8F
3B62
3B54
BBBB
BA10
BA9F
BB9A
BCA6
3B92
B9F8
BC4A
BC50
BBBC
3A82
BB90
BBC6
3AED
BC4C
BC4A
3BBE
BB53
BAF2
3C10
BAEE
BB0A
BB90
3C8C
BC67
BA8F
BB99
BBA3
3BA9
3B92
3BC0
3C12
3A4F
BC21
BB19
BC0A
BBDA
3C75
BC4A
3B88
3B9C
3BB9
3BF7
BBB0
3B56
3B3F
BBA6
3C03
BBD1
3A82
391E
3ACB
BC43
3BDC
3C37
BC04
3C74
3B03
3B8C
3B83
BB09
3C8E
BB9F
BB84
3C30
BC33
BB81
3B9F
3B0C
3899
BBF4
BC43
BC0B
B921
3AF4
3B7D
3C2B
BA63
BAD2
BC4F
BB9C
3C0D
B9D0
BC14
3755
398E
3AC1
BA06
3BB0
BB19
BB85
BB48
3BA3
3BF9
3ACA
385B
BAB0
BBDD
3BD1
BAC4
BBDA
3B9F
3BD1
BC28
3AF9
3B15
BC4D
BAF2
38CE
3ACF
3C1A
BA19
BB4B
3B9C
BBFC
BA9C
3C49
3B46
3C18
3B14
3AB6
BBD0
B90A
3B91
3B30
BB06
BBC1
3B85
3C17
BBC0
BB84
3BDE
3A9B
BC6E
3BC5
3C88
3756
BAE1
BB6C
BA83
3C68
BC30
3B3D
3C22
3C7D
BA1E
3BCE
BB89
3CCF
3966
3A78
BADD
3B96
3B18
BC1D
B986
3C0C
BBAB
BBAD
B9CF
3A84
BB9E
BBAE
3B42
BA8C
BB84
3C00
BAD6
BB8B
3B81
3BC0
BB42
3AC7
B907
BBD4
3BC3
3C3A
BB01
3BBC
3B21
3C25
386B
3991
BC35
BBF8
BB5F
BB6B
3C29
BA85
BBFC
B9F3
BC2D
BC54
3BB2
BC93
BA6B
38BF
BC0B
3C3D
BC30
390C
BC05
3AAF
BB3B
3BD1
3BA1
BBB9
BBD9
BC06
BB75
BC19
BB8B
BB8A
3B4D
BADA
BB8F
BAC2
3933
3B9E
BBFE
BACB
BC05
BC0A
3B93
3B1D
3BF2
3BC6
BAA8
3BF6
BC73
3AB7
3AE8
3C80
3ACE
3BEB
BAD6
3B45
3B4B
BBA1
BC3A
B920
BAA1
BC79
BC1B
3B1A
BB8A
BC7E
3B9B
BB9E
BC22
BC82
3B3C
3BB2
BBB4
3B06
BC80
BAFD
3BC1
3BC2
BC1A
BB59
BB03
BADF
3B94
BA97
BBBE
BB5F
3B24
B9E6
3AA7
BB7F
BBAE
3ADF
3A8A
BB7C
BC00
BC3B
BC17
BBEA
3C21
3AD9
3C87
BA83
BB5C
BACB
3BAD
3C01
3B7F
397F
BBEA
3AB1
3BE3
3C7D
BC24
3BEA
BBFB
3C84
BCB3
3B84
3C00
3C10
BC0D
3B46
BB02
BBBA
3C41
3BAB
BADE
3BEF
BC42
BADF
3C82
BACF
3C01
3C33
BBD8
BC0F
3AE8
3A83
B90D
3BF9
3B7B
3C57
3C35
3BDD
BB45
BC40
BC1D
BCCA
3B1B
BC48
BBE3
BBC4
BC2D
BCA2
3C11
3B71
BB77
BB0E
BB06
3AE3
3B86
B9F3
3B54
BB95
3A40
3C85
3C16
BBC8
3B93
BBA6
BC1D
3BEA
3C4A
BC8D
39D4
BAD8
3C85
BC0E
3BBF
3C30
BAE0
389B
3BA1
3B27
BC93
3BC5
3BFE
BB01
3947
B9A1
BC00
BCD6
3A02
3C1D
3C14
BB66
3C2C
BA1A
3BEC
3BE5
3C25
3BDC
BB22
39F7
BB92
3B99
3BEE
3C82
BC63
BB93
3BD4
3C31
BC3C
3B3D
3B96
3A73
BB97
BC18
BC68
BA9F
BA1A
BC14
3A80
3C02
BC37
BCA1
3B5D
3C19
3AEB
BB7B
BB2A
3C10
3C21
BAFA
BA6A
3B7C
BAB9
3908
3BA0
BB06
3C43
BBBE
BB32
3B92
3A03
3BE2
BB8D
3B81
B9B9
BB8B
BABD
BC54
BAC4
BC01
3C1D
3BAD
38CA
BC78
BBD0
BB46
3BD5
BC3F
3BEE
3AD9
3AFA
3CB0
398A
3999
3B75
3C39
3B74
BA6D
3BBE
BA99
B979
3C48
BB0B
3C04
3BC1
BBA3
3ACD
3C38
BB25
BBAD
BB9C
3B57
BC4A
BBBB
BC20
BA94
3B1E
BB07
3BCF
BB13
3AA5
3AA6
3BCA
BC8F
3C30
3A49
BA04
BBDF
3C4D
BB5E
3C18
3BB8
3C1A
BC82
BB65
3C2D
BC48
3B2B
BC9B
BC7C
BB9C
BBE1
3C49
BB1F
BB0D
3C10
BC5D
BB72
BB14
BA94
399B
3C4A
BB49
3B20
3C1A
BBB4
BC68
3BF0
BBE6
BC09
BC41
B9A1
BC1F
3CC2
3C11
BC45
3BCD
3BF6
3BC3
3C35
3BE7
3B01
3B6F
BBD1
BC3F
BAFF
3BCA
BC3E
3C76
3C18
BC84
3B36
3B25
3C11
3B37
BCAF
BC1E
3C84
BB9E
BB5A
3B13
3C82
3B38
BB14
BBD8
3C0B
3B69
BB99
BAFD
3C81
BAE2
BB9B
3A2D
BCAE
3BEA
3BAE
BC34
B913
BC1C
3BD5
3B0C
3BA4
BAFE
3B8B
BB19
3C3E
BC88
BAC6
BBDE
3979
BBDF
3A4E
3BB2
3BAC
BBE8
3C0B
3C6A
BB11
BB33
BB77
3B64
3B86
3C3B
3C8A
3B1C
3C69
BC0D
BC91
3C76
BB9C
3BEA
BBBE
3C7B
3C69
3C42
3C5D
BA9F
BACD
BC5D
BC01
BC07
3C21
3B52
3B1A
BBBA
3B6C
3BEC
3AEE
BA38
BAF4
3B8B
BB3C
BB5B
BCAB
BC1F
3BB9
BC7C
3B28
3BB4
BCB9
3C57
3BDA
3C4C
BC47
3BB1
3C3B
BBEA
3AC6
3BEA
BC33
BB58
BC2A
BB89
BB30
3A02
BC30
3BF7
BB04
3B11
3BEF
BB86
3B33
3B2D
3AC5
3BC9
BB99
3AA1
B89E
BB22
3BBB
BB82
BC07
BC46
3B1E
BC3B
BC08
BBDF
3B38
3C13
BB1A
BC46
BA94
BBE9
3C88
BBCB
BB83
BC8D
BC42
BBA1
3C62
3A9B
3B95
BBBC
BC6E
BB58
BB96
BBB4
BA0E
BC1C
BBF5
3C86
BB57
BB8E
BB8D
BB45
3B00
3B5C
3BB0
BA87
3AE1
3BA7
3B01
3C3F
3901
3B83
3A99
3BD3
BB0C
BA8B
BBA3
BBDE
3B95
3C0F
BBA8
BC05
BC2F
3A63
BC17
BC04
BAB2
3AA3
3AC5
3C00
BC16
3C68
3C17
BC84
BBEC
3C29
B82E
3C88
BC80
BB8B
BC12
3C3B
B926
3C0F
3A8C
3C53
3BB8
BC28
3673
3C81
3B70
BBB2
B943
3A31
3C79
3C5B
BB83
3B7B
BA60
B995
BA3E
BBBE
BC4C
BB8C
3C0F
BBFB
3A89
3B0B
BBD0
3A6C
3C0C
39A5
BBDC
BBE4
BB14
3AE3
BC18
3BB9
BC8B
BC85
3C1F
BBE1
3BEB
BBA3
BBD5
3AF5
3BE8
BB75
BC07
3C2F
BB9D
BB02
BC37
BAB6
BC67
3C2D
3B8C
3BBE
3C06
BC80
BB93
3C39
BA01
3B94
3B97
3C0C
BC03
3C13
3C78
3A46
BBD7
3AD2
BC32
3BCF
BA7C
3A86
3AF7
BC46
3AE3
3A3C
3ADC
BC19
39B4
3B98
BC1E
BBA8
3C5E
3C16
3C22
3C37
3C07
3B37
BBF6
BA6B
3BD5
BB46
3C0A
BB84
BA24
3BA4
3C17
BB88
3B01
BA81
BB6F
3BBE
BC03
BBF6
BB83
BBDB
3BB2
3C05
BBF2
BB04
BB01
BB9E
3BCB
3C11
BC2C
3BF8
BB09
BA3B
BBFC
BC30
3BF0
BB1F
BC5A
BBB1
BB96
3ABB
3B3A
BB1C
3BA0
3B43
BB29
BBDD
3C58
3BC1
BC03
B9DC
BBBC
3B85
3C24
BC11
BB4C
BAA1
BAF1
BA1C
3BD8
3C56
BBA1
BC0F
3AAB
BC24
3B51
BC18
BB6B
3B73
BC01
3B29
B78E
3C98
BB8F
BCAF
BB36
3C03
3C23
BB90
BBB5
37FD
3B96
3C1F
BA48
BC9D
BBB7
BC8D
3B05
394C
3C56
3B62
3B28
3BC0
3B90
3C29
3C6F
BC08
BAFB
BBE4
BB3A
BC00
3CA2
BAB2
BB89
BA4F
BB61
BBCF
BAE4
BA20
3C5B
3BE8
3BE9
3BB7
3B11
3CA6
3C39
BAA5
3BD5
3B3F
BB0E
BB79
BBEB
3C82
B872
3C26
3A34
BB91
3B53
BBB6
3BB9
BC9B
3B14
3BF2
BB23
3A85
BA24
BC66
BAF3
3B80
BC89
B808
3B78
BB8F
BC09
BB8F
BAE9
BB5A
B97E
BB0D
BBAA
3BFC
3BA0
BC62
3C04
BA91
BB39
BBC1
BA80
3BB4
3C15
3BA9
BB73
BBDD
BC40
3C74
3B0F
BADF
3A9A
BB9C
BB26
BC55
BA0F
3C12
3B8A
BB0F
3AF6
BBAD
3B3F
BC22
BB24
BB03
3B5B
BA6F
3C3A
BB5C
BB84
3C20
3BD0
3CCE
BC34
BBE2
3C88
BBB6
BAFE
3B52
BC03
BC35
3C03
BBF7
BB92
3C4F
3BF6
3C04
BC0D
3BE4
3C3C
3A8E
BBCD
3C6E
BC1A
BC23
3C19
BB19
BAF7
3C55
3BA8
BC3B
BC66
BBC0
BC46
3C51
3BBF
BAA2
BB15
3C18
BB56
3882
3ABF
BBD9
3BB1
BC42
3B6A
3BC9
3C59
BC76
BC5B
3C0F
3C94
3B7D
BC1D
3ACD
3C90
BB7A
3AC3
BBF1
BB1A
BBF4
3AB9
B9AE
BBDF
3C1A
3C12
BBD5
BB03
3C93
BCB7
3BE0
BC15
BAAB
BB67
BC01
B9E5
3BAF
BC58
3A76
3B6D
BAFB
BBD2
3C46
BAB3
BB90
BC94
3BEA
3C4F
BC21
3C5A
3C54
3C50
3BAA
3C90
3B30
3CB2
3BA9
BB29
3BEF
3B31
3ABE
BB98
3BBF
BB64
3C1D
3C9F
3C4F
BB38
3AA0
BAC5
BC14
BC07
3ACA
3C14
3B74
3BA7
3B9E
B991
39C0
3C54
3C07
3C74
BC13
BC37
3B90
3B32
3901
BC59
3C90
3C17
3C2A
BA9B
B9B9
39D0
BC2E
3BD6
BC2A
BC1E
3A99
3B87
BC30
BB86
3BBE
BC2B
BC30
3BDD
BBD3
BC1F
BBB1
BB91
BBC0
3B4C
BC45
BBAE
BC6B
3BA8
3BB0
BB7E
3B94
BB14
3BC6
3C5D
3BCB
BBBC
3C60
BC00
BBE9
BBD6
3CA0
3B07
3BA2
3BEA
BBEA
BBDD
3C53
3C84
BC1D
3C02
BAED
BC11
3B82
BB51
BB1B
BB03
3BC5
BC05
3B00
BB03
3B13
BB0F
3B7C
3B94
3A5B
BB8E
BC1B
BB18
BB1D
3AF1
3C85
3C3C
B95B
BC31
3AD2
3C05
BAD3
BB2C
3B92
3A95
3BF7
BBCA
BBA8
BC3D
BC65
3BC5
3B10
BB2A
BC38
3BAF
3BD1
BBCB
BBFA
3BC7
3B89
B932
3C2E
3BC0
3B4D
3A48
3A1D
3B45
BBCC
BAEC
3BA8
BBE5
BA7B
BB96
BB3F
BC83
3C86
BBD8
3C0F
3C3D
3AF1
3C02
BB3E
3B1D
BBC0
3C7E
BB3F
3C15
3B26
BB6D
3B9E
3BB2
3AF4
3B80
BB63
3AB8
BC2F
BA36
BB17
3A0C
BC75
3C40
3BA0
3BD4
3C32
3B91
BBAC
BABD
BC39
BBBA
3C8A
3B18
BBED
3A48
3B74
BB0E
3B57
BB46
BBAC
BBE4
3ABA
BBF7
BB77
3B90
3B6C
3B18
BB87
3B94
3BFE
3C3A
3AD2
3C43
39AD
39E0
3BB8
BBED
BB82
3AFE
BC2D
3BB5
3975
BA86
BC60
BAF1
BAC5
3B43
3B85
BB9B
3CCB
3B12
3A8D
3983
BAEB
39BE
3B5F
3AC3
BC0A
BB8D
3AD9
3AD6
B9A2
3C1F
38F1
3C02
BB71
3C33
BBBD
3BEE
BABE
3BF9
3AB8
BBD2
3A7E
BA9A
BB96
BC02
3BCC
3BA4
3A53
3BB0
3B9D
3B76
3BF9
BC54
3B42
BC04
BC66
BB99
3BE3
BB32
BBDE
3B46
3B09
BB05
BBB6
BB39
BA65
BC8A
3BC7
3C21
3BD9
3C0E
3BF2
3B2E
3BCE
BB32
3BEB
3C58
BB65
3C15
BA42
BB28
BB9F
3C83
3987
3C47
BA30
BBBA
3AB9
3B86
BBD6
3C19
BB3F
3947
3BBF
3C8F
38CF
3C44
3BFF
3B19
BAA2
BC4B
3AEB
3ABE
BA81
3B97
BC85
3C80
3A98
3BBF
392C
BB75
BA95
3BDD
BAF8
3C51
BC50
BC43
3AA1
BC62
BBD5
3C2E
3C6E
3AAA
3B3C
3C7E
BA7A
3C38
3A05
3BCC
BC68
BB72
B98B
BB0C
BBF1
B9B9
BC62
BB80
BBF8
BB32
3C4B
BCF0
BC01
3B95
3AC4
3BC5
3BD6
3CB0
3B1A
3BC6
3CA5
BAAF
BB06
3C3E
3B3D
BC0F
BB14
BBD8
B8B8
3A7D
3A42
3BEF
3B50
BBC3
BB28
BB94
BC0B
3B43
BB23
3B75
BA8F
3937
3BA8
BA53
3B7C
BC06
BB0F
BBE7
BB78
BB92
BC34
BC35
3BEB
B9C7
3B48
3C01
BAB6
BA97
BB34
3C34
3B12
BB42
3B3F
3B48
3B98
3B47
3A7A
BC0B
B95F
3BDE
BA79
BC01
BB6A
3C43
3B80
3AB5
BC46
BBEA
3AAA
3BCE
3B0E
BB70
BB94
3BA6
3B28
39EC
3BCF
3BD3
3B30
3C4C
3C23
3BAC
BC57
BBC2
3C8C
3C00
3B2A
3B9B
BBA3
3B96
3B13
3C2D
BAAC
3C1B
3BA5
3C0A
3C46
BC91
3C0F
3B98
BA02
3A3A
BC5D
BB2D
3BD2
BC3A
3BA9
3B88
3C8D
BBF5
3C4B
BB96
BC38
BC08
3BB0
3AB2
BAD5
390D
BA63
BBBE
BC6A
BC44
BA0A
3C54
3B33
3BEC
3B8A
3B3B
BB77
BC0F
BC3D
BA3D
3B05
BB9D
3A31
BAD6
3A2B
BB84
BB7D
3BCE
3C0F
BB9D
BC5A
3A6A
3BE8
3B02
BC11
BBF9
BBAC
3B85
BBAB
3B9B
3BCD
BC0C
BC29
BB06
3B1B
BBD2
3BEB
3BC9
BC35
BC1A
3C8A
3B98
3A32
BC25
BA74
3C43
BC06
BBBD
3B8A
BC42
BBAF
3C8A
3C1F
3BF3
3B97
3BAE
BC1A
BB74
BC45
3BE3
3C8A
BB24
3BAE
3C84
BAC3
BA84
3BCF
3A1D
BA94
3BFF
3BAB
3B88
BBA3
3B9C
BAB4
BA28
BBE5
3A26
3B9E
BA5D
3B83
3AD0
BADC
BB76
3943
BC74
3B5A
385B
BCA1
BC93
3B9E
3C03
3C13
3AE3
BC2F
3B53
BA66
BBF7
3B5E
BC3C
3A96
BA14
3C32
3BF5
BC28
3C28
BC5F
390A
BC74
3BE1
BBC2
3B97
BC3F
3B83
BC06
BB0F
3C89
3BB0
BC60
BC46
3BCC
BB09
3B21
3BF2
BBD0
BB97
BB2C
3B97
3B9D
BB35
BB44
BC86
BC04
3B94
BB8F
3C14
BB16
3B48
3948
BB8E
3C87
3B20
BBF9
3B8C
BB13
BAE4
3B78
3BB9
BAD6
3A75
3BE9
3BB3
BBAD
3B8A
3BB1
BC44
3C7A
3C34
3ABD
BA2C
3AD0
BAA5
BC24
BAB0
3AD1
3B79
BB88
3C1F
3B84
BBBE
3C83
BA59
BBC4
B9C3
BB4C
BC29
3C15
BC09
BC45
3B7F
BC23
3C56
BB93
3C0B
BC53
3BA9
3B50
3C4B
3C5D
3B42
BBDC
3C10
BB91
3B45
BA89
BABD
3BE6
3BE2
3B5A
3BFE
3C26
3C54
BC65
BB94
BBC0
3B8A
3B1B
3A53
3B8A
BCC7
3BA6
BBE3
3A56
BC2C
3C53
3AA8
3B44
BC4A
3C64
384C
3BD5
BAC3
3A94
BC16
BBDF
BBEE
BC1D
3B81
BBA0
3B8E
3C82
3B52
BC04
3ABA
3B1D
B989
3B87
BBB3
BC10
BC02
3A7D
BC3B
BB3C
3CC4
BCB8
3C30
3BBF
BA01
BBD1
3ACE
BAA2
BB8C
3B5A
BC6B
3A96
BC33
3B9D
3BF4
3BE8
3C44
BBB7
3B3D
BB08
BAE1
BB6D
3C0C
3BA1
3B6F
BB87
BCAB
BB89
BC0D
3BF1
B9D6
3B85
BAEB
B997
BC24
39B6
3B97
BA75
3A7B
3ADC
390F
3BB4
BC60
3C11
3BDC
3B8A
3B6D
BC69
3A40
3A12
BB59
3B13
BAF1
3C29
BC4A
3B50
BBF4
BB0D
3C52
BC4F
BB28
3913
BA8D
3C34
39C1
BADD
3BB3
BC4B
3BED
BB39
BC0C
BB2A
3B81
3AC2
BBEC
BBD5
3AAA
BB20
BB65
3AF5
3B9E
BBBB
BB52
3C09
3BBD
3C4C
3BE0
BC25
3C07
BA73
B905
3B1B
3C48
BC41
BAB2
3B35
BBA2
3B29
3C66
BB18
3B90
3C74
BC10
3B86
3B55
BBB8
BC92
3B07
3BDC
BB34
BBFC
BC05
3B28
3A95
BBD7
BB9B
3C2E
BC0B
BB1D
BB82
BA8F
BBC9
3BFE
3C02
3C12
3B51
BCB4
3A87
BC23
3C81
3BA6
BB35
3C8A
BB88
3BCE
3C94
BB29
BB5E
3BB0
3A8F
BC52
3B5D
BBC6
B980
3BC7
39A5
BAAD
3C4A
BC0B
BC1E
BBE1
BB5D
BC19
3B3C
BB91
39ED
B966
BA31
3BFD
393A
3C9B
3A67
3B6E
BC29
BC3D
BB3A
BAE5
3C4E
3B1C
3C75
3A35
3BCE
3B14
3BD4
BBE3
BAD8
BC8E
3BEA
BCB4
BC52
3BD9
BCAE
3C30
3AEB
3B4D
BA8D
BAA0
BB64
BA8E
3C86
BC10
3B76
BC2D
3B9A
BB05
396E
BAD0
BB8D
3AB4
BA81
3C01
3B22
3BA7
3C4B
3BB2
3B84
BB3A
3C06
3BC7
3BBD
BB88
BC6A
3B2B
3B84
3C81
3B58
3C65
BBBF
BC7C
BB49
3AC1
3AAA
BC44
BB45
3B40
BBBB
3C48
BB1B
3C52
BAEB
3B2F
BBB9
3C30
BBD8
3CCE
3C82
BC54
3B58
3C60
BB8D
BB87
BB87
BB46
388F
3B01
BBC5
3C54
3B03
3C45
B9F3
3C65
3B26
3C24
BC04
BC87
3BD7
BB8D
BBBD
B9A8
3B55
3C4C
3B13
3C4B
3A07
3BAA
B991
3B84
BBBF
3A5F
3BBD
BC47
3C53
3C18
3C40
3C0B
BC6A
3C01
BC45
BBE6
BC31
3B08
BC20
BC00
3C08
BA0A
3BA5
BA94
3C0F
BB16
BC8A
3B89
BAE2
3B9B
3B88
3BDC
BC10
BC67
3B0D
3B67
3BDA
B814
3BA2
BC85
3ADE
3C1B
BC30
BBA2
3B8B
BA98
BAC2
3B90
BBED
3C0C
3C29
BB5C
3BD3
3B94
BC19
BA6C
3AD9
BC44
BBC8
3B32
3C87
BBBA
3A29
3C03
3C0E
3B82
BBA2
BB25
BC83
3B94
3B1E
3B05
BBC8
3C0C
BC12
BB02
BBC2
BB9A
3C5D
BB95
3C4E
3BD4
3C0C
3BE1
B90D
BB21
BC29
3C09
3C20
3BD2
3B82
3C54
3BAE
BA3D
3BE3
3BA2
3BF4
3B19
3BEB
BB8A
3C42
BAD5
3AF1
BBDC
3B4C
3B89
BC82
3B85
B953
3C59
BC62
BC28
3BBD
3B23
3C30
BBB4
BBFB
B905
3BCC
3B92
3BB6
398B
BB72
BC01
3C37
3C3B
BBC8
BB23
3C3F
3C56
BB99
BC1D
BB81
3AD6
BC1F
BC83
BC01
3B96
BC22
3AB9
BC0A
BC72
BBFB
3C96
BC46
3C22
3C57
3C38
3C1F
3C0A
BB26
3B96
3BC2
BC14
BCDD
BBBB
BB90
BC44
3C32
3CA7
3B21
3BBE
BC4C
3AAA
BBBC
BBFF
3C8E
3A1B
BC15
3A8F
3BA2
3BAE
BC00
3BBC
3B2E
3BD9
3C14
BC18
3BC3
3C6D
BBD2
BBAB
3BB5
BBBC
3B01
3BCD
B9DC
3B62
3853
3BEC
3B2E
3BC1
3B40
BA99
BAB3
BC22
B9FC
BA27
3C2B
BB11
3BA6
BCD8
BB0A
BB9B
3A89
3BBC
BB92
BB0B
BBA6
BB84
BC06
BB18
3C07
BB39
BA86
3C17
3BB8
3BEF
BB11
3BDE
BAC5
3C8D
3C7C
3BAB
3A7B
3BAE
3BCC
BB0C
BBB1
3B21
3BD8
BB76
BB7E
BBB3
3BA6
BB59
BC11
3AA4
BB86
BC14
BC14
3BC0
3C5D
BBD6
3B7E
BC2C
BC4D
3B5D
3BE0
BA8C
BCAD
BB5E
3BC8
3AD3
BA55
3B56
BA95
3B55
BBB3
3A74
3BC2
3C37
BACA
3C72
BABB
3B75
3CBF
3BA0
3B0F
BC08
BADB
3AC4
BB0C
3BF6
3C5E
BB06
BC56
3BA7
3A58
BAD3
3B94
BB70
BA66
3AE4
3BE2
B96D
BC9B
3BAC
BC14
3B16
BC5A
3B09
BC1B
3BF1
3BFA
3AEE
3B9F
BC99
3BA0
3C27
BB8A
3C29
3BFE
3B86
3AA4
BBA7
3C13
3BAC
3A12
3A22
3B3E
BA62
BC3F
BB90
BAC3
BB96
3C8A
3A67
3C30
BC00
BC9C
3B93
3AB6
BCA9
BB57
3C26
3C6D
BC3F
37BD
BB68
BA08
BBED
3C1F
3BFB
BA11
3BB3
BC15
3C58
3B88
BC05
BBA5
BB23
BBDF
3BED
3BC9
BBE5
3B24
3C19
B9E9
BBB0
3C50
BB00
3B1A
BBB6
BB02
3B9C
3BB4
3B19
B8B7
3BE8
BB11
BA5A
BB2E
BBCC
3C04
3BDC
3AD5
BA2F
BB7A
3B99
B949
3B99
3C90
3B64
BC1D
BC0D
BC42
3C01
BB09
3C15
BBE9
BB88
BC54
3A82
3C15
BBA4
BBCA
3C72
3C5D
3A5C
BC17
B97B
3B86
3A5D
BC19
BBA4
BB12
3B4C
BB9A
BC36
BC82
3C03
BB81
BC81
3AB4
3C14
BC00
3C11
BB9D
3B8E
3B8B
3B6E
BBC5
BAA0
3BC3
BCB1
BACF
BC2D
BBBD
BB86
3BE0
BB7E
3B9A
BB14
BBF1
3AF9
3C30
BC09
BB07
3C2A
B9D3
BB50
BBFD
3C49
BC28
BB82
BCA6
BC01
BB60
BC99
3B08
BBAE
BAF8
3A8E
BAFA
3C1A
3A95
BBDF
3AB7
BC14
3C6A
3B83
BBFB
3C21
3A58
3ADC
BA05
3BFB
3869
38BB
3BAD
BB94
BA58
3C19
3C2E
3B81
BC87
BB14
BC35
3B0A
BC2E
396E
3B57
3BED
3B1E
BB92
BB3F
BB8B
3BA8
BAB3
BB11
BA6C
BC15
3C8A
3ADF
BC2F
3B97
3B06
BBE2
3B9D
BC48
BA47
3BB4
B983
BB16
3BE7
BAB1
BC38
3B8A
BC39
3C0F
BC4C
BC23
3C52
3BB5
BBCE
BCAA
39C7
3C07
3C8A
BC7E
BC9B
BB94
3C2D
BB0B
BC2A
3B8E
3B96
BC75
3C1C
BC8C
3B0D
BB90
3C94
BC4E
BBFA
3B3C
3BB6
39F8
3B74
3B23
BC08
3A9D
3B98
3A18
BC14
3BED
3BF4
3C37
BC14
39EC
BB47
BC13
BC9E
BC42
BBF1
3C4D
BA4B
BC5E
3AEA
3B59
3C77
3AEF
BBA3
3A8F
BB73
BC49
BC01
BBEE
BC69
3BE7
BCD6
B9E5
3BEB
BC8B
BBDA
3C03
BC3B
BC02
3BE5
BB92
BC22
BC12
BAFD
3C27
3B4F
BB91
3C72
3BEE
3BC1
3BFD
BA32
3BB9
BBE3
3BD2
3BE0
BC9C
3A33
3C14
3B36
BB54
3A4C
BB5B
BB7C
BB2B
3ACF
BC99
3BF9
3BF6
3C5C
3B0E
BB32
3B14
3B13
3BF9
BBEE
3AED
BC55
3BBB
3C59
BBEC
3B12
3BD5
BC1B
3B04
3C1D
3C8A
3BCD
3C08
BBF1
BC16
3B9B
BC69
BC45
3B3B
BB30
BB26
3C4B
393F
BBFD
BB2C
BB74
BAC7
BBB0
3AF2
3C7C
BC3C
BC24
BAD3
3B18
BCE0
3BA7
BC20
BBD6
BB9C
3985
3BBC
3B62
3B47
3C48
BC8C
BC09
BC01
BB25
3A9B
3A57
3BCB
3ADC
BB67
BB66
BBC8
399E
BB19
3C46
3B79
3C14
3BD2
BAD7
BC1B
BC4F
3C52
BC8C
3AFD
3B3C
3C35
3AE9
3A83
3B0A
BBE9
3B5D
BC73
3C98
BA4B
BA87
3B37
BB87
3A03
BB73
BA57
BB01
3AEF
3C46
BACC
BACA
BB3E
BB96
3AFE
B999
BC2D
BB81
B674
3B94
3C5F
BC35
BC52
BC1F
B909
3C24
3B6E
BC86
3AE0
BC0C
BA6B
38B5
3BA5
BB9D
BA4B
3B56
BA84
BB6B
BC42
3B3B
BC2B
3AC2
BB9A
BC2E
3C22
BB9C
3BBA
BBEC
3A90
BAF5
BC4E
BC86
BC68
BBE4
3C06
BC47
3A57
3B3C
3ACF
3C65
3C1F
3C3A
3C41
3BDA
3BAB
3B3E
3C8D
BBC7
3B9B
BC53
391B
3A45
3B67
BC00
BA7A
BBBA
3A1D
BB74
BBEC
BBFE
BB9D
BBA2
BADA
BBD0
3B8F
BC0E
B9AF
3C45
3C5E
B9F4
BB4F
3BA0
BBF3
BBAF
3C78
BBCB
BBB6
3B35
3B72
3C0E
3A16
BB4C
BC97
BB8F
BBA4
BBAB
BAF8
3A7F
3BBE
3ACB
3B13
BB13
3C41
3AB1
3C5F
3B7B
BC4F
3BDA
BC08
3AC1
3B26
3B07
3ADB
BB09
3B07
BB43
3BEB
3BC6
39EC
BC73
3B92
3C6C
BC5B
3C0A
3BD0
3BB3
BA98
BBC5
3BDB
BC3A
BB6D
39C0
BBE5
BB4D
BB9F
3BCC
BB9E
BBEA
BC77
3C30
3C4B
BB29
3C42
3B8B
BC2C
3C55
BA7C
3B6C
BB0F
BB5B
BAD5
BB9E
BBD9
BACD
3BF6
3B0F
BBFF
3B99
3B3D
BC30
BBA9
BC2E
3BB4
BB40
BA42
3B9B
BA10
BB51
BBAE
BBDC
3C50
BB8A
3C71
3C0D
3902
BBC8
BC37
BC3D
BC3D
BB6E
3C19
3C01
3C3C
BC14
3C1C
3B6E
3BF0
BA87
3B65
BC50
BABA
BC05
3C0F
3B31
BAB5
BB9C
BBD9
3AE8
B9FF
BAA2
3BB7
3A66
3B89
BB69
3B8A
38CB
3C1F
BA64
3C5F
BAE9
3BFC
BB99
3C1F
3AC7
3C02
3ADE
BA43
3CB3
BB81
38FA
3C83
3BBC
BC14
3B69
398C
BC2A
3AEF
3B73
3B92
BB43
3B5F
BBCA
3A7D
3B3B
39CA
3ABF
BB71
BB9E
BC00
BC67
3BD3
BAE5
BB40
BBD4
3B44
3C2E
BB9B
3825
3BDC
3A65
3B6F
3C0F
BC70
BB66
3B18
3AA5
3C4A
BAB5
BC4D
3C43
3BBB
BA2F
BB47
3C4B
BBCF
BBFA
3B87
B66A
BC33
BB65
BBAA
BC03
BC26
397D
BC47
BC70
BB51
3B8A
BC12
BB91
BC7D
BBB7
3AD1
BB0C
3B8C
3C49
3B0C
3C4E
3C0E
3B73
39DF
BBF8
BC1F
3AF6
BBA3
BB66
3B11
3C25
3BA7
3BA0
3C13
B640
BBBC
3B35
3B37
BAA1
BBE1
3BD3
3B44
BB7A
BB01
3BC0
3C70
BAB4
BC38
BBC9
BA2B
BC61
BC30
BC50
BA33
3B83
BBE2
3BA6
B98A
BBAB
BC0B
3B4E
BB57
BBAE
BB93
BC0D
3C12
3BCC
BB41
3C29
3BC2
3C47
3C56
BB59
3B8B
3B9F
BC05
3BF7
3BA0
3A77
3C22
39F1
3B92
BAC7
BC80
BC35
BB81
3C44
3BDD
3B7D
3C37
BB2F
3BEA
BBE1
BC29
3C70
BB10
3B96
3B48
3B7F
BC09
BC8E
3BD9
3BA3
BB5D
BA83
3B2B
3C29
BAEC
BBEE
3B1D
3BDE
3BEF
BAB1
3BB6
BA2D
B9B9
BC28
3B21
3B87
39D7
BC20
3B14
3C41
3B93
3B2E
3B8F
BB08
BBA0
B9EA
3C06
BAC8
BC43
BB56
3C87
BC1A
BBD3
BC55
3B2E
BB62
3BEA
BC6B
BB32
BB53
39E7
BB7B
3BE0
BB0C
BB64
3B30
3BB6
BB1C
B7DE
3B1D
3AB5
3BC7
BBFD
BBF9
3AC4
BA1A
3AC7
B899
B9A9
BB8C
BC4D
BC34
3B43
3BBA
3BF0
BB58
3BA0
3BAC
39AD
3B03
3C12
3C29
BC7B
3CB7
BB8D
BC1A
3809
3A70
BB9F
BBC5
BC9B
3B89
3B0C
BA9E
BC89
3C60
3BEC
BBCE
3B47
BBFF
3B8A
BBE0
3C26
BC6E
BBF8
BBCE
BC69
3A0A
BB8E
3B50
3AEA
3BC6
BC1A
3A69
3C3D
3A5C
BB9E
BC27
BBBC
BAA9
BC0C
3C32
BC78
3C22
3AC7
BB1A
BAA3
3A4E
3AFF
BA6C
3C32
BC19
3B3C
BC62
3A93
3C02
3C3E
3C0E
3BF9
3C65
BB8A
BC0E
BCBB
BC2B
BA06
3C19
3C1D
BBD6
BBF8
3C96
BC13
3C08
3C00
BBEC
3BA9
3C47
BB8E
3A16
3B0A
3B7A
3A14
3BA0
3ADC
3BB4
3B67
3BD9
3C34
3B93
BC8D
3C7C
3C2E
3A7C
BB56
3B75
BA59
BBAE
BBE7
3A94
BBFC
3AA5
3A4C
3B17
3B18
3C55
3A16
3C0F
3BF9
3BD0
3B13
3BCE
3B4E
BC33
BB9A
BC6F
BA0E
3B2C
3A9F
3B07
BC6D
3C17
3A93
BC3A
BBF7
3C4A
3B6B
3C32
BBA9
BC03
BB45
BAD6
BB6C
3BC5
BADE
BBCD
3BCD
BB3B
BBA1
BC26
BBDF
BA67
3BF4
3C4A
3C24
BB8A
3ADA
3B83
BC41
BA9F
3B58
BC1E
BB8A
BC12
3C79
3BAB
BBEB
3C01
BBB2
3BCE
3C3B
3B88
BBBF
BCCE
3ABA
3C2F
BC2A
BB89
BB96
BBEF
3C32
3C2B
3AAC
3A43
BC8B
BCF9
3C86
3B74
3C80
3B6A
BC0D
BBBE
BC15
BC29
3B0F
BA8D
BA8F
3C86
3C8D
BB97
BBD8
BC91
3C16
3C07
BBFD
BBE4
BB02
BC1B
3B20
3C5C
BC82
3B2E
3AFA
BB6C
BC86
3C2F
BB94
BBD4
3BA5
BC90
3AFF
BBB5
3C86
3BAF
BC51
BC59
BC3F
3B11
3B64
3BCA
3AEE
3CAB
3B6C
3AB4
3C1A
BB5D
3C3B
BBC5
3BAE
3C86
3C32
3BA7
3B5C
3BE1
3BD0
BC0F
3C5C
3BE9
B9C8
3BE3
3B94
3BAF
BC97
3C76
BB7C
BC2F
3C11
BB93
BA9A
3B3E
BA92
3B9A
BC2E
BB78
BB86
3C0B
BACF
3BA2
BC00
3B6A
B9C0
BB6A
BB33
3B34
BAE4
3AEE
BAA8
3C95
BC81
3B07
BA85
BC83
BB93
3B8F
BC14
BBC2
BC2B
BC6A
3C34
3C0D
3C78
BB32
BCD4
BC08
3CB3
BC26
B831
3AF1
39FA
3B96
3C21
3BC6
3BC7
BBA0
3C29
BB7D
BBE2
BB1D
BB3D
BB99
3B60
BB0D
BC24
3BDA
BC35
3C62
BC1F
BA45
BB7C
3BA8
3C43
3A2E
3AB6
BB5A
B9BE
3C79
BBA8
BC8C
3B71
BB46
BB8F
3BE1
BBEA
BB54
3A65
3CB0
3C4F
3B6E
BB28
BC43
3C30
BC3B
BB96
BB70
3B13
BAC2
BC32
3B46
BBF4
3B0C
3A90
3B2D
3CC1
BA9E
BAA7
BB4F
3B7A
BBC5
BC66
BA12
BA9F
3B26
3B7A
B9D9
BB56
BC0C
BBAA
BA9F
BA9D
BC17
BBC7
BB18
3BB5
BB8F
BC20
B913
3A92
3A26
BB12
3B8B
3B2D
BC01
BB28
BAB4
BC09
3A2F
BC89
BC0B
3B14
BC0C
3C27
3C42
BB5C
3C74
3B90
3B75
BBE9
BB46
3BF3
BB27
BC2B
3BC3
BAF1
BB05
BBAB
BB99
BBA3
3B82
3BCB
BB7B
B785
BAC5
3B23
3C07
BBCD
3C8C
3C21
3BF7
3BF7
3BDB
BC6F
BB89
39A6
3C27
BBFE
3B98
3BF1
3BF9
3B84
3B03
BB80
3B15
BC05
3BF7
3C35
3B5D
3B81
3BBB
3C0A
3B4D
BAED
BBCD
3B48
BC0D
3BCC
BC29
BB7D
BB58
BBAB
3C0D
BAF9
BB0C
BBDA
3C4B
3C24
3B6F
3BB7
BC2A
3B65
BB53
BB71
3AFE
3B40
BB58
BC6E
BBAE
3BE7
3C07
BBCC
BC30
3B21
BB29
BB51
3B87
BBD8
BABB
BC28
3C09
BB82
BB34
BC8F
3B2C
3BA2
BB8D
3C1E
3C14
3C38
BAD6
BA55
BBA1
BBFB
BBC1
3B8A
3B3B
38EA
3CAA
3BA0
BC0D
3BF5
BB35
BACF
3BED
3948
3BAB
BA16
3B8E
3B8C
BA86
BC0B
3B37
3C42
BB27
3C42
BBDE
3C29
BB17
BBAB
BB93
3A39
BC2C
BC57
3C40
BB87
BC67
3C4F
BC80
3C34
BC29
BC43
BB77
BCC2
3C5C
BA0F
3B77
BCDD
BC65
BB18
3B3E
BC82
3B8E
BBB7
BB18
3C54
BB6B
3AAA
BBB0
BAF3
BBB1
B9DF
3C60
BB9D
3C82
3C6A
BC2D
3C18
3CA1
BC5F
3C3D
3C13
BB42
BACE
BC4F
BAEE
3C2C
BBA2
3B97
BBE2
3C1B
3B07
39A9
BBC5
3C0B
3A2D
3BA0
3B81
BC41
3C18
BC41
BB10
3B8C
BBDD
BBC2
3C48
BBD2
3C42
3BBA
3B9C
B976
3B19
3B27
3C02
3C1D
39AF
BBF9
3B22
BC1F
3A9C
3BBB
3A58
3A18
3B70
3BC8
BB6D
BBA7
BC3C
3B6D
3B99
3C17
3ACC
BC0C
BB1D
3C0D
BBEB
BB5C
3BC4
3ACA
BB07
BB52
BB87
BB59
BBDA
3B15
3C8D
BBB6
BBB9
BC0A
3B69
3A48
BC45
BB94
BB92
BA11
BAB8
BBCB
3B52
3BEA
BAE2
3C31
BC92
3B51
BB35
3BD6
BBE6
BC2D
3C2C
3B0E
BC47
3BB0
3B33
3B4D
BB8D
BBA2
BC88
3B98
BC18
BC3A
BC2E
3C34
BB4B
3A64
3B47
3BD2
BC08
BBB5
BABF
BC44
BB3E
3C12
3C24
BB8F
BB26
BAFB
BABB
BC17
3BA5
BBA3
BC14
3C06
3B98
BC59
3C57
BC7C
3BF0
BC4B
3C32
BBA9
3ACA
BBE9
3BE5
BC17
BC15
3B8A
3B23
3ADF
3B17
BC8B
BB9C
3BBC
BB9F
BB80
BB44
BC18
3BF3
BBE2
3BC3
3C62
BA8E
BAA6
BA8A
3B16
3BA6
3995
3C16
BBE0
3BBA
B91A
BB9D
BC5B
BB4A
BBC6
3C2C
BC2D
3B78
BB42
3A8A
3B21
3A8D
3BE1
BA9F
BBF0
BC25
BB89
BB9D
BBB3
BC2C
BC14
BB2A
3CEA
3C16
BBD4
3B26
3C05
3C04
BC58
B987
3AC2
3BA4
3B7D
BB81
BB4D
3B5D
3B9C
BA86
3C2D
3C19
3CB0
BC14
3B96
BB78
3BE5
3BAF
3BF1
3B23
3C1F
3B25
3C15
BB66
BC08
BA43
3B39
3B26
BA75
3908
3C02
BB82
3B7E
3C50
BC77
3BE0
BBCC
BC2C
3BDF
3B26
BC14
3BD1
BC03
3BBA
36BA
BA92
3BF2
BB49
3C21
3C2E
BBAB
3C2B
3AD3
3C43
3B84
BC81
3C08
BA1A
BB68
3B6D
3C48
39B8
BC7F
3C07
BB66
3C79
3C36
3B04
BB96
3ABC
3BB3
3A1F
3ACF
BC04
3C21
BC43
BB6F
3AA7
3B82
BB06
3B80
3A9A
3BC3
BC3F
BC0A
3C1B
3B1F
BB9E
3A06
BB6D
3A49
BAF8
3B18
3B56
3B92
3BD7
BBC0
BB19
3B83
BBA7
BA7E
3B72
3C17
BBC4
3B97
BB91
3982
BBA0
BC29
39DC
3AF7
BBD7
3AF4
3B9C
3C78
BB26
3B95
3C41
BB29
BB2E
BC3C
3BCA
BB85
BB4B
3BB8
3BB7
BB96
BA89
3B3F
BB40
3B25
3BDF
B994
BC3D
B9D6
BBE9
3BCC
BC03
BC33
3BA4
BBDA
BA31
3B80
BB16
3AC1
3BB0
BA28
BA20
BB23
BBBC
BB40
BB02
BB34
3B8C
BB7A
3BA1
BBF7
3C06
BBF9
3A15
3B19
BB95
BC30
BC8A
3C10
3AA7
BBA6
BB31
3B94
BC40
BC08
3CC0
3C8E
BC50
3B8E
BC29
BBFE
3C40
BC1A
3C07
BB7F
3B28
3A9D
3C60
3B6F
BC58
BA82
BBAA
BCB9
3B2D
BC08
3B44
3B72
3C42
3C5A
3C5C
3B77
BABE
BB9A
BC1C
BBB4
BC3D
BB88
BB5C
3BE9
BB45
BB85
BC45
BB93
3B01
3C43
3B22
3BEE
BC1A
3C4E
B9B7
3AA2
3BFB
BC00
BC35
BC1C
BA93
BB80
BBA0
BB05
3BFC
3B50
3A77
3BAB
BC33
3A9E
BC0E
BB05
3C82
BBD4
BB5B
3A99
BB76
3BAE
BB40
BBE2
3BE8
BC23
BC4E
BB3C
3C44
3A24
3C04
3B27
BC06
3AD0
3B99
3B13
BBA7
3C9B
BB0B
3BC1
BBDB
BA3F
3BCC
3BE0
BBB6
BB95
3BA5
3BF0
3B1A
BBEC
3BB8
BC3D
BA34
3C47
BC24
3C2E
3BE7
BB5F
3B72
39D4
BAB7
38D2
BCC7
BB41
3B4F
3B43
3B61
BB06
3C5F
BBF4
BB9C
BA9B
3BB8
BC42
BBA1
3AA4
BAC9
BBE1
BAF3
3C42
3BE3
BB8D
BBA3
BC14
BBA8
BB7A
B985
3B44
BC19
3B91
BA5D
3B28
3B94
3B54
3A9D
3A17
BBD1
BB1B
3B83
BB47
BA1C
BA83
BB15
3C1F
BC1F
3C3B
3C7B
BC39
BBD0
BCC6
B855
3B1D
BC54
3AE9
BB3E
3C63
BA0A
3BDD
3C26
3B18
BBFE
3C2F
BBC6
BB75
BA05
BC1F
BB1E
3B6C
BB45
3C3F
3C17
3C67
3B78
BC3D
BB2B
3B2A
3BDC
3A30
3BBF
3BB9
BC2A
3B47
3B40
BC10
3C85
BA05
3BB5
39A4
BC29
BBE6
BBD1
BA38
BB8E
3BC8
3C03
3A9F
3C49
3BDF
BB9A
BBEC
3C06
BB9D
BBE1
BBB7
3BC2
BAC5
BC0C
3C2C
3BED
BC03
BB92
3B7A
3C8E
BAED
3B12
3C53
3B45
BBFE
3B63
BB3F
3ADA
BB50
BBF3
3AA7
3C58
BB4B
B99B
3BE4
BBEF
BB3A
BC3F
BAF6
BAC8
3A27
BB18
3C28
BB3A
3BB3
3B32
BC4F
BC24
BAFB
39C0
BBC5
3BB2
3A1A
BC06
BC23
BC2F
BB9B
BB14
3A01
3B54
3B6D
BA18
3B5C
BB7F
BC5E
3BAF
3B08
3C3F
BC02
3B5B
3C15
3B3E
BC7A
3C4E
3B1C
3A11
3B30
3A63
3B9D
3B09
BA8C
3C6E
3C28
3B0B
BA10
3A24
BA86
BACD
BC47
BC56
3B76
BBE9
BC12
BA3B
3B43
3B4D
3BFD
BC40
3B7A
BB36
BA9F
3ADC
3B08
BC48
3AE4
BB5E
3B91
3BEC
3924
3BCD
BB74
3AE1
BB99
BC1B
BC5F
BB1C
BADA
3C02
3B7B
BB0A
3BEA
3AAA
BA05
3C4F
BB63
BBC2
BC2E
BA9F
3A27
B9DC
BC85
BC1F
3BDB
3A56
3C47
BC4A
3BD9
3BF2
3BA0
BC0A
3BB2
3C04
B9D4
BA9D
BBEF
3B98
BA9D
3C08
BC36
3C25
3B87
3B57
BBB9
3C71
3C1B
BB76
3941
BB1D
BAFB
BC74
3BB8
397E
3B2A
BC02
3B49
3BF8
BA3C
BC8F
BC01
BB16
3B3F
3C38
BAA1
BB83
3B8B
3C55
3C45
3B69
BBAE
BB48
3AF5
3C87
3B96
3B5E
3AC9
3B93
BB5B
3AAF
3CC4
3A81
3BFF
3C5A
BC3A
BC06
3AF6
3C09
BC39
3B61
BC21
3B98
BB09
3BA5
3B99
BC0B
3C10
BAFF
BB7A
BA9F
3987
3B2C
BA2D
3911
BA8D
BAA2
3AA0
3C03
3C0D
BB53
3C22
BC76
3C15
BBE8
BB13
3BAC
BC72
3C29
3C0A
BB04
BA41
BC96
3A55
3B03
BC7A
3B98
3C29
BC03
BA92
BB86
BC2A
BBA0
3C36
3B99
3BC1
BBEB
3BA6
3C14
3C91
BB67
3BE2
3BDC
3AC6
BA86
BBDF
BBD1
3BDB
3AA7
3C21
BC85
3C39
3BDC
BB80
BADD
BC09
3AE4
3B88
BB23
3C38
BC8E
BB1F
BB3C
BB92
3B22
BB91
BB7F
3C20
BC0E
3C06
3C34
BC08
3B58
BB8E
3AA6
3C3C
BC35
BBA6
BA67
3B1A
3A2C
BBA5
BA20
3BA1
BA08
BC89
3C6A
BBAD
3A6E
3B78
3B4C
3B0E
BBD6
3BDB
BC39
3B98
3C28
3A37
3BCE
BC4F
3C55
3BE0
3BB6
3C0C
BB34
3ADE
BBBC
3B11
3B78
BB1A
BCA7
BB40
BC91
BC8F
BC01
3C23
BBFE
B9DE
3C4A
B921
BCA6
3A1C
BC4A
3C2B
BC5C
3ACC
3B0A
3C07
3BB7
3A48
3C13
3BB2
BB2A
BBE0
BB81
3C06
3A91
BC57
BA81
BA8E
3BC2
BA80
BBFE
3A7E
3A46
3C99
BC84
3C27
BBA9
BBA2
BB85
B94D
3B8A
3BBB
BBFA
BACD
BC75
3AFB
BB8D
3CA0
BB86
BBAC
3C3A
BAEA
3B75
3C09
3BC8
3BF5
BB32
3BBA
BC08
3BCD
BB63
BB54
3BA6
BB27
BC74
BB8E
BC87
B9E7
BC1C
BCA5
BC59
3BE1
BC3A
BA96
3C6A
3C0D
BC20
3AA9
3B88
3A8C
3B0A
BBA5
3A37
BBD3
3C4C
3BE5
BBA9
3C99
BC45
3BE2
BBE4
BB83
3B6E
3A0A
BAA6
BB84
3BB3
BC4F
BAB9
3A2F
BC09
BBCB
BBEE
3B44
3B24
BAD9
BB85
3B55
3C80
3BB8
3BF4
3C01
BB8E
3B99
BAA5
BC51
3C25
3BBF
BB94
BBB1
3BCE
BA4D
BC31
3C25
3BEE
BB07
BB48
3C02
BA36
3AE8
3BB4
BBD2
3BEB
BC09
3C1E
BC37
BAB4
3B0E
3BCE
3AB2
BBA7
3BB1
BAA3
BBB7
3BAF
BC30
3B8C
BA96
BBB9
3CA8
BAC8
BBDF
BBB7
3898
BC26
BB06
BB0B
3BA0
BC1F
BA6D
3C6F
3910
3BA6
BB5D
BA17
3BA1
BBA7
3C41
BA8F
BAC4
BC91
3C56
3C43
3ADD
3C23
BA7F
BB8D
BC69
BB7E
BB33
3942
3A5F
3C0E
3C3B
BB61
3A95
3B1A
BC83
3B99
3C35
BAD3
3C9D
BB9E
BBB3
38E3
BAB4
3BCE
BC79
3C02
3C0E
BA88
BB43
390A
BB56
BBE0
3BA3
BC3C
3BDC
BA93
3BAE
BC08
3BDD
BC37
BB97
BC7B
BB1C
BB98
BC38
BC01
BAAE
BB66
BC03
3C28
3BE6
BBEC
3B9D
BB96
BB77
BA80
BC03
3C23
BBB6
BC01
3BBF
BC94
BBDC
3BE7
BC35
BAC4
3BCD
3B51
BB1F
3B41
3C31
3C17
3BA1
3C23
3BE9
3B09
BC2D
BCD7
3B88
3BC6
BC10
3BD8
BB77
3A6C
3C24
3BB7
BBFF
BBFE
BBE3
3BB0
3B5E
BC3F
BC35
BCAF
3BE2
3B86
3B90
BBAE
BBD0
BB42
3AA3
3BEC
3B00
BACB
BBBC
BAE9
3C08
B7A5
BA83
3B76
BC1C
BB45
BA9E
BBE6
3B09
3AD6
3BD1
BAE2
BAFF
BBE4
3BD5
3B62
BBD4
3946
BC07
3B0F
3AB2
3BD6
3A92
3C15
3B8A
3C85
BC23
BAFF
BC6E
3B6A
3AED
BB56
3B1B
3B2A
BC51
3A51
BABA
BC05
3A5D
3C81
3C54
BC06
3BA8
3C2A
3BE5
3BCD
BB79
BC0D
3B93
3BB1
BB31
BAC7
BAE9
3B3C
3C76
BB0C
BB32
3B08
3B8F
3B8A
3BFB
3BC5
3B92
3AE9
BBF1
BBEB
3A2F
3C2F
BC11
B9E3
3C2E
3BC0
BC57
B8E5
3B96
BAFC
BA18
BB86
3BB5
BBAB
BBAF
3A8B
BBE9
3BDD
3BC2
BBAF
3C62
BC24
3B70
BC37
BC34
BB92
3C26
BC3C
3C92
3BFF
BB71
3C19
3C38
3B99
BB2C
BC21
3BE4
3C2B
BC60
BA9B
B819
3B36
3BBA
3B72
3BD2
3C23
3BB7
BB9A
BBD3
BBFD
BB7B
3BA8
3BE7
3B31
BB80
3BE0
3BC0
BC83
3AEF
3BF0
3BDF
3C08
3BEE
3924
3C81
BBB7
3C32
BB6B
3C18
3C23
BC1A
3B0C
3C47
BB4B
BC09
BAB8
BC2E
3C0A
BC89
BB0C
3B2A
3B10
3BFB
BCA1
3BF3
BAE6
3C78
3B5B
3BA5
3C6B
3B53
3AD2
BC4F
3BA6
3B52
BBDB
3B5C
3C35
3C1F
BA45
BAEC
BB7E
BB88
BBAE
BB2E
BC79
BC13
BC12
3BF8
3BE2
3B86
BB10
3C3E
BBC4
BC2C
BC26
3C03
BB15
BA6A
3A5C
BA32
BAD3
BBA0
BB93
3B7A
3B48
3B6F
3ABB
BA26
BC1C
BC6F
BC0E
BB2A
3C88
3B39
3AE0
BBAA
3B1B
BC31
BBAA
3BEA
3C59
BBD4
3B64
3B2E
3C4B
3B7E
3BB9
BBC1
BB22
3B53
B987
